arm,system,seed,n,step,width,exact,pairwise,no_match,interior_offset,interior_offset_per_N,offsets
M6-b2,priority_scan,11,4,900,0.45,0.2900390625,0.6012369791666666,0.2099609375,-0.001525282859802246,-0.0006863772869110107,0.000 -0.201 0.198 0.000
M6-b2,priority_scan,11,6,900,0.45,0.0537109375,0.48730468750000006,0.28694661458333337,0.08126015464464803,0.036567069590091615,0.000 -0.323 -0.003 0.089 0.562 -0.000
M6-b2,priority_scan,11,8,900,0.45,0.0107421875,0.4540666852678571,0.31396484375,0.1069043963043778,0.04810697833697001,0.000 -0.374 -0.007 -0.041 0.017 0.412 0.635 0.000
M6-b2,priority_scan,11,4,1800,0.45,0.5087890625,0.7410481770833334,0.131591796875,0.5622443887922499,0.25300997495651245,0.000 0.557 0.567 0.000
M6-b2,priority_scan,11,6,1800,0.45,0.033203125,0.5131510416666668,0.2666015625,0.9430245061715442,0.4243610277771949,0.000 0.992 0.980 1.024 0.777 -0.000
M6-b2,priority_scan,11,8,1800,0.45,0.0009765625,0.5012555803571428,0.2789306640625,1.314973124751338,0.5917379061381022,0.000 1.271 1.667 1.360 1.479 1.384 0.729 0.000
M6-b2,priority_scan,11,4,3600,0.45,0.7275390625,0.85986328125,0.07080078125,0.32142341136932373,0.14464053511619568,0.000 0.375 0.268 0.000
M6-b2,priority_scan,11,6,3600,0.45,0.13671875,0.6086588541666668,0.2099609375,0.747632582982381,0.3364346623420715,0.000 0.703 0.817 0.697 0.774 -0.000
M6-b2,priority_scan,11,8,3600,0.45,0.00390625,0.49476841517857134,0.282958984375,1.1213650968339708,0.5046142935752869,0.000 1.291 1.135 1.206 1.122 1.303 0.672 0.000
M6-b2,priority_scan,11,4,7200,0.45,0.8740234375,0.9353841145833333,0.03271484375,0.2609880103005303,0.11744460463523865,0.000 0.295 0.227 0.000
M6-b2,priority_scan,11,6,7200,0.45,0.59375,0.851171875,0.076171875,0.5561159551143644,0.25025217980146397,0.000 0.568 0.634 0.515 0.507 -0.000
M6-b2,priority_scan,11,8,7200,0.45,0.0517578125,0.5654296875,0.2403564453125,0.7336960236231486,0.33016321063041687,0.000 0.768 0.763 0.811 0.725 1.180 0.155 0.000
M6-b2,priority_scan,11,4,14400,0.45,0.90625,0.9541015625,0.022705078125,0.2813961108525594,0.12662824988365173,0.000 0.434 0.129 0.000
M6-b2,priority_scan,11,6,14400,0.45,0.775390625,0.9194010416666666,0.041178385416666664,0.5939603348573048,0.2672821506857872,0.000 0.573 0.579 0.605 0.619 -0.000
M6-b2,priority_scan,11,8,14400,0.45,0.0,0.4871651785714285,0.2890625,0.9818680418862237,0.44184061884880066,0.000 0.969 1.089 0.685 1.261 1.701 0.186 0.000
M6-b2,priority_scan,11,4,28800,0.45,0.951171875,0.9739583333333333,0.013427734375,0.32203111383650035,0.14491400122642517,0.000 0.650 -0.006 0.000
M6-b2,priority_scan,11,6,28800,0.45,0.876953125,0.9550130208333334,0.023111979166666664,0.643867254257202,0.2897402644157409,0.000 0.628 0.653 0.668 0.626 -0.000
M6-b2,priority_scan,11,8,28800,0.45,0.0,0.4983956473214285,0.2779541015625,1.0422680996082447,0.46902064482371014,0.000 1.408 0.941 0.566 1.281 1.991 0.066 0.000
M6-b2,priority_scan,11,4,36000,0.45,0.9580078125,0.9777018229166667,0.011474609375,0.23102985488043887,0.1039634346961975,0.000 0.508 -0.046 0.000
M6-b2,priority_scan,11,6,36000,0.45,0.916015625,0.9720703125,0.013997395833333332,0.6634969015916188,0.2985736057162285,0.000 0.729 0.615 0.653 0.658 -0.000
M6-b2,priority_scan,11,8,36000,0.45,0.0009765625,0.5510951450892858,0.2435302734375,0.9282640174583152,0.4177188078562419,0.000 1.423 -0.109 0.516 1.330 2.053 0.356 0.000
M6-b2,priority_scan,22,4,900,0.45,0.1953125,0.54736328125,0.23828125,0.11642654736836752,0.05239194631576539,0.000 -0.114 0.347 0.000
M6-b2,priority_scan,22,6,900,0.45,0.02734375,0.4726562500000001,0.29508463541666663,0.2716775238513945,0.12225488573312752,0.000 -0.135 0.247 0.424 0.551 -0.000
M6-b2,priority_scan,22,8,900,0.45,0.0029296875,0.4439174107142857,0.3204345703125,0.3996121221118503,0.17982545495033264,0.000 -0.016 0.345 0.415 0.494 0.617 0.544 0.000
M6-b2,priority_scan,22,4,1800,0.45,0.775390625,0.88330078125,0.05908203125,0.27921193175845677,0.12564536929130554,0.000 0.307 0.251 0.000
M6-b2,priority_scan,22,6,1800,0.45,0.3642578125,0.7334635416666666,0.14046223958333334,0.5405146876970925,0.24323160946369166,0.000 0.435 0.609 0.612 0.506 -0.000
M6-b2,priority_scan,22,8,1800,0.45,0.0703125,0.5897042410714286,0.224853515625,0.762899849149916,0.3433049321174622,0.000 0.439 0.841 0.919 0.861 0.914 0.603 0.000
M6-b2,priority_scan,22,4,3600,0.45,0.861328125,0.9293619791666666,0.03564453125,0.23486587736341685,0.10568964481353758,0.000 0.305 0.165 0.000
M6-b2,priority_scan,22,6,3600,0.45,0.591796875,0.837890625,0.08447265625,0.5003871520360309,0.2251742184162139,0.000 0.509 0.560 0.463 0.469 -0.000
M6-b2,priority_scan,22,8,3600,0.45,0.125,0.620361328125,0.2081298828125,0.7724324641404329,0.3475946088631948,0.000 0.726 0.910 0.869 0.734 0.778 0.617 0.000
M6-b2,priority_scan,22,4,7200,0.45,0.8916015625,0.94580078125,0.027099609375,0.254624154832628,0.1145808696746826,0.000 0.259 0.250 0.000
M6-b2,priority_scan,22,6,7200,0.45,0.5732421875,0.8321614583333332,0.08740234375,0.6255838274955747,0.2815127223730086,0.000 0.553 0.546 0.616 0.787 -0.000
M6-b2,priority_scan,22,8,7200,0.45,0.015625,0.5262974330357142,0.2657470703125,0.9872091699529578,0.44424412647883105,0.000 0.772 0.877 0.876 0.952 1.356 1.090 0.000
M6-b2,priority_scan,22,4,14400,0.45,0.9033203125,0.9510091145833333,0.024658203125,0.40207087993621826,0.18093189597129822,0.000 0.406 0.398 0.000
M6-b2,priority_scan,22,6,14400,0.45,0.5126953125,0.7987630208333333,0.10611979166666666,0.7737805942694345,0.3482012674212455,0.000 0.640 0.847 0.875 0.733 -0.000
M6-b2,priority_scan,22,8,14400,0.45,0.0048828125,0.5225306919642857,0.2655029296875,1.153416567378574,0.5190374553203583,0.000 0.762 1.155 1.305 1.357 1.405 0.936 0.000
M6-b2,priority_scan,22,4,28800,0.45,0.9560546875,0.9793294270833334,0.010009765625,0.4099770387013753,0.1844896674156189,0.000 0.439 0.381 0.000
M6-b2,priority_scan,22,6,28800,0.45,0.791015625,0.9184895833333333,0.04248046875,0.7554359237353006,0.33994616568088526,0.000 0.671 0.812 0.814 0.725 -0.000
M6-b2,priority_scan,22,8,28800,0.45,0.0,0.48580496651785704,0.2911376953125,1.167527746271204,0.5253874858220418,0.000 0.868 1.196 1.278 1.317 1.312 1.034 0.000
M6-b2,priority_scan,22,4,36000,0.45,0.9658203125,0.98291015625,0.008544921875,0.2578848600387573,0.1160481870174408,0.000 0.287 0.229 0.000
M6-b2,priority_scan,22,6,36000,0.45,0.890625,0.9630208333333333,0.0185546875,0.5776042739550271,0.2599219232797622,0.000 0.489 0.571 0.625 0.625 -0.000
M6-b2,priority_scan,22,8,36000,0.45,0.0517578125,0.6062709263392858,0.2139892578125,0.8693799486866703,0.39122097690900165,0.000 0.566 0.819 0.895 0.990 1.117 0.829 0.000
M6-b2,priority_scan,33,4,900,0.45,0.20703125,0.5498046875,0.23828125,0.3516290585199992,0.15823307633399963,0.000 0.122 0.581 0.000
M6-b2,priority_scan,33,6,900,0.45,0.0263671875,0.46705729166666676,0.298828125,0.601968616247177,0.27088587731122965,0.000 0.033 0.695 0.863 0.817 -0.000
M6-b2,priority_scan,33,8,900,0.45,0.0048828125,0.4356515066964285,0.32568359375,0.8934632054081669,0.4020584424336751,0.000 0.066 0.762 1.067 1.282 1.261 0.922 0.000
M6-b2,priority_scan,33,4,1800,0.45,0.7392578125,0.8639322916666666,0.0693359375,0.44403791427612305,0.19981706142425537,0.000 0.442 0.446 0.000
M6-b2,priority_scan,33,6,1800,0.45,0.171875,0.6252604166666667,0.20149739583333331,0.7840522130330403,0.35282349586486816,0.000 0.561 0.843 0.960 0.773 -0.000
M6-b2,priority_scan,33,8,1800,0.45,0.00390625,0.5319475446428571,0.2586669921875,1.1223382861525923,0.5050522287686666,0.000 0.527 1.023 1.276 1.426 1.465 1.017 0.000
M6-b2,priority_scan,33,4,3600,0.45,0.83203125,0.9127604166666666,0.04443359375,0.3383154339260525,0.15224194526672363,0.000 0.370 0.307 0.000
M6-b2,priority_scan,33,6,3600,0.45,0.4375,0.7646484375,0.12467447916666666,0.7030542194843292,0.31637439876794815,0.000 0.567 0.766 0.743 0.737 -0.000
M6-b2,priority_scan,33,8,3600,0.45,0.0009765625,0.5225306919642856,0.265625,1.0666669077343411,0.48000010848045355,0.000 0.662 1.020 1.206 1.211 1.330 0.972 0.000
M6-b2,priority_scan,33,4,7200,0.45,0.8994140625,0.9519856770833334,0.0234375,0.26324450969696045,0.1184600293636322,0.000 0.315 0.211 0.000
M6-b2,priority_scan,33,6,7200,0.45,0.6640625,0.8715494791666667,0.06673177083333333,0.5997579793135324,0.2698910906910896,0.000 0.697 0.632 0.546 0.524 -0.000
M6-b2,priority_scan,33,8,7200,0.45,0.041015625,0.5447126116071428,0.2548828125,0.9440694694165831,0.4248312612374624,0.000 1.016 1.070 0.999 0.863 1.000 0.717 0.000
M6-b2,priority_scan,33,4,14400,0.45,0.9404296875,0.9705403645833333,0.0146484375,0.30659615993499756,0.1379682719707489,0.000 0.330 0.283 0.000
M6-b2,priority_scan,33,6,14400,0.45,0.7939453125,0.9227864583333332,0.03987630208333333,0.6502210597197213,0.2925994768738746,0.000 0.604 0.679 0.693 0.625 -0.000
M6-b2,priority_scan,33,8,14400,0.45,0.0546875,0.5437709263392857,0.2572021484375,0.9468227404135244,0.426070233186086,0.000 0.770 0.990 1.019 1.098 1.068 0.736 0.000
M6-b2,priority_scan,33,4,28800,0.45,0.9619140625,0.9812825520833333,0.00927734375,0.25787366761101616,0.11604315042495728,0.000 0.230 0.285 0.000
M6-b2,priority_scan,33,6,28800,0.45,0.8310546875,0.9405598958333333,0.03011067708333333,0.6744671364625293,0.3035102114081382,0.000 0.548 0.664 0.733 0.752 -0.000
M6-b2,priority_scan,33,8,28800,0.45,0.001953125,0.4939313616071428,0.2855224609375,1.053256414554737,0.47396538654963166,0.000 0.761 0.933 1.115 1.197 1.375 0.939 0.000
M6-b2,priority_scan,33,4,36000,0.45,0.9658203125,0.9816080729166667,0.009521484375,0.04865871535407171,0.02189642190933227,0.000 0.129 -0.032 0.000
M6-b2,priority_scan,33,6,36000,0.45,0.8984375,0.9646484375,0.017903645833333332,0.45056561628977443,0.2027545273303985,0.000 0.578 0.422 0.334 0.468 -0.000
M6-b2,priority_scan,33,8,36000,0.45,0.251953125,0.6952078683035714,0.1668701171875,0.8266071257767852,0.37197320659955335,0.000 0.832 0.917 0.726 0.718 0.950 0.817 0.000
M6-b2,priority_scan,44,4,900,0.45,0.4287109375,0.6982421875,0.15478515625,-0.02537839942508273,-0.011420279741287228,0.000 0.015 -0.066 0.000
M6-b2,priority_scan,44,6,900,0.45,0.1015625,0.5596354166666668,0.24039713541666669,0.022792220115661434,0.010256499052047646,0.000 -0.202 0.078 -0.006 0.221 -0.000
M6-b2,priority_scan,44,8,900,0.45,0.013671875,0.4974539620535714,0.2828369140625,-0.01846748369711417,-0.008310367663701376,0.000 -0.343 -0.042 0.014 -0.067 -0.011 0.338 0.000
M6-b2,priority_scan,44,4,1800,0.45,0.7548828125,0.8740234375,0.063720703125,0.30376156171162927,0.13669270277023318,0.000 0.358 0.250 0.000
M6-b2,priority_scan,44,6,1800,0.45,0.416015625,0.7511067708333332,0.1318359375,0.5357086161772409,0.2410688772797584,0.000 0.370 0.612 0.562 0.600 -0.000
M6-b2,priority_scan,44,8,1800,0.45,0.0712890625,0.591796875,0.224365234375,0.6947605035923144,0.3126422266165415,0.000 0.038 0.664 0.801 0.839 1.030 0.797 0.000
M6-b2,priority_scan,44,4,3600,0.45,0.8251953125,0.90869140625,0.046630859375,0.3337566720114814,0.15019050240516663,0.000 0.378 0.290 0.000
M6-b2,priority_scan,44,6,3600,0.45,0.4814453125,0.7880208333333333,0.11197916666666666,0.6556745866934457,0.2950535640120506,0.000 0.548 0.733 0.672 0.670 -0.000
M6-b2,priority_scan,44,8,3600,0.45,0.0263671875,0.5294015066964285,0.262939453125,0.9522077330836543,0.4284934798876444,0.000 0.511 0.949 1.095 1.064 1.202 0.893 0.000
M6-b2,priority_scan,44,4,7200,0.45,0.8876953125,0.9420572916666667,0.029296875,0.349535412258572,0.1572909355163574,0.000 0.453 0.247 0.000
M6-b2,priority_scan,44,6,7200,0.45,0.59375,0.8411458333333333,0.08251953124999999,0.6290176510810851,0.2830579429864883,0.000 0.637 0.686 0.572 0.621 -0.000
M6-b2,priority_scan,44,8,7200,0.45,0.087890625,0.6073172433035714,0.2149658203125,0.8447242003900032,0.3801258901755014,0.000 0.524 1.012 0.952 0.811 1.022 0.748 0.000
M6-b2,priority_scan,44,4,14400,0.45,0.9443359375,0.9715169270833334,0.014404296875,0.13406773408253989,0.06033048033714295,0.000 0.180 0.088 0.000
M6-b2,priority_scan,44,6,14400,0.45,0.837890625,0.9434244791666666,0.028645833333333332,0.3399332364400226,0.15296995639801017,0.000 0.336 0.322 0.293 0.408 -0.000
M6-b2,priority_scan,44,8,14400,0.45,0.52734375,0.8508649553571428,0.07763671875,0.5334526300430298,0.2400536835193634,0.000 0.391 0.497 0.492 0.506 0.724 0.590 0.000
M6-b2,priority_scan,44,4,28800,0.45,0.9580078125,0.9786783854166666,0.0107421875,0.2618808216518826,0.11784636974334717,0.000 0.298 0.225 0.000
M6-b2,priority_scan,44,6,28800,0.45,0.880859375,0.9585937499999999,0.020833333333333332,0.4854540526866912,0.21845432370901102,0.000 0.474 0.466 0.472 0.530 -0.000
M6-b2,priority_scan,44,8,28800,0.45,0.3359375,0.7813197544642857,0.1146240234375,0.7389661338594226,0.33253476023674017,0.000 0.821 0.657 0.695 0.735 0.880 0.646 0.000
M6-b2,priority_scan,44,4,36000,0.45,0.9560546875,0.9783528645833334,0.0107421875,0.3142261505126953,0.1414017677307129,0.000 0.326 0.303 0.000
M6-b2,priority_scan,44,6,36000,0.45,0.7880859375,0.9200520833333333,0.041015625,0.6399521231651305,0.2879784554243087,0.000 0.512 0.639 0.690 0.719 -0.000
M6-b2,priority_scan,44,8,36000,0.45,0.0068359375,0.5057547433035714,0.2784423828125,1.0237833747157346,0.46070251862208056,0.000 0.727 0.929 1.059 1.150 1.347 0.931 0.000
M6-b2,priority_scan,55,4,900,0.45,0.1474609375,0.5159505208333333,0.256103515625,0.5794884098900689,0.260769784450531,0.000 0.301 0.858 0.000
M6-b2,priority_scan,55,6,900,0.45,0.0185546875,0.4442057291666668,0.31396484375,1.027756929397583,0.46249061822891235,0.000 0.182 1.342 1.455 1.132 -0.000
M6-b2,priority_scan,55,8,900,0.45,0.0,0.4064243861607142,0.345703125,1.5613889694213867,0.702625036239624,0.000 0.131 1.588 2.099 2.397 2.009 1.143 0.000
M6-b2,priority_scan,55,4,1800,0.45,0.7861328125,0.8904622395833334,0.055419921875,0.1400574048360189,0.0630258321762085,0.000 0.183 0.097 0.000
M6-b2,priority_scan,55,6,1800,0.45,0.447265625,0.768359375,0.12239583333333333,0.4105125864346821,0.18473066389560694,0.000 0.456 0.353 0.341 0.491 -0.000
M6-b2,priority_scan,55,8,1800,0.45,0.1044921875,0.6098981584821428,0.2137451171875,0.665155605033592,0.2993200222651164,0.000 0.574 0.756 0.570 0.523 0.825 0.743 0.000
M6-b2,priority_scan,55,4,3600,0.45,0.8203125,0.9072265625,0.047119140625,0.35156872537400985,0.15820592641830444,0.000 0.395 0.308 0.000
M6-b2,priority_scan,55,6,3600,0.45,0.4921875,0.7895182291666667,0.111328125,0.6789813439051309,0.3055416047573089,0.000 0.622 0.767 0.669 0.659 -0.000
M6-b2,priority_scan,55,8,3600,0.45,0.0224609375,0.528041294642857,0.2633056640625,0.9477690634904086,0.4264960785706839,0.000 0.692 1.035 1.074 0.983 1.094 0.808 0.000
M6-b2,priority_scan,55,4,7200,0.45,0.865234375,0.9314778645833334,0.034423828125,0.4302905003229777,0.19363072514533997,0.000 0.458 0.402 0.000
M6-b2,priority_scan,55,6,7200,0.45,0.556640625,0.8192057291666666,0.09521484375,0.7059306899706521,0.31766881048679346,0.000 0.535 0.787 0.805 0.697 -0.000
M6-b2,priority_scan,55,8,7200,0.45,0.0185546875,0.544921875,0.2520751953125,0.9436779110519974,0.4246550599733988,0.000 0.446 0.925 1.112 1.151 1.243 0.785 0.000
M6-b2,priority_scan,55,4,14400,0.45,0.9248046875,0.9620768229166666,0.01904296875,0.38200106885698104,0.17190048098564148,0.000 0.414 0.350 0.000
M6-b2,priority_scan,55,6,14400,0.45,0.7578125,0.9078776041666666,0.04768880208333333,0.6447679797808328,0.29014559090137476,0.000 0.565 0.658 0.679 0.677 -0.000
M6-b2,priority_scan,55,8,14400,0.45,0.111328125,0.61279296875,0.21337890625,0.86135760501579,0.3876109222571055,0.000 0.531 0.875 0.887 0.956 1.110 0.809 0.000
M6-b2,priority_scan,55,4,28800,0.45,0.9521484375,0.9767252604166666,0.011474609375,0.4169439607196384,0.18762478232383728,0.000 0.454 0.380 0.000
M6-b2,priority_scan,55,6,28800,0.45,0.796875,0.9216145833333333,0.04085286458333333,0.7038609186808267,0.316737413406372,0.000 0.710 0.718 0.719 0.670 -0.000
M6-b2,priority_scan,55,8,28800,0.45,0.0537109375,0.5230538504464285,0.2708740234375,0.941635149496573,0.4237358172734579,0.000 0.783 0.976 1.006 1.059 1.013 0.811 0.000
M6-b2,priority_scan,55,4,36000,0.45,0.962890625,0.9811197916666666,0.009521484375,0.4105299048953586,0.18473845720291138,0.000 0.472 0.349 0.000
M6-b2,priority_scan,55,6,36000,0.45,0.88671875,0.9591145833333333,0.020996093749999997,0.6642684837182362,0.29892081767320633,0.000 0.677 0.695 0.658 0.626 -0.000
M6-b2,priority_scan,55,8,36000,0.45,0.072265625,0.6141531808035714,0.210693359375,0.8442716907571862,0.3799222608407338,0.000 0.639 0.773 0.901 0.958 1.112 0.682 0.000
M6-b2,priority_scan,66,4,900,0.45,0.185546875,0.5400390625,0.24267578125,0.23238089349534777,0.1045714020729065,0.000 -0.013 0.478 0.000
M6-b2,priority_scan,66,6,900,0.45,0.0234375,0.47337239583333346,0.29361979166666663,0.31068225701649965,0.13980701565742484,0.000 -0.153 0.337 0.452 0.607 -0.000
M6-b2,priority_scan,66,8,900,0.45,0.005859375,0.4469517299107142,0.3177490234375,0.5284407403733996,0.23779833316802984,0.000 -0.041 0.486 0.599 0.704 0.828 0.595 0.000
M6-b2,priority_scan,66,4,1800,0.45,0.7802734375,0.8844401041666667,0.05908203125,0.2554406060112847,0.11494827270507812,0.000 0.381 0.130 0.000
M6-b2,priority_scan,66,6,1800,0.45,0.3388671875,0.7217447916666666,0.14697265625,0.49703756968180324,0.22366690635681147,0.000 0.598 0.617 0.432 0.340 -0.000
M6-b2,priority_scan,66,8,1800,0.45,0.068359375,0.6025390625,0.216796875,0.6910779299559416,0.31098506848017377,0.000 0.618 1.008 0.950 0.632 0.561 0.377 0.000
M6-b2,priority_scan,66,4,3600,0.45,0.8427734375,0.9189453125,0.041015625,0.4733900229136149,0.2130255103111267,0.000 0.563 0.384 0.000
M6-b2,priority_scan,66,6,3600,0.45,0.16796875,0.6173177083333333,0.20686848958333331,0.859506477912267,0.38677791506052017,0.000 0.878 1.007 0.846 0.707 -0.000
M6-b2,priority_scan,66,8,3600,0.45,0.005859375,0.543178013392857,0.2523193359375,1.250080907786334,0.5625364085038503,0.000 1.065 1.474 1.491 1.320 1.306 0.845 0.000
M6-b2,priority_scan,66,4,7200,0.45,0.89453125,0.9462890625,0.027099609375,0.40982849068111843,0.1844228208065033,0.000 0.445 0.374 0.000
M6-b2,priority_scan,66,6,7200,0.45,0.470703125,0.78125,0.11539713541666666,0.779602825641632,0.3508212715387344,0.000 0.663 0.864 0.857 0.734 -0.000
M6-b2,priority_scan,66,8,7200,0.45,0.0029296875,0.5245884486607143,0.264892578125,1.1621351595278138,0.5229608217875162,0.000 0.787 1.158 1.286 1.327 1.436 0.979 0.000
M6-b2,priority_scan,66,4,14400,0.45,0.9384765625,0.9718424479166667,0.013427734375,0.17930699719323054,0.08068814873695375,0.000 0.189 0.170 0.000
M6-b2,priority_scan,66,6,14400,0.45,0.794921875,0.9323567708333332,0.03369140625,0.4573706785837808,0.20581680536270136,0.000 0.356 0.430 0.469 0.575 -0.000
M6-b2,priority_scan,66,8,14400,0.45,0.2333984375,0.718784877232143,0.1500244140625,0.6997208683579057,0.31487439076105755,0.000 0.463 0.607 0.670 0.726 0.966 0.766 0.000
M6-b2,priority_scan,66,4,28800,0.45,0.96875,0.9847005208333334,0.007568359375,0.30694378746880424,0.13812470436096191,0.000 0.354 0.260 0.000
M6-b2,priority_scan,66,6,28800,0.45,0.841796875,0.9389973958333333,0.031901041666666664,0.6848247349262235,0.3081711307168006,0.000 0.680 0.714 0.690 0.655 -0.000
M6-b2,priority_scan,66,8,28800,0.45,0.0322265625,0.4820033482142856,0.299560546875,1.0762489725042272,0.4843120376269023,0.000 0.963 1.243 1.144 1.123 1.193 0.790 0.000
M6-b2,priority_scan,66,4,36000,0.45,0.9638671875,0.9822591145833333,0.0087890625,0.30732784006330705,0.1382975280284882,0.000 0.353 0.262 0.000
M6-b2,priority_scan,66,6,36000,0.45,0.8369140625,0.9401041666666666,0.03076171875,0.6519878904024758,0.29339455068111414,0.000 0.590 0.691 0.675 0.652 -0.000
M6-b2,priority_scan,66,8,36000,0.45,0.0341796875,0.5149274553571428,0.2742919921875,0.9788443203325624,0.4404799441496531,0.000 0.741 1.050 1.066 1.096 1.112 0.808 0.000
M6-b2,priority_scan,77,4,900,0.45,0.5166015625,0.7425130208333333,0.13232421875,0.06748113367292616,0.030366510152816772,0.000 0.061 0.074 0.000
M6-b2,priority_scan,77,6,900,0.45,0.1494140625,0.6038411458333334,0.2138671875,0.16853024562199892,0.07583861052989951,0.000 0.027 0.144 0.224 0.279 -0.000
M6-b2,priority_scan,77,8,900,0.45,0.0244140625,0.5228794642857142,0.2672119140625,0.22921963974281592,0.10314883788426717,0.000 -0.215 0.252 0.204 0.392 0.362 0.380 0.000
M6-b2,priority_scan,77,4,1800,0.45,0.7216796875,0.8543294270833334,0.074462890625,0.3055495686001248,0.13749730587005615,0.000 0.243 0.368 0.000
M6-b2,priority_scan,77,6,1800,0.45,0.326171875,0.7115885416666667,0.15315755208333331,0.5066838860511779,0.22800774872303003,0.000 0.450 0.410 0.620 0.548 -0.000
M6-b2,priority_scan,77,8,1800,0.45,0.076171875,0.6025390625,0.217041015625,0.618347856733534,0.2782565355300903,0.000 0.380 0.736 0.581 0.743 0.905 0.366 0.000
M6-b2,priority_scan,77,4,3600,0.45,0.8544921875,0.9249674479166666,0.0380859375,0.40439155366685653,0.18197619915008545,0.000 0.437 0.372 0.000
M6-b2,priority_scan,77,6,3600,0.45,0.40625,0.7533203124999999,0.13037109375,0.6657920777797697,0.29960643500089634,0.000 0.609 0.767 0.726 0.561 -0.000
M6-b2,priority_scan,77,8,3600,0.45,0.05859375,0.5942034040178572,0.2215576171875,0.8415173601221156,0.378682812054952,0.000 0.681 0.968 0.988 0.915 1.090 0.407 0.000
M6-b2,priority_scan,77,4,7200,0.45,0.876953125,0.9391276041666667,0.0302734375,0.3931572039922078,0.17692074179649353,0.000 0.468 0.318 0.000
M6-b2,priority_scan,77,6,7200,0.45,0.4912109375,0.7878255208333333,0.11263020833333331,0.7145529985427855,0.3215488493442535,0.000 0.791 0.815 0.685 0.567 -0.000
M6-b2,priority_scan,77,8,7200,0.45,0.015625,0.5005231584821428,0.281982421875,1.016430479508859,0.4573937157789866,0.000 1.072 1.126 1.086 1.023 1.160 0.632 0.000
M6-b2,priority_scan,77,4,14400,0.45,0.9453125,0.9736328125,0.012939453125,0.280031230714586,0.12601405382156372,0.000 0.334 0.226 0.000
M6-b2,priority_scan,77,6,14400,0.45,0.818359375,0.9352864583333333,0.032877604166666664,0.5194675425688424,0.2337603941559791,0.000 0.539 0.508 0.504 0.526 -0.000
M6-b2,priority_scan,77,8,14400,0.45,0.3984375,0.7875627790178572,0.1126708984375,0.6741538312700058,0.30336922407150263,0.000 0.566 0.590 0.730 0.761 0.786 0.611 0.000
M6-b2,priority_scan,77,4,28800,0.45,0.966796875,0.9833984375,0.00830078125,0.4308533668518066,0.19388401508331296,0.000 0.556 0.306 0.000
M6-b2,priority_scan,77,6,28800,0.45,0.8359375,0.9374348958333333,0.032389322916666664,0.6184596816698709,0.2783068567514419,0.000 0.653 0.705 0.629 0.487 -0.000
M6-b2,priority_scan,77,8,28800,0.45,0.0400390625,0.546875,0.2513427734375,0.8648120473932336,0.38916542132695514,0.000 1.167 0.698 0.962 0.999 0.841 0.522 0.000
M6-b2,priority_scan,77,4,36000,0.45,0.958984375,0.9772135416666666,0.011962890625,0.46588314904106987,0.20964741706848145,0.000 0.726 0.206 0.000
M6-b2,priority_scan,77,6,36000,0.45,0.666015625,0.8785156249999999,0.06217447916666666,0.7384238143761951,0.3322907164692878,0.000 0.665 0.877 0.856 0.556 -0.000
M6-b2,priority_scan,77,8,36000,0.45,0.0,0.5533621651785714,0.2440185546875,1.2275879029874448,0.5524145563443502,0.000 1.587 1.212 1.380 1.445 1.231 0.511 0.000
M6-b2,priority_scan,88,4,900,0.45,0.3486328125,0.6486002604166667,0.181884765625,0.5025802718268501,0.22616112232208252,0.000 0.560 0.445 0.000
M6-b2,priority_scan,88,6,900,0.45,0.03125,0.5147786458333334,0.2657877604166667,0.8092728753884632,0.36417279392480845,0.000 0.349 1.118 1.013 0.756 -0.000
M6-b2,priority_scan,88,8,900,0.45,0.0009765625,0.4766322544642856,0.2958984375,1.0636955941164936,0.4786630173524221,0.000 0.122 1.198 1.618 1.481 1.156 0.807 0.000
M6-b2,priority_scan,88,4,1800,0.45,0.775390625,0.8863932291666667,0.056884765625,0.274280309677124,0.12342613935470581,0.000 0.302 0.247 0.000
M6-b2,priority_scan,88,6,1800,0.45,0.357421875,0.72734375,0.14453125,0.5589225391546884,0.2515151426196098,0.000 0.557 0.535 0.586 0.557 -0.000
M6-b2,priority_scan,88,8,1800,0.45,0.0556640625,0.5824148995535714,0.229248046875,0.7718792888853284,0.34734567999839777,0.000 0.503 0.882 0.835 0.845 0.962 0.605 0.000
M6-b2,priority_scan,88,4,3600,0.45,0.7998046875,0.8972981770833333,0.052001953125,0.3325752417246501,0.14965885877609253,0.000 0.203 0.462 0.000
M6-b2,priority_scan,88,6,3600,0.45,0.267578125,0.6829427083333333,0.16927083333333331,0.7463782529036203,0.3358702138066291,0.000 0.555 0.576 0.921 0.933 -0.000
M6-b2,priority_scan,88,8,3600,0.45,0.001953125,0.5205426897321428,0.2667236328125,1.180664830737644,0.5312991738319398,0.000 0.858 0.957 0.972 1.368 1.772 1.157 0.000
M6-b2,priority_scan,88,4,7200,0.45,0.900390625,0.94921875,0.025634765625,0.424068570137024,0.1908308565616608,0.000 0.511 0.338 0.000
M6-b2,priority_scan,88,6,7200,0.45,0.6611328125,0.8642578124999999,0.0712890625,0.6191048026084898,0.2785971611738204,0.000 0.620 0.704 0.632 0.521 -0.000
M6-b2,priority_scan,88,8,7200,0.45,0.142578125,0.6441476004464286,0.194091796875,0.7288139396243626,0.3279662728309632,0.000 0.440 0.866 0.912 0.877 0.819 0.459 0.000
M6-b2,priority_scan,88,4,14400,0.45,0.9228515625,0.96044921875,0.02001953125,0.42611373795403373,0.19175118207931519,0.000 0.493 0.360 0.000
M6-b2,priority_scan,88,6,14400,0.45,0.7431640625,0.9016927083333333,0.05110677083333333,0.6052844226360319,0.27237799018621434,0.000 0.505 0.659 0.623 0.634 -0.000
M6-b2,priority_scan,88,8,14400,0.45,0.193359375,0.690673828125,0.166259765625,0.5222384134928385,0.23500728607177734,0.000 -0.703 0.654 0.799 0.795 0.918 0.672 0.000
M6-b2,priority_scan,88,4,28800,0.45,0.9658203125,0.98291015625,0.008544921875,0.389009051852756,0.1750540733337402,0.000 0.450 0.328 0.000
M6-b2,priority_scan,88,6,28800,0.45,0.8505859375,0.9468098958333333,0.027018229166666664,0.6227594117323556,0.28024173527956003,0.000 0.653 0.604 0.615 0.620 -0.000
M6-b2,priority_scan,88,8,28800,0.45,0.1513671875,0.6527273995535714,0.1904296875,0.8346822305961892,0.37560700376828515,0.000 0.771 0.808 0.782 0.884 1.096 0.668 0.000
M6-b2,priority_scan,88,4,36000,0.45,0.958984375,0.9794921875,0.01025390625,0.39287812179989284,0.17679515480995178,0.000 0.478 0.308 0.000
M6-b2,priority_scan,88,6,36000,0.45,0.7998046875,0.9241536458333333,0.03938802083333333,0.7410533726215361,0.33347401767969126,0.000 0.741 0.733 0.739 0.752 -0.000
M6-b2,priority_scan,88,8,36000,0.45,0.0126953125,0.40339006696428564,0.354736328125,1.089367910667702,0.49021555980046594,0.000 1.116 1.004 1.047 1.164 1.265 0.940 0.000
M6-b2,position_scan,11,4,900,0.45,0.6357421875,0.8082682291666667,0.09814453125,0.49980260707713936,0.2249111731847127,0.171 0.553 0.431 0.515
M6-b2,position_scan,11,6,900,0.45,0.072265625,0.5307291666666667,0.25813802083333337,0.7242302232318454,0.3259036004543304,0.149 0.647 0.876 0.759 0.696 0.643
M6-b2,position_scan,11,8,900,0.45,0.0009765625,0.4349190848214285,0.324951171875,0.9512129851749965,0.42804584332874845,0.244 0.617 1.180 1.128 0.994 0.952 1.107 0.680
M6-b2,position_scan,11,4,1800,0.45,0.693359375,0.84130859375,0.08056640625,0.6645798241650617,0.29906092087427777,0.150 0.567 0.709 0.718
M6-b2,position_scan,11,6,1800,0.45,0.0234375,0.47721354166666674,0.29296875,0.9491075409783258,0.42709839344024664,0.111 0.748 0.940 1.133 1.081 0.844
M6-b2,position_scan,11,8,1800,0.45,0.0,0.48531668526785704,0.291015625,1.2504056521824427,0.5626825434820992,0.150 0.761 1.152 1.304 1.511 1.583 1.569 0.873
M6-b2,position_scan,11,4,3600,0.45,0.7822265625,0.88916015625,0.055908203125,0.5489260179025156,0.24701670805613202,0.195 0.494 0.506 0.647
M6-b2,position_scan,11,6,3600,0.45,0.30078125,0.7026692708333333,0.15787760416666666,0.7811192009184096,0.3515036404132843,0.067 0.859 0.787 0.789 0.696 0.774
M6-b2,position_scan,11,8,3600,0.45,0.0009765625,0.4250837053571428,0.3326416015625,1.0767602542090036,0.4845421143940516,0.280 1.384 1.093 1.083 1.093 1.116 0.949 0.819
M6-b2,position_scan,11,4,7200,0.45,0.8876953125,0.9412434895833333,0.030029296875,0.30680581375404636,0.13806261618932086,-0.322 0.265 0.124 0.532
M6-b2,position_scan,11,6,7200,0.45,0.7861328125,0.9244140624999999,0.038248697916666664,0.5393825901879203,0.24272216558456416,-0.037 0.577 0.416 0.365 0.616 0.724
M6-b2,position_scan,11,8,7200,0.45,0.158203125,0.6738630022321429,0.1749267578125,0.5215398092118521,0.23469291414533344,0.308 0.617 0.442 0.614 0.564 0.904 -0.084 0.593
M6-b2,position_scan,11,4,14400,0.45,0.912109375,0.955078125,0.022705078125,0.454427268770006,0.2044922709465027,-0.344 0.594 0.107 0.662
M6-b2,position_scan,11,6,14400,0.45,0.8994140625,0.9667317708333334,0.0166015625,0.5875704420937431,0.2644066989421844,-0.067 0.448 0.541 0.641 0.632 0.675
M6-b2,position_scan,11,8,14400,0.45,0.021484375,0.5757533482142858,0.2315673828125,0.49193488226996523,0.22137069702148435,0.229 0.202 -0.206 0.390 1.144 1.354 0.031 0.528
M6-b2,position_scan,11,4,28800,0.45,0.9560546875,0.9773763020833333,0.011474609375,0.511307230702153,0.23008825381596887,-0.273 0.695 0.086 0.752
M6-b2,position_scan,11,6,28800,0.45,0.912109375,0.970703125,0.0146484375,0.6703791750801933,0.30167062878608697,-0.040 0.602 0.657 0.655 0.703 0.734
M6-b2,position_scan,11,8,28800,0.45,0.0068359375,0.5094517299107142,0.2734375,0.895093282063802,0.40279197692871094,0.258 1.296 0.452 0.520 1.219 1.606 0.505 0.669
M6-b2,position_scan,11,4,36000,0.45,0.96875,0.9837239583333333,0.00830078125,0.45806368192036945,0.20612865686416626,-0.322 0.548 0.074 0.752
M6-b2,position_scan,11,6,36000,0.45,0.9501953125,0.9844401041666667,0.007649739583333332,0.6558319462670219,0.2951243758201599,-0.043 0.577 0.650 0.648 0.678 0.727
M6-b2,position_scan,11,8,36000,0.45,0.0009765625,0.48500279017857134,0.2908935546875,0.8018281535496786,0.3608226690973554,0.216 1.059 0.155 0.491 1.208 1.448 0.622 0.630
M6-b2,position_scan,22,4,900,0.45,0.3681640625,0.6580403645833334,0.17724609375,0.68581223487854,0.308615505695343,0.363 0.836 0.656 0.566
M6-b2,position_scan,22,6,900,0.45,0.0009765625,0.43574218750000004,0.3191731770833333,1.0084472629759047,0.4538012683391571,0.493 1.035 1.302 1.119 0.962 0.625
M6-b2,position_scan,22,8,900,0.45,0.0,0.4574846540178571,0.3095703125,1.3283057250673809,0.5977375762803214,0.574 1.002 1.675 1.690 1.504 1.404 1.375 0.649
M6-b2,position_scan,22,4,1800,0.45,0.7685546875,0.8795572916666666,0.061279296875,0.4740367553852223,0.21331653992335003,0.004 0.431 0.433 0.558
M6-b2,position_scan,22,6,1800,0.45,0.31640625,0.7135416666666667,0.15071614583333331,0.6509977711571586,0.2929489970207214,-0.028 0.544 0.673 0.654 0.684 0.700
M6-b2,position_scan,22,8,1800,0.45,0.009765625,0.5035226004464285,0.2791748046875,0.8121852269248357,0.3654833521161761,0.053 0.321 0.900 0.899 0.873 0.944 1.021 0.727
M6-b2,position_scan,22,4,3600,0.45,0.8369140625,0.9178059895833333,0.041259765625,0.4445110868524622,0.200029989083608,-0.195 0.314 0.383 0.637
M6-b2,position_scan,22,6,3600,0.45,0.6142578125,0.8567057291666667,0.07356770833333333,0.5951902998818291,0.2678356349468231,0.104 0.531 0.526 0.575 0.567 0.777
M6-b2,position_scan,22,8,3600,0.45,0.068359375,0.6110491071428571,0.212158203125,0.7329037075950986,0.3298066684177944,0.449 0.691 0.661 0.717 0.791 0.942 0.524 0.805
M6-b2,position_scan,22,4,7200,0.45,0.806640625,0.9007161458333334,0.05029296875,0.5052964334134703,0.22738339503606164,-0.347 0.383 0.370 0.763
M6-b2,position_scan,22,6,7200,0.45,0.6572265625,0.8772786458333333,0.06233723958333333,0.6217842234505547,0.27980290055274964,-0.019 0.553 0.673 0.704 0.532 0.648
M6-b2,position_scan,22,8,7200,0.45,0.0009765625,0.49745396205357134,0.2822265625,0.7972401475149488,0.35875806638172697,0.318 0.479 0.534 0.969 1.130 1.698 0.259 0.512
M6-b2,position_scan,22,4,14400,0.45,0.8935546875,0.947265625,0.026123046875,0.45485960112677676,0.20468682050704953,0.183 0.688 0.126 0.551
M6-b2,position_scan,22,6,14400,0.45,0.8330078125,0.9423177083333334,0.029134114583333332,0.6434809499316746,0.2895664274692536,0.010 0.685 0.667 0.589 0.607 0.669
M6-b2,position_scan,22,8,14400,0.45,0.0146484375,0.5253208705357142,0.2630615234375,0.7370187365819538,0.33165843146187923,0.307 1.822 0.425 0.678 1.011 1.073 -0.340 0.489
M6-b2,position_scan,22,4,28800,0.45,0.919921875,0.9596354166666666,0.020263671875,0.6056982941097684,0.2725642323493958,-0.043 0.744 0.264 0.810
M6-b2,position_scan,22,6,28800,0.45,0.8671875,0.9537109374999999,0.023437499999999997,0.6225718392266167,0.28015732765197754,0.044 0.612 0.606 0.657 0.563 0.676
M6-b2,position_scan,22,8,28800,0.45,0.0,0.4033900669642856,0.343505859375,0.9026670834374807,0.4062001875468663,0.384 1.723 0.792 0.525 1.182 1.773 -0.202 0.525
M6-b2,position_scan,22,4,36000,0.45,0.9462890625,0.9734700520833334,0.01318359375,0.5093717575073242,0.2292172908782959,-0.243 0.668 0.125 0.735
M6-b2,position_scan,22,6,36000,0.45,0.9150390625,0.9708333333333333,0.0146484375,0.5997510088814628,0.26988795399665827,0.006 0.614 0.658 0.576 0.516 0.635
M6-b2,position_scan,22,8,36000,0.45,0.009765625,0.5163225446428571,0.268310546875,0.5995962165650867,0.269818297454289,0.329 0.884 -0.093 0.538 1.091 1.402 -0.137 0.511
M6-b2,position_scan,33,4,900,0.45,0.6611328125,0.82373046875,0.08984375,0.40329919921027285,0.18148463964462277,0.013 0.359 0.397 0.455
M6-b2,position_scan,33,6,900,0.45,0.19140625,0.6298177083333334,0.19889322916666666,0.5559939675860935,0.2501972854137421,0.019 0.273 0.581 0.579 0.776 0.571
M6-b2,position_scan,33,8,900,0.45,0.0087890625,0.5012904575892857,0.28076171875,0.7102257675594753,0.3196015954017639,0.097 0.024 0.623 0.732 0.819 1.032 1.137 0.605
M6-b2,position_scan,33,4,1800,0.45,0.6787109375,0.8369140625,0.08203125,0.33901404451440875,0.15255632003148395,0.498 0.582 0.281 0.155
M6-b2,position_scan,33,6,1800,0.45,0.119140625,0.6134765625,0.20670572916666666,0.5957671138975356,0.268095201253891,0.517 1.042 0.813 0.506 0.231 0.388
M6-b2,position_scan,33,8,1800,0.45,0.0009765625,0.5432826450892857,0.2523193359375,0.7890205156235466,0.355059232030596,0.692 1.408 1.343 1.020 0.624 0.427 0.196 0.505
M6-b2,position_scan,33,4,3600,0.45,0.8076171875,0.9010416666666667,0.050048828125,0.44869952731662327,0.20191478729248047,-0.188 0.530 0.467 0.349
M6-b2,position_scan,33,6,3600,0.45,0.4501953125,0.7838541666666665,0.11246744791666666,0.6671421262953017,0.30021395683288576,-0.117 0.655 0.809 0.753 0.500 0.619
M6-b2,position_scan,33,8,3600,0.45,0.0078125,0.4920828683035713,0.28662109375,0.8169326706538126,0.36761970179421566,0.205 1.248 0.964 1.084 1.038 1.000 -0.135 0.521
M6-b2,position_scan,33,4,7200,0.45,0.84765625,0.92333984375,0.038330078125,0.5203960118470369,0.2341782053311666,0.001 0.512 0.274 0.775
M6-b2,position_scan,33,6,7200,0.45,0.6923828125,0.8908854166666667,0.05533854166666666,0.6899750762515597,0.31048878431320187,-0.042 0.627 0.680 0.632 0.758 0.753
M6-b2,position_scan,33,8,7200,0.45,0.0,0.42616489955357134,0.329345703125,1.045421002403138,0.47043945108141216,0.232 1.848 0.352 0.871 1.010 1.774 0.831 0.632
M6-b2,position_scan,33,4,14400,0.45,0.90234375,0.9501953125,0.025146484375,0.6034761888009531,0.2715642849604289,0.074 0.809 0.177 0.825
M6-b2,position_scan,33,6,14400,0.45,0.8056640625,0.9333333333333333,0.03352864583333333,0.7178985807630751,0.32305436134338383,0.028 0.704 0.691 0.725 0.697 0.773
M6-b2,position_scan,33,8,14400,0.45,0.0,0.45089285714285704,0.3109130859375,1.1950157937549408,0.5377571071897234,0.356 1.924 0.771 0.587 1.259 1.487 1.651 0.687
M6-b2,position_scan,33,4,28800,0.45,0.9541015625,0.97705078125,0.011474609375,0.5210889710320367,0.2344900369644165,-0.272 0.602 0.173 0.788
M6-b2,position_scan,33,6,28800,0.45,0.9130859375,0.97109375,0.014485677083333332,0.6779530180825126,0.3050788581371307,0.010 0.660 0.630 0.703 0.672 0.724
M6-b2,position_scan,33,8,28800,0.45,0.0009765625,0.6067940848214286,0.211181640625,0.7066309641277978,0.317983933857509,0.268 -0.152 -0.010 0.484 1.292 1.744 0.955 0.634
M6-b2,position_scan,33,4,36000,0.45,0.953125,0.9762369791666666,0.011962890625,0.5146897280657733,0.231610377629598,-0.329 0.797 0.244 0.502
M6-b2,position_scan,33,6,36000,0.45,0.8955078125,0.9645833333333333,0.017740885416666664,0.7017747693591649,0.31579864621162423,-0.027 0.630 0.670 0.715 0.754 0.739
M6-b2,position_scan,33,8,36000,0.45,0.0,0.6256975446428571,0.1995849609375,0.6501987245347765,0.2925894260406494,0.274 -0.632 0.356 0.542 1.309 1.942 0.375 0.660
M6-b2,position_scan,44,4,900,0.45,0.6513671875,0.81689453125,0.093505859375,0.3110899307109692,0.13999046881993613,0.288 0.390 0.234 0.309
M6-b2,position_scan,44,6,900,0.45,0.22265625,0.6532552083333334,0.18570963541666666,0.4655395083957248,0.20949277877807615,0.389 0.660 0.535 0.325 0.374 0.433
M6-b2,position_scan,44,8,900,0.45,0.0390625,0.5486188616071428,0.2506103515625,0.5850061348506382,0.2632527606827872,0.542 0.675 0.922 0.549 0.350 0.486 0.670 0.443
M6-b2,position_scan,44,4,1800,0.45,0.779296875,0.88818359375,0.05615234375,0.45873460946259675,0.20643057425816855,-0.036 0.354 0.500 0.523
M6-b2,position_scan,44,6,1800,0.45,0.3486328125,0.7328125,0.14046223958333331,0.6344117456012303,0.28548528552055363,-0.063 0.439 0.570 0.776 0.672 0.715
M6-b2,position_scan,44,8,1800,0.45,0.0146484375,0.5359584263392858,0.2584228515625,0.7848095136975486,0.35316428116389686,-0.014 0.428 0.639 0.788 0.993 1.071 0.809 0.766
M6-b2,position_scan,44,4,3600,0.45,0.7802734375,0.88916015625,0.0556640625,0.5080841647254096,0.22863787412643433,0.094 0.487 0.427 0.610
M6-b2,position_scan,44,6,3600,0.45,0.4140625,0.7646484375,0.12272135416666666,0.6953839990827773,0.3129227995872498,-0.013 0.727 0.760 0.700 0.541 0.748
M6-b2,position_scan,44,8,3600,0.45,0.013671875,0.4697963169642856,0.30224609375,0.9008695208837116,0.40539128439767025,0.104 1.164 0.915 1.012 0.922 1.021 0.498 0.773
M6-b2,position_scan,44,4,7200,0.45,0.888671875,0.9436848958333333,0.0283203125,0.3680665846224184,0.1656299630800883,-0.187 0.309 0.174 0.622
M6-b2,position_scan,44,6,7200,0.45,0.814453125,0.9356119791666666,0.032389322916666664,0.6109357807371352,0.2749211013317108,0.157 0.778 0.476 0.459 0.587 0.755
M6-b2,position_scan,44,8,7200,0.45,0.033203125,0.5817522321428572,0.2264404296875,0.7308371104891337,0.3288766997201102,0.581 2.087 -0.040 0.494 0.645 1.249 0.036 0.645
M6-b2,position_scan,44,4,14400,0.45,0.9375,0.9694010416666666,0.01513671875,0.4851147422084101,0.21830163399378455,-0.344 0.609 0.063 0.783
M6-b2,position_scan,44,6,14400,0.45,0.8798828125,0.9602213541666667,0.019856770833333332,0.620064271820916,0.2790289223194122,-0.025 0.591 0.664 0.621 0.560 0.663
M6-b2,position_scan,44,8,14400,0.45,0.0302734375,0.5127650669642856,0.2734375,0.7978448035225034,0.3590301615851266,0.278 1.710 0.133 0.581 1.145 1.040 0.458 0.518
M6-b2,position_scan,44,4,28800,0.45,0.9453125,0.9720052083333334,0.01416015625,0.5499945305011891,0.2474975387255351,-0.299 0.751 0.128 0.770
M6-b2,position_scan,44,6,28800,0.45,0.8955078125,0.9649739583333333,0.017578125,0.6324622763527764,0.2846080243587494,0.010 0.616 0.662 0.578 0.584 0.723
M6-b2,position_scan,44,8,28800,0.45,0.0,0.4721679687499999,0.2987060546875,0.6556137781294565,0.2950262001582554,0.311 0.175 0.479 0.537 1.127 1.229 0.385 0.656
M6-b2,position_scan,44,4,36000,0.45,0.9677734375,0.9845377604166667,0.007568359375,0.4959261858904804,0.22316678365071618,-0.075 0.776 0.078 0.635
M6-b2,position_scan,44,6,36000,0.45,0.9248046875,0.9751302083333333,0.012369791666666666,0.6466406318876479,0.2909882843494416,-0.045 0.508 0.657 0.669 0.676 0.723
M6-b2,position_scan,44,8,36000,0.45,0.0078125,0.5262974330357142,0.260986328125,0.7539244682069809,0.3392660106931414,0.260 1.662 0.167 0.504 1.246 0.967 0.093 0.638
M6-b2,position_scan,55,4,900,0.45,0.71875,0.85205078125,0.07568359375,0.37468402474014845,0.1686078111330668,-0.025 0.325 0.376 0.423
M6-b2,position_scan,55,6,900,0.45,0.2607421875,0.6729166666666666,0.17496744791666666,0.5136977169248793,0.2311639726161957,0.002 0.251 0.566 0.587 0.637 0.527
M6-b2,position_scan,55,8,900,0.45,0.0224609375,0.5249372209821428,0.2659912109375,0.6022053294711643,0.270992398262024,0.058 -0.075 0.540 0.679 0.768 0.839 0.973 0.492
M6-b2,position_scan,55,4,1800,0.45,0.74609375,0.8673502604166667,0.06787109375,0.5535295716038456,0.24908830722173053,-0.098 0.501 0.611 0.549
M6-b2,position_scan,55,6,1800,0.45,0.1435546875,0.5865885416666667,0.22591145833333331,0.8058848513497245,0.36264818310737607,-0.181 0.630 0.867 0.950 0.853 0.729
M6-b2,position_scan,55,8,1800,0.45,0.0,0.46686662946428564,0.303955078125,1.0541292788490415,0.4743581754820687,-0.146 0.628 0.986 1.237 1.308 1.301 1.151 0.768
M6-b2,position_scan,55,4,3600,0.45,0.7001953125,0.8474934895833334,0.076904296875,0.6600220998128256,0.2970099449157715,-0.199 0.420 0.690 0.870
M6-b2,position_scan,55,6,3600,0.45,0.0390625,0.5141927083333335,0.2688802083333333,0.8421967559390596,0.3789885401725768,0.154 0.432 0.721 1.000 1.084 0.974
M6-b2,position_scan,55,8,3600,0.45,0.0,0.47262137276785704,0.3004150390625,1.0764704621027388,0.48441170794623245,0.511 0.241 0.540 0.985 1.308 1.637 1.830 0.994
M6-b2,position_scan,55,4,7200,0.45,0.81640625,0.9078776041666667,0.046142578125,0.6263596040231211,0.2818618218104045,0.012 0.629 0.380 0.870
M6-b2,position_scan,55,6,7200,0.45,0.392578125,0.7568359375,0.12711588541666666,0.8124962382846407,0.36562330722808833,0.046 0.810 0.906 0.743 0.818 0.785
M6-b2,position_scan,55,8,7200,0.45,0.0,0.4163643973214285,0.336669921875,1.3126795632498605,0.5907058034624372,0.431 1.766 1.084 1.210 1.069 1.717 1.659 0.684
M6-b2,position_scan,55,4,14400,0.45,0.876953125,0.9378255208333333,0.03125,0.5253194879602503,0.23639376958211264,0.013 0.605 0.285 0.686
M6-b2,position_scan,55,6,14400,0.45,0.7294921875,0.9019531249999999,0.049967447916666664,0.690722319814894,0.3108250439167023,0.007 0.675 0.721 0.628 0.712 0.717
M6-b2,position_scan,55,8,14400,0.45,0.0009765625,0.45685686383928564,0.30810546875,1.0422355788094655,0.4690060104642595,0.370 1.713 0.642 0.925 0.900 1.712 0.808 0.595
M6-b2,position_scan,55,4,28800,0.45,0.935546875,0.96728515625,0.016357421875,0.493446323606703,0.22205084562301636,-0.044 0.864 0.061 0.555
M6-b2,position_scan,55,6,28800,0.45,0.6298828125,0.8721354166666666,0.06461588541666666,0.7378349436653985,0.3320257246494293,-0.068 0.920 0.755 0.604 0.623 0.787
M6-b2,position_scan,55,8,28800,0.45,0.0,0.4504743303571428,0.3115234375,1.0667506096855044,0.480037774358477,0.148 1.993 1.868 0.716 1.115 0.942 0.119 0.713
M6-b2,position_scan,55,4,36000,0.45,0.9521484375,0.9767252604166666,0.011474609375,0.4877306355370415,0.21947878599166867,0.077 0.577 0.056 0.830
M6-b2,position_scan,55,6,36000,0.45,0.912109375,0.9723307291666666,0.013671875,0.6583414607577854,0.29625365734100345,-0.019 0.635 0.643 0.601 0.638 0.776
M6-b2,position_scan,55,8,36000,0.45,0.0,0.3831612723214285,0.358154296875,1.214732631804451,0.5466296843120029,0.321 1.889 0.751 0.528 1.154 1.732 1.730 0.720
M6-b2,position_scan,66,4,900,0.45,0.6171875,0.7975260416666667,0.10400390625,0.479343952956023,0.21570477883021036,0.083 0.483 0.527 0.428
M6-b2,position_scan,66,6,900,0.45,0.1279296875,0.5746744791666667,0.23291015625,0.6703082852893405,0.3016387283802032,0.123 0.404 0.834 0.835 0.786 0.493
M6-b2,position_scan,66,8,900,0.45,0.0048828125,0.46589006696428564,0.3037109375,0.879235381171817,0.39565592152731766,0.138 0.257 0.875 1.161 1.185 1.112 1.071 0.494
M6-b2,position_scan,66,4,1800,0.45,0.8505859375,0.92333984375,0.038818359375,0.29736801430031107,0.13381560643513998,-0.020 0.192 0.215 0.485
M6-b2,position_scan,66,6,1800,0.45,0.5185546875,0.8121744791666667,0.09716796875,0.4258411857816908,0.19162853360176085,-0.047 0.302 0.355 0.361 0.425 0.686
M6-b2,position_scan,66,8,1800,0.45,0.119140625,0.6544015066964286,0.1859130859375,0.5631813170417906,0.25343159266880577,0.004 0.158 0.603 0.532 0.522 0.586 0.781 0.761
M6-b2,position_scan,66,4,3600,0.45,0.7939453125,0.8946940104166666,0.05322265625,0.49775313448022906,0.2239889105161031,0.153 0.421 0.481 0.591
M6-b2,position_scan,66,6,3600,0.45,0.400390625,0.7620442708333333,0.12418619791666666,0.7030662033292983,0.31637979149818424,0.230 0.669 0.638 0.729 0.705 0.776
M6-b2,position_scan,66,8,3600,0.45,0.0126953125,0.49916294642857134,0.2823486328125,0.872502326965332,0.3926260471343994,0.439 0.932 0.850 0.887 0.966 1.159 0.471 0.843
M6-b2,position_scan,66,4,7200,0.45,0.8857421875,0.9415690104166667,0.029541015625,0.18618362921255607,0.08378263314565024,-0.217 0.395 0.058 0.106
M6-b2,position_scan,66,6,7200,0.45,0.74609375,0.9104166666666665,0.04524739583333333,0.48076452149285204,0.21634403467178343,0.156 0.606 0.535 0.247 0.342 0.674
M6-b2,position_scan,66,8,7200,0.45,0.203125,0.734619140625,0.138671875,0.40533079041375053,0.18239885568618774,0.578 0.933 0.593 0.696 0.394 0.019 -0.419 0.621
M6-b2,position_scan,66,4,14400,0.45,0.9091796875,0.9562174479166667,0.021484375,0.4648928730576127,0.20920179287592572,-0.258 0.425 0.140 0.830
M6-b2,position_scan,66,6,14400,0.45,0.81640625,0.9369140625,0.03173828125,0.6951993438932631,0.31283970475196843,0.062 0.645 0.661 0.674 0.741 0.755
M6-b2,position_scan,66,8,14400,0.45,0.0009765625,0.5282505580357142,0.2613525390625,0.574640395149352,0.2585881778172084,0.367 -0.953 -0.143 0.529 1.227 1.746 0.980 0.638
M6-b2,position_scan,66,4,28800,0.45,0.95703125,0.978515625,0.0107421875,0.3482898517891213,0.15673043330510458,-0.369 0.425 0.125 0.495
M6-b2,position_scan,66,6,28800,0.45,0.91796875,0.97421875,0.0126953125,0.6692631774478489,0.301168429851532,-0.057 0.543 0.627 0.687 0.744 0.746
M6-b2,position_scan,66,8,28800,0.45,0.0185546875,0.6373465401785714,0.1929931640625,0.4160482542855398,0.18722171442849292,0.238 -0.491 -0.255 0.475 1.252 1.306 -0.006 0.632
M6-b2,position_scan,66,4,36000,0.45,0.9609375,0.9807942708333333,0.009521484375,0.5392680344758211,0.24267061551411948,-0.158 0.760 0.068 0.790
M6-b2,position_scan,66,6,36000,0.45,0.9365234375,0.979296875,0.01025390625,0.6496578984790379,0.29234605431556704,0.018 0.574 0.643 0.663 0.650 0.718
M6-b2,position_scan,66,8,36000,0.45,0.0419921875,0.5571637834821428,0.2440185546875,0.7646698421902125,0.34410142898559565,0.364 1.531 0.251 0.502 1.145 0.733 0.558 0.632
M6-b2,position_scan,77,4,900,0.45,0.529296875,0.7513020833333334,0.127685546875,0.5623233759844745,0.2530455191930135,0.304 0.718 0.482 0.487
M6-b2,position_scan,77,6,900,0.45,0.0205078125,0.4824218750000001,0.28873697916666663,0.8358022504382664,0.37611101269721986,0.352 0.958 1.089 0.856 0.734 0.541
M6-b2,position_scan,77,8,900,0.45,0.0,0.43708147321428564,0.3255615234375,1.0789568651290167,0.48553058930805754,0.493 0.920 1.489 1.413 1.144 1.008 1.049 0.530
M6-b2,position_scan,77,4,1800,0.45,0.8232421875,0.9134114583333333,0.042724609375,0.1902129473509612,0.08559582630793254,0.295 0.311 -0.032 0.292
M6-b2,position_scan,77,6,1800,0.45,0.4375,0.7835286458333333,0.11165364583333333,0.34122245841556126,0.15355010628700258,0.271 0.772 0.340 0.014 -0.012 0.592
M6-b2,position_scan,77,8,1800,0.45,0.05078125,0.6184779575892857,0.205810546875,0.4428170408521379,0.19926766838346208,0.333 1.059 0.911 0.409 -0.040 -0.102 0.163 0.700
M6-b2,position_scan,77,4,3600,0.45,0.8623046875,0.9298502604166666,0.035400390625,0.27186278943662284,0.12233825524648029,-0.092 0.331 0.220 0.265
M6-b2,position_scan,77,6,3600,0.45,0.6591796875,0.8749348958333334,0.06412760416666666,0.4648251268598768,0.20917130708694456,0.008 0.652 0.418 0.367 0.419 0.468
M6-b2,position_scan,77,8,3600,0.45,0.1328125,0.6771414620535715,0.1722412109375,0.5854026098099966,0.2634311744144985,0.314 1.280 0.584 0.540 0.469 0.572 0.137 0.516
M6-b2,position_scan,77,4,7200,0.45,0.859375,0.9298502604166667,0.034912109375,0.5483441441147415,0.2467548648516337,-0.395 0.453 0.352 0.840
M6-b2,position_scan,77,6,7200,0.45,0.68359375,0.8877604166666666,0.056803385416666664,0.6334093941582573,0.28503422737121575,-0.126 0.501 0.630 0.677 0.632 0.726
M6-b2,position_scan,77,8,7200,0.45,0.0,0.4742954799107142,0.2969970703125,1.0398560857015944,0.4679352385657175,0.190 1.421 0.148 0.789 0.940 1.717 1.662 0.602
M6-b2,position_scan,77,4,14400,0.45,0.927734375,0.9654947916666666,0.016845703125,0.4177974771570277,0.18800886472066247,-0.239 0.643 0.021 0.589
M6-b2,position_scan,77,6,14400,0.45,0.8994140625,0.9696614583333333,0.014811197916666664,0.6200167073143854,0.27900751829147347,0.036 0.688 0.639 0.569 0.529 0.675
M6-b2,position_scan,77,8,14400,0.45,0.0048828125,0.4925362723214285,0.283447265625,0.6323176338559106,0.2845429352351598,0.360 1.919 -0.060 0.514 1.096 0.781 -0.342 0.519
M6-b2,position_scan,77,4,28800,0.45,0.95703125,0.978515625,0.0107421875,0.5255773773899785,0.2365098198254903,-0.143 0.719 0.071 0.787
M6-b2,position_scan,77,6,28800,0.45,0.92578125,0.9755859375,0.01220703125,0.6176743242475722,0.27795344591140747,-0.047 0.576 0.654 0.633 0.566 0.660
M6-b2,position_scan,77,8,28800,0.45,0.0,0.4132603236607142,0.337158203125,0.9589798866756378,0.43154094900403706,0.217 1.742 0.092 0.510 1.192 1.426 1.196 0.556
M6-b2,position_scan,77,4,36000,0.45,0.9287109375,0.9640299479166666,0.01806640625,0.5293872621324327,0.23822426795959473,-0.239 0.774 0.185 0.630
M6-b2,position_scan,77,6,36000,0.45,0.87890625,0.9585286458333333,0.020833333333333332,0.6742434634102715,0.3034095585346222,0.001 0.605 0.667 0.659 0.739 0.701
M6-b2,position_scan,77,8,36000,0.45,0.0,0.49609374999999994,0.280517578125,1.003531539250934,0.45158919266292036,0.271 1.779 0.008 0.531 1.244 2.006 0.848 0.608
M6-b2,position_scan,88,4,900,0.45,0.7109375,0.84326171875,0.081298828125,0.30291164362872086,0.13631023963292438,0.045 0.178 0.246 0.484
M6-b2,position_scan,88,6,900,0.45,0.291015625,0.6916666666666667,0.16389973958333334,0.37572512361738414,0.16907630562782286,0.120 0.086 0.268 0.340 0.591 0.594
M6-b2,position_scan,88,8,900,0.45,0.0361328125,0.5573381696428571,0.2454833984375,0.5026324211605011,0.2261845895222255,0.265 -0.059 0.253 0.319 0.488 0.777 1.087 0.653
M6-b2,position_scan,88,4,1800,0.45,0.6845703125,0.8388671875,0.081298828125,0.6669874986012777,0.30014437437057495,-0.021 0.553 0.704 0.744
M6-b2,position_scan,88,6,1800,0.45,0.0263671875,0.48665364583333337,0.2861328125,0.8839972151650322,0.39779874682426447,-0.081 0.484 0.935 1.068 1.045 0.887
M6-b2,position_scan,88,8,1800,0.45,0.0,0.4782017299107142,0.29541015625,1.1215163790990437,0.5046823705945697,-0.025 0.083 1.018 1.292 1.435 1.501 1.593 0.929
M6-b2,position_scan,88,4,3600,0.45,0.8525390625,0.9254557291666667,0.037353515625,0.5443357096778022,0.244951069355011,-0.086 0.365 0.503 0.764
M6-b2,position_scan,88,6,3600,0.45,0.3955078125,0.7623046874999999,0.12320963541666666,0.7181012365553114,0.3231455564498902,-0.020 0.572 0.573 0.731 0.837 0.877
M6-b2,position_scan,88,8,3600,0.45,0.0029296875,0.48521205357142844,0.2916259765625,1.007364761261713,0.4533141425677708,0.120 0.564 0.802 0.817 0.945 1.318 1.694 0.911
M6-b2,position_scan,88,4,7200,0.45,0.822265625,0.9095052083333334,0.045654296875,0.5447236255363181,0.24512563149134317,-0.148 0.514 0.430 0.690
M6-b2,position_scan,88,6,7200,0.45,0.5341796875,0.8247395833333333,0.09033203125,0.7573688560061984,0.3408159852027893,-0.121 0.693 0.841 0.742 0.754 0.756
M6-b2,position_scan,88,8,7200,0.45,0.0,0.4454171316964285,0.3165283203125,1.1102025471036396,0.49959114619663786,0.182 1.724 0.919 1.169 1.119 1.758 0.451 0.632
M6-b2,position_scan,88,4,14400,0.45,0.9189453125,0.95947265625,0.020263671875,0.48950292445995186,0.22027631600697833,-0.415 0.669 0.101 0.698
M6-b2,position_scan,88,6,14400,0.45,0.8740234375,0.9580078125,0.02099609375,0.6365986797544692,0.28646940588951114,-0.063 0.495 0.628 0.674 0.682 0.703
M6-b2,position_scan,88,8,14400,0.45,0.017578125,0.5864606584821429,0.2252197265625,0.46513035183861134,0.2093086583273751,0.270 -0.246 0.220 0.562 1.201 1.036 -0.090 0.573
M6-b2,position_scan,88,4,28800,0.45,0.9560546875,0.97802734375,0.010986328125,0.49111772466588904,0.22100297609965008,-0.244 0.615 0.044 0.814
M6-b2,position_scan,88,6,28800,0.45,0.9248046875,0.9775390625,0.010904947916666666,0.6159691545698378,0.277186119556427,-0.020 0.575 0.629 0.613 0.595 0.668
M6-b2,position_scan,88,8,28800,0.45,0.0087890625,0.5204729352678571,0.26611328125,0.7159910694001211,0.3221959812300545,0.311 0.562 0.220 0.485 1.160 1.473 0.597 0.515
M6-b2,position_scan,88,4,36000,0.45,0.92578125,0.9632161458333333,0.018310546875,0.5404742558797201,0.24321341514587405,-0.364 0.646 0.112 0.863
M6-b2,position_scan,88,6,36000,0.45,0.88671875,0.9625,0.018717447916666664,0.6459812455707126,0.29069156050682066,-0.070 0.513 0.645 0.669 0.700 0.703
M6-b2,position_scan,88,8,36000,0.45,0.0,0.48154994419642844,0.28955078125,1.0715254147847493,0.4821864366531372,0.210 1.659 0.445 0.497 1.238 1.790 1.333 0.537
M6-b2,phase_scan,11,4,900,0.45,0.7412109375,0.8663736979166667,0.06787109375,0.27203886597244825,0.12241748968760172,-0.038 0.406 0.342 0.068
M6-b2,phase_scan,11,6,900,0.45,0.3193359375,0.7141927083333333,0.15104166666666666,0.4148691230350069,0.18669110536575312,0.061 0.434 0.675 0.614 0.408 -0.057
M6-b2,phase_scan,11,8,900,0.45,0.0234375,0.5453055245535714,0.252685546875,0.5110961482638404,0.2299932667187282,0.294 0.227 0.791 0.923 0.801 0.705 0.431 -0.301
M6-b2,phase_scan,11,4,1800,0.45,0.7724609375,0.88134765625,0.060546875,0.40018783675299746,0.18008452653884885,-0.193 0.520 0.318 0.363
M6-b2,phase_scan,11,6,1800,0.45,0.4619140625,0.7867838541666665,0.11116536458333334,0.5007128847969902,0.22532079815864559,-0.039 0.461 0.660 0.563 0.561 0.258
M6-b2,phase_scan,11,8,1800,0.45,0.0263671875,0.5170549665178571,0.2706298828125,0.7003189268566313,0.3151435170854841,0.236 0.508 0.940 0.797 0.748 0.908 0.896 0.105
M6-b2,phase_scan,11,4,3600,0.45,0.84765625,0.9205729166666667,0.04052734375,0.2470215603157326,0.11115970214207968,-0.166 0.527 0.053 0.161
M6-b2,phase_scan,11,6,3600,0.45,0.79296875,0.9244791666666666,0.03857421875,0.367833548121982,0.1655250966548919,-0.017 0.357 0.600 0.513 0.353 0.017
M6-b2,phase_scan,11,8,3600,0.45,0.1337890625,0.6474958147321428,0.1912841796875,0.430300235748291,0.19363510608673096,0.316 0.805 0.138 0.483 0.857 0.807 0.150 -0.228
M6-b2,phase_scan,11,4,7200,0.45,0.8984375,0.9475911458333334,0.026611328125,0.19757721159193253,0.08890974521636964,-0.174 0.647 0.026 -0.080
M6-b2,phase_scan,11,6,7200,0.45,0.7978515625,0.9294270833333333,0.03564453125,0.38986358377668573,0.17543861269950858,0.041 0.382 0.598 0.561 0.360 0.048
M6-b2,phase_scan,11,8,7200,0.45,0.0712890625,0.5913434709821429,0.2244873046875,0.3475733030410039,0.15640798636845177,0.392 1.305 -0.118 0.451 1.060 0.501 -0.508 -0.258
M6-b2,phase_scan,11,4,14400,0.45,0.849609375,0.9235026041666667,0.03857421875,0.4018507621906422,0.180832842985789,0.114 0.727 0.008 0.470
M6-b2,phase_scan,11,6,14400,0.45,0.83984375,0.9427734375,0.02913411458333333,0.4139720731311372,0.18628743290901176,0.034 0.397 0.549 0.504 0.479 0.141
M6-b2,phase_scan,11,8,14400,0.45,0.0,0.41207449776785704,0.3387451171875,0.8101091687641446,0.36454912594386507,0.375 1.634 0.143 0.375 1.020 1.563 1.128 -0.192
M6-b2,phase_scan,11,4,28800,0.45,0.9345703125,0.9669596354166666,0.0166015625,0.3941123573868362,0.1773505608240763,-0.071 0.740 0.029 0.413
M6-b2,phase_scan,11,6,28800,0.45,0.890625,0.9630208333333333,0.0185546875,0.42444079452090777,0.1909983575344085,0.021 0.420 0.552 0.541 0.489 0.121
M6-b2,phase_scan,11,8,28800,0.45,0.0,0.4180036272321428,0.334228515625,0.8065869316222177,0.362964119229998,0.393 1.492 1.609 0.362 1.081 1.261 0.055 -0.213
M6-b2,phase_scan,11,4,36000,0.45,0.966796875,0.9833984375,0.00830078125,0.3468278602317527,0.15607253710428873,-0.361 0.643 -0.002 0.400
M6-b2,phase_scan,11,6,36000,0.45,0.9443359375,0.9824869791666666,0.008626302083333332,0.39766348732842316,0.17894856929779043,0.006 0.400 0.528 0.568 0.423 0.069
M6-b2,phase_scan,11,8,36000,0.45,0.080078125,0.5797642299107142,0.2313232421875,0.3927382211836558,0.17673219953264513,0.386 1.188 -0.466 0.334 1.111 0.758 0.096 -0.273
M6-b2,phase_scan,22,4,900,0.45,0.7412109375,0.8655598958333334,0.068359375,0.31936906002185966,0.14371607700983685,-0.138 0.359 0.363 0.236
M6-b2,phase_scan,22,6,900,0.45,0.375,0.7436848958333333,0.134765625,0.40965244505140497,0.18434360027313224,-0.050 0.312 0.572 0.626 0.473 0.066
M6-b2,phase_scan,22,8,900,0.45,0.03125,0.5422363281249999,0.2547607421875,0.4824116116478329,0.21708522524152482,0.170 -0.088 0.551 0.741 0.802 0.858 0.702 -0.190
M6-b2,phase_scan,22,4,1800,0.45,0.818359375,0.9049479166666666,0.048583984375,0.2819804350535075,0.12689119577407837,-0.323 0.296 0.281 0.269
M6-b2,phase_scan,22,6,1800,0.45,0.578125,0.83671875,0.08463541666666667,0.3591359986199271,0.1616111993789672,-0.116 0.231 0.425 0.510 0.505 0.125
M6-b2,phase_scan,22,8,1800,0.45,0.109375,0.6415318080357143,0.1934814453125,0.3171941212245396,0.14273735455104283,0.166 -0.515 0.282 0.530 0.673 0.797 0.552 -0.099
M6-b2,phase_scan,22,4,3600,0.45,0.83984375,0.9176432291666666,0.041748046875,0.31437379342538335,0.14146820704142252,-0.342 0.484 0.157 0.301
M6-b2,phase_scan,22,6,3600,0.45,0.7236328125,0.8966796874999999,0.05322265625,0.40150770876142705,0.18067846894264217,-0.089 0.322 0.476 0.591 0.512 0.107
M6-b2,phase_scan,22,8,3600,0.45,0.029296875,0.5901576450892857,0.2235107421875,0.29330913982694107,0.13198911292212348,0.253 -0.616 -0.259 0.329 0.947 1.157 0.657 -0.161
M6-b2,phase_scan,22,4,7200,0.45,0.8828125,0.9410807291666666,0.029541015625,0.27166984699390556,0.1222514311472575,-0.328 0.408 0.063 0.344
M6-b2,phase_scan,22,6,7200,0.45,0.802734375,0.9333984375,0.033365885416666664,0.4018155866199068,0.18081701397895805,0.017 0.391 0.468 0.579 0.487 0.085
M6-b2,phase_scan,22,8,7200,0.45,0.0517578125,0.5753348214285714,0.2333984375,0.414110951953464,0.18634992837905878,0.382 0.767 -0.375 0.269 0.925 1.151 0.409 -0.248
M6-b2,phase_scan,22,4,14400,0.45,0.90234375,0.9508463541666666,0.024658203125,0.4375361071692572,0.19689124822616574,-0.252 0.688 0.176 0.448
M6-b2,phase_scan,22,6,14400,0.45,0.8505859375,0.9502604166666666,0.02490234375,0.41242223315768756,0.1855900049209594,0.044 0.455 0.522 0.526 0.441 0.118
M6-b2,phase_scan,22,8,14400,0.45,0.001953125,0.4334891183035713,0.32421875,0.7103882517133441,0.31967471327100483,0.402 1.403 -0.018 0.333 1.052 1.561 0.854 -0.212
M6-b2,phase_scan,22,4,28800,0.45,0.9619140625,0.98193359375,0.0087890625,0.25448543054086187,0.11451844374338785,-0.316 0.320 0.017 0.427
M6-b2,phase_scan,22,6,28800,0.45,0.9423828125,0.9818359375000001,0.008951822916666666,0.39904345406426306,0.17956955432891838,0.008 0.362 0.480 0.560 0.478 0.116
M6-b2,phase_scan,22,8,28800,0.45,0.0166015625,0.5296805245535714,0.2608642578125,0.3794074626195999,0.17073335817881996,0.384 0.932 -0.372 0.268 1.108 1.048 -0.112 -0.217
M6-b2,phase_scan,22,4,36000,0.45,0.841796875,0.921875,0.038818359375,0.47080212169223357,0.2118609547615051,-0.361 0.714 0.583 0.116
M6-b2,phase_scan,22,6,36000,0.45,0.8564453125,0.9518880208333332,0.024088541666666664,0.41959513558281775,0.188817811012268,-0.014 0.447 0.540 0.558 0.453 0.100
M6-b2,phase_scan,22,8,36000,0.45,0.0,0.46320452008928564,0.3026123046875,0.4770092926328144,0.21465418168476647,0.347 0.370 0.039 0.695 1.093 1.716 -0.339 -0.234
M6-b2,phase_scan,33,4,900,0.45,0.650390625,0.8216145833333333,0.090087890625,0.39859692255655926,0.17936861515045166,-0.049 0.519 0.453 0.224
M6-b2,phase_scan,33,6,900,0.45,0.18359375,0.634375,0.19547526041666666,0.5559248659345838,0.2501661896705627,0.041 0.509 0.802 0.776 0.631 0.062
M6-b2,phase_scan,33,8,900,0.45,0.005859375,0.4869907924107142,0.2896728515625,0.6870950971330914,0.3091927937098911,0.326 0.293 0.900 1.018 0.986 1.047 0.745 -0.180
M6-b2,phase_scan,33,4,1800,0.45,0.8544921875,0.9269205729166667,0.03662109375,0.1928580248797381,0.08678611119588214,-0.204 0.181 0.165 0.232
M6-b2,phase_scan,33,6,1800,0.45,0.697265625,0.8910807291666666,0.05550130208333333,0.2803869379891288,0.12617412209510795,0.072 0.353 0.277 0.267 0.408 0.098
M6-b2,phase_scan,33,8,1800,0.45,0.2646484375,0.7360491071428572,0.1402587890625,0.24348624168880403,0.10956880875996182,0.402 0.003 0.318 0.287 0.348 0.560 0.350 -0.161
M6-b2,phase_scan,33,4,3600,0.45,0.8173828125,0.9070638020833333,0.046875,0.4845813468650535,0.21806160608927408,-0.393 0.795 0.357 0.301
M6-b2,phase_scan,33,6,3600,0.45,0.65625,0.8732421874999999,0.06477864583333334,0.5096741252475313,0.2293533563613891,-0.061 0.307 0.688 0.808 0.598 0.147
M6-b2,phase_scan,33,8,3600,0.45,0.0009765625,0.5448172433035714,0.2501220703125,0.5252890738229904,0.23638008322034568,0.295 -0.283 0.482 0.608 1.367 1.367 0.286 -0.151
M6-b2,phase_scan,33,4,7200,0.45,0.884765625,0.94140625,0.029541015625,0.37968807750278044,0.1708596348762512,-0.374 0.634 0.088 0.417
M6-b2,phase_scan,33,6,7200,0.45,0.8095703125,0.9337890625,0.03352864583333333,0.4280479881498547,0.19262159466743461,-0.040 0.378 0.614 0.583 0.449 0.116
M6-b2,phase_scan,33,8,7200,0.45,0.0078125,0.49225725446428564,0.286376953125,0.3159929835607135,0.14219684260232107,0.310 -0.736 -0.261 0.492 1.119 1.331 0.478 -0.211
M6-b2,phase_scan,33,4,14400,0.45,0.9150390625,0.9583333333333334,0.0205078125,0.35330812136332196,0.15898865461349487,-0.362 0.561 0.067 0.432
M6-b2,phase_scan,33,6,14400,0.45,0.8740234375,0.9600911458333333,0.01953125,0.41801382435692663,0.188106220960617,0.003 0.415 0.500 0.623 0.469 0.082
M6-b2,phase_scan,33,8,14400,0.45,0.005859375,0.48315429687499994,0.2919921875,0.5530538634648399,0.24887423855917795,0.381 0.413 -0.435 0.313 1.131 1.185 1.531 -0.267
M6-b2,phase_scan,33,4,28800,0.45,0.9462890625,0.9728190104166667,0.013671875,0.3216269281175401,0.14473211765289307,-0.299 0.544 0.038 0.383
M6-b2,phase_scan,33,6,28800,0.45,0.919921875,0.9737630208333332,0.013020833333333332,0.4138186507754854,0.18621839284896843,-0.001 0.427 0.503 0.581 0.474 0.085
M6-b2,phase_scan,33,8,28800,0.45,0.0,0.43959263392857134,0.320068359375,0.5162771164424835,0.2323247023991176,0.363 1.098 0.417 0.308 1.142 1.196 -0.308 -0.239
M6-b2,phase_scan,33,4,36000,0.45,0.9443359375,0.9718424479166667,0.01416015625,0.36097235149807405,0.16243755817413333,-0.243 0.605 0.118 0.360
M6-b2,phase_scan,33,6,36000,0.45,0.9248046875,0.9756510416666666,0.012044270833333332,0.41860915554894323,0.18837411999702447,0.000 0.424 0.515 0.574 0.460 0.121
M6-b2,phase_scan,33,8,36000,0.45,0.0029296875,0.4671456473214285,0.30029296875,0.5577375396849618,0.2509818928582328,0.359 1.180 -0.248 0.321 1.126 1.428 0.310 -0.213
M6-b2,phase_scan,44,4,900,0.45,0.6337890625,0.8102213541666666,0.0966796875,0.41209878744902434,0.18544445435206094,-0.017 0.559 0.448 0.230
M6-b2,phase_scan,44,6,900,0.45,0.1826171875,0.6357421875,0.19466145833333331,0.5660565031899345,0.2547254264354705,0.050 0.636 0.830 0.671 0.620 0.073
M6-b2,phase_scan,44,8,900,0.45,0.0029296875,0.48085239955357134,0.293701171875,0.7077358828650581,0.3184811472892761,0.287 0.369 1.053 1.037 0.931 0.978 0.759 -0.172
M6-b2,phase_scan,44,4,1800,0.45,0.763671875,0.8759765625,0.0634765625,0.32157036993238663,0.144706666469574,-0.287 0.252 0.463 0.250
M6-b2,phase_scan,44,6,1800,0.45,0.443359375,0.7854166666666667,0.11100260416666666,0.41605450047387,0.1872245252132415,0.014 0.161 0.446 0.745 0.589 0.140
M6-b2,phase_scan,44,8,1800,0.45,0.0498046875,0.5716029575892857,0.2366943359375,0.44756270590282615,0.20140321765627178,0.350 -0.332 0.062 0.585 1.010 1.102 0.760 -0.055
M6-b2,phase_scan,44,4,3600,0.45,0.82421875,0.9114583333333334,0.04443359375,0.263602336247762,0.11862105131149292,-0.228 0.323 0.137 0.332
M6-b2,phase_scan,44,6,3600,0.45,0.6904296875,0.8942057291666665,0.05305989583333333,0.42686320675743933,0.1920884430408477,0.056 0.378 0.516 0.587 0.477 0.176
M6-b2,phase_scan,44,8,3600,0.45,0.0205078125,0.5550362723214286,0.2447509765625,0.4542921270642961,0.20443145717893327,0.391 -0.069 -0.336 0.399 1.034 1.331 0.857 -0.035
M6-b2,phase_scan,44,4,7200,0.45,0.8642578125,0.9314778645833334,0.034423828125,0.31179662104006167,0.14030847946802777,-0.153 0.752 0.041 0.143
M6-b2,phase_scan,44,6,7200,0.45,0.7373046875,0.9069010416666665,0.04720052083333333,0.4488699966006807,0.20199149847030634,0.023 0.532 0.586 0.573 0.442 0.111
M6-b2,phase_scan,44,8,7200,0.45,0.001953125,0.4897460937499999,0.2857666015625,0.5998530463566857,0.2699338708605086,0.377 1.679 1.038 0.459 1.099 0.568 -0.417 -0.226
M6-b2,phase_scan,44,4,14400,0.45,0.943359375,0.9710286458333334,0.0146484375,0.23314312652305316,0.10491440693537392,-0.175 0.511 -0.011 0.200
M6-b2,phase_scan,44,6,14400,0.45,0.876953125,0.9581380208333333,0.02099609375,0.4090996715757581,0.18409485220909116,-0.059 0.422 0.577 0.522 0.462 0.063
M6-b2,phase_scan,44,8,14400,0.45,0.0693359375,0.6011090959821428,0.218017578125,0.26249041633000453,0.11812068734850203,0.274 1.385 -0.032 0.417 0.988 -0.242 -0.421 -0.257
M6-b2,phase_scan,44,4,28800,0.45,0.9638671875,0.98193359375,0.009033203125,0.33239245414733887,0.1495766043663025,-0.367 0.543 0.015 0.440
M6-b2,phase_scan,44,6,28800,0.45,0.935546875,0.9813802083333334,0.008951822916666666,0.4066368473900687,0.18298658132553092,-0.005 0.387 0.514 0.570 0.454 0.108
M6-b2,phase_scan,44,8,28800,0.45,0.029296875,0.5786481584821428,0.230224609375,0.4068317867460705,0.18307430403573174,0.361 0.461 0.005 0.321 1.125 1.005 0.161 -0.230
M6-b2,phase_scan,44,4,36000,0.45,0.9599609375,0.9803059895833334,0.009765625,0.3269967326411494,0.14714852968851724,-0.344 0.545 0.016 0.419
M6-b2,phase_scan,44,6,36000,0.45,0.9287109375,0.9757161458333333,0.012207031249999998,0.40668214692009813,0.18300696611404416,0.003 0.389 0.521 0.574 0.474 0.075
M6-b2,phase_scan,44,8,36000,0.45,0.001953125,0.4798060825892856,0.29345703125,0.5341535522824242,0.2403690985270909,0.366 0.647 0.014 0.334 1.129 1.269 0.614 -0.269
M6-b2,phase_scan,55,4,900,0.45,0.71875,0.8499348958333334,0.077392578125,0.204602700692636,0.0920712153116862,0.198 0.501 0.157 -0.044
M6-b2,phase_scan,55,6,900,0.45,0.2431640625,0.6604166666666667,0.18326822916666666,0.355685684416029,0.16005855798721305,0.231 0.780 0.714 0.375 0.103 -0.194
M6-b2,phase_scan,55,8,900,0.45,0.017578125,0.5360979352678571,0.2586669921875,0.5009320047166612,0.22541940212249756,0.476 0.907 1.224 0.893 0.553 0.256 0.126 -0.453
M6-b2,phase_scan,55,4,1800,0.45,0.841796875,0.916015625,0.043212890625,0.13784973709671586,0.06203238169352214,-0.176 0.330 0.203 -0.119
M6-b2,phase_scan,55,6,1800,0.45,0.6201171875,0.8559244791666667,0.07438151041666666,0.24676220946841756,0.11104299426078791,0.022 0.298 0.533 0.456 0.162 -0.215
M6-b2,phase_scan,55,8,1800,0.45,0.169921875,0.6830008370535714,0.17041015625,0.298456937547714,0.1343056218964713,0.323 0.352 0.480 0.654 0.723 0.380 -0.094 -0.407
M6-b2,phase_scan,55,4,3600,0.45,0.8154296875,0.9064127604166667,0.047119140625,0.333226168597186,0.1499517758687337,-0.296 0.540 0.099 0.361
M6-b2,phase_scan,55,6,3600,0.45,0.693359375,0.8876302083333333,0.05729166666666666,0.41530300511254187,0.18688635230064385,0.027 0.399 0.529 0.454 0.474 0.221
M6-b2,phase_scan,55,8,3600,0.45,0.095703125,0.6286272321428572,0.201416015625,0.36307069990370006,0.16338181495666504,0.381 -0.500 0.031 0.393 0.858 1.003 0.727 0.029
M6-b2,phase_scan,55,4,7200,0.45,0.8681640625,0.9326171875,0.0341796875,0.33332837952507866,0.1499977707862854,-0.248 0.703 0.043 0.254
M6-b2,phase_scan,55,6,7200,0.45,0.8115234375,0.9350911458333333,0.03271484375,0.40138170454237176,0.1806217670440673,-0.025 0.415 0.518 0.593 0.391 0.089
M6-b2,phase_scan,55,8,7200,0.45,0.009765625,0.48510742187499994,0.2908935546875,0.5203460890149313,0.23415574005671907,0.315 0.826 0.470 0.382 1.136 1.091 -0.042 -0.220
M6-b2,phase_scan,55,4,14400,0.45,0.9501953125,0.9754231770833334,0.01220703125,0.010187846642953377,0.00458453098932902,-0.367 0.368 0.049 -0.387
M6-b2,phase_scan,55,6,14400,0.45,0.8056640625,0.9327473958333332,0.033854166666666664,0.37056185139550085,0.1667528331279754,0.008 0.395 0.491 0.557 0.367 0.043
M6-b2,phase_scan,55,8,14400,0.45,0.1650390625,0.6890345982142858,0.1656494140625,-0.1074815931774321,-0.04836671692984444,0.386 0.038 -0.441 0.291 0.912 -0.725 -0.537 -0.290
M6-b2,phase_scan,55,4,28800,0.45,0.94921875,0.9752604166666667,0.01220703125,0.32661279042561847,0.14697575569152832,-0.028 0.717 -0.011 0.274
M6-b2,phase_scan,55,6,28800,0.45,0.9130859375,0.9720052083333334,0.013834635416666664,0.4307978683047822,0.19385904073715202,0.007 0.493 0.534 0.532 0.486 0.108
M6-b2,phase_scan,55,8,28800,0.45,0.0,0.4291643415178571,0.327392578125,0.6797340181138781,0.3058803081512452,0.378 1.730 0.494 0.368 1.059 1.057 0.280 -0.230
M6-b2,phase_scan,55,4,36000,0.45,0.9384765625,0.96923828125,0.015380859375,0.4529988324200665,0.20384947458902994,-0.179 0.727 0.169 0.463
M6-b2,phase_scan,55,6,36000,0.45,0.888671875,0.9610026041666666,0.019694010416666664,0.41809289985232867,0.1881418049335479,-0.035 0.392 0.559 0.562 0.450 0.127
M6-b2,phase_scan,55,8,36000,0.45,0.0,0.3661063058035714,0.3721923828125,1.0926259131658644,0.491681660924639,0.328 1.627 2.325 0.392 1.106 1.333 1.071 -0.206
M6-b2,phase_scan,66,4,900,0.45,0.765625,0.8805338541666667,0.06005859375,0.1929849165457266,0.08684321244557698,-0.166 0.285 0.185 0.110
M6-b2,phase_scan,66,6,900,0.45,0.419921875,0.7720052083333333,0.11832682291666666,0.24908365143669958,0.11208764314651481,-0.062 0.245 0.418 0.298 0.338 -0.054
M6-b2,phase_scan,66,8,900,0.45,0.103515625,0.6261509486607142,0.203369140625,0.2710820190490238,0.12198690857206071,0.152 -0.120 0.481 0.520 0.433 0.478 0.383 -0.277
M6-b2,phase_scan,66,4,1800,0.45,0.8251953125,0.9112955729166667,0.044677734375,0.24043423158151134,0.1081954042116801,-0.210 0.290 0.255 0.176
M6-b2,phase_scan,66,6,1800,0.45,0.595703125,0.8460937499999999,0.07942708333333333,0.35315614276462115,0.1589202642440795,-0.051 0.367 0.457 0.451 0.371 0.119
M6-b2,phase_scan,66,8,1800,0.45,0.1435546875,0.654541015625,0.1868896484375,0.4029392817663768,0.18132267679486955,0.223 0.137 0.497 0.599 0.580 0.613 0.429 -0.034
M6-b2,phase_scan,66,4,3600,0.45,0.77734375,0.8857421875,0.057861328125,0.40062895527592407,0.18028302987416583,-0.225 0.624 0.274 0.304
M6-b2,phase_scan,66,6,3600,0.45,0.6025390625,0.8538411458333333,0.07486979166666666,0.45183191034528936,0.2033243596553802,0.066 0.356 0.596 0.651 0.542 0.115
M6-b2,phase_scan,66,8,3600,0.45,0.0048828125,0.4482770647321428,0.316162109375,0.7706253301529656,0.34678139856883455,0.426 1.107 0.523 0.697 1.091 1.287 0.816 -0.127
M6-b2,phase_scan,66,4,7200,0.45,0.9130859375,0.9578450520833334,0.020751953125,0.25534921222262913,0.1149071455001831,-0.121 0.338 0.062 0.365
M6-b2,phase_scan,66,6,7200,0.45,0.8349609375,0.9447916666666667,0.027669270833333332,0.389375501208835,0.17521897554397575,0.111 0.382 0.498 0.590 0.378 0.099
M6-b2,phase_scan,66,8,7200,0.45,0.0390625,0.5973423549107143,0.2171630859375,0.3436775434584844,0.15465489455631798,0.483 1.558 -0.268 0.323 1.004 0.453 -0.430 -0.234
M6-b2,phase_scan,66,4,14400,0.45,0.861328125,0.9283854166666666,0.036376953125,0.38830364191973654,0.17473663886388144,0.414 0.710 0.019 0.436
M6-b2,phase_scan,66,6,14400,0.45,0.8466796875,0.9477864583333333,0.02620442708333333,0.4247388177447847,0.19113246798515313,0.023 0.425 0.568 0.567 0.441 0.123
M6-b2,phase_scan,66,8,14400,0.45,0.0048828125,0.48141043526785704,0.2921142578125,0.6029802655416823,0.27134111949375705,0.383 1.687 0.047 0.395 1.112 1.052 0.135 -0.206
M6-b2,phase_scan,66,4,28800,0.45,0.9287109375,0.9645182291666666,0.017578125,0.3354846548151087,0.15096809466679892,-0.175 0.535 0.045 0.426
M6-b2,phase_scan,66,6,28800,0.45,0.908203125,0.9712239583333333,0.014160156249999998,0.4096357954872977,0.18433610796928399,-0.001 0.381 0.543 0.580 0.451 0.092
M6-b2,phase_scan,66,8,28800,0.45,0.0,0.3937988281249999,0.3507080078125,0.7138016488817003,0.32121074199676514,0.363 1.467 -0.085 0.377 1.128 1.581 0.777 -0.247
M6-b2,phase_scan,66,4,36000,0.45,0.9609375,0.9807942708333334,0.009521484375,0.3434672179045501,0.15456024805704754,-0.359 0.704 -0.011 0.338
M6-b2,phase_scan,66,6,36000,0.45,0.947265625,0.9833984375,0.008138020833333332,0.40606305334303106,0.18272837400436398,-0.009 0.415 0.542 0.537 0.446 0.091
M6-b2,phase_scan,66,8,36000,0.45,0.0029296875,0.47530691964285704,0.29443359375,0.48511633797297404,0.21830235208783833,0.358 1.581 -0.183 0.368 1.087 1.028 -0.240 -0.245
M6-b2,phase_scan,77,4,900,0.45,0.7587890625,0.8740234375,0.064453125,0.2251509383872703,0.10131792227427164,0.073 0.284 0.267 0.124
M6-b2,phase_scan,77,6,900,0.45,0.421875,0.759375,0.12662760416666666,0.3243318928612601,0.14594935178756704,0.133 0.476 0.363 0.392 0.492 -0.100
M6-b2,phase_scan,77,8,900,0.45,0.0703125,0.5897739955357144,0.2266845703125,0.418068321924361,0.18813074486596246,0.364 0.393 0.678 0.482 0.535 0.753 0.472 -0.386
M6-b2,phase_scan,77,4,1800,0.45,0.83203125,0.9142252604166667,0.043212890625,0.28154933894122086,0.12669720252354938,-0.183 0.303 0.276 0.266
M6-b2,phase_scan,77,6,1800,0.45,0.59765625,0.8459635416666667,0.07958984375,0.35731372568342407,0.16079117655754083,-0.057 0.285 0.408 0.482 0.540 0.071
M6-b2,phase_scan,77,8,1800,0.45,0.1142578125,0.6524832589285714,0.1871337890625,0.4076581531100803,0.18344616889953613,0.178 0.074 0.354 0.511 0.645 0.856 0.602 -0.189
M6-b2,phase_scan,77,4,3600,0.45,0.8203125,0.9090169270833334,0.045654296875,0.35873620598404504,0.16143129269282028,0.050 0.629 0.162 0.285
M6-b2,phase_scan,77,6,3600,0.45,0.7314453125,0.9049479166666666,0.04817708333333333,0.43293346299065466,0.1948200583457946,0.106 0.391 0.511 0.654 0.541 0.068
M6-b2,phase_scan,77,8,3600,0.45,0.01171875,0.4968610491071428,0.282470703125,0.6832872496710883,0.30747926235198975,0.435 1.518 0.546 0.376 1.131 1.067 0.368 -0.224
M6-b2,phase_scan,77,4,7200,0.45,0.8310546875,0.91552734375,0.042236328125,0.41754011754636416,0.1878930528958639,-0.154 0.740 0.169 0.343
M6-b2,phase_scan,77,6,7200,0.45,0.7255859375,0.9059895833333333,0.04720052083333333,0.4294611348046195,0.19325751066207877,-0.006 0.419 0.618 0.655 0.440 0.015
M6-b2,phase_scan,77,8,7200,0.45,0.0,0.44594029017857134,0.3162841796875,0.7794349534170968,0.3507457290376936,0.334 1.490 0.307 0.507 1.205 1.444 0.835 -0.331
M6-b2,phase_scan,77,4,14400,0.45,0.9150390625,0.9588216145833334,0.02001953125,0.38241766117237225,0.1720879475275675,-0.325 0.711 0.045 0.391
M6-b2,phase_scan,77,6,14400,0.45,0.888671875,0.9641276041666667,0.017740885416666664,0.42030351691775836,0.18913658261299127,-0.029 0.410 0.544 0.578 0.472 0.097
M6-b2,phase_scan,77,8,14400,0.45,0.0009765625,0.4388253348214285,0.3197021484375,0.5724178420172797,0.2575880289077759,0.339 1.614 -0.163 0.375 1.103 1.317 0.003 -0.242
M6-b2,phase_scan,77,4,28800,0.45,0.9384765625,0.9689127604166666,0.015625,0.345284762205901,0.15537814299265545,-0.154 0.745 0.026 0.265
M6-b2,phase_scan,77,6,28800,0.45,0.876953125,0.9576822916666666,0.021321614583333332,0.4259443812900118,0.1916749715805053,0.007 0.452 0.581 0.569 0.446 0.081
M6-b2,phase_scan,77,8,28800,0.45,0.0,0.41434151785714274,0.336181640625,0.8414388459826273,0.3786474806921823,0.371 1.634 1.740 0.540 1.115 1.311 -0.201 -0.248
M6-b2,phase_scan,77,4,36000,0.45,0.9462890625,0.9728190104166666,0.013671875,0.4116780228084988,0.18525511026382446,-0.245 0.735 0.063 0.436
M6-b2,phase_scan,77,6,36000,0.45,0.9287109375,0.9767578125,0.011555989583333332,0.42264001899295367,0.19018800854682916,-0.027 0.424 0.561 0.539 0.487 0.102
M6-b2,phase_scan,77,8,36000,0.45,0.0,0.40087890624999994,0.3465576171875,0.6005665991041395,0.27025496959686274,0.327 1.487 -0.068 0.386 1.085 1.415 0.138 -0.240
M6-b2,phase_scan,88,4,900,0.45,0.6875,0.8357747395833334,0.083740234375,0.37237533816584834,0.16756890217463175,-0.001 0.479 0.420 0.218
M6-b2,phase_scan,88,6,900,0.45,0.1953125,0.6376302083333334,0.19449869791666666,0.5431144369973075,0.2444014966487884,0.086 0.630 0.750 0.737 0.550 0.048
M6-b2,phase_scan,88,8,900,0.45,0.001953125,0.47631835937499994,0.2958984375,0.7290998337760805,0.3280949251992362,0.345 0.556 1.071 1.013 0.986 0.956 0.728 -0.206
M6-b2,phase_scan,88,4,1800,0.45,0.8193359375,0.9085286458333333,0.0458984375,0.3297275525552255,0.14837739864985147,-0.310 0.410 0.338 0.241
M6-b2,phase_scan,88,6,1800,0.45,0.515625,0.8146484375,0.095703125,0.4483678870730928,0.20176554918289175,-0.026 0.456 0.555 0.540 0.529 0.162
M6-b2,phase_scan,88,8,1800,0.45,0.0361328125,0.5522809709821428,0.24853515625,0.5374281747000558,0.2418426786150251,0.285 0.023 0.781 0.693 0.762 0.826 0.690 -0.014
M6-b2,phase_scan,88,4,3600,0.45,0.8876953125,0.943359375,0.0283203125,0.17239416087115253,0.07757737239201865,-0.442 0.264 0.074 0.179
M6-b2,phase_scan,88,6,3600,0.45,0.7724609375,0.9174479166666666,0.04182942708333333,0.3660605483584932,0.16472724676132194,-0.125 0.366 0.533 0.493 0.395 0.044
M6-b2,phase_scan,88,8,3600,0.45,0.1435546875,0.6697126116071428,0.177490234375,0.19865249830579002,0.08939362423760551,0.193 -0.500 -0.125 0.389 0.884 0.774 0.136 -0.167
M6-b2,phase_scan,88,4,7200,0.45,0.8486328125,0.9239908854166667,0.0380859375,0.3853095902336969,0.1733893156051636,-0.145 0.623 0.081 0.452
M6-b2,phase_scan,88,6,7200,0.45,0.7744140625,0.9212239583333333,0.03987630208333333,0.42547712061140264,0.19146470427513118,0.003 0.427 0.501 0.515 0.544 0.140
M6-b2,phase_scan,88,8,7200,0.45,0.0009765625,0.4541364397321428,0.311279296875,0.7705355068993949,0.3467409781047277,0.365 1.171 0.523 0.350 1.020 1.391 1.116 -0.177
M6-b2,phase_scan,88,4,14400,0.45,0.8974609375,0.9480794270833334,0.026123046875,0.4035507749628138,0.1815978487332662,-0.323 0.663 0.115 0.432
M6-b2,phase_scan,88,6,14400,0.45,0.8681640625,0.955078125,0.022623697916666664,0.41006951861911334,0.184531283378601,0.025 0.388 0.524 0.609 0.429 0.101
M6-b2,phase_scan,88,8,14400,0.45,0.0048828125,0.4753417968749999,0.2960205078125,0.42385496790446936,0.1907347355570112,0.395 -0.245 -0.421 0.340 1.166 1.341 1.021 -0.234
M6-b2,phase_scan,88,4,28800,0.45,0.951171875,0.9755859375,0.01220703125,0.35417057849742745,0.15937676032384235,-0.339 0.545 0.089 0.429
M6-b2,phase_scan,88,6,28800,0.45,0.9267578125,0.9776692708333333,0.010904947916666666,0.41194336944156207,0.18537451624870294,0.008 0.393 0.537 0.561 0.466 0.102
M6-b2,phase_scan,88,8,28800,0.45,0.0,0.4412667410714285,0.3187255859375,0.6949969511183481,0.31274862800325665,0.382 1.005 -0.052 0.361 1.107 1.557 1.124 -0.236
M6-b2,phase_scan,88,4,36000,0.45,0.94921875,0.9755859375,0.011962890625,0.24163343288280345,0.10873504479726155,-0.359 0.463 0.006 0.256
M6-b2,phase_scan,88,6,36000,0.45,0.93359375,0.9801432291666667,0.009602864583333332,0.38914801014794226,0.17511660456657402,-0.023 0.364 0.511 0.555 0.425 0.091
M6-b2,phase_scan,88,8,36000,0.45,0.0126953125,0.594482421875,0.2193603515625,0.2056419470953563,0.09253887619291033,0.336 0.415 -0.499 0.333 1.093 0.846 -0.508 -0.240
M6-b1,priority_scan,11,4,900,0.45,0.529296875,0.7503255208333334,0.128173828125,0.33188753657870823,0.1493493914604187,0.000 0.402 0.261 0.000
M6-b1,priority_scan,11,6,900,0.45,0.1083984375,0.5725260416666668,0.23225911458333331,0.7323813935120899,0.32957162708044047,0.000 0.598 0.818 0.724 0.789 -0.000
M6-b1,priority_scan,11,8,900,0.45,0.0107421875,0.5042550223214285,0.2772216796875,1.0356583418669525,0.46604625384012865,0.000 0.623 1.115 1.175 1.108 1.180 1.014 0.000
M6-b1,priority_scan,11,4,1800,0.45,0.7138671875,0.8525390625,0.07470703125,0.47900696595509845,0.2155531346797943,0.000 0.452 0.507 0.000
M6-b1,priority_scan,11,6,1800,0.45,0.041015625,0.5199869791666667,0.26302083333333337,0.9450783828894297,0.4252852723002434,0.000 0.650 0.898 1.100 1.133 -0.000
M6-b1,priority_scan,11,8,1800,0.45,0.0,0.5453752790178572,0.2501220703125,1.4132879619245176,0.635979582866033,0.000 0.830 1.286 1.459 1.618 1.942 1.344 0.000
M6-b1,priority_scan,11,4,3600,0.45,0.8037109375,0.8990885416666667,0.051025390625,0.5091995000839233,0.2291397750377655,0.000 0.503 0.515 0.000
M6-b1,priority_scan,11,6,3600,0.45,0.037109375,0.4944010416666667,0.28190104166666663,1.0055990517139435,0.45251957327127457,0.000 0.775 1.037 1.116 1.095 -0.000
M6-b1,priority_scan,11,8,3600,0.45,0.0,0.5641392299107143,0.23828125,1.440227539451034,0.6481023927529653,0.000 0.923 1.296 1.556 1.661 1.976 1.230 0.000
M6-b1,priority_scan,11,4,7200,0.45,0.8525390625,0.9249674479166667,0.037841796875,0.5563407474093967,0.2503533363342285,0.000 0.565 0.548 0.000
M6-b1,priority_scan,11,6,7200,0.45,0.0283203125,0.45468750000000013,0.31005859375,1.0750174025694528,0.48375783115625376,0.000 0.927 1.128 1.155 1.091 -0.000
M6-b1,priority_scan,11,8,7200,0.45,0.0,0.595947265625,0.218505859375,1.5607636063187214,0.7023436228434247,0.000 1.108 1.548 1.703 1.716 2.015 1.276 0.000
M6-b1,priority_scan,11,4,14400,0.45,0.857421875,0.9254557291666667,0.0380859375,0.611542330847846,0.2751940488815307,0.000 0.622 0.601 0.000
M6-b1,priority_scan,11,6,14400,0.45,0.0,0.4639322916666668,0.30029296875,1.1472051342328389,0.5162423104047775,0.000 0.901 1.241 1.305 1.142 -0.000
M6-b1,priority_scan,11,8,14400,0.45,0.0,0.6245465959821429,0.2003173828125,1.5477782708627206,0.6965002218882242,0.000 1.068 1.397 1.826 1.945 1.863 1.187 0.000
M6-b1,priority_scan,11,4,28800,0.45,0.9189453125,0.9568684895833333,0.022216796875,0.5498009920120239,0.24741044640541077,0.000 0.758 0.341 0.000
M6-b1,priority_scan,11,6,28800,0.45,0.0048828125,0.33958333333333346,0.39306640625,1.0395885010560353,0.4678148254752159,0.000 0.910 1.089 1.102 1.057 -0.000
M6-b1,priority_scan,11,8,28800,0.45,0.0,0.5921805245535714,0.219970703125,1.5049631507308394,0.6772334178288778,0.000 1.684 1.232 1.536 1.860 1.791 0.926 0.000
M6-b1,priority_scan,11,4,36000,0.45,0.9423828125,0.9708658854166666,0.0146484375,0.31397812896304655,0.14129015803337094,0.000 0.435 0.193 0.000
M6-b1,priority_scan,11,6,36000,0.45,0.0234375,0.36692708333333346,0.3738606770833333,0.9480910499890645,0.42664097249507904,0.000 0.672 1.033 1.032 1.055 -0.000
M6-b1,priority_scan,11,8,36000,0.45,0.0,0.5577566964285714,0.2398681640625,1.7416398172025327,0.7837379177411398,0.000 1.442 1.066 1.570 1.860 2.597 1.915 0.000
M6-b1,priority_scan,22,4,900,0.45,0.2646484375,0.5989583333333333,0.20849609375,0.630827612347073,0.28387242555618286,0.000 0.511 0.751 0.000
M6-b1,priority_scan,22,6,900,0.45,0.0263671875,0.4927083333333334,0.28043619791666663,1.06525257229805,0.47936365753412247,0.000 0.591 1.123 1.323 1.224 -0.000
M6-b1,priority_scan,22,8,900,0.45,0.0009765625,0.4498814174107142,0.314453125,1.5476408269670274,0.6964383721351624,0.000 0.675 1.386 1.698 2.050 2.133 1.344 0.000
M6-b1,priority_scan,22,4,1800,0.45,0.693359375,0.8359375,0.08447265625,0.5049423376719158,0.2272240519523621,0.000 0.636 0.374 0.000
M6-b1,priority_scan,22,6,1800,0.45,0.0615234375,0.5529947916666667,0.2431640625,1.0512551168600717,0.47306480258703226,0.000 1.119 1.238 0.990 0.857 -0.000
M6-b1,priority_scan,22,8,1800,0.45,0.0,0.5518275669642857,0.24609375,1.5133012224126745,0.6809855500857035,0.000 1.242 1.902 1.890 1.501 1.445 1.099 0.000
M6-b1,priority_scan,22,4,3600,0.45,0.806640625,0.9000651041666666,0.05078125,0.5440164936913384,0.2448074221611023,0.000 0.566 0.522 0.000
M6-b1,priority_scan,22,6,3600,0.45,0.041015625,0.4999348958333334,0.2791341145833333,1.024983823299408,0.4612427204847336,0.000 0.814 1.119 1.111 1.056 -0.000
M6-b1,priority_scan,22,8,3600,0.45,0.0,0.5853794642857143,0.2254638671875,1.4906683233049183,0.6708007454872132,0.000 0.921 1.501 1.681 1.723 1.879 1.239 0.000
M6-b1,priority_scan,22,4,7200,0.45,0.8544921875,0.92529296875,0.037841796875,0.5790958139631484,0.26059311628341675,0.000 0.630 0.528 0.000
M6-b1,priority_scan,22,6,7200,0.45,0.0205078125,0.4524739583333334,0.31103515625,1.1279090245564778,0.507559061050415,0.000 0.966 1.255 1.183 1.108 -0.000
M6-b1,priority_scan,22,8,7200,0.45,0.0,0.6268833705357142,0.198974609375,1.6017305850982666,0.72077876329422,0.000 1.106 1.685 1.872 1.780 1.921 1.246 0.000
M6-b1,priority_scan,22,4,14400,0.45,0.900390625,0.9501953125,0.02490234375,0.503295792473687,0.22648310661315918,0.000 0.478 0.529 0.000
M6-b1,priority_scan,22,6,14400,0.45,0.0361328125,0.45338541666666676,0.3108723958333333,1.0043795903523762,0.45197081565856934,0.000 0.742 1.052 1.101 1.123 -0.000
M6-b1,priority_scan,22,8,14400,0.45,0.0,0.6017368861607143,0.2152099609375,1.5241052707036336,0.6858473718166351,0.000 1.015 1.380 1.685 1.721 2.074 1.269 0.000
M6-b1,priority_scan,22,4,28800,0.45,0.9443359375,0.9718424479166666,0.01416015625,0.46487748622894287,0.2091948688030243,0.000 0.511 0.418 0.000
M6-b1,priority_scan,22,6,28800,0.45,0.0078125,0.3432942708333334,0.39013671875,1.0358689228693643,0.46614101529121393,0.000 0.817 1.093 1.132 1.101 -0.000
M6-b1,priority_scan,22,8,28800,0.45,0.0,0.6241978236607143,0.1998291015625,1.6496470239427354,0.742341160774231,0.000 1.046 1.526 1.799 1.903 2.181 1.443 0.000
M6-b1,priority_scan,22,4,36000,0.45,0.9501953125,0.9744466145833333,0.012939453125,0.5305551820331149,0.2387498319149017,0.000 0.616 0.445 0.000
M6-b1,priority_scan,22,6,36000,0.45,0.001953125,0.2987630208333334,0.42838541666666663,1.0988896091779072,0.4945003241300583,0.000 0.953 1.145 1.180 1.117 -0.000
M6-b1,priority_scan,22,8,36000,0.45,0.0,0.6627371651785714,0.1768798828125,1.6888689994812012,0.7599910497665405,0.000 1.274 1.721 1.837 1.998 2.057 1.246 0.000
M6-b1,priority_scan,33,4,900,0.45,0.1982421875,0.5559895833333333,0.232666015625,0.9140521287918091,0.4113234579563141,0.000 0.935 0.894 0.000
M6-b1,priority_scan,33,6,900,0.45,0.005859375,0.4998697916666668,0.2744140625,1.5517276525497434,0.6982774436473845,0.000 1.249 1.824 1.824 1.310 -0.000
M6-b1,priority_scan,33,8,900,0.45,0.0,0.45751953124999994,0.3094482421875,2.152878443400065,0.9687952995300293,0.000 1.221 2.420 2.667 2.846 2.386 1.377 0.000
M6-b1,priority_scan,33,4,1800,0.45,0.7275390625,0.85693359375,0.0732421875,0.4717691739400228,0.21229612827301028,0.000 0.427 0.517 0.000
M6-b1,priority_scan,33,6,1800,0.45,0.095703125,0.5563151041666667,0.24267578125,0.8839139839013417,0.3977612927556038,0.000 0.544 0.835 1.070 1.085 -0.000
M6-b1,priority_scan,33,8,1800,0.45,0.001953125,0.5496651785714286,0.2471923828125,1.2822889619403413,0.5770300328731536,0.000 0.578 1.104 1.371 1.510 1.905 1.226 0.000
M6-b1,priority_scan,33,4,3600,0.45,0.6474609375,0.8116861979166667,0.09716796875,0.7093483871883817,0.3192067742347718,0.000 0.799 0.620 0.000
M6-b1,priority_scan,33,6,3600,0.45,0.0078125,0.5240885416666669,0.2600911458333333,1.2899486223856607,0.5804768800735474,0.000 1.175 1.482 1.342 1.161 -0.000
M6-b1,priority_scan,33,8,3600,0.45,0.0,0.6405901227678572,0.1905517578125,1.7846135298411052,0.8030760884284973,0.000 1.389 1.961 2.095 2.009 2.039 1.215 0.000
M6-b1,priority_scan,33,4,7200,0.45,0.8837890625,0.9431966145833334,0.028076171875,0.40481964747111004,0.1821688413619995,0.000 0.412 0.397 0.000
M6-b1,priority_scan,33,6,7200,0.45,0.185546875,0.62109375,0.2060546875,0.8814615011215209,0.3966576755046844,0.000 0.726 0.900 0.918 0.983 -0.000
M6-b1,priority_scan,33,8,7200,0.45,0.001953125,0.5379115513392857,0.2559814453125,1.2167257953573156,0.547526607910792,0.000 0.754 1.053 1.324 1.326 1.705 1.139 0.000
M6-b1,priority_scan,33,4,14400,0.45,0.9267578125,0.9637044270833333,0.01806640625,0.4471719264984131,0.2012273669242859,0.000 0.468 0.426 0.000
M6-b1,priority_scan,33,6,14400,0.45,0.03515625,0.38893229166666676,0.36100260416666663,1.0323092341423032,0.46453915536403645,0.000 0.899 1.095 1.064 1.071 -0.000
M6-b1,priority_scan,33,8,14400,0.45,0.0,0.6298479352678572,0.1973876953125,1.518475435398243,0.6833139459292094,0.000 1.131 1.497 1.760 1.718 1.804 1.200 0.000
M6-b1,priority_scan,33,4,28800,0.45,0.947265625,0.9736328125,0.01318359375,0.5040639638900757,0.22682878375053406,0.000 0.560 0.449 0.000
M6-b1,priority_scan,33,6,28800,0.45,0.0029296875,0.2984375000000001,0.42985026041666663,1.1219569543997447,0.5048806294798851,0.000 0.998 1.197 1.195 1.098 -0.000
M6-b1,priority_scan,33,8,28800,0.45,0.0,0.6481236049107144,0.1851806640625,1.6515475732308846,0.7431964079538981,0.000 1.151 1.769 1.878 1.936 1.980 1.195 0.000
M6-b1,priority_scan,33,4,36000,0.45,0.9443359375,0.9724934895833334,0.013671875,0.4636424117618137,0.20863908529281616,0.000 0.588 0.339 0.000
M6-b1,priority_scan,33,6,36000,0.45,0.001953125,0.27506510416666674,0.44938151041666663,1.1198051770528157,0.5039123296737671,0.000 1.016 1.228 1.156 1.080 -0.000
M6-b1,priority_scan,33,8,36000,0.45,0.0,0.6763741629464286,0.168212890625,1.823913962752731,0.820761283238729,0.000 1.257 1.863 2.004 2.046 2.500 1.274 0.000
M6-b1,priority_scan,44,4,900,0.45,0.4677734375,0.7161458333333333,0.14599609375,0.5467250612046983,0.24602627754211426,0.000 0.570 0.524 0.000
M6-b1,priority_scan,44,6,900,0.45,0.029296875,0.4990885416666668,0.27685546875,1.035004804531733,0.4657521620392799,0.000 0.691 1.114 1.145 1.190 -0.000
M6-b1,priority_scan,44,8,900,0.45,0.0,0.48782784598214274,0.2889404296875,1.4480167406576652,0.6516075332959493,0.000 0.429 1.449 1.586 1.795 1.942 1.486 0.000
M6-b1,priority_scan,44,4,1800,0.45,0.69140625,0.83837890625,0.08251953125,0.5987170669767592,0.2694226801395416,0.000 0.580 0.618 0.000
M6-b1,priority_scan,44,6,1800,0.45,0.017578125,0.4919270833333334,0.28059895833333337,1.060442080100377,0.4771989360451697,0.000 0.681 1.075 1.293 1.193 -0.000
M6-b1,priority_scan,44,8,1800,0.45,0.0,0.5767647879464286,0.229736328125,1.5051686763763428,0.6773259043693542,0.000 0.669 1.347 1.657 1.883 2.105 1.369 0.000
M6-b1,priority_scan,44,4,3600,0.45,0.6708984375,0.8263346354166666,0.089111328125,0.7119708591037326,0.3203868865966797,0.000 0.773 0.651 0.000
M6-b1,priority_scan,44,6,3600,0.45,0.0029296875,0.5053385416666668,0.2724609375,1.2606429060300188,0.5672893077135085,0.000 0.983 1.444 1.384 1.232 -0.000
M6-b1,priority_scan,44,8,3600,0.45,0.0,0.6369280133928572,0.1927490234375,1.7705792409402354,0.796760658423106,0.000 1.045 1.801 2.099 2.081 2.159 1.438 0.000
M6-b1,priority_scan,44,4,7200,0.45,0.85546875,0.9231770833333334,0.03955078125,0.6388454304801093,0.2874804437160492,0.000 0.690 0.587 0.000
M6-b1,priority_scan,44,6,7200,0.45,0.00390625,0.4160807291666668,0.3367513020833333,1.1872453490893045,0.5342604070901871,0.000 1.073 1.262 1.205 1.210 -0.000
M6-b1,priority_scan,44,8,7200,0.45,0.0,0.6444963727678572,0.188720703125,1.6705007464797406,0.7517253359158833,0.000 1.353 1.726 1.817 1.773 1.912 1.442 0.000
M6-b1,priority_scan,44,4,14400,0.45,0.9248046875,0.9627278645833334,0.0185546875,0.49269047048356795,0.2217107117176056,0.000 0.537 0.448 0.000
M6-b1,priority_scan,44,6,14400,0.45,0.06640625,0.46705729166666676,0.30615234375,1.0029206673304238,0.45131430029869074,0.000 0.877 1.076 1.034 1.025 -0.000
M6-b1,priority_scan,44,8,14400,0.45,0.0,0.6096540178571429,0.2095947265625,1.5046660546903254,0.6770997246106465,0.000 1.158 1.490 1.651 1.629 1.853 1.248 0.000
M6-b1,priority_scan,44,4,28800,0.45,0.9541015625,0.9763997395833333,0.011962890625,0.4118472999996609,0.1853312849998474,0.000 0.457 0.366 0.000
M6-b1,priority_scan,44,6,28800,0.45,0.0048828125,0.36783854166666674,0.36946614583333326,1.005927821000417,0.4526675194501877,0.000 0.844 1.047 1.047 1.087 -0.000
M6-b1,priority_scan,44,8,28800,0.45,0.0,0.6358816964285714,0.19287109375,1.5349903813114871,0.6907456715901692,0.000 1.221 1.471 1.658 1.719 1.807 1.334 0.000
M6-b1,priority_scan,44,4,36000,0.45,0.947265625,0.9720052083333333,0.014404296875,0.5525047911538018,0.24862715601921082,0.000 0.596 0.509 0.000
M6-b1,priority_scan,44,6,36000,0.45,0.00390625,0.3688151041666668,0.37369791666666663,1.0692075391610463,0.48114339262247086,0.000 0.876 1.121 1.176 1.104 -0.000
M6-b1,priority_scan,44,8,36000,0.45,0.0,0.6590053013392857,0.1790771484375,1.5848176567642778,0.713167945543925,0.000 1.199 1.513 1.784 1.913 2.078 1.022 0.000
M6-b1,priority_scan,55,4,900,0.45,0.185546875,0.5528971354166666,0.232421875,0.8335518836975098,0.3750983476638794,0.000 0.802 0.865 0.000
M6-b1,priority_scan,55,6,900,0.45,0.0048828125,0.46653645833333346,0.2970377604166667,1.2878120442231495,0.5795154199004173,0.000 0.546 1.712 1.658 1.235 -0.000
M6-b1,priority_scan,55,8,900,0.45,0.0,0.4224679129464285,0.33349609375,1.7524447485252663,0.7886001368363699,0.000 0.260 2.023 2.414 2.462 2.080 1.277 0.000
M6-b1,priority_scan,55,4,1800,0.45,0.701171875,0.8406575520833334,0.08203125,0.564231276512146,0.2539040744304657,0.000 0.554 0.574 0.000
M6-b1,priority_scan,55,6,1800,0.45,0.029296875,0.4908203125,0.28287760416666663,1.1307011047999063,0.5088154971599579,0.000 0.937 1.108 1.218 1.258 -0.000
M6-b1,priority_scan,55,8,1800,0.45,0.0,0.5688825334821428,0.2357177734375,1.6021020103383947,0.7209459046522776,0.000 0.945 1.603 1.680 1.796 2.147 1.443 0.000
M6-b1,priority_scan,55,4,3600,0.45,0.7822265625,0.88720703125,0.057373046875,0.5358592006895277,0.2411366403102875,0.000 0.571 0.501 0.000
M6-b1,priority_scan,55,6,3600,0.45,0.12109375,0.5675130208333334,0.23811848958333331,0.9294601281483967,0.41825705766677856,0.000 0.684 1.047 1.041 0.946 -0.000
M6-b1,priority_scan,55,8,3600,0.45,0.0009765625,0.54443359375,0.251220703125,1.2131787229467321,0.5459304253260294,0.000 0.497 1.119 1.439 1.478 1.601 1.146 0.000
M6-b1,priority_scan,55,4,7200,0.45,0.8291015625,0.9104817708333333,0.045654296875,0.6909743944803874,0.31093847751617437,0.000 0.735 0.646 0.000
M6-b1,priority_scan,55,6,7200,0.45,0.0078125,0.4881510416666668,0.283203125,1.2658841411272683,0.5696478635072708,0.000 1.100 1.477 1.386 1.100 -0.000
M6-b1,priority_scan,55,8,7200,0.45,0.0,0.6651436941964286,0.1751708984375,1.7825771702660453,0.8021597266197205,0.000 1.332 1.935 2.191 2.063 2.045 1.130 0.000
M6-b1,priority_scan,55,4,14400,0.45,0.9189453125,0.9581705729166667,0.021240234375,0.5940043926239014,0.2673019766807556,0.000 0.613 0.575 0.000
M6-b1,priority_scan,55,6,14400,0.45,0.0166015625,0.4722005208333334,0.29606119791666663,1.120512286822001,0.5042305290699005,0.000 0.846 1.211 1.259 1.166 -0.000
M6-b1,priority_scan,55,8,14400,0.45,0.0,0.6449846540178572,0.1878662109375,1.5386976136101616,0.6924139261245728,0.000 0.803 1.420 1.777 1.888 2.084 1.259 0.000
M6-b1,priority_scan,55,4,28800,0.45,0.923828125,0.9622395833333333,0.018798828125,0.5747658676571317,0.2586446404457093,0.000 0.650 0.500 0.000
M6-b1,priority_scan,55,6,28800,0.45,0.05078125,0.4964843750000001,0.28141276041666663,0.9638100365797677,0.4337145164608955,0.000 0.755 0.913 1.035 1.152 -0.000
M6-b1,priority_scan,55,8,28800,0.45,0.0,0.4642857142857142,0.302490234375,1.3254291039926034,0.5964430967966715,0.000 1.326 0.614 1.109 1.557 2.053 1.293 0.000
M6-b1,priority_scan,55,4,36000,0.45,0.712890625,0.8544921875,0.0732421875,0.7138153579499986,0.3212169110774994,0.000 0.938 0.489 0.000
M6-b1,priority_scan,55,6,36000,0.45,0.0,0.29518229166666676,0.4267578125,1.1037767926851907,0.4966995567083358,0.000 0.939 1.172 1.190 1.114 -0.000
M6-b1,priority_scan,55,8,36000,0.45,0.0,0.5354003906249999,0.255126953125,1.4723523016329165,0.6625585357348125,0.000 1.589 0.837 1.384 1.906 1.959 1.159 0.000
M6-b1,priority_scan,66,4,900,0.45,0.2548828125,0.5838216145833333,0.21875,0.559637811448839,0.25183701515197754,0.000 0.339 0.781 0.000
M6-b1,priority_scan,66,6,900,0.45,0.0302734375,0.4930338541666668,0.28092447916666663,0.834292819102605,0.3754317685961723,0.000 0.199 0.887 1.167 1.084 -0.000
M6-b1,priority_scan,66,8,900,0.45,0.0009765625,0.44820731026785704,0.3165283203125,1.176659486911915,0.5294967691103617,0.000 0.252 1.079 1.279 1.667 1.661 1.121 0.000
M6-b1,priority_scan,66,4,1800,0.45,0.6650390625,0.8224283854166667,0.091064453125,0.6060361862182617,0.2727162837982178,0.000 0.680 0.532 0.000
M6-b1,priority_scan,66,6,1800,0.45,0.03515625,0.5225911458333334,0.26171875,1.1368799209594724,0.5115959644317626,0.000 1.091 1.273 1.148 1.035 -0.000
M6-b1,priority_scan,66,8,1800,0.45,0.0,0.5558733258928571,0.2442626953125,1.599859882284094,0.7199369470278423,0.000 1.154 1.842 1.926 1.715 1.721 1.241 0.000
M6-b1,priority_scan,66,4,3600,0.45,0.8017578125,0.896484375,0.052734375,0.586068762673272,0.2637309432029724,0.000 0.672 0.501 0.000
M6-b1,priority_scan,66,6,3600,0.45,0.037109375,0.49720052083333344,0.28108723958333337,1.1054445803165436,0.4974500611424446,0.000 1.118 1.200 1.089 1.014 -0.000
M6-b1,priority_scan,66,8,3600,0.45,0.0009765625,0.5833217075892857,0.226806640625,1.5653150611453583,0.7043917775154113,0.000 1.294 1.857 1.752 1.606 1.740 1.143 0.000
M6-b1,priority_scan,66,4,7200,0.45,0.7919921875,0.89208984375,0.054931640625,0.6966841883129544,0.3135078847408295,0.000 0.707 0.686 0.000
M6-b1,priority_scan,66,6,7200,0.45,0.0009765625,0.4268229166666668,0.32747395833333337,1.225671867529551,0.551552340388298,0.000 1.012 1.252 1.352 1.287 -0.000
M6-b1,priority_scan,66,8,7200,0.45,0.0,0.6432407924107144,0.1884765625,1.744771268632677,0.7851470708847047,0.000 1.194 1.593 1.790 1.962 2.399 1.530 0.000
M6-b1,priority_scan,66,4,14400,0.45,0.8193359375,0.90869140625,0.0458984375,0.6270889441172283,0.28219002485275274,0.000 0.587 0.668 0.000
M6-b1,priority_scan,66,6,14400,0.45,0.0361328125,0.5238281250000001,0.26090494791666663,0.9642825027306874,0.43392712622880936,0.000 0.667 0.955 1.134 1.101 -0.000
M6-b1,priority_scan,66,8,14400,0.45,0.0,0.6074916294642858,0.2109375,1.1773984299765692,0.5298292934894562,0.000 0.080 0.768 1.316 1.572 2.048 1.281 0.000
M6-b1,priority_scan,66,4,28800,0.45,0.5771484375,0.78369140625,0.109375,0.8002639479107327,0.36011877655982977,0.000 0.975 0.626 0.000
M6-b1,priority_scan,66,6,28800,0.45,0.0009765625,0.4199869791666668,0.3323567708333333,1.131189614534378,0.5090353265404701,0.000 0.962 1.278 1.200 1.085 -0.000
M6-b1,priority_scan,66,8,28800,0.45,0.0,0.6289411272321428,0.1973876953125,1.568213171429104,0.7056959271430968,0.000 1.526 1.421 1.590 1.756 2.017 1.099 0.000
M6-b1,priority_scan,66,4,36000,0.45,0.8837890625,0.94091796875,0.02978515625,0.6543137629826864,0.29444119334220886,0.000 0.803 0.506 0.000
M6-b1,priority_scan,66,6,36000,0.45,0.013671875,0.32506510416666673,0.40494791666666663,1.0283312698205311,0.46274907141923904,0.000 0.845 1.042 1.105 1.122 -0.000
M6-b1,priority_scan,66,8,36000,0.45,0.0,0.4573800223214285,0.3067626953125,1.356471644507514,0.6104122400283813,0.000 1.480 0.925 1.127 1.618 1.903 1.086 0.000
M6-b1,priority_scan,77,4,900,0.45,0.4873046875,0.72412109375,0.142822265625,0.3030745188395182,0.1363835334777832,0.000 0.266 0.340 0.000
M6-b1,priority_scan,77,6,900,0.45,0.0830078125,0.5515625000000001,0.24446614583333331,0.580745885769526,0.2613356485962867,0.000 0.017 0.619 0.750 0.936 -0.000
M6-b1,priority_scan,77,8,900,0.45,0.009765625,0.4881766183035714,0.2891845703125,0.8346982796986898,0.3756142258644104,0.000 -0.072 0.482 0.892 1.131 1.364 1.211 0.000
M6-b1,priority_scan,77,4,1800,0.45,0.7021484375,0.84375,0.079833984375,0.4839279254277547,0.21776756644248962,0.000 0.489 0.479 0.000
M6-b1,priority_scan,77,6,1800,0.45,0.060546875,0.5127604166666668,0.26953125,0.9746859471003214,0.43860867619514465,0.000 0.710 0.961 1.117 1.111 -0.000
M6-b1,priority_scan,77,8,1800,0.45,0.0,0.5412597656249999,0.253173828125,1.421636078092787,0.6397362351417542,0.000 0.748 1.300 1.490 1.619 1.894 1.478 0.000
M6-b1,priority_scan,77,4,3600,0.45,0.779296875,0.884765625,0.058837890625,0.5278622441821628,0.23753800988197324,0.000 0.516 0.540 0.000
M6-b1,priority_scan,77,6,3600,0.45,0.03125,0.4771484375000001,0.29378255208333337,1.0314129292964935,0.4641358181834221,0.000 0.758 1.066 1.164 1.138 -0.000
M6-b1,priority_scan,77,8,3600,0.45,0.0,0.5926339285714286,0.220458984375,1.517793337504069,0.683007001876831,0.000 0.922 1.415 1.634 1.767 1.965 1.404 0.000
M6-b1,priority_scan,77,4,7200,0.45,0.859375,0.9309895833333334,0.0341796875,0.5442527929941814,0.24491375684738162,0.000 0.614 0.475 0.000
M6-b1,priority_scan,77,6,7200,0.45,0.0751953125,0.5270182291666667,0.26302083333333337,0.9974959492683408,0.44887317717075337,0.000 0.853 1.133 1.040 0.963 -0.000
M6-b1,priority_scan,77,8,7200,0.45,0.00390625,0.5825544084821428,0.227783203125,1.3808816892129403,0.6213967601458231,0.000 0.960 1.452 1.649 1.513 1.663 1.048 0.000
M6-b1,priority_scan,77,4,14400,0.45,0.861328125,0.9300130208333333,0.03515625,0.5295077297422621,0.23827847838401797,0.000 0.517 0.542 0.000
M6-b1,priority_scan,77,6,14400,0.45,0.00390625,0.42539062500000013,0.3274739583333333,1.0652152697245278,0.47934687137603754,0.000 0.802 1.068 1.159 1.231 -0.000
M6-b1,priority_scan,77,8,14400,0.45,0.0,0.6165945870535714,0.204833984375,1.6077019770940144,0.7234658896923065,0.000 0.986 1.429 1.643 1.784 2.303 1.502 0.000
M6-b1,priority_scan,77,4,28800,0.45,0.9189453125,0.9588216145833333,0.020751953125,0.602283345328437,0.27102750539779663,0.000 0.727 0.478 0.000
M6-b1,priority_scan,77,6,28800,0.45,0.001953125,0.3927083333333334,0.3557942708333333,1.1278002460797625,0.5075101107358931,0.000 0.934 1.225 1.215 1.138 -0.000
M6-b1,priority_scan,77,8,28800,0.45,0.0,0.6820591517857143,0.165283203125,1.693518669516952,0.7620834012826284,0.000 0.875 1.754 1.789 1.965 2.249 1.528 0.000
M6-b1,priority_scan,77,4,36000,0.45,0.18359375,0.5833333333333334,0.21044921875,0.8558341529634264,0.38512536883354187,0.000 1.065 0.646 0.000
M6-b1,priority_scan,77,6,36000,0.45,0.0,0.46015625000000016,0.30078125,1.215891440709432,0.5471511483192444,0.000 1.010 1.340 1.309 1.204 -0.000
M6-b1,priority_scan,77,8,36000,0.45,0.0,0.6933244977678571,0.158447265625,1.9648443769525599,0.884179969628652,0.000 1.743 1.692 1.677 2.136 2.693 1.848 0.000
M6-b1,priority_scan,88,4,900,0.45,0.3818359375,0.6697591145833333,0.170166015625,0.5991489357418485,0.26961702108383184,0.000 0.671 0.527 0.000
M6-b1,priority_scan,88,6,900,0.45,0.0205078125,0.49427083333333344,0.27897135416666663,1.024744560321172,0.46113505214452744,0.000 0.554 1.212 1.177 1.157 -0.000
M6-b1,priority_scan,88,8,900,0.45,0.0009765625,0.48357282366071425,0.2916259765625,1.3540222688957497,0.6093100210030874,0.000 0.055 1.291 1.702 1.815 1.845 1.415 0.000
M6-b1,priority_scan,88,4,1800,0.45,0.7021484375,0.8458658854166667,0.078125,0.5201775497860379,0.23407989740371707,0.000 0.508 0.533 0.000
M6-b1,priority_scan,88,6,1800,0.45,0.046875,0.5193359375000001,0.26416015625,0.9593118727207183,0.4316903427243232,0.000 0.621 0.968 1.130 1.118 -0.000
M6-b1,priority_scan,88,8,1800,0.45,0.0,0.5500837053571428,0.2467041015625,1.3475099757865623,0.606379489103953,0.000 0.488 1.202 1.461 1.690 1.947 1.296 0.000
M6-b1,priority_scan,88,4,3600,0.45,0.7353515625,0.8621419270833334,0.0703125,0.5213950739966499,0.23462778329849243,0.000 0.498 0.544 0.000
M6-b1,priority_scan,88,6,3600,0.45,0.033203125,0.4746744791666668,0.29622395833333337,1.0683244963486989,0.4807460233569145,0.000 0.910 1.035 1.144 1.185 -0.000
M6-b1,priority_scan,88,8,3600,0.45,0.0,0.5835658482142857,0.226806640625,1.5979419372699881,0.7190738717714946,0.000 1.097 1.529 1.595 1.774 2.169 1.423 0.000
M6-b1,priority_scan,88,4,7200,0.45,0.841796875,0.9205729166666666,0.039794921875,0.5832837687598335,0.26247769594192505,0.000 0.588 0.578 0.000
M6-b1,priority_scan,88,6,7200,0.45,0.005859375,0.41236979166666676,0.33740234375,1.113269825776418,0.5009714215993881,0.000 0.901 1.176 1.208 1.168 -0.000
M6-b1,priority_scan,88,8,7200,0.45,0.0,0.6232561383928571,0.2012939453125,1.606537147804543,0.7229417165120443,0.000 1.032 1.571 1.760 1.823 2.081 1.372 0.000
M6-b1,priority_scan,88,4,14400,0.45,0.908203125,0.95458984375,0.0224609375,0.5475692616568671,0.2464061677455902,0.000 0.579 0.516 0.000
M6-b1,priority_scan,88,6,14400,0.45,0.013671875,0.4066406250000001,0.34358723958333337,1.0590138037999468,0.4765562117099761,0.000 0.847 1.149 1.152 1.089 -0.000
M6-b1,priority_scan,88,8,14400,0.45,0.0,0.6365792410714286,0.1932373046875,1.5313602156109283,0.6891120970249177,0.000 0.980 1.496 1.705 1.758 1.968 1.281 0.000
M6-b1,priority_scan,88,4,28800,0.45,0.939453125,0.9700520833333333,0.014892578125,0.597834587097168,0.2690255641937256,0.000 0.651 0.545 0.000
M6-b1,priority_scan,88,6,28800,0.45,0.0,0.3613281250000001,0.37841796875,1.1429969469706216,0.5143486261367798,0.000 0.982 1.211 1.233 1.146 -0.000
M6-b1,priority_scan,88,8,28800,0.45,0.0,0.6590750558035715,0.17822265625,1.6746163368225098,0.7535773515701294,0.000 1.190 1.664 1.805 1.956 2.145 1.287 0.000
M6-b1,priority_scan,88,4,36000,0.45,0.923828125,0.9607747395833334,0.019775390625,0.6405266125996908,0.28823697566986084,0.000 0.734 0.547 0.000
M6-b1,priority_scan,88,6,36000,0.45,0.0009765625,0.32988281250000007,0.39908854166666663,1.1925510565439859,0.5366479754447937,0.000 1.096 1.225 1.285 1.165 -0.000
M6-b1,priority_scan,88,8,36000,0.45,0.0,0.7078334263392857,0.1497802734375,1.7647608121236162,0.7941423654556273,0.000 1.476 1.843 1.755 2.095 2.119 1.301 0.000
M6-b1,position_scan,11,4,900,0.45,0.2939453125,0.59033203125,0.21923828125,0.7770975430806478,0.3496938943862915,0.268 0.889 0.629 0.813
M6-b1,position_scan,11,6,900,0.45,0.001953125,0.38164062500000007,0.35904947916666663,1.0917817486657038,0.4913017868995667,0.283 1.111 1.387 1.069 0.943 0.949
M6-b1,position_scan,11,8,900,0.45,0.0,0.43031529017857134,0.328857421875,1.4332588513692222,0.64496648311615,0.396 1.045 1.897 1.786 1.487 1.249 1.585 0.984
M6-b1,position_scan,11,4,1800,0.45,0.134765625,0.5276692708333333,0.24560546875,0.73977823610659,0.3329002062479655,-0.174 0.498 0.665 1.056
M6-b1,position_scan,11,6,1800,0.45,0.005859375,0.3872395833333334,0.35807291666666663,0.9289362165662978,0.418021297454834,-0.308 0.577 0.876 1.023 1.064 1.105
M6-b1,position_scan,11,8,1800,0.45,0.0,0.41343470982142855,0.3431396484375,1.1775586150941393,0.5299013767923627,-0.367 0.149 1.007 1.171 1.341 1.500 1.965 1.109
M6-b1,position_scan,11,4,3600,0.45,0.13671875,0.5192057291666667,0.25341796875,0.8165572307727955,0.367450753847758,-0.147 0.648 0.739 1.062
M6-b1,position_scan,11,6,3600,0.45,0.0009765625,0.2997395833333334,0.42675781249999994,1.0407720141940646,0.4683474063873291,0.053 0.836 1.053 1.124 1.082 1.109
M6-b1,position_scan,11,8,3600,0.45,0.0,0.40094866071428564,0.3521728515625,1.2791992558373344,0.5756396651268005,0.462 1.073 1.243 1.460 1.536 1.607 0.925 1.111
M6-b1,position_scan,11,4,7200,0.45,0.8134765625,0.9025065104166666,0.0498046875,0.4951271304377802,0.2228072086970011,-0.243 0.578 0.397 0.511
M6-b1,position_scan,11,6,7200,0.45,0.0390625,0.43339843750000007,0.3264973958333333,0.952987723880344,0.4288444757461548,0.058 0.907 0.874 0.869 1.024 1.092
M6-b1,position_scan,11,8,7200,0.45,0.0,0.35644531249999994,0.3837890625,0.9831246875581288,0.44240610940115793,0.417 1.062 0.935 1.214 1.285 0.872 0.404 1.110
M6-b1,position_scan,11,4,14400,0.45,0.0361328125,0.31461588541666663,0.398681640625,0.922013035526982,0.4149058659871419,-0.340 1.009 0.668 1.088
M6-b1,position_scan,11,6,14400,0.45,0.0,0.23958333333333337,0.47998046874999994,1.0709293815824719,0.48191822171211235,-0.061 0.814 1.028 1.175 1.227 1.111
M6-b1,position_scan,11,8,14400,0.45,0.0,0.39655412946428564,0.3533935546875,1.193135106374347,0.5369107978684562,0.217 0.335 0.554 1.128 1.862 2.692 0.670 1.111
M6-b1,position_scan,11,4,28800,0.45,0.0009765625,0.2005208333333333,0.481689453125,1.0001048335322626,0.4500471750895182,-0.189 1.160 0.730 1.110
M6-b1,position_scan,11,6,28800,0.45,0.0,0.20878906250000007,0.5040690104166666,1.145000868373447,0.5152503907680511,0.036 0.983 1.179 1.191 1.261 1.111
M6-b1,position_scan,11,8,28800,0.45,0.0,0.5202287946428571,0.2677001953125,1.792836000048925,0.8067762000220162,0.389 1.957 1.250 1.290 1.942 2.791 2.209 1.111
M6-b1,position_scan,11,4,36000,0.45,0.09765625,0.4777018229166667,0.279052734375,0.7794324998502379,0.35074462493260705,-0.256 0.845 0.416 1.077
M6-b1,position_scan,11,6,36000,0.45,0.0,0.14537760416666667,0.5833333333333333,1.1205628448062472,0.5042532801628112,0.048 0.955 1.150 1.168 1.218 1.111
M6-b1,position_scan,11,8,36000,0.45,0.0,0.33816964285714285,0.3980712890625,1.314110301789783,0.5913496358054023,0.333 1.412 0.452 1.134 1.892 1.877 1.320 1.111
M6-b1,position_scan,22,4,900,0.45,0.2373046875,0.5445963541666666,0.247314453125,0.8293971750471326,0.37322872877120966,0.056 0.737 0.808 0.943
M6-b1,position_scan,22,6,900,0.45,0.001953125,0.38782552083333344,0.3553059895833333,1.100453350279066,0.49520400762557976,0.077 0.765 1.194 1.255 1.248 1.040
M6-b1,position_scan,22,8,900,0.45,0.0,0.45375279017857134,0.312255859375,1.3888875264970082,0.6249993869236538,0.101 0.467 1.352 1.528 1.625 1.757 1.926 1.067
M6-b1,position_scan,22,4,1800,0.45,0.1533203125,0.4910481770833333,0.27734375,0.8895718168329309,0.4003073175748189,0.154 0.816 0.839 1.014
M6-b1,position_scan,22,6,1800,0.45,0.0,0.29902343750000004,0.4275716145833333,1.1680554283989801,0.5256249427795411,0.138 1.082 1.244 1.271 1.143 1.101
M6-b1,position_scan,22,8,1800,0.45,0.0,0.4670410156249999,0.30419921875,1.4456766559964132,0.6505544951983859,0.171 1.045 1.590 1.704 1.687 1.651 1.334 1.108
M6-b1,position_scan,22,4,3600,0.45,0.119140625,0.5052083333333334,0.26171875,0.8379166656070286,0.3770624995231629,0.058 0.714 0.732 1.067
M6-b1,position_scan,22,6,3600,0.45,0.0,0.2483072916666667,0.4759114583333333,1.1027739180458918,0.4962482631206513,-0.068 0.985 1.166 1.165 1.089 1.109
M6-b1,position_scan,22,8,3600,0.45,0.0,0.4492536272321428,0.3167724609375,1.355055703057183,0.6097750663757324,-0.043 1.223 1.418 1.555 1.592 1.732 0.855 1.111
M6-b1,position_scan,22,4,7200,0.45,0.326171875,0.63525390625,0.189697265625,0.734508611537792,0.3305288751920064,-0.360 0.656 0.527 1.021
M6-b1,position_scan,22,6,7200,0.45,0.0,0.27167968750000004,0.45328776041666663,1.083083603117201,0.4873876214027405,0.012 0.866 1.099 1.134 1.207 1.109
M6-b1,position_scan,22,8,7200,0.45,0.0,0.4278390066964285,0.3299560546875,1.2845172579326325,0.5780327660696847,0.426 0.740 1.001 1.600 1.687 2.161 0.692 1.111
M6-b1,position_scan,22,4,14400,0.45,0.001953125,0.22167968749999994,0.462158203125,0.9087937849539297,0.4089572032292684,-0.364 1.081 0.543 1.103
M6-b1,position_scan,22,6,14400,0.45,0.0,0.2977864583333334,0.43033854166666663,1.1266904009713068,0.5070106804370881,-0.093 0.893 1.200 1.182 1.248 1.111
M6-b1,position_scan,22,8,14400,0.45,0.0,0.4515206473214285,0.3134765625,1.496849249279688,0.6735821621758596,0.201 1.652 1.111 1.424 1.797 2.661 0.722 1.111
M6-b1,position_scan,22,4,28800,0.45,0.0107421875,0.26578776041666663,0.42724609375,0.870924569942333,0.39191605647404987,-0.335 1.103 0.420 1.090
M6-b1,position_scan,22,6,28800,0.45,0.0,0.09075520833333334,0.6391601562499999,1.0939885907702975,0.4922948658466339,-0.045 0.917 1.131 1.143 1.167 1.111
M6-b1,position_scan,22,8,28800,0.45,0.0,0.3283342633928571,0.405029296875,1.3013229672870938,0.5855953352791923,0.264 1.772 1.183 1.157 1.855 1.554 0.478 1.111
M6-b1,position_scan,22,4,36000,0.45,0.0,0.20279947916666663,0.4736328125,0.9138523207770453,0.41123354434967035,-0.155 1.175 0.485 1.081
M6-b1,position_scan,22,6,36000,0.45,0.0,0.04791666666666666,0.7301432291666667,1.132820619477166,0.5097692787647247,0.084 1.095 1.215 1.166 1.078 1.111
M6-b1,position_scan,22,8,36000,0.45,0.0,0.5297154017857142,0.2589111328125,1.6422423483833435,0.7390090567725046,0.366 2.362 1.930 1.354 1.887 2.472 0.379 1.111
M6-b1,position_scan,33,4,900,0.45,0.087890625,0.44645182291666674,0.304443359375,0.9513194031185574,0.4280937314033509,0.258 1.071 0.948 0.835
M6-b1,position_scan,33,6,900,0.45,0.0,0.4230468750000001,0.32975260416666663,1.3288874758614435,0.5979993641376496,0.234 1.162 1.622 1.473 1.408 0.979
M6-b1,position_scan,33,8,900,0.45,0.0,0.5177525111607143,0.2698974609375,1.710740952264695,0.7698334285191127,0.321 0.953 1.992 2.090 1.987 1.961 1.967 1.025
M6-b1,position_scan,33,4,1800,0.45,0.5478515625,0.7548828125,0.12744140625,0.6625569308245624,0.29815061887105304,0.089 0.555 0.598 0.835
M6-b1,position_scan,33,6,1800,0.45,0.009765625,0.3934895833333334,0.35367838541666663,0.9190983904732597,0.41359427571296686,-0.004 0.797 0.860 0.908 0.942 1.088
M6-b1,position_scan,33,8,1800,0.45,0.0,0.36481584821428564,0.379150390625,1.1283763438936263,0.5077693547521318,0.051 0.839 1.117 1.165 1.178 1.290 1.204 1.105
M6-b1,position_scan,33,4,3600,0.45,0.5322265625,0.736328125,0.139404296875,0.7732416523827448,0.34795874357223516,-0.147 0.742 0.756 0.822
M6-b1,position_scan,33,6,3600,0.45,0.0,0.2950520833333334,0.43440755208333326,1.1241463952594333,0.505865877866745,-0.123 0.969 1.181 1.197 1.173 1.101
M6-b1,position_scan,33,8,3600,0.45,0.0,0.4785853794642856,0.296630859375,1.4258654912312825,0.6416394710540771,0.139 1.313 1.371 1.633 1.656 1.651 1.247 1.110
M6-b1,position_scan,33,4,7200,0.45,0.52734375,0.7379557291666667,0.1376953125,0.7186592508245399,0.32339666287104296,0.170 0.951 0.523 0.681
M6-b1,position_scan,33,6,7200,0.45,0.0,0.21282552083333334,0.5130208333333333,1.0893953773710463,0.49022791981697084,0.049 0.998 1.173 1.096 1.074 1.106
M6-b1,position_scan,33,8,7200,0.45,0.0,0.4152134486607142,0.33837890625,1.4262598658364916,0.6418169396264212,0.439 2.238 1.471 1.581 1.603 1.476 0.504 1.111
M6-b1,position_scan,33,4,14400,0.45,0.025390625,0.3134765625,0.3955078125,0.847584848050718,0.3814131816228231,-0.302 1.044 0.399 1.099
M6-b1,position_scan,33,6,14400,0.45,0.0,0.09036458333333333,0.6487630208333333,1.0820016596052382,0.4869007468223572,0.123 1.048 1.149 1.123 0.978 1.111
M6-b1,position_scan,33,8,14400,0.45,0.0,0.36464146205357134,0.3782958984375,1.2844606808253698,0.5780073063714164,0.555 1.025 0.755 1.189 1.860 2.393 0.658 1.111
M6-b1,position_scan,33,4,28800,0.45,0.0478515625,0.40738932291666674,0.326171875,0.8277258608076307,0.3724766373634338,-0.315 0.929 0.470 1.083
M6-b1,position_scan,33,6,28800,0.45,0.0,0.13984375,0.5838216145833333,1.1277796162499323,0.5075008273124696,0.028 0.979 1.139 1.177 1.233 1.111
M6-b1,position_scan,33,8,28800,0.45,0.0,0.3516671316964285,0.383056640625,1.058855378438556,0.4764849202973502,0.362 -0.187 0.260 1.163 1.935 2.468 0.662 1.111
M6-b1,position_scan,33,4,36000,0.45,0.091796875,0.38557942708333337,0.347412109375,0.8552711981314199,0.384872039159139,-0.191 1.100 0.416 1.050
M6-b1,position_scan,33,6,36000,0.45,0.0,0.14153645833333334,0.5764973958333334,1.1120223734113908,0.5004100680351259,-0.023 0.928 1.147 1.159 1.216 1.111
M6-b1,position_scan,33,8,36000,0.45,0.0,0.3368443080357143,0.4000244140625,1.5115702341473292,0.6802066053662982,0.313 2.136 1.088 1.167 1.895 2.258 0.927 1.111
M6-b1,position_scan,44,4,900,0.45,0.361328125,0.630859375,0.197265625,0.6889884118680601,0.31004478534062707,0.214 0.644 0.567 0.856
M6-b1,position_scan,44,6,900,0.45,0.013671875,0.3964843750000001,0.3499348958333333,0.9292671018176607,0.41817019581794734,0.242 0.774 1.046 0.864 0.977 0.985
M6-b1,position_scan,44,8,900,0.45,0.0,0.4010532924107142,0.349609375,1.1985339247991167,0.5393402661596025,0.325 0.689 1.326 1.296 1.164 1.197 1.685 1.035
M6-b1,position_scan,44,4,1800,0.45,0.4794921875,0.71435546875,0.1494140625,0.779457136436745,0.3507557113965352,0.100 0.740 0.741 0.857
M6-b1,position_scan,44,6,1800,0.45,0.0009765625,0.3160807291666667,0.41357421875,1.0646272632810805,0.4790822684764862,-0.050 0.908 1.184 1.175 0.984 1.072
M6-b1,position_scan,44,8,1800,0.45,0.0,0.4306291852678571,0.3304443359375,1.3229533414992074,0.5953290036746434,-0.033 0.932 1.451 1.610 1.547 1.496 1.129 1.095
M6-b1,position_scan,44,4,3600,0.45,0.0087890625,0.39583333333333337,0.33251953125,0.8791422402417218,0.39561400810877484,-0.100 0.725 0.816 1.097
M6-b1,position_scan,44,6,3600,0.45,0.0,0.3228515625000001,0.40869140625,1.1267066134346857,0.5070179760456086,-0.005 0.937 1.124 1.189 1.273 1.111
M6-b1,position_scan,44,8,3600,0.45,0.0,0.4748883928571428,0.29931640625,1.5918335082039,0.716325078691755,0.338 1.390 1.399 1.540 1.575 1.827 2.300 1.111
M6-b1,position_scan,44,4,7200,0.45,0.1474609375,0.5372721354166666,0.24072265625,0.75126639118901,0.3380698760350545,-0.335 0.656 0.529 1.069
M6-b1,position_scan,44,6,7200,0.45,0.0009765625,0.30227864583333336,0.42154947916666663,0.9472069872750175,0.42624314427375787,-0.016 0.674 0.917 0.949 1.085 1.111
M6-b1,position_scan,44,8,7200,0.45,0.0,0.3463657924107143,0.3941650390625,1.1823220101613845,0.532044904572623,0.334 1.450 0.631 1.184 1.276 1.800 0.825 1.111
M6-b1,position_scan,44,4,14400,0.45,0.044921875,0.30908203125,0.399169921875,0.8864285769285979,0.3988928596178691,-0.353 1.095 0.457 1.108
M6-b1,position_scan,44,6,14400,0.45,0.0,0.1619140625,0.5675455729166666,1.1400964789920383,0.5130434155464172,0.014 1.018 1.154 1.185 1.233 1.111
M6-b1,position_scan,44,8,14400,0.45,0.0,0.3645717075892857,0.3807373046875,1.4123796659802632,0.6355708496911184,0.362 1.589 0.787 1.202 1.624 1.671 1.904 1.111
M6-b1,position_scan,44,4,28800,0.45,0.0146484375,0.2630208333333333,0.429931640625,0.8877863265849926,0.39950384696324664,-0.226 1.100 0.468 1.095
M6-b1,position_scan,44,6,28800,0.45,0.0,0.2819661458333334,0.43603515624999994,1.1121472650104098,0.5004662692546844,-0.071 0.819 1.159 1.249 1.223 1.111
M6-b1,position_scan,44,8,28800,0.45,0.0,0.4195382254464285,0.338134765625,1.6171783492678689,0.727730257170541,0.204 2.089 1.223 1.210 2.012 2.171 1.504 1.111
M6-b1,position_scan,44,4,36000,0.45,0.0107421875,0.2815755208333333,0.41650390625,0.8976586659749349,0.4039463996887207,-0.298 1.137 0.507 1.049
M6-b1,position_scan,44,6,36000,0.45,0.0,0.1949869791666667,0.5120442708333334,1.1155478689405656,0.5019965410232545,-0.053 0.900 1.141 1.181 1.244 1.111
M6-b1,position_scan,44,8,36000,0.45,0.0,0.4518345424107142,0.314208984375,1.611895863972013,0.7253531387874058,0.190 1.790 1.170 1.203 1.959 2.428 1.622 1.111
M6-b1,position_scan,55,4,900,0.45,0.5009765625,0.7288411458333334,0.14111328125,0.6404953091232866,0.28822288910547894,0.146 0.714 0.547 0.660
M6-b1,position_scan,55,6,900,0.45,0.025390625,0.44153645833333344,0.3191731770833333,0.8925093544854057,0.40162920951843256,0.182 0.879 1.107 0.859 0.711 0.906
M6-b1,position_scan,55,8,900,0.45,0.0009765625,0.40924944196428564,0.3446044921875,1.0943559616331069,0.4924601827348981,0.245 0.613 1.432 1.421 1.182 1.047 0.990 0.976
M6-b1,position_scan,55,4,1800,0.45,0.2490234375,0.5797526041666667,0.221923828125,0.7918805104714853,0.3563462297121684,-0.196 0.663 0.691 1.022
M6-b1,position_scan,55,6,1800,0.45,0.0,0.3315755208333334,0.4007161458333333,1.025716755125258,0.4615725398063661,-0.263 0.836 1.075 1.043 1.071 1.103
M6-b1,position_scan,55,8,1800,0.45,0.0,0.4148646763392857,0.3409423828125,1.2157181709531755,0.547073176928929,-0.216 0.274 1.339 1.394 1.384 1.470 1.539 1.109
M6-b1,position_scan,55,4,3600,0.45,0.23046875,0.5476888020833333,0.243896484375,0.8727548299012361,0.39273967345555627,0.059 0.882 0.749 0.987
M6-b1,position_scan,55,6,3600,0.45,0.0,0.3038411458333334,0.42106119791666663,1.1958218150668674,0.5381198167800904,0.235 1.246 1.429 1.240 0.959 1.106
M6-b1,position_scan,55,8,3600,0.45,0.0,0.4870605468749999,0.2880859375,1.5459863344828286,0.695693850517273,0.564 1.815 1.818 1.895 1.746 1.550 0.888 1.110
M6-b1,position_scan,55,4,7200,0.45,0.0,0.3059895833333333,0.404052734375,1.0262142287360296,0.4617964029312133,-0.295 0.939 1.031 1.109
M6-b1,position_scan,55,6,7200,0.45,0.0,0.5307942708333335,0.2542317708333333,1.2715817027621799,0.572211766242981,0.014 0.905 1.367 1.551 1.424 1.111
M6-b1,position_scan,55,8,7200,0.45,0.0,0.543212890625,0.251953125,1.7434669108617875,0.7845601098878044,0.315 0.626 1.231 1.903 2.128 2.611 2.594 1.111
M6-b1,position_scan,55,4,14400,0.45,0.0126953125,0.41585286458333337,0.31787109375,0.7846392967082836,0.3530876835187276,-0.321 0.645 0.606 1.103
M6-b1,position_scan,55,6,14400,0.45,0.0,0.1674479166666667,0.5533854166666666,1.1546831263436212,0.5196074068546296,0.042 1.035 1.146 1.205 1.278 1.111
M6-b1,position_scan,55,8,14400,0.45,0.0,0.3949148995535714,0.3544921875,1.1583056525578574,0.5212375436510359,0.411 -0.577 0.325 1.168 1.931 2.519 1.631 1.111
M6-b1,position_scan,55,4,28800,0.45,0.009765625,0.3849283854166667,0.337890625,0.8168510595957438,0.3675829768180847,-0.319 0.946 0.394 1.111
M6-b1,position_scan,55,6,28800,0.45,0.0,0.09973958333333333,0.62744140625,1.0574572616153293,0.4758557677268982,-0.070 0.869 1.132 1.096 1.079 1.111
M6-b1,position_scan,55,8,28800,0.45,0.0,0.3734654017857142,0.370361328125,1.6409378581576877,0.7384220361709595,0.240 2.106 1.449 1.142 1.792 1.965 1.922 1.111
M6-b1,position_scan,55,4,36000,0.45,0.3857421875,0.6396484375,0.193603515625,0.7563889909673621,0.340375045935313,-0.356 0.908 0.393 0.969
M6-b1,position_scan,55,6,36000,0.45,0.0,0.13958333333333334,0.5812174479166666,1.0946239365471733,0.49258077144622797,-0.067 0.827 1.136 1.194 1.205 1.111
M6-b1,position_scan,55,8,36000,0.45,0.0,0.29910714285714285,0.4290771484375,0.9957571067507305,0.44809069803782875,0.241 0.458 0.568 1.130 1.958 1.066 0.680 1.111
M6-b1,position_scan,66,4,900,0.45,0.3056640625,0.60791015625,0.206787109375,0.7540101916701705,0.3393045862515767,0.043 0.600 0.796 0.866
M6-b1,position_scan,66,6,900,0.45,0.00390625,0.4222656250000001,0.32877604166666663,0.9869531922870213,0.4441289365291596,0.013 0.494 1.057 1.199 1.208 0.977
M6-b1,position_scan,66,8,900,0.45,0.0,0.46191406249999994,0.3067626953125,1.294645108873882,0.5825902989932469,0.035 0.326 1.070 1.499 1.690 1.601 1.857 1.019
M6-b1,position_scan,66,4,1800,0.45,0.173828125,0.5393880208333334,0.242431640625,0.7733035970617222,0.34798661867777503,0.043 0.553 0.735 1.031
M6-b1,position_scan,66,6,1800,0.45,0.0,0.36796875000000007,0.373046875,0.9977654748492771,0.4489944636821747,0.004 0.614 0.952 1.134 1.188 1.102
M6-b1,position_scan,66,8,1800,0.45,0.0,0.4628557477678571,0.3060302734375,1.2848807516552154,0.578196338244847,0.055 0.328 1.124 1.348 1.503 1.660 1.923 1.108
M6-b1,position_scan,66,4,3600,0.45,0.076171875,0.48665364583333337,0.269775390625,0.7802460370240388,0.3511107166608175,-0.124 0.524 0.743 1.074
M6-b1,position_scan,66,6,3600,0.45,0.0,0.34746093750000007,0.38753255208333326,0.9734532170825535,0.43805394768714906,-0.230 0.570 0.891 1.119 1.178 1.110
M6-b1,position_scan,66,8,3600,0.45,0.0,0.4428013392857142,0.322021484375,1.2155092519427104,0.5469791633742197,-0.209 0.497 0.944 1.263 1.527 1.895 1.270 1.111
M6-b1,position_scan,66,4,7200,0.45,0.111328125,0.5234375,0.24658203125,0.7693597122474953,0.3462118705113729,-0.332 0.632 0.597 1.079
M6-b1,position_scan,66,6,7200,0.45,0.0,0.3096354166666667,0.42024739583333337,1.102591011259291,0.49616595506668093,-0.019 0.938 1.067 1.105 1.291 1.111
M6-b1,position_scan,66,8,7200,0.45,0.0,0.3922991071428571,0.35595703125,1.2129223725152394,0.5458150676318577,0.344 1.047 1.071 1.524 1.557 1.482 0.698 1.111
M6-b1,position_scan,66,4,14400,0.45,0.146484375,0.5234375,0.2509765625,0.8066889974806045,0.36301004886627203,-0.315 0.906 0.432 1.082
M6-b1,position_scan,66,6,14400,0.45,0.0,0.23606770833333338,0.4832356770833333,1.0265445444318981,0.4619450449943542,0.063 0.943 1.061 1.046 0.972 1.111
M6-b1,position_scan,66,8,14400,0.45,0.0,0.35239955357142855,0.3865966796875,1.0598356950850714,0.47692606278828215,0.442 0.803 0.659 1.192 1.597 1.766 0.290 1.111
M6-b1,position_scan,66,4,28800,0.45,0.365234375,0.6311848958333334,0.197509765625,0.7597242461310492,0.3418759107589721,-0.350 0.859 0.417 1.003
M6-b1,position_scan,66,6,28800,0.45,0.0,0.10052083333333332,0.634765625,1.0890911950005426,0.4900910377502442,0.068 0.891 1.132 1.155 1.156 1.111
M6-b1,position_scan,66,8,28800,0.45,0.0,0.33115931919642855,0.40087890625,0.9047074166555252,0.4071183374949864,0.498 -0.122 0.479 1.174 1.858 1.362 0.472 1.111
M6-b1,position_scan,66,4,36000,0.45,0.00390625,0.24999999999999997,0.438232421875,0.8772369225819906,0.39475661516189575,-0.280 1.083 0.448 1.101
M6-b1,position_scan,66,6,36000,0.45,0.0,0.2067057291666667,0.49951171875,1.1231976879967582,0.5054389595985412,0.074 0.941 1.127 1.177 1.260 1.111
M6-b1,position_scan,66,8,36000,0.45,0.0,0.38671874999999994,0.3609619140625,1.4234661299084859,0.6405597584588186,0.410 1.280 0.861 1.172 1.925 2.330 1.286 1.111
M6-b1,position_scan,77,4,900,0.45,0.4013671875,0.6580403645833333,0.18212890625,0.713444330074169,0.32104994853337604,0.049 0.705 0.581 0.854
M6-b1,position_scan,77,6,900,0.45,0.0068359375,0.40019531250000007,0.34537760416666663,0.9651771518919204,0.4343297183513642,0.031 0.804 1.116 0.983 0.919 1.004
M6-b1,position_scan,77,8,900,0.45,0.0,0.4144461495535714,0.340087890625,1.2097857301197354,0.544403578553881,0.107 0.469 1.464 1.467 1.344 1.180 1.500 1.045
M6-b1,position_scan,77,4,1800,0.45,0.1103515625,0.49300130208333337,0.269287109375,0.822401488268817,0.37008066972096765,0.021 0.650 0.765 1.052
M6-b1,position_scan,77,6,1800,0.45,0.0,0.3296875,0.4036458333333333,1.0741175942950778,0.483352917432785,-0.042 0.833 1.076 1.216 1.139 1.106
M6-b1,position_scan,77,8,1800,0.45,0.0,0.44238281249999994,0.321044921875,1.3264256242721797,0.5968915309224809,0.017 0.728 1.308 1.455 1.542 1.650 1.493 1.109
M6-b1,position_scan,77,4,3600,0.45,0.068359375,0.45784505208333337,0.291748046875,0.9019731592248986,0.4058879216512044,0.096 0.795 0.835 1.075
M6-b1,position_scan,77,6,3600,0.45,0.0,0.3041666666666667,0.42447916666666663,1.1978993945651586,0.5390547275543214,0.063 1.138 1.239 1.291 1.212 1.109
M6-b1,position_scan,77,8,3600,0.45,0.0,0.5036969866071428,0.278564453125,1.5288883163815454,0.6879997423716955,0.200 1.571 1.593 1.680 1.697 1.777 1.274 1.111
M6-b1,position_scan,77,4,7200,0.45,0.41796875,0.6663411458333333,0.177734375,0.8075487172162091,0.3633969227472941,-0.039 0.926 0.584 0.913
M6-b1,position_scan,77,6,7200,0.45,0.0,0.13509114583333337,0.60205078125,1.1279061767790053,0.5075577795505524,0.125 1.095 1.187 1.120 1.127 1.110
M6-b1,position_scan,77,8,7200,0.45,0.0,0.4009835379464285,0.3486328125,1.4031816285754009,0.6314317328589304,0.549 2.307 1.079 1.501 1.577 1.708 0.540 1.111
M6-b1,position_scan,77,4,14400,0.45,0.0166015625,0.3310546875,0.380126953125,0.8568758434719509,0.38559412956237793,0.470 1.142 0.422 1.007
M6-b1,position_scan,77,6,14400,0.45,0.0,0.116796875,0.6160481770833333,1.1566486888461642,0.5204919099807739,0.239 1.091 1.187 1.115 1.279 1.111
M6-b1,position_scan,77,8,14400,0.45,0.0,0.4364188058035714,0.3236083984375,1.504294607374403,0.6769325733184813,0.696 2.485 2.012 1.244 1.713 1.157 0.808 1.111
M6-b1,position_scan,77,4,28800,0.45,0.029296875,0.4654947916666667,0.2802734375,0.7262307626229744,0.32680384318033845,-0.335 0.690 0.385 1.104
M6-b1,position_scan,77,6,28800,0.45,0.0,0.09062499999999998,0.6385091145833333,1.0733735693825615,0.4830181062221527,-0.021 0.857 1.164 1.117 1.117 1.111
M6-b1,position_scan,77,8,28800,0.45,0.0,0.4080287388392856,0.3433837890625,1.3776665263705783,0.6199499368667603,0.264 0.087 0.096 1.187 1.834 2.424 2.904 1.111
M6-b1,position_scan,77,4,36000,0.45,0.0166015625,0.24918619791666663,0.4462890625,1.0001381679817483,0.45006217559178674,0.023 1.103 0.792 1.106
M6-b1,position_scan,77,6,36000,0.45,0.0,0.3666015625000001,0.36246744791666663,1.1755693091286552,0.5290061891078949,0.017 0.849 1.134 1.248 1.536 1.111
M6-b1,position_scan,77,8,36000,0.45,0.0,0.4917340959821428,0.285888671875,1.868515166025313,0.8408318247113908,0.317 2.208 1.269 1.162 2.020 2.941 2.369 1.111
M6-b1,position_scan,88,4,900,0.45,0.357421875,0.6318359375,0.196533203125,0.7137163921638772,0.32117237647374475,0.268 0.743 0.654 0.744
M6-b1,position_scan,88,6,900,0.45,0.0029296875,0.3643229166666668,0.37353515625,1.014986647499932,0.45674399137496946,0.376 0.805 1.197 1.066 1.033 0.974
M6-b1,position_scan,88,8,900,0.45,0.0,0.4357910156249999,0.325439453125,1.303035550647312,0.5863659977912904,0.541 0.662 1.395 1.580 1.556 1.454 1.457 1.018
M6-b1,position_scan,88,4,1800,0.45,0.0771484375,0.396484375,0.342529296875,0.9450850221845838,0.4252882599830627,0.113 0.879 0.903 1.054
M6-b1,position_scan,88,6,1800,0.45,0.0,0.3673177083333334,0.37109375,1.249526990784539,0.5622871458530425,0.012 1.084 1.359 1.357 1.342 1.106
M6-b1,position_scan,88,8,1800,0.45,0.0,0.5348772321428572,0.2579345703125,1.5951109689379497,0.7177999360220774,0.050 0.797 1.816 1.816 1.823 1.893 1.910 1.109
M6-b1,position_scan,88,4,3600,0.45,0.1279296875,0.44921875,0.30810546875,0.9436454596342864,0.4246404568354289,-0.022 0.894 0.905 1.032
M6-b1,position_scan,88,6,3600,0.45,0.0,0.34361979166666673,0.39127604166666663,1.2556557787789238,0.5650451004505157,0.023 1.168 1.403 1.422 1.179 1.107
M6-b1,position_scan,88,8,3600,0.45,0.0,0.5406668526785714,0.2532958984375,1.5800561602153473,0.7110252720969064,0.372 1.291 1.663 1.903 1.934 1.875 1.283 1.110
M6-b1,position_scan,88,4,7200,0.45,0.5634765625,0.7705078125,0.117431640625,0.565395575982553,0.25442800919214886,-0.332 0.389 0.433 0.875
M6-b1,position_scan,88,6,7200,0.45,0.0,0.4759765625000001,0.2919921875,0.927809410625034,0.4175142347812653,0.030 0.754 0.702 0.851 1.224 1.108
M6-b1,position_scan,88,8,7200,0.45,0.0,0.36973353794642855,0.374755859375,0.9181471854921371,0.4131662334714617,0.395 0.320 0.587 1.014 1.213 1.501 0.681 1.111
M6-b1,position_scan,88,4,14400,0.45,0.0078125,0.40478515625,0.32373046875,0.8886829128971806,0.39990731080373126,0.191 0.958 0.600 1.108
M6-b1,position_scan,88,6,14400,0.45,0.0,0.2104166666666667,0.501953125,1.054901811811659,0.4747058153152466,-0.191 0.706 1.057 1.266 1.134 1.111
M6-b1,position_scan,88,8,14400,0.45,0.0,0.42885044642857134,0.3304443359375,1.6886048468332444,0.75987218107496,0.074 1.606 1.062 1.168 1.913 2.446 2.515 1.111
M6-b1,position_scan,88,4,28800,0.45,0.0029296875,0.23079427083333326,0.4541015625,0.8486024538675944,0.3818711042404175,0.254 1.089 0.382 1.075
M6-b1,position_scan,88,6,28800,0.45,0.0,0.07389322916666666,0.68505859375,1.0662354363335504,0.4798059463500977,-0.054 1.002 1.088 1.078 1.053 1.111
M6-b1,position_scan,88,8,28800,0.45,0.0,0.4695870535714285,0.30029296875,1.6484589046902127,0.7418065071105957,0.247 2.227 2.140 1.190 1.758 2.103 1.010 1.111
M6-b1,position_scan,88,4,36000,0.45,0.0,0.18766276041666663,0.48486328125,0.9132932733606408,0.4109819730122884,-0.257 1.123 0.560 1.057
M6-b1,position_scan,88,6,36000,0.45,0.0,0.0677734375,0.693359375,1.1124349567625258,0.5005957305431367,0.107 1.000 1.142 1.197 1.111 1.111
M6-b1,position_scan,88,8,36000,0.45,0.0,0.5532575334821428,0.24658203125,1.7853951454162595,0.8034278154373168,0.453 2.334 1.862 1.310 1.952 2.372 1.558 1.111
M6-b1,phase_scan,11,4,900,0.45,0.6962890625,0.8455403645833334,0.07763671875,0.35652540348194267,0.1604364315668742,-0.092 0.430 0.430 0.209
M6-b1,phase_scan,11,6,900,0.45,0.2412109375,0.6643880208333334,0.17952473958333331,0.4935029082828096,0.22207630872726433,0.056 0.364 0.721 0.720 0.563 0.100
M6-b1,phase_scan,11,8,900,0.45,0.0107421875,0.5091029575892857,0.27587890625,0.582165282870096,0.26197437729154316,0.306 -0.027 0.700 0.966 0.983 0.955 0.598 -0.100
M6-b1,phase_scan,11,4,1800,0.45,0.8310546875,0.91259765625,0.04443359375,0.209165855690285,0.09412463506062825,-0.314 0.253 0.148 0.227
M6-b1,phase_scan,11,6,1800,0.45,0.650390625,0.8655598958333334,0.0693359375,0.2765574587715995,0.12445085644721977,-0.140 0.160 0.376 0.317 0.310 0.220
M6-b1,phase_scan,11,8,1800,0.45,0.2353515625,0.7225516183035714,0.1478271484375,0.18423356707133945,0.08290510518210276,0.125 -0.397 0.169 0.459 0.381 0.378 0.195 0.104
M6-b1,phase_scan,11,4,3600,0.45,0.6669921875,0.8279622395833334,0.08740234375,0.6325912917101825,0.2846660812695821,-0.294 0.835 0.563 0.500
M6-b1,phase_scan,11,6,3600,0.45,0.3466796875,0.7427734374999999,0.13362630208333331,0.635490232043796,0.2859706044197082,-0.043 0.522 0.785 0.862 0.679 0.330
M6-b1,phase_scan,11,8,3600,0.45,0.0,0.5236467633928571,0.263916015625,1.0364823871188693,0.4664170742034912,0.297 0.624 0.872 0.858 1.405 1.733 1.632 0.131
M6-b1,phase_scan,11,4,7200,0.45,0.85546875,0.9261067708333333,0.037353515625,0.4170679604565655,0.1876805822054545,-0.342 0.654 0.146 0.451
M6-b1,phase_scan,11,6,7200,0.45,0.76953125,0.9190104166666666,0.041015625,0.4935219420327079,0.22208487391471854,-0.013 0.371 0.613 0.716 0.535 0.232
M6-b1,phase_scan,11,8,7200,0.45,0.0048828125,0.570068359375,0.2337646484375,0.5620952447255452,0.25294286012649536,0.343 0.586 -0.231 0.490 1.289 1.504 0.351 -0.054
M6-b1,phase_scan,11,4,14400,0.45,0.88671875,0.9430338541666667,0.028564453125,0.4742076661851671,0.2133934497833252,-0.376 0.842 0.210 0.371
M6-b1,phase_scan,11,6,14400,0.45,0.8349609375,0.94296875,0.02880859375,0.5224101278516979,0.23508455753326407,-0.012 0.383 0.712 0.734 0.521 0.262
M6-b1,phase_scan,11,8,14400,0.45,0.0,0.5417829241071428,0.250244140625,0.7314709254673549,0.32916191646030973,0.361 1.062 0.590 0.613 1.334 1.641 -0.105 -0.016
M6-b1,phase_scan,11,4,28800,0.45,0.9296875,0.9651692708333334,0.017333984375,0.35112354490492076,0.15800559520721436,-0.299 0.571 0.101 0.382
M6-b1,phase_scan,11,6,28800,0.45,0.919921875,0.9717447916666666,0.014322916666666664,0.5315439436170788,0.23919477462768546,0.053 0.463 0.623 0.709 0.592 0.270
M6-b1,phase_scan,11,8,28800,0.45,0.009765625,0.6703404017857143,0.1719970703125,0.2614232282789926,0.11764045272554668,0.427 -0.580 -0.466 0.483 1.305 1.304 -0.211 -0.006
M6-b1,phase_scan,11,4,36000,0.45,0.9697265625,0.98583984375,0.0068359375,0.3742193734204327,0.16839871803919473,-0.367 0.541 0.117 0.465
M6-b1,phase_scan,11,6,36000,0.45,0.94921875,0.9843098958333334,0.007649739583333333,0.523152920934889,0.23541881442070003,-0.001 0.413 0.640 0.710 0.573 0.279
M6-b1,phase_scan,11,8,36000,0.45,0.0322265625,0.6858956473214286,0.1634521484375,0.16094037464686803,0.07242316859109062,0.366 -0.525 -0.296 0.506 1.304 0.232 -0.089 -0.006
M6-b1,phase_scan,22,4,900,0.45,0.6787109375,0.8323567708333333,0.08544921875,0.42588988939921063,0.19165045022964478,-0.193 0.498 0.518 0.262
M6-b1,phase_scan,22,6,900,0.45,0.1552734375,0.6293619791666667,0.19759114583333331,0.5709836218092176,0.2569426298141479,-0.081 0.399 0.817 0.899 0.551 0.190
M6-b1,phase_scan,22,8,900,0.45,0.001953125,0.4848981584821428,0.2906494140625,0.6889837696438745,0.3100426963397436,0.130 -0.008 0.699 1.101 1.242 1.051 0.734 0.004
M6-b1,phase_scan,22,4,1800,0.45,0.7734375,0.8850911458333334,0.057861328125,0.4168508229432282,0.1875828703244527,0.060 0.516 0.411 0.324
M6-b1,phase_scan,22,6,1800,0.45,0.439453125,0.7807291666666666,0.11393229166666666,0.5581044091118705,0.25114698410034175,0.139 0.574 0.691 0.703 0.574 0.249
M6-b1,phase_scan,22,8,1800,0.45,0.01171875,0.5017438616071428,0.280029296875,0.7453613054184688,0.335412587438311,0.379 1.059 0.824 0.870 0.933 0.911 0.534 0.088
M6-b1,phase_scan,22,4,3600,0.45,0.85546875,0.9261067708333334,0.037353515625,0.2997535687905771,0.13488910595575967,-0.286 0.385 0.184 0.330
M6-b1,phase_scan,22,6,3600,0.45,0.7724609375,0.9159505208333333,0.04296874999999999,0.5077657434675427,0.2284945845603942,-0.065 0.395 0.558 0.723 0.602 0.262
M6-b1,phase_scan,22,8,3600,0.45,0.0419921875,0.5689174107142857,0.23583984375,0.5778946195329938,0.2600525787898472,0.268 1.251 -0.229 0.434 1.076 1.041 0.373 0.099
M6-b1,phase_scan,22,4,7200,0.45,0.8955078125,0.94580078125,0.027587890625,0.41161762343512637,0.18522793054580686,-0.170 0.601 0.153 0.481
M6-b1,phase_scan,22,6,7200,0.45,0.814453125,0.937109375,0.03157552083333333,0.5194226238462659,0.23374018073081967,0.047 0.415 0.588 0.746 0.591 0.257
M6-b1,phase_scan,22,8,7200,0.45,0.005859375,0.5257045200892856,0.26123046875,0.7355488292754643,0.33099697317395893,0.406 1.608 -0.305 0.457 1.320 1.269 0.808 -0.009
M6-b1,phase_scan,22,4,14400,0.45,0.931640625,0.9671223958333333,0.01611328125,0.40483271634137186,0.18217472235361734,-0.383 0.722 0.121 0.371
M6-b1,phase_scan,22,6,14400,0.45,0.8779296875,0.9588541666666667,0.020670572916666668,0.5227599276436699,0.23524196743965145,-0.023 0.445 0.626 0.668 0.579 0.296
M6-b1,phase_scan,22,8,14400,0.45,0.0224609375,0.5876813616071429,0.22314453125,0.3473583289555141,0.15631124802998136,0.347 0.248 -0.404 0.477 1.228 1.022 -0.160 0.022
M6-b1,phase_scan,22,4,28800,0.45,0.9501953125,0.9754231770833334,0.01220703125,0.4716302730419018,0.2122336228688558,-0.258 0.738 0.124 0.552
M6-b1,phase_scan,22,6,28800,0.45,0.9072265625,0.96953125,0.01513671875,0.5167727205488415,0.23254772424697867,0.002 0.382 0.620 0.710 0.572 0.301
M6-b1,phase_scan,22,8,28800,0.45,0.0,0.5215541294642857,0.263427734375,0.7723999401879688,0.34757997308458594,0.363 1.442 0.123 0.462 1.291 1.421 0.641 0.026
M6-b1,phase_scan,22,4,36000,0.45,0.9404296875,0.9698893229166667,0.01513671875,0.46404913619712546,0.20882211128870645,-0.321 0.799 0.101 0.493
M6-b1,phase_scan,22,6,36000,0.45,0.923828125,0.9759114583333334,0.011881510416666666,0.5047380659315319,0.22713212966918936,-0.000 0.411 0.651 0.704 0.500 0.258
M6-b1,phase_scan,22,8,36000,0.45,0.0009765625,0.6205705915178572,0.202392578125,0.4998112670958988,0.22491507019315446,0.362 0.147 0.188 0.509 1.297 1.299 0.084 -0.025
M6-b1,phase_scan,33,4,900,0.45,0.560546875,0.7683919270833334,0.11865234375,0.4998970031738281,0.22495365142822266,0.155 0.717 0.572 0.210
M6-b1,phase_scan,33,6,900,0.45,0.056640625,0.5375651041666667,0.25325520833333337,0.6903364790810478,0.3106514155864715,0.192 0.701 1.082 0.938 0.623 0.107
M6-b1,phase_scan,33,8,900,0.45,0.0,0.4665527343749999,0.302734375,0.9340236868177143,0.42031065906797144,0.456 0.861 1.257 1.410 1.255 1.163 0.681 -0.089
M6-b1,phase_scan,33,4,1800,0.45,0.7724609375,0.8849283854166667,0.057861328125,0.3897468690518979,0.17538609107335407,-0.207 0.321 0.475 0.373
M6-b1,phase_scan,33,6,1800,0.45,0.4833984375,0.8018229166666666,0.1025390625,0.5192695193820527,0.23367128372192372,-0.018 0.357 0.478 0.680 0.767 0.315
M6-b1,phase_scan,33,8,1800,0.45,0.0205078125,0.541259765625,0.2542724609375,0.6752361380864703,0.30385626213891165,0.297 0.657 0.345 0.570 0.868 1.213 0.878 0.196
M6-b1,phase_scan,33,4,3600,0.45,0.7978515625,0.8966471354166666,0.05224609375,0.45879085858662916,0.20645588636398313,-0.353 0.530 0.378 0.468
M6-b1,phase_scan,33,6,3600,0.45,0.6455078125,0.8680989583333332,0.06770833333333333,0.48770182662539996,0.21946582198143,-0.051 0.228 0.574 0.756 0.591 0.289
M6-b1,phase_scan,33,8,3600,0.45,0.001953125,0.5472935267857142,0.2484130859375,0.6204262044694688,0.279191792011261,0.294 0.612 -0.371 0.484 1.323 1.373 0.878 0.044
M6-b1,phase_scan,33,4,7200,0.45,0.9072265625,0.9527994791666667,0.02392578125,0.3042566776275635,0.13691550493240356,-0.387 0.295 0.094 0.523
M6-b1,phase_scan,33,6,7200,0.45,0.78125,0.9214843749999999,0.0400390625,0.49296515517764605,0.22183431982994073,-0.022 0.383 0.654 0.648 0.508 0.272
M6-b1,phase_scan,33,8,7200,0.45,0.0234375,0.5323311941964285,0.260009765625,0.4145468795110308,0.18654609577996387,0.347 -0.310 -0.521 0.527 1.163 1.244 0.809 -0.010
M6-b1,phase_scan,33,4,14400,0.45,0.642578125,0.818359375,0.091552734375,0.7015492297984935,0.3156971534093221,-0.363 0.794 0.742 0.569
M6-b1,phase_scan,33,6,14400,0.45,0.4521484375,0.8080078124999999,0.09700520833333333,0.582711511188083,0.2622201800346373,-0.010 0.418 0.649 0.735 0.814 0.298
M6-b1,phase_scan,33,8,14400,0.45,0.0,0.5736607142857143,0.229248046875,1.0812617862035359,0.48656780379159115,0.363 1.445 0.053 0.580 1.350 1.909 2.206 0.025
M6-b1,phase_scan,33,4,28800,0.45,0.9521484375,0.97607421875,0.011962890625,0.3966361505013925,0.17848626772562662,-0.289 0.556 0.084 0.549
M6-b1,phase_scan,33,6,28800,0.45,0.916015625,0.9725260416666666,0.013671875,0.5144000980589123,0.23148004412651055,0.007 0.440 0.634 0.674 0.550 0.274
M6-b1,phase_scan,33,8,28800,0.45,0.00390625,0.4933733258928571,0.2825927734375,0.7949634203835139,0.35773353917258127,0.381 1.417 0.138 0.475 1.206 1.256 1.077 -0.005
M6-b1,phase_scan,33,4,36000,0.45,0.947265625,0.9736328125,0.01318359375,0.3843745920393202,0.1729685664176941,-0.274 0.554 0.136 0.463
M6-b1,phase_scan,33,6,36000,0.45,0.9287109375,0.9777994791666667,0.010904947916666666,0.5232502354515922,0.2354626059532165,0.002 0.428 0.658 0.686 0.564 0.280
M6-b1,phase_scan,33,8,36000,0.45,0.0068359375,0.572509765625,0.2305908203125,0.5756067094348725,0.2590230192456926,0.376 1.471 -0.296 0.508 1.271 1.404 -0.340 0.011
M6-b1,phase_scan,44,4,900,0.45,0.6474609375,0.8167317708333333,0.09326171875,0.3880661505239981,0.17462976773579916,0.128 0.590 0.440 0.134
M6-b1,phase_scan,44,6,900,0.45,0.1474609375,0.6205078125000001,0.20296223958333331,0.5671028428607515,0.2551962792873382,0.141 0.742 0.935 0.713 0.381 0.064
M6-b1,phase_scan,44,8,900,0.45,0.00390625,0.5091727120535714,0.275146484375,0.7175069952767992,0.32287814787455965,0.313 0.890 1.144 1.186 0.958 0.711 0.232 -0.098
M6-b1,phase_scan,44,4,1800,0.45,0.6767578125,0.8323567708333334,0.085205078125,0.5354347493913437,0.24094563722610468,-0.262 0.422 0.722 0.462
M6-b1,phase_scan,44,6,1800,0.45,0.15625,0.6306640625,0.19677734374999997,0.6505965921613903,0.29276846647262567,0.015 0.286 0.694 1.024 0.879 0.370
M6-b1,phase_scan,44,8,1800,0.45,0.0009765625,0.49822126116071425,0.2822265625,0.7922415127829899,0.3565086807523455,0.337 -0.112 0.422 0.907 1.324 1.530 1.239 0.236
M6-b1,phase_scan,44,4,3600,0.45,0.8251953125,0.91064453125,0.044921875,0.4370025352195457,0.19665114084879556,-0.296 0.678 0.241 0.392
M6-b1,phase_scan,44,6,3600,0.45,0.6865234375,0.8916666666666666,0.054361979166666664,0.5368482404285005,0.24158170819282526,-0.094 0.432 0.718 0.733 0.526 0.275
M6-b1,phase_scan,44,8,3600,0.45,0.01953125,0.5493512834821428,0.248291015625,0.5341295590476385,0.2403583015714373,0.232 0.705 0.067 0.651 1.150 0.905 0.220 0.040
M6-b1,phase_scan,44,4,7200,0.45,0.890625,0.9459635416666667,0.02685546875,0.4972102906968858,0.22374463081359863,-0.097 0.782 0.214 0.496
M6-b1,phase_scan,44,6,7200,0.45,0.78515625,0.9279296874999999,0.03597005208333333,0.5311456653806896,0.23901554942131034,0.089 0.373 0.698 0.780 0.566 0.238
M6-b1,phase_scan,44,8,7200,0.45,0.0009765625,0.49682617187499994,0.2801513671875,0.8419019456893679,0.3788558755602156,0.461 1.572 0.483 0.613 1.325 1.209 0.730 -0.039
M6-b1,phase_scan,44,4,14400,0.45,0.919921875,0.9602864583333334,0.019775390625,0.43524547859474466,0.1958604653676351,-0.276 0.649 0.112 0.545
M6-b1,phase_scan,44,6,14400,0.45,0.8564453125,0.9498697916666666,0.025390625,0.5201615227593315,0.23407268524169916,0.028 0.425 0.669 0.704 0.548 0.256
M6-b1,phase_scan,44,8,14400,0.45,0.0009765625,0.5330636160714285,0.256591796875,0.7676906812758675,0.34546080657414036,0.403 1.244 -0.075 0.557 1.297 1.614 0.770 -0.032
M6-b1,phase_scan,44,4,28800,0.45,0.939453125,0.9697265625,0.01513671875,0.4333912001715767,0.1950260400772095,-0.224 0.607 0.129 0.564
M6-b1,phase_scan,44,6,28800,0.45,0.9140625,0.9733723958333332,0.013020833333333332,0.5226971440845063,0.23521371483802783,0.011 0.418 0.669 0.700 0.541 0.285
M6-b1,phase_scan,44,8,28800,0.45,0.0029296875,0.5473981584821428,0.2479248046875,0.7724389197334409,0.34759751388004845,0.380 1.312 -0.514 0.517 1.298 1.423 1.366 0.006
M6-b1,phase_scan,44,4,36000,0.45,0.955078125,0.9775390625,0.01123046875,0.5110885037316216,0.22998982667922974,-0.355 0.814 0.185 0.535
M6-b1,phase_scan,44,6,36000,0.45,0.9130859375,0.9709635416666667,0.014485677083333332,0.5290560854805839,0.23807523846626277,0.001 0.432 0.670 0.699 0.573 0.272
M6-b1,phase_scan,44,8,36000,0.45,0.0,0.5908203125,0.219970703125,0.6036748961796837,0.2716537032808577,0.364 0.709 0.074 0.532 1.294 1.489 0.132 -0.004
M6-b1,phase_scan,55,4,900,0.45,0.7685546875,0.8797200520833334,0.06103515625,0.25528121877599647,0.11487654844919841,-0.127 0.350 0.293 0.122
M6-b1,phase_scan,55,6,900,0.45,0.4150390625,0.7533854166666667,0.13037109375,0.3566759559843274,0.16050418019294732,-0.032 0.297 0.589 0.563 0.304 0.030
M6-b1,phase_scan,55,8,900,0.45,0.046875,0.5830426897321428,0.2288818359375,0.41410654310196165,0.18634794439588276,0.155 -0.081 0.605 0.821 0.783 0.594 0.340 -0.163
M6-b1,phase_scan,55,4,1800,0.45,0.7880859375,0.8904622395833333,0.0556640625,0.37861258895308886,0.17037566502888998,-0.201 0.436 0.439 0.261
M6-b1,phase_scan,55,6,1800,0.45,0.4541015625,0.7916015624999999,0.10758463541666666,0.498408171865675,0.22428367733955376,-0.059 0.216 0.661 0.791 0.584 0.241
M6-b1,phase_scan,55,8,1800,0.45,0.015625,0.5499441964285714,0.249267578125,0.5438236963181269,0.2447206633431571,0.173 -0.256 0.459 0.839 1.139 0.993 0.506 0.126
M6-b1,phase_scan,55,4,3600,0.45,0.7841796875,0.8898111979166667,0.0556640625,0.4700867335001628,0.21153903007507324,-0.125 0.712 0.274 0.424
M6-b1,phase_scan,55,6,3600,0.45,0.6630859375,0.8770833333333332,0.06266276041666666,0.5909189913007947,0.2659135460853576,0.048 0.493 0.682 0.772 0.681 0.327
M6-b1,phase_scan,55,8,3600,0.45,0.0009765625,0.5523158482142856,0.2454833984375,0.7806501691303557,0.35129257610866005,0.399 0.722 0.416 0.622 1.321 1.487 0.786 0.111
M6-b1,phase_scan,55,4,7200,0.45,0.76953125,0.8798828125,0.061279296875,0.5563495335755525,0.25035729010899865,-0.340 0.852 0.309 0.508
M6-b1,phase_scan,55,6,7200,0.45,0.470703125,0.7967447916666666,0.10498046875,0.5867936346266004,0.2640571355819702,-0.020 0.489 0.848 0.743 0.548 0.306
M6-b1,phase_scan,55,8,7200,0.45,0.0,0.5411900111607143,0.2525634765625,1.1529658332703605,0.5188346249716622,0.340 1.346 2.302 1.190 1.323 1.476 0.401 0.033
M6-b1,phase_scan,55,4,14400,0.45,0.900390625,0.9505208333333334,0.024658203125,0.4225939733010751,0.1901672879854838,-0.324 0.744 0.113 0.411
M6-b1,phase_scan,55,6,14400,0.45,0.861328125,0.9563802083333334,0.021484375,0.4894228908750744,0.2202403008937835,0.042 0.372 0.600 0.710 0.531 0.235
M6-b1,phase_scan,55,8,14400,0.45,0.0009765625,0.5689522879464286,0.232666015625,0.6814176695687431,0.3066379513059344,0.417 1.398 -0.054 0.460 1.295 1.573 0.148 -0.050
M6-b1,phase_scan,55,4,28800,0.45,0.9453125,0.9729817708333334,0.013427734375,0.3617829746670193,0.1628023386001587,-0.353 0.550 0.087 0.449
M6-b1,phase_scan,55,6,28800,0.45,0.9228515625,0.9766276041666666,0.011393229166666666,0.5071342123879325,0.22821039557456965,0.011 0.381 0.594 0.679 0.584 0.297
M6-b1,phase_scan,55,8,28800,0.45,0.005859375,0.5330984933035714,0.2562255859375,0.6179232445974199,0.278065460068839,0.384 1.558 -0.031 0.447 1.213 0.998 0.108 0.032
M6-b1,phase_scan,55,4,36000,0.45,0.904296875,0.9514973958333334,0.0244140625,0.4321475382204409,0.1944663921991984,0.225 0.852 0.126 0.319
M6-b1,phase_scan,55,6,36000,0.45,0.7685546875,0.9162760416666667,0.042643229166666664,0.5320710870954724,0.23943198919296257,0.033 0.602 0.743 0.719 0.302 0.294
M6-b1,phase_scan,55,8,36000,0.45,0.0,0.5548618861607143,0.2410888671875,0.8095075213719928,0.36427838461739676,0.408 1.598 2.771 0.651 1.297 -0.262 -0.441 0.052
M6-b1,phase_scan,66,4,900,0.45,0.6953125,0.8430989583333333,0.079833984375,0.32589682826289423,0.1466535727183024,-0.153 0.409 0.368 0.201
M6-b1,phase_scan,66,6,900,0.45,0.2880859375,0.6971354166666666,0.16015625,0.4529094033771089,0.203809231519699,-0.034 0.329 0.671 0.593 0.539 0.134
M6-b1,phase_scan,66,8,900,0.45,0.0322265625,0.5397251674107142,0.2562255859375,0.5241350332895915,0.2358607649803162,0.206 -0.060 0.692 0.858 0.803 0.816 0.616 -0.056
M6-b1,phase_scan,66,4,1800,0.45,0.8046875,0.9007161458333334,0.050048828125,0.33386208392955635,0.15023793776830036,-0.121 0.422 0.373 0.207
M6-b1,phase_scan,66,6,1800,0.45,0.4970703125,0.8087239583333333,0.09879557291666666,0.4473694298002454,0.20131624341011045,0.025 0.386 0.612 0.634 0.394 0.211
M6-b1,phase_scan,66,8,1800,0.45,0.0693359375,0.5984235491071428,0.2200927734375,0.5245008355095273,0.2360253759792873,0.306 0.359 0.636 0.764 0.831 0.704 0.273 0.105
M6-b1,phase_scan,66,4,3600,0.45,0.8671875,0.9353841145833334,0.03173828125,0.3163972607365361,0.14237876733144125,-0.252 0.332 0.215 0.402
M6-b1,phase_scan,66,6,3600,0.45,0.716796875,0.8981770833333332,0.05175781249999999,0.40182321601443804,0.18082044720649712,0.053 0.181 0.345 0.601 0.612 0.271
M6-b1,phase_scan,66,8,3600,0.45,0.0810546875,0.6129324776785714,0.21044921875,0.40990950569273926,0.18445927756173267,0.406 0.603 -0.351 0.165 0.852 0.956 0.561 0.083
M6-b1,phase_scan,66,4,7200,0.45,0.86328125,0.9313151041666667,0.034423828125,0.2689092247574417,0.12100915114084877,-0.231 0.308 0.097 0.402
M6-b1,phase_scan,66,6,7200,0.45,0.8212890625,0.9396484375,0.030273437499999997,0.4700701369179618,0.2115315616130828,0.082 0.424 0.552 0.636 0.525 0.214
M6-b1,phase_scan,66,8,7200,0.45,0.0634765625,0.596923828125,0.219482421875,0.42133626483735587,0.18960131917681014,0.469 1.242 -0.386 0.411 1.086 0.833 -0.154 -0.083
M6-b1,phase_scan,66,4,14400,0.45,0.904296875,0.953125,0.023193359375,0.3777450102346915,0.16998525460561117,-0.353 0.574 0.210 0.349
M6-b1,phase_scan,66,6,14400,0.45,0.833984375,0.9466796874999999,0.02620442708333333,0.5087151262495252,0.22892180681228635,0.014 0.390 0.646 0.726 0.549 0.233
M6-b1,phase_scan,66,8,14400,0.45,0.00390625,0.5801478794642857,0.226318359375,0.5690076237633115,0.2560534306934902,0.384 0.703 -0.493 0.490 1.327 1.622 0.386 -0.053
M6-b1,phase_scan,66,4,28800,0.45,0.923828125,0.9612630208333334,0.01953125,0.5086277590857612,0.22888249158859253,-0.076 0.817 0.297 0.412
M6-b1,phase_scan,66,6,28800,0.45,0.9013671875,0.9673828124999999,0.016276041666666664,0.516262266370985,0.23231801986694328,0.005 0.437 0.663 0.715 0.543 0.224
M6-b1,phase_scan,66,8,28800,0.45,0.0,0.5411551339285714,0.2486572265625,0.8763121044824994,0.39434044701712473,0.368 1.522 0.452 0.511 1.305 1.736 0.669 -0.061
M6-b1,phase_scan,66,4,36000,0.45,0.9619140625,0.9816080729166666,0.009033203125,0.3887748276745831,0.1749486724535624,-0.368 0.728 0.111 0.328
M6-b1,phase_scan,66,6,36000,0.45,0.9482421875,0.9817057291666667,0.00927734375,0.5141433212492199,0.23136449456214897,0.007 0.400 0.678 0.713 0.525 0.255
M6-b1,phase_scan,66,8,36000,0.45,0.0009765625,0.634033203125,0.1929931640625,0.2946881642417302,0.1326096739087786,0.383 -0.355 -0.538 0.548 1.306 1.370 -0.239 -0.030
M6-b1,phase_scan,77,4,900,0.45,0.755859375,0.87548828125,0.062744140625,0.3066464265187581,0.13799089193344116,-0.150 0.291 0.346 0.283
M6-b1,phase_scan,77,6,900,0.45,0.3974609375,0.7521484374999999,0.13004557291666669,0.37949376636081256,0.17077219486236567,-0.022 0.210 0.482 0.517 0.520 0.168
M6-b1,phase_scan,77,8,900,0.45,0.0400390625,0.5587681361607142,0.2445068359375,0.4278769758012559,0.19254463911056516,0.215 -0.230 0.492 0.648 0.733 0.812 0.597 -0.057
M6-b1,phase_scan,77,4,1800,0.45,0.8134765625,0.9060872395833333,0.046875,0.33463946095219366,0.15058775742848715,-0.253 0.358 0.331 0.315
M6-b1,phase_scan,77,6,1800,0.45,0.56640625,0.8324869791666667,0.08658854166666666,0.39905918969048376,0.1795766353607177,-0.021 0.267 0.491 0.592 0.503 0.142
M6-b1,phase_scan,77,8,1800,0.45,0.0986328125,0.6320452008928572,0.199462890625,0.4131226312546503,0.18590518406459264,0.277 0.018 0.381 0.609 0.785 0.784 0.436 -0.122
M6-b1,phase_scan,77,4,3600,0.45,0.814453125,0.9080403645833334,0.045654296875,0.3369004638106734,0.15160520871480304,-0.387 0.351 0.213 0.447
M6-b1,phase_scan,77,6,3600,0.45,0.6240234375,0.8598307291666667,0.07210286458333333,0.5465573999616833,0.2459508299827575,-0.047 0.348 0.652 0.748 0.648 0.337
M6-b1,phase_scan,77,8,3600,0.45,0.009765625,0.5577218191964286,0.2420654296875,0.4696007569630941,0.21132034063339236,0.296 -0.529 -0.210 0.593 1.238 1.458 0.628 0.110
M6-b1,phase_scan,77,4,7200,0.45,0.8388671875,0.9200846354166666,0.039794921875,0.4804122889483417,0.21618553002675378,-0.221 0.798 0.184 0.460
M6-b1,phase_scan,77,6,7200,0.45,0.748046875,0.9140625,0.04296875,0.5300468736224703,0.23852109313011163,-0.023 0.390 0.741 0.757 0.533 0.230
M6-b1,phase_scan,77,8,7200,0.45,0.0,0.5341448102678571,0.2545166015625,0.8115288567921473,0.36518798555646625,0.330 1.571 -0.000 0.678 1.347 1.569 0.569 -0.053
M6-b1,phase_scan,77,4,14400,0.45,0.89453125,0.947265625,0.0263671875,0.5211993058522542,0.23453968763351438,-0.277 0.811 0.187 0.565
M6-b1,phase_scan,77,6,14400,0.45,0.8203125,0.9373046875,0.03173828125,0.5439187818103365,0.24476345181465142,-0.018 0.459 0.687 0.710 0.572 0.292
M6-b1,phase_scan,77,8,14400,0.45,0.0,0.5167759486607142,0.2659912109375,0.91152618801783,0.41018678460802355,0.338 1.726 0.399 0.570 1.297 1.600 0.774 0.015
M6-b1,phase_scan,77,4,28800,0.45,0.93359375,0.966796875,0.0166015625,0.5367833155172842,0.2415524919827779,-0.241 0.818 0.267 0.525
M6-b1,phase_scan,77,6,28800,0.45,0.892578125,0.9634114583333333,0.018391927083333332,0.5381512376997204,0.24216805696487417,0.004 0.468 0.677 0.714 0.581 0.252
M6-b1,phase_scan,77,8,28800,0.45,0.0,0.567138671875,0.2340087890625,0.8979631984044634,0.4040834392820085,0.368 1.316 0.016 0.544 1.314 1.860 1.267 -0.031
M6-b1,phase_scan,77,4,36000,0.45,0.955078125,0.9775390625,0.01123046875,0.34376431394506385,0.15469394127527875,-0.204 0.419 0.132 0.481
M6-b1,phase_scan,77,6,36000,0.45,0.9365234375,0.9811848958333333,0.009114583333333332,0.525765710406833,0.23659456968307482,0.011 0.414 0.641 0.725 0.572 0.276
M6-b1,phase_scan,77,8,36000,0.45,0.0,0.5909249441964285,0.2186279296875,0.6888326765998961,0.30997470446995323,0.371 1.223 -0.516 0.494 1.334 1.737 0.553 -0.003
M6-b1,phase_scan,88,4,900,0.45,0.732421875,0.8616536458333333,0.0703125,0.30153071438824686,0.1356888214747111,-0.264 0.336 0.387 0.181
M6-b1,phase_scan,88,6,900,0.45,0.3173828125,0.7145182291666667,0.15055338541666666,0.3947970999611746,0.1776586949825286,-0.126 0.210 0.572 0.653 0.454 0.084
M6-b1,phase_scan,88,8,900,0.45,0.03125,0.5332380022321428,0.2598876953125,0.4009916479625399,0.18044624158314296,0.113 -0.496 0.472 0.730 0.868 0.872 0.493 -0.133
M6-b1,phase_scan,88,4,1800,0.45,0.740234375,0.8660481770833333,0.06787109375,0.48108564482794863,0.21648854017257688,-0.253 0.398 0.532 0.513
M6-b1,phase_scan,88,6,1800,0.45,0.3271484375,0.7322916666666667,0.13948567708333331,0.573084447118971,0.25788800120353694,-0.108 0.225 0.602 0.816 0.798 0.424
M6-b1,phase_scan,88,8,1800,0.45,0.0009765625,0.5056849888392856,0.2779541015625,0.6796599002111525,0.30584695509501864,0.137 -0.485 0.319 0.739 1.125 1.365 1.417 0.279
M6-b1,phase_scan,88,4,3600,0.45,0.861328125,0.9275716145833334,0.036865234375,0.3600169994212963,0.16200764973958334,-0.323 0.606 0.126 0.347
M6-b1,phase_scan,88,6,3600,0.45,0.7529296875,0.9119791666666666,0.04443359375,0.4816118611229789,0.2167253375053405,-0.037 0.389 0.615 0.629 0.529 0.246
M6-b1,phase_scan,88,8,3600,0.45,0.0263671875,0.5663016183035714,0.2384033203125,0.35724011678544304,0.16075805255344938,0.291 -0.415 0.169 0.525 1.154 1.006 0.006 0.055
M6-b1,phase_scan,88,4,7200,0.45,0.8525390625,0.9256184895833334,0.037353515625,0.49029893345303005,0.22063452005386353,-0.318 0.744 0.194 0.533
M6-b1,phase_scan,88,6,7200,0.45,0.744140625,0.9078124999999999,0.04671223958333333,0.5100962056054008,0.22954329252243036,0.011 0.398 0.614 0.706 0.547 0.286
M6-b1,phase_scan,88,8,7200,0.45,0.0,0.5462472098214286,0.24853515625,0.7217225574311756,0.324775150844029,0.387 0.745 0.334 0.492 1.301 1.595 0.577 0.008
M6-b1,phase_scan,88,4,14400,0.45,0.869140625,0.9329427083333333,0.033935546875,0.48202700085110134,0.2169121503829956,-0.257 0.776 0.105 0.564
M6-b1,phase_scan,88,6,14400,0.45,0.828125,0.9429687499999999,0.028483072916666664,0.5196248822742036,0.2338311970233916,0.003 0.392 0.629 0.693 0.578 0.306
M6-b1,phase_scan,88,8,14400,0.45,0.0048828125,0.557373046875,0.2410888671875,0.694558128478035,0.3125511578151158,0.363 1.332 -0.367 0.487 1.279 1.438 0.652 0.040
M6-b1,phase_scan,88,4,28800,0.45,0.9462890625,0.97314453125,0.013427734375,0.38152535756429035,0.17168641090393066,-0.336 0.538 0.125 0.481
M6-b1,phase_scan,88,6,28800,0.45,0.9111328125,0.9701822916666667,0.014973958333333332,0.5215146276685926,0.23468158245086668,0.028 0.402 0.627 0.718 0.590 0.271
M6-b1,phase_scan,88,8,28800,0.45,0.0048828125,0.6729910714285714,0.1705322265625,0.28879127805195154,0.1299560751233782,0.400 -0.311 -0.568 0.487 1.311 1.365 -0.252 -0.010
M6-b1,phase_scan,88,4,36000,0.45,0.95703125,0.9793294270833334,0.010009765625,0.4441348711649577,0.19986069202423096,-0.224 0.745 0.108 0.479
M6-b1,phase_scan,88,6,36000,0.45,0.9228515625,0.9755859375,0.012044270833333332,0.5136068794462415,0.2311230957508087,0.002 0.403 0.659 0.709 0.547 0.250
M6-b1,phase_scan,88,8,36000,0.45,0.001953125,0.5709402901785714,0.2320556640625,0.6001298768179757,0.2700584445680891,0.364 1.102 0.193 0.510 1.294 1.071 0.066 -0.036
W30-b1,priority_scan,11,4,900,0.3,0.1748046875,0.49739583333333337,0.2734375,0.8302586277325948,0.24907758831977844,0.000 1.083 0.578 0.000
W30-b1,priority_scan,11,6,900,0.3,0.0087890625,0.3932942708333334,0.3543294270833333,1.337527334690094,0.4012582004070282,0.000 1.503 1.792 1.291 0.763 -0.000
W30-b1,priority_scan,11,8,900,0.3,0.0009765625,0.3315080915178571,0.4091796875,1.8626889917585585,0.5588066975275675,0.000 1.773 2.769 2.567 2.068 1.247 0.753 0.000
W30-b1,priority_scan,11,4,1800,0.3,0.251953125,0.53662109375,0.25390625,0.9614309668540955,0.28842929005622864,0.000 0.972 0.951 0.000
W30-b1,priority_scan,11,6,1800,0.3,0.0009765625,0.30449218750000007,0.42561848958333326,1.7199692130088806,0.5159907639026642,0.000 1.477 1.917 2.012 1.474 -0.000
W30-b1,priority_scan,11,8,1800,0.3,0.0,0.3993094308035714,0.3564453125,2.403955360253652,0.7211866080760956,0.000 1.665 2.610 3.030 2.927 2.688 1.502 0.000
W30-b1,priority_scan,11,4,3600,0.3,0.4287109375,0.6795247395833333,0.168701171875,0.7682823141415914,0.23048469424247742,0.000 0.676 0.861 0.000
W30-b1,priority_scan,11,6,3600,0.3,0.0029296875,0.26315104166666675,0.45914713541666663,1.5089039504528043,0.45267118513584126,0.000 0.915 1.585 1.854 1.682 -0.000
W30-b1,priority_scan,11,8,3600,0.3,0.0,0.3888113839285714,0.3651123046875,2.103815376758576,0.6311446130275727,0.000 0.869 1.803 2.373 2.754 2.993 1.830 0.000
W30-b1,priority_scan,11,4,7200,0.3,0.1455078125,0.4972330729166667,0.270263671875,1.0417662064234416,0.31252986192703247,0.000 0.945 1.139 0.000
W30-b1,priority_scan,11,6,7200,0.3,0.0,0.23444010416666672,0.4856770833333333,1.832866594195366,0.5498599782586098,0.000 1.366 1.858 2.228 1.878 -0.000
W30-b1,priority_scan,11,8,7200,0.3,0.0,0.4035295758928571,0.353515625,2.403126955032349,0.7209380865097047,0.000 1.280 2.145 2.642 3.100 3.352 1.900 0.000
W30-b1,priority_scan,11,4,14400,0.3,0.7177734375,0.8531901041666666,0.07470703125,0.7854432861010234,0.235632985830307,0.000 0.731 0.840 0.000
W30-b1,priority_scan,11,6,14400,0.3,0.0,0.14342447916666667,0.5769856770833333,1.6126897931098936,0.48380693793296803,0.000 1.267 1.581 1.815 1.787 -0.000
W30-b1,priority_scan,11,8,14400,0.3,0.0,0.3511439732142857,0.3916015625,2.2573255499204,0.67719766497612,0.000 1.427 2.084 2.328 2.694 3.122 1.888 0.000
W30-b1,priority_scan,11,4,28800,0.3,0.8720703125,0.92822265625,0.037841796875,0.7281064987182617,0.21843194961547852,0.000 0.755 0.701 0.000
W30-b1,priority_scan,11,6,28800,0.3,0.0,0.10358072916666666,0.6228841145833333,1.5063046663999557,0.4518913999199867,0.000 1.402 1.571 1.626 1.426 -0.000
W30-b1,priority_scan,11,8,28800,0.3,0.0,0.3601422991071428,0.3857421875,2.276061905754937,0.6828185717264811,0.000 1.856 2.410 2.358 2.558 2.868 1.606 0.000
W30-b1,priority_scan,11,4,36000,0.3,0.8779296875,0.93603515625,0.03271484375,0.778256356716156,0.2334769070148468,0.000 0.803 0.753 0.000
W30-b1,priority_scan,11,6,36000,0.3,0.0,0.09283854166666666,0.6346028645833333,1.6326075047254562,0.48978225141763687,0.000 1.349 1.709 1.722 1.751 -0.000
W30-b1,priority_scan,11,8,36000,0.3,0.0,0.4832589285714285,0.291748046875,2.55743232038286,0.767229696114858,0.000 2.033 2.635 2.676 2.723 3.383 1.895 0.000
W30-b1,priority_scan,22,4,900,0.3,0.08203125,0.4228515625,0.31787109375,0.48903832832972216,0.14671149849891665,0.000 0.176 0.802 0.000
W30-b1,priority_scan,22,6,900,0.3,0.0048828125,0.3289713541666668,0.40299479166666663,0.8532740920782087,0.2559822276234626,0.000 0.164 1.029 1.134 1.086 -0.000
W30-b1,priority_scan,22,8,900,0.3,0.0,0.30643136160714285,0.428955078125,1.2096012963189022,0.36288038889567065,0.000 0.149 1.331 1.516 1.579 1.501 1.182 0.000
W30-b1,priority_scan,22,4,1800,0.3,0.4296875,0.67333984375,0.173583984375,0.6627631187438965,0.19882893562316895,0.000 0.536 0.790 0.000
W30-b1,priority_scan,22,6,1800,0.3,0.005859375,0.32929687500000004,0.40478515625,1.3136202096939085,0.39408606290817255,0.000 0.921 1.214 1.713 1.407 -0.000
W30-b1,priority_scan,22,8,1800,0.3,0.0,0.3435756138392857,0.3997802734375,1.897057294845581,0.5691171884536743,0.000 1.158 1.642 1.980 2.491 2.544 1.568 0.000
W30-b1,priority_scan,22,4,3600,0.3,0.69140625,0.8245442708333334,0.093017578125,0.6624920169512432,0.19874760508537295,0.000 0.700 0.625 0.000
W30-b1,priority_scan,22,6,3600,0.3,0.00390625,0.23144531250000006,0.4908854166666667,1.4273805916309354,0.42821417748928065,0.000 1.137 1.504 1.596 1.473 -0.000
W30-b1,priority_scan,22,8,3600,0.3,0.0,0.3489467075892857,0.3963623046875,2.110665440559387,0.6331996321678162,0.000 1.366 2.006 2.365 2.513 2.608 1.805 0.000
W30-b1,priority_scan,22,4,7200,0.3,0.5830078125,0.7609049479166666,0.127197265625,0.7944112022717794,0.2383233606815338,0.000 0.857 0.731 0.000
W30-b1,priority_scan,22,6,7200,0.3,0.00390625,0.20182291666666669,0.5222981770833333,1.5225259959697721,0.4567577987909316,0.000 1.237 1.708 1.668 1.477 -0.000
W30-b1,priority_scan,22,8,7200,0.3,0.0,0.3504813058035714,0.3980712890625,2.1491789486673145,0.6447536846001943,0.000 1.408 2.175 2.560 2.527 2.603 1.622 0.000
W30-b1,priority_scan,22,4,14400,0.3,0.326171875,0.6022135416666667,0.214111328125,0.9585283199946086,0.28755849599838257,0.000 1.000 0.917 0.000
W30-b1,priority_scan,22,6,14400,0.3,0.0,0.1625651041666667,0.56005859375,1.813664734363556,0.5440994203090668,0.000 1.590 2.053 1.887 1.724 -0.000
W30-b1,priority_scan,22,8,14400,0.3,0.0,0.5005929129464285,0.284423828125,2.6398927635616727,0.7919678290685018,0.000 2.048 2.805 3.027 2.806 3.197 1.956 0.000
W30-b1,priority_scan,22,4,28800,0.3,0.5283203125,0.7189127604166666,0.15185546875,0.9092446168263754,0.2727733850479126,0.000 0.935 0.884 0.000
W30-b1,priority_scan,22,6,28800,0.3,0.0,0.13736979166666666,0.5849609375,1.7070995271205902,0.5121298581361771,0.000 1.522 1.982 1.804 1.520 -0.000
W30-b1,priority_scan,22,8,28800,0.3,0.0,0.4498116629464285,0.321533203125,2.4034108055962458,0.7210232416788737,0.000 1.990 2.551 2.982 2.742 2.728 1.427 0.000
W30-b1,priority_scan,22,4,36000,0.3,0.6513671875,0.8185221354166667,0.092529296875,0.8226525783538818,0.24679577350616455,0.000 0.939 0.706 0.000
W30-b1,priority_scan,22,6,36000,0.3,0.0,0.11054687499999999,0.6153971354166666,1.5940652787685394,0.47821958363056183,0.000 1.609 1.814 1.573 1.380 -0.000
W30-b1,priority_scan,22,8,36000,0.3,0.0,0.4143415178571428,0.347412109375,2.34008961253696,0.702026883761088,0.000 2.056 2.693 2.783 2.541 2.442 1.526 0.000
W30-b1,priority_scan,33,4,900,0.3,0.0615234375,0.40576171875,0.327880859375,1.056777040163676,0.3170331120491028,0.000 0.905 1.208 0.000
W30-b1,priority_scan,33,6,900,0.3,0.0009765625,0.3298177083333334,0.4026692708333333,1.7382168769836424,0.5214650630950927,0.000 1.119 2.303 2.033 1.498 -0.000
W30-b1,priority_scan,33,8,900,0.3,0.0009765625,0.2901436941964286,0.4427490234375,2.5911675559149847,0.7773502667744954,0.000 1.331 3.477 3.486 3.164 2.519 1.569 0.000
W30-b1,priority_scan,33,4,1800,0.3,0.4765625,0.6980794270833333,0.160888671875,0.6671690940856934,0.200150728225708,0.000 0.585 0.749 0.000
W30-b1,priority_scan,33,6,1800,0.3,0.013671875,0.3256510416666667,0.41064453125,1.3496946543455122,0.40490839630365366,0.000 0.959 1.383 1.653 1.403 -0.000
W30-b1,priority_scan,33,8,1800,0.3,0.0,0.3560965401785714,0.3902587890625,1.9756196935971582,0.5926859080791474,0.000 1.179 1.836 2.267 2.470 2.513 1.589 0.000
W30-b1,priority_scan,33,4,3600,0.3,0.1884765625,0.5071614583333333,0.26806640625,0.9943841894467672,0.29831525683403015,0.000 0.942 1.047 0.000
W30-b1,priority_scan,33,6,3600,0.3,0.0,0.2725911458333334,0.45052083333333337,1.7778190225362775,0.5333457067608832,0.000 1.106 1.949 2.249 1.807 -0.000
W30-b1,priority_scan,33,8,3600,0.3,0.0,0.42804827008928564,0.333251953125,2.4360416332880654,0.7308124899864196,0.000 1.014 2.082 2.938 3.354 3.219 2.010 0.000
W30-b1,priority_scan,33,4,7200,0.3,0.6318359375,0.791015625,0.110595703125,0.7923319935798645,0.23769959807395935,0.000 0.799 0.786 0.000
W30-b1,priority_scan,33,6,7200,0.3,0.001953125,0.1938151041666667,0.5279947916666667,1.5164020657539365,0.4549206197261809,0.000 1.168 1.606 1.736 1.556 -0.000
W30-b1,priority_scan,33,8,7200,0.3,0.0,0.36652483258928564,0.3843994140625,2.2089282009336686,0.6626784602801006,0.000 1.508 2.055 2.488 2.681 2.717 1.804 0.000
W30-b1,priority_scan,33,4,14400,0.3,0.796875,0.88671875,0.0595703125,0.7829132676124573,0.23487398028373718,0.000 0.805 0.760 0.000
W30-b1,priority_scan,33,6,14400,0.3,0.0,0.15227864583333336,0.5670572916666666,1.5089333057403562,0.4526799917221068,0.000 1.181 1.611 1.712 1.532 -0.000
W30-b1,priority_scan,33,8,14400,0.3,0.0,0.3649204799107142,0.3858642578125,2.1611407399177556,0.6483422219753266,0.000 1.281 2.254 2.480 2.621 2.586 1.746 0.000
W30-b1,priority_scan,33,4,28800,0.3,0.8232421875,0.9088541666666666,0.046142578125,0.7818715771039327,0.2345614731311798,0.000 0.763 0.801 0.000
W30-b1,priority_scan,33,6,28800,0.3,0.0,0.10110677083333332,0.625,1.607471853494644,0.48224155604839314,0.000 1.332 1.671 1.776 1.651 -0.000
W30-b1,priority_scan,33,8,28800,0.3,0.0,0.4241071428571428,0.3328857421875,2.4754186471303306,0.7426255941390991,0.000 1.841 2.477 2.660 2.855 3.032 1.987 0.000
W30-b1,priority_scan,33,4,36000,0.3,0.8837890625,0.9353841145833334,0.033935546875,0.7116897900899252,0.21350693702697754,0.000 0.669 0.754 0.000
W30-b1,priority_scan,33,6,36000,0.3,0.0,0.12929687499999998,0.5927734375,1.4317566901445387,0.4295270070433616,0.000 1.115 1.477 1.626 1.510 -0.000
W30-b1,priority_scan,33,8,36000,0.3,0.0,0.33426339285714285,0.4072265625,2.23471161392,0.670413484176,0.000 1.637 2.191 2.388 2.583 2.890 1.720 0.000
W30-b1,priority_scan,44,4,900,0.3,0.2216796875,0.5322265625,0.253173828125,0.5863316853841146,0.17589950561523438,0.000 0.486 0.687 0.000
W30-b1,priority_scan,44,6,900,0.3,0.013671875,0.35097656250000003,0.38785807291666663,1.2421828508377073,0.3726548552513122,0.000 0.841 1.178 1.299 1.651 -0.000
W30-b1,priority_scan,44,8,900,0.3,0.0009765625,0.31888253348214285,0.4189453125,1.827601856655545,0.5482805569966634,0.000 0.876 1.889 1.615 2.035 2.588 1.962 0.000
W30-b1,priority_scan,44,4,1800,0.3,0.4658203125,0.69140625,0.16455078125,0.6820150216420492,0.20460450649261475,0.000 0.623 0.741 0.000
W30-b1,priority_scan,44,6,1800,0.3,0.0029296875,0.3027994791666667,0.42854817708333337,1.4185186475515363,0.4255555942654609,0.000 1.000 1.477 1.711 1.486 -0.000
W30-b1,priority_scan,44,8,1800,0.3,0.0,0.3560267857142857,0.390380859375,2.0701338847478232,0.6210401654243469,0.000 1.141 1.891 2.261 2.606 2.670 1.852 0.000
W30-b1,priority_scan,44,4,3600,0.3,0.3330078125,0.6204427083333333,0.201171875,0.8190848429997762,0.24572545289993286,0.000 0.662 0.976 0.000
W30-b1,priority_scan,44,6,3600,0.3,0.0,0.2973307291666667,0.42789713541666663,1.5634284168481825,0.4690285250544547,0.000 0.748 1.507 2.025 1.974 -0.000
W30-b1,priority_scan,44,8,3600,0.3,0.0,0.3762555803571428,0.3712158203125,2.236695852544573,0.6710087557633718,0.000 0.500 1.488 2.387 3.134 3.612 2.301 0.000
W30-b1,priority_scan,44,4,7200,0.3,0.544921875,0.74560546875,0.1337890625,0.8349927266438802,0.25049781799316406,0.000 0.796 0.874 0.000
W30-b1,priority_scan,44,6,7200,0.3,0.0009765625,0.19524739583333336,0.5226236979166667,1.6013963520526884,0.48041890561580647,0.000 1.129 1.680 1.880 1.716 -0.000
W30-b1,priority_scan,44,8,7200,0.3,0.0,0.39819335937499994,0.3563232421875,2.2923343711429176,0.6877003113428752,0.000 1.314 2.038 2.620 2.831 3.056 1.895 0.000
W30-b1,priority_scan,44,4,14400,0.3,0.2373046875,0.5340169270833333,0.254150390625,1.0048836469650269,0.30146509408950806,0.000 1.068 0.941 0.000
W30-b1,priority_scan,44,6,14400,0.3,0.0,0.17936197916666669,0.5416666666666667,1.832049936056137,0.5496149808168411,0.000 1.598 2.134 1.964 1.632 -0.000
W30-b1,priority_scan,44,8,14400,0.3,0.0,0.44538225446428564,0.327880859375,2.411868340439267,0.7235605021317801,0.000 1.547 2.687 3.017 2.839 2.695 1.686 0.000
W30-b1,priority_scan,44,4,28800,0.3,0.912109375,0.9469401041666666,0.02880859375,0.6619557738304138,0.19858673214912415,0.000 0.673 0.651 0.000
W30-b1,priority_scan,44,6,28800,0.3,0.001953125,0.15592447916666669,0.5686848958333333,1.367857903242111,0.4103573709726333,0.000 1.194 1.398 1.457 1.423 -0.000
W30-b1,priority_scan,44,8,28800,0.3,0.0,0.24201311383928573,0.49853515625,2.055008411407471,0.6165025234222413,0.000 1.644 2.096 2.209 2.283 2.469 1.630 0.000
W30-b1,priority_scan,44,4,36000,0.3,0.7763671875,0.8826497395833333,0.06005859375,0.841632088025411,0.2524896264076233,0.000 0.805 0.878 0.000
W30-b1,priority_scan,44,6,36000,0.3,0.0,0.10104166666666665,0.62548828125,1.6242378205060957,0.48727134615182865,0.000 1.246 1.724 1.833 1.694 -0.000
W30-b1,priority_scan,44,8,36000,0.3,0.0,0.36401367187499994,0.3773193359375,2.3997123705016246,0.7199137111504873,0.000 1.648 2.189 2.595 2.766 3.211 1.989 0.000
W30-b1,priority_scan,55,4,900,0.3,0.1279296875,0.47884114583333337,0.281494140625,0.7146183649698894,0.21438550949096682,0.000 0.785 0.645 0.000
W30-b1,priority_scan,55,6,900,0.3,0.0078125,0.35950520833333344,0.3779296875,1.2020073086023328,0.36060219258069987,0.000 1.157 1.597 1.110 0.944 -0.000
W30-b1,priority_scan,55,8,900,0.3,0.0,0.31246512276785715,0.4219970703125,1.5634312563472326,0.46902937690416974,0.000 1.207 2.350 2.186 1.437 1.250 0.951 0.000
W30-b1,priority_scan,55,4,1800,0.3,0.29296875,0.5587565104166666,0.241943359375,0.9418664375940959,0.28255993127822876,0.000 0.971 0.913 0.000
W30-b1,priority_scan,55,6,1800,0.3,0.0009765625,0.2821614583333334,0.4435221354166667,1.7085055261850357,0.5125516578555107,0.000 1.440 1.835 1.978 1.581 -0.000
W30-b1,priority_scan,55,8,1800,0.3,0.0,0.3729073660714285,0.3773193359375,2.320666511853536,0.6961999535560608,0.000 1.338 2.341 2.654 2.904 2.890 1.797 0.000
W30-b1,priority_scan,55,4,3600,0.3,0.583984375,0.7548828125,0.1318359375,0.7785945137341818,0.23357835412025452,0.000 0.758 0.799 0.000
W30-b1,priority_scan,55,6,3600,0.3,0.0,0.22617187500000002,0.49267578125,1.4712483435869215,0.44137450307607645,0.000 0.963 1.571 1.718 1.633 -0.000
W30-b1,priority_scan,55,8,3600,0.3,0.0,0.36101422991071425,0.38623046875,2.0903203553623624,0.6270961066087087,0.000 0.841 1.842 2.361 2.600 2.920 1.978 0.000
W30-b1,priority_scan,55,4,7200,0.3,0.2177734375,0.5164388020833333,0.264892578125,1.004535456498464,0.30136063694953924,0.000 1.100 0.909 0.000
W30-b1,priority_scan,55,6,7200,0.3,0.0009765625,0.22753906250000006,0.49609375,1.9309428334236145,0.5792828500270844,0.000 1.743 2.137 2.069 1.775 -0.000
W30-b1,priority_scan,55,8,7200,0.3,0.0,0.4904087611607142,0.292236328125,2.752377059724596,0.8257131179173788,0.000 1.978 2.916 3.221 3.156 3.178 2.065 0.000
W30-b1,priority_scan,55,4,14400,0.3,0.7822265625,0.8828125,0.060546875,0.7436338067054749,0.22309014201164246,0.000 0.736 0.751 0.000
W30-b1,priority_scan,55,6,14400,0.3,0.0,0.15468750000000003,0.568359375,1.4780753105878828,0.44342259317636484,0.000 1.333 1.486 1.527 1.566 -0.000
W30-b1,priority_scan,55,8,14400,0.3,0.0,0.31570870535714285,0.4298095703125,2.2155074940787425,0.6646522482236227,0.000 2.143 2.167 2.279 2.310 2.644 1.750 0.000
W30-b1,priority_scan,55,4,28800,0.3,0.8740234375,0.92919921875,0.037353515625,0.7251859704653423,0.2175557911396027,0.000 0.646 0.805 0.000
W30-b1,priority_scan,55,6,28800,0.3,0.0029296875,0.15006510416666669,0.5745442708333334,1.509989947080612,0.45299698412418354,0.000 1.261 1.448 1.708 1.622 -0.000
W30-b1,priority_scan,55,8,28800,0.3,0.0,0.3091866629464285,0.4296875,2.2421773274739585,0.6726531982421875,0.000 1.948 2.014 2.321 2.629 2.695 1.845 0.000
W30-b1,priority_scan,55,4,36000,0.3,0.9091796875,0.9519856770833334,0.024658203125,0.6893834471702576,0.20681503415107727,0.000 0.682 0.696 0.000
W30-b1,priority_scan,55,6,36000,0.3,0.0,0.0962890625,0.630859375,1.4984760433435438,0.44954281300306315,0.000 1.243 1.493 1.626 1.632 -0.000
W30-b1,priority_scan,55,8,36000,0.3,0.0,0.3567243303571428,0.38671875,2.356043987803989,0.7068131963411967,0.000 1.947 2.303 2.391 2.637 2.939 1.919 0.000
W30-b1,priority_scan,66,4,900,0.3,0.0908203125,0.42854817708333337,0.314697265625,0.7691373427708944,0.2307412028312683,0.000 0.417 1.121 0.000
W30-b1,priority_scan,66,6,900,0.3,0.0029296875,0.33365885416666674,0.39925130208333337,1.2595681846141813,0.3778704553842544,0.000 0.342 1.382 1.715 1.599 -0.000
W30-b1,priority_scan,66,8,900,0.3,0.0,0.2994559151785714,0.4361572265625,1.93692147731781,0.581076443195343,0.000 0.685 1.762 2.161 2.519 2.689 1.805 0.000
W30-b1,priority_scan,66,4,1800,0.3,0.5107421875,0.7234700520833334,0.14599609375,0.6454257170359294,0.19362771511077884,0.000 0.563 0.727 0.000
W30-b1,priority_scan,66,6,1800,0.3,0.0009765625,0.3145182291666667,0.41569010416666663,1.2172232568264005,0.36516697704792017,0.000 0.577 1.208 1.552 1.532 -0.000
W30-b1,priority_scan,66,8,1800,0.3,0.0,0.32439313616071425,0.4150390625,1.7122693856557214,0.5136808156967164,0.000 0.345 1.237 1.901 2.285 2.583 1.922 0.000
W30-b1,priority_scan,66,4,3600,0.3,0.6982421875,0.8221028645833333,0.095703125,0.5705230434735616,0.17115691304206848,0.000 0.636 0.505 0.000
W30-b1,priority_scan,66,6,3600,0.3,0.013671875,0.29472656250000007,0.43977864583333337,1.248362213373184,0.3745086640119552,0.000 1.051 1.258 1.312 1.373 -0.000
W30-b1,priority_scan,66,8,3600,0.3,0.0,0.28602818080357145,0.4505615234375,1.8531797329584758,0.5559539198875427,0.000 1.248 1.706 1.925 2.069 2.444 1.727 0.000
W30-b1,priority_scan,66,4,7200,0.3,0.6513671875,0.8030598958333334,0.10400390625,0.7399560014406841,0.22198680043220523,0.000 0.837 0.643 0.000
W30-b1,priority_scan,66,6,7200,0.3,0.0009765625,0.18222656250000002,0.5402018229166667,1.5429778397083282,0.4628933519124985,0.000 1.462 1.722 1.556 1.432 -0.000
W30-b1,priority_scan,66,8,7200,0.3,0.0,0.3481096540178571,0.3997802734375,2.1761346525616116,0.6528403957684835,0.000 1.886 2.427 2.572 2.342 2.367 1.464 0.000
W30-b1,priority_scan,66,4,14400,0.3,0.7353515625,0.8504231770833334,0.0791015625,0.770468016465505,0.2311404049396515,0.000 0.770 0.771 0.000
W30-b1,priority_scan,66,6,14400,0.3,0.0,0.15188802083333336,0.5699869791666666,1.5826377272605894,0.47479131817817677,0.000 1.282 1.686 1.735 1.628 -0.000
W30-b1,priority_scan,66,8,14400,0.3,0.0,0.3423549107142857,0.402587890625,2.201351523399353,0.6604054570198059,0.000 1.554 2.182 2.481 2.579 2.682 1.730 0.000
W30-b1,priority_scan,66,4,28800,0.3,0.78125,0.8854166666666666,0.05859375,0.6841729084650676,0.2052518725395203,0.000 0.586 0.782 0.000
W30-b1,priority_scan,66,6,28800,0.3,0.0,0.17649739583333335,0.5380859375,1.4093893766403196,0.4228168129920959,0.000 0.953 1.393 1.687 1.605 -0.000
W30-b1,priority_scan,66,8,28800,0.3,0.0,0.2899344308035714,0.446533203125,2.0587853921784296,0.6176356176535288,0.000 1.299 1.858 2.230 2.578 2.626 1.761 0.000
W30-b1,priority_scan,66,4,36000,0.3,0.79296875,0.8889973958333334,0.057373046875,0.8395952979723613,0.2518785893917084,0.000 0.801 0.879 0.000
W30-b1,priority_scan,66,6,36000,0.3,0.0,0.10325520833333332,0.6228841145833333,1.6758196055889127,0.5027458816766738,0.000 1.282 1.730 1.884 1.807 -0.000
W30-b1,priority_scan,66,8,36000,0.3,0.0,0.4077497209821428,0.3438720703125,2.435355517599318,0.7306066552797954,0.000 1.616 2.246 2.711 2.857 3.254 1.928 0.000
W30-b1,priority_scan,77,4,900,0.3,0.162109375,0.4879557291666667,0.279052734375,0.6232650081316631,0.18697950243949893,0.000 0.590 0.657 0.000
W30-b1,priority_scan,77,6,900,0.3,0.0146484375,0.37024739583333344,0.37386067708333326,1.0030051320791242,0.3009015396237373,0.000 0.677 1.337 1.063 0.935 -0.000
W30-b1,priority_scan,77,8,900,0.3,0.0009765625,0.3226143973214286,0.41650390625,1.554754972457886,0.4664264917373658,0.000 0.887 2.063 1.952 1.787 1.491 1.149 0.000
W30-b1,priority_scan,77,4,1800,0.3,0.314453125,0.5823567708333333,0.2275390625,0.9097117185592651,0.27291351556777954,0.000 0.868 0.951 0.000
W30-b1,priority_scan,77,6,1800,0.3,0.0029296875,0.2987630208333334,0.42838541666666663,1.669999063014984,0.5009997189044951,0.000 1.189 1.808 2.094 1.590 -0.000
W30-b1,priority_scan,77,8,1800,0.3,0.0,0.3904157366071428,0.3646240234375,2.3110278116332164,0.6933083434899648,0.000 1.148 2.244 2.754 3.053 2.905 1.762 0.000
W30-b1,priority_scan,77,4,3600,0.3,0.140625,0.44173177083333337,0.311279296875,1.0854302843411765,0.32562908530235296,0.000 1.077 1.094 0.000
W30-b1,priority_scan,77,6,3600,0.3,0.0,0.26959635416666666,0.4524739583333333,1.8898363411426542,0.5669509023427962,0.000 1.248 2.100 2.295 1.916 -0.000
W30-b1,priority_scan,77,8,3600,0.3,0.0,0.4263044084821428,0.3355712890625,2.667977445655399,0.8003932336966196,0.000 1.415 2.341 3.168 3.520 3.473 2.091 0.000
W30-b1,priority_scan,77,4,7200,0.3,0.2421875,0.5582682291666667,0.236572265625,0.9856014450391135,0.29568043351173406,0.000 1.187 0.784 0.000
W30-b1,priority_scan,77,6,7200,0.3,0.0,0.23606770833333335,0.48876953125,1.9031226634979248,0.5709367990493774,0.000 1.857 2.284 1.875 1.597 -0.000
W30-b1,priority_scan,77,8,7200,0.3,0.0,0.4481375558035714,0.323486328125,2.5634782844119606,0.7690434853235881,0.000 1.872 2.962 3.195 2.872 2.614 1.866 0.000
W30-b1,priority_scan,77,4,14400,0.3,0.79296875,0.8850911458333333,0.060302734375,0.7187689344088237,0.21563068032264712,0.000 0.755 0.682 0.000
W30-b1,priority_scan,77,6,14400,0.3,0.0009765625,0.13886718750000002,0.5843098958333333,1.5380801260471342,0.4614240378141402,0.000 1.253 1.670 1.596 1.634 -0.000
W30-b1,priority_scan,77,8,14400,0.3,0.0,0.32896205357142855,0.4132080078125,2.1649462315771317,0.6494838694731395,0.000 1.466 2.079 2.505 2.431 2.664 1.845 0.000
W30-b1,priority_scan,77,4,28800,0.3,0.8369140625,0.91162109375,0.0458984375,0.8720948298772176,0.2616284489631653,0.000 0.893 0.851 0.000
W30-b1,priority_scan,77,6,28800,0.3,0.0,0.09446614583333332,0.6328125,1.6467350721359253,0.4940205216407776,0.000 1.380 1.839 1.772 1.595 -0.000
W30-b1,priority_scan,77,8,28800,0.3,0.0,0.4530552455357142,0.31298828125,2.3903236124250626,0.7170970837275188,0.000 1.684 2.636 2.752 2.755 2.707 1.808 0.000
W30-b1,priority_scan,77,4,36000,0.3,0.927734375,0.958984375,0.021728515625,0.7385101914405823,0.22155305743217468,0.000 0.713 0.764 0.000
W30-b1,priority_scan,77,6,36000,0.3,0.0,0.08893229166666666,0.6393229166666666,1.5261455625295637,0.45784366875886906,0.000 1.258 1.621 1.663 1.563 -0.000
W30-b1,priority_scan,77,8,36000,0.3,0.0,0.36823381696428564,0.3768310546875,2.271223564942678,0.6813670694828033,0.000 1.570 2.226 2.500 2.580 2.972 1.780 0.000
W30-b1,priority_scan,88,4,900,0.3,0.0830078125,0.42822265625000006,0.31396484375,0.6434538960456848,0.19303616881370544,0.000 0.297 0.990 0.000
W30-b1,priority_scan,88,6,900,0.3,0.0009765625,0.3363932291666667,0.39762369791666663,0.9723529964685438,0.29170589894056315,0.000 -0.015 1.092 1.425 1.388 -0.000
W30-b1,priority_scan,88,8,900,0.3,0.0,0.2942940848214286,0.43896484375,1.3025675548447504,0.3907702664534251,0.000 -0.150 1.143 1.517 1.985 1.948 1.372 0.000
W30-b1,priority_scan,88,4,1800,0.3,0.3740234375,0.6310221354166666,0.1982421875,0.7846646507581075,0.23539939522743225,0.000 0.772 0.797 0.000
W30-b1,priority_scan,88,6,1800,0.3,0.0029296875,0.27890625,0.4451497395833333,1.4751255512237547,0.4425376653671264,0.000 0.973 1.575 1.761 1.591 -0.000
W30-b1,priority_scan,88,8,1800,0.3,0.0,0.3480747767857143,0.39697265625,2.036918799082438,0.6110756397247313,0.000 0.801 1.721 2.337 2.702 2.753 1.909 0.000
W30-b1,priority_scan,88,4,3600,0.3,0.732421875,0.8460286458333334,0.08203125,0.5866075555483501,0.17598226666450503,0.000 0.606 0.567 0.000
W30-b1,priority_scan,88,6,3600,0.3,0.0009765625,0.2460286458333334,0.47802734375,1.368107423186302,0.4104322269558906,0.000 1.021 1.343 1.481 1.627 -0.000
W30-b1,priority_scan,88,8,3600,0.3,0.0,0.322021484375,0.4188232421875,2.1452140808105473,0.6435642242431642,0.000 1.508 1.884 2.173 2.390 2.800 2.115 0.000
W30-b1,priority_scan,88,4,7200,0.3,0.4970703125,0.7117513020833333,0.1533203125,0.8483718832333883,0.2545115649700165,0.000 0.861 0.836 0.000
W30-b1,priority_scan,88,6,7200,0.3,0.0,0.16412760416666666,0.5576171875,1.6846517473459244,0.5053955242037773,0.000 1.418 1.767 1.758 1.797 -0.000
W30-b1,priority_scan,88,8,7200,0.3,0.0,0.3944266183035714,0.362060546875,2.3532621728049388,0.7059786518414816,0.000 1.728 2.307 2.604 2.624 2.986 1.871 0.000
W30-b1,priority_scan,88,4,14400,0.3,0.8203125,0.9036458333333333,0.0498046875,0.641704797744751,0.1925114393234253,0.000 0.578 0.705 0.000
W30-b1,priority_scan,88,6,14400,0.3,0.0009765625,0.22278645833333338,0.49544270833333337,1.3056471943855283,0.3916941583156585,0.000 0.843 1.331 1.463 1.586 -0.000
W30-b1,priority_scan,88,8,14400,0.3,0.0,0.2657993861607143,0.4697265625,1.819599933094449,0.5458799799283347,0.000 0.897 1.605 2.014 2.151 2.495 1.755 0.000
W30-b1,priority_scan,88,4,28800,0.3,0.8759765625,0.93408203125,0.033935546875,0.7441460092862447,0.2232438027858734,0.000 0.727 0.761 0.000
W30-b1,priority_scan,88,6,28800,0.3,0.0,0.10904947916666666,0.6168619791666666,1.4652626961469648,0.43957880884408945,0.000 1.212 1.520 1.566 1.562 -0.000
W30-b1,priority_scan,88,8,28800,0.3,0.0,0.291748046875,0.4453125,2.1762430005603366,0.652872900168101,0.000 1.538 2.180 2.327 2.411 2.886 1.715 0.000
W30-b1,priority_scan,88,4,36000,0.3,0.9130859375,0.9549153645833333,0.02294921875,0.6275590260823568,0.18826770782470703,0.000 0.542 0.713 0.000
W30-b1,priority_scan,88,6,36000,0.3,0.0,0.14641927083333336,0.5760091145833333,1.3955203443765638,0.41865610331296915,0.000 1.081 1.329 1.570 1.602 -0.000
W30-b1,priority_scan,88,8,36000,0.3,0.0,0.24857003348214288,0.4822998046875,2.165933781199985,0.6497801343599955,0.000 1.507 2.023 2.151 2.432 2.945 1.937 0.000
W30-b1,position_scan,11,4,900,0.3,0.1396484375,0.41341145833333337,0.341796875,0.8300002415974935,0.24900007247924805,0.140 0.807 0.842 0.840
W30-b1,position_scan,11,6,900,0.3,0.0,0.1806640625,0.5524088541666667,1.2696528633435566,0.380895859003067,0.260 0.968 1.435 1.511 1.374 1.061
W30-b1,position_scan,11,8,900,0.3,0.0,0.21240234375,0.522705078125,1.801992257436117,0.5405976772308351,0.467 0.958 2.064 2.132 2.180 2.046 2.103 1.130
W30-b1,position_scan,11,4,1800,0.3,0.15625,0.45263671875,0.310302734375,0.9020046393076578,0.27060139179229736,0.142 0.899 0.849 0.959
W30-b1,position_scan,11,6,1800,0.3,0.0,0.11360677083333334,0.63427734375,1.451994319756826,0.43559829592704774,0.242 1.397 1.590 1.552 1.486 1.235
W30-b1,position_scan,11,8,1800,0.3,0.0,0.23434012276785715,0.502685546875,2.0959086645217173,0.6287725993565152,0.499 1.413 2.530 2.463 2.356 2.284 2.314 1.311
W30-b1,position_scan,11,4,3600,0.3,0.427734375,0.6560872395833334,0.189697265625,0.7727890544467503,0.23183671633402508,-0.097 0.719 0.781 0.819
W30-b1,position_scan,11,6,3600,0.3,0.0,0.10774739583333333,0.6481119791666666,1.3102450569470723,0.3930735170841217,0.114 1.218 1.329 1.468 1.344 1.192
W30-b1,position_scan,11,8,3600,0.3,0.0,0.17536272321428573,0.569091796875,1.858367636090233,0.5575102908270699,0.424 0.918 2.038 2.153 2.315 2.352 1.871 1.362
W30-b1,position_scan,11,4,7200,0.3,0.1220703125,0.4288736979166667,0.322021484375,0.9191670682695178,0.27575012048085534,-0.177 0.746 0.921 1.090
W30-b1,position_scan,11,6,7200,0.3,0.0,0.059309895833333334,0.7120768229166666,1.591569503148397,0.4774708509445191,-0.033 1.148 1.588 1.875 1.834 1.513
W30-b1,position_scan,11,8,7200,0.3,0.0,0.34608677455357134,0.397216796875,2.227739805266971,0.6683219415800913,0.114 0.831 1.892 2.671 2.979 3.118 2.491 1.612
W30-b1,position_scan,11,4,14400,0.3,0.3701171875,0.6512044270833333,0.18359375,0.835163394610087,0.2505490183830261,-0.043 0.698 0.796 1.012
W30-b1,position_scan,11,6,14400,0.3,0.0,0.04583333333333334,0.7408854166666667,1.5620368321736655,0.46861104965209965,-0.063 1.287 1.334 1.788 1.761 1.640
W30-b1,position_scan,11,8,14400,0.3,0.0,0.1908482142857143,0.543212890625,1.9735710109983173,0.5920713032994952,0.046 1.175 1.804 2.179 2.783 2.667 1.542 1.666
W30-b1,position_scan,11,4,28800,0.3,0.666015625,0.8020833333333333,0.1083984375,0.8302184608247546,0.24906553824742636,-0.075 0.787 0.864 0.839
W30-b1,position_scan,11,6,28800,0.3,0.0,0.024739583333333336,0.7814127604166667,1.5361123879750571,0.46083371639251713,0.249 1.518 1.439 1.797 1.540 1.387
W30-b1,position_scan,11,8,28800,0.3,0.0,0.24232700892857145,0.4857177734375,2.2662295613970076,0.6798688684191022,0.384 2.580 2.209 2.096 2.733 3.144 1.535 1.566
W30-b1,position_scan,11,4,36000,0.3,0.8994140625,0.9471028645833334,0.027099609375,0.7883106999927098,0.23649320999781293,-0.043 0.700 0.743 0.922
W30-b1,position_scan,11,6,36000,0.3,0.0,0.010286458333333335,0.8097330729166667,1.6112207969029746,0.4833662390708924,-0.056 1.367 1.585 1.674 1.765 1.666
W30-b1,position_scan,11,8,36000,0.3,0.0,0.291015625,0.443603515625,2.1184231553758894,0.6355269466127668,-0.116 1.336 2.134 2.530 2.597 3.156 1.409 1.667
W30-b1,position_scan,22,4,900,0.3,0.0869140625,0.40087890625,0.34619140625,0.7487363285488553,0.22462089856465658,-0.298 0.475 0.630 1.141
W30-b1,position_scan,22,6,900,0.3,0.0,0.22369791666666672,0.5065104166666667,1.1748024423917134,0.352440732717514,-0.228 0.253 1.136 1.241 1.957 1.288
W30-b1,position_scan,22,8,900,0.3,0.0,0.2426060267857143,0.492431640625,1.6098982379550026,0.48296947138650076,-0.027 -0.152 1.196 1.739 1.865 2.298 2.983 1.341
W30-b1,position_scan,22,4,1800,0.3,0.0,0.12044270833333333,0.594482421875,1.2974491384294298,0.3892347415288289,-0.107 1.149 1.432 1.311
W30-b1,position_scan,22,6,1800,0.3,0.0,0.2162760416666667,0.51025390625,2.0184547503789267,0.605536425113678,-0.048 1.420 2.084 2.422 2.726 1.442
W30-b1,position_scan,22,8,1800,0.3,0.0,0.3582938058035714,0.3924560546875,2.7368216003690446,0.8210464801107134,0.179 1.057 2.688 3.154 3.485 3.577 3.726 1.471
W30-b1,position_scan,22,4,3600,0.3,0.173828125,0.5216471354166667,0.2587890625,0.8174315426084732,0.24522946278254193,-0.112 0.681 0.694 1.077
W30-b1,position_scan,22,6,3600,0.3,0.0,0.09915364583333333,0.6546223958333333,1.3460877736409507,0.4038263320922852,0.095 1.280 1.247 1.393 1.443 1.367
W30-b1,position_scan,22,8,3600,0.3,0.0,0.1830357142857143,0.5556640625,2.0672774314880376,0.6201832294464112,0.502 1.843 1.975 1.997 2.199 2.296 2.696 1.465
W30-b1,position_scan,22,4,7200,0.3,0.0908203125,0.47802734375,0.27978515625,0.858896639611986,0.2576689918835958,-0.044 0.667 0.755 1.155
W30-b1,position_scan,22,6,7200,0.3,0.0,0.06686197916666665,0.7032877604166667,1.4857240517934165,0.44571721553802496,0.289 1.242 1.360 1.561 1.762 1.504
W30-b1,position_scan,22,8,7200,0.3,0.0,0.26771763392857145,0.4678955078125,2.309498389561971,0.6928495168685913,0.630 2.179 1.757 2.332 2.554 2.692 3.062 1.590
W30-b1,position_scan,22,4,14400,0.3,0.310546875,0.6316731770833334,0.191650390625,0.737855699327257,0.2213567097981771,-0.381 0.448 0.736 1.030
W30-b1,position_scan,22,6,14400,0.3,0.0,0.13144531250000002,0.6044921875,1.4920110305150351,0.4476033091545105,-0.250 0.882 1.155 1.760 1.997 1.667
W30-b1,position_scan,22,8,14400,0.3,0.0,0.2373046875,0.49169921875,2.4798852205276494,0.7439655661582948,-0.130 1.637 1.392 1.991 2.796 4.039 3.836 1.667
W30-b1,position_scan,22,4,28800,0.3,0.5556640625,0.7703450520833334,0.116943359375,0.7987981372409397,0.23963944117228192,-0.075 0.759 0.751 0.887
W30-b1,position_scan,22,6,28800,0.3,0.0,0.012565104166666665,0.8053385416666667,1.6112725337346396,0.48338176012039186,-0.078 1.354 1.571 1.710 1.755 1.667
W30-b1,position_scan,22,8,28800,0.3,0.0,0.36345563616071425,0.380126953125,2.8153965019044422,0.8446189505713326,-0.074 2.851 1.965 2.433 2.675 3.824 4.293 1.667
W30-b1,position_scan,22,4,36000,0.3,0.7099609375,0.8525390625,0.074462890625,0.8396996392144098,0.25190989176432294,-0.009 0.825 0.724 0.969
W30-b1,position_scan,22,6,36000,0.3,0.0,0.012565104166666667,0.8053385416666669,1.6545597513516745,0.49636792540550234,0.022 1.416 1.684 1.705 1.802 1.666
W30-b1,position_scan,22,8,36000,0.3,0.0,0.5196010044642856,0.2667236328125,2.7216558797018875,0.8164967639105662,-0.005 3.412 2.192 2.545 2.661 3.711 2.863 1.667
W30-b1,position_scan,33,4,900,0.3,0.041015625,0.34716796875,0.385986328125,0.8420464065339831,0.25261392196019494,-0.163 0.562 0.806 1.158
W30-b1,position_scan,33,6,900,0.3,0.0,0.2365885416666667,0.49381510416666663,1.2473087509473164,0.3741926252841949,-0.089 0.453 1.105 1.340 2.049 1.290
W30-b1,position_scan,33,8,900,0.3,0.0,0.2435825892857143,0.492431640625,1.7570558048429945,0.5271167414528983,0.066 0.108 1.331 1.782 2.068 2.583 3.079 1.349
W30-b1,position_scan,33,4,1800,0.3,0.001953125,0.18684895833333331,0.520263671875,1.1156281497743394,0.3346884449323018,-0.107 0.933 1.166 1.247
W30-b1,position_scan,33,6,1800,0.3,0.0,0.15013020833333335,0.58740234375,1.7678778966267903,0.530363368988037,-0.011 1.290 1.805 2.072 2.242 1.431
W30-b1,position_scan,33,8,1800,0.3,0.0,0.3397391183035714,0.4078369140625,2.436311784244719,0.7308935352734156,0.187 0.970 2.344 2.715 2.985 3.194 3.370 1.476
W30-b1,position_scan,33,4,3600,0.3,0.0703125,0.380859375,0.357421875,0.9604412979549832,0.28813238938649494,-0.071 0.880 0.886 1.115
W30-b1,position_scan,33,6,3600,0.3,0.0,0.0712890625,0.6985677083333333,1.5342387755711875,0.46027163267135623,0.142 1.499 1.565 1.627 1.570 1.410
W30-b1,position_scan,33,8,3600,0.3,0.0,0.2535923549107143,0.485595703125,2.206510816301619,0.6619532448904857,0.473 1.803 2.333 2.416 2.466 2.406 2.521 1.501
W30-b1,position_scan,33,4,7200,0.3,0.6884765625,0.8269856770833334,0.091796875,0.7461686266793146,0.22385058800379437,0.009 0.816 0.752 0.671
W30-b1,position_scan,33,6,7200,0.3,0.0,0.058203124999999994,0.71923828125,1.4974960883458457,0.4492488265037537,0.182 1.356 1.658 1.651 1.388 1.434
W30-b1,position_scan,33,8,7200,0.3,0.0,0.22488839285714288,0.5089111328125,2.2110738640739807,0.6633221592221942,0.354 2.040 2.135 2.676 2.688 2.249 2.035 1.654
W30-b1,position_scan,33,4,14400,0.3,0.8154296875,0.90283203125,0.0498046875,0.8105466763178507,0.2431640028953552,-0.062 0.795 0.803 0.833
W30-b1,position_scan,33,6,14400,0.3,0.0,0.02975260416666667,0.7696940104166667,1.6124711831410725,0.48374135494232173,0.076 1.326 1.623 1.825 1.626 1.663
W30-b1,position_scan,33,8,14400,0.3,0.0,0.2944684709821429,0.44140625,2.2728135472252253,0.6818440641675676,0.282 2.300 2.118 2.509 2.855 2.684 1.778 1.667
W30-b1,position_scan,33,4,28800,0.3,0.8369140625,0.9122721354166666,0.045654296875,0.772368245654636,0.2317104736963908,-0.014 0.741 0.739 0.837
W30-b1,position_scan,33,6,28800,0.3,0.0,0.013736979166666668,0.8012695312500001,1.5615132053693137,0.4684539616107941,-0.037 1.240 1.521 1.678 1.703 1.666
W30-b1,position_scan,33,8,28800,0.3,0.0,0.32421875,0.4136962890625,2.3997491314297634,0.719924739428929,-0.017 2.725 2.135 2.319 2.638 3.542 1.773 1.667
W30-b1,position_scan,33,4,36000,0.3,0.8740234375,0.9357096354166667,0.032470703125,0.8668828672832913,0.26006486018498737,-0.047 0.857 0.866 0.878
W30-b1,position_scan,33,6,36000,0.3,0.0,0.010416666666666668,0.8089192708333335,1.6863287289937339,0.5058986186981201,0.024 1.394 1.709 1.862 1.800 1.667
W30-b1,position_scan,33,8,36000,0.3,0.0,0.45922851562499994,0.3135986328125,2.447758714358012,0.7343276143074037,0.229 1.431 2.409 2.575 2.835 3.435 2.783 1.667
W30-b1,position_scan,44,4,900,0.3,0.052734375,0.29296875,0.4306640625,0.9822093778186375,0.29466281334559125,0.157 0.949 0.980 1.017
W30-b1,position_scan,44,6,900,0.3,0.0,0.1697265625,0.5646158854166666,1.5478397806485493,0.4643519341945648,0.233 1.254 1.638 1.699 1.940 1.207
W30-b1,position_scan,44,8,900,0.3,0.0,0.2607073102678571,0.475341796875,2.068468389056978,0.6205405167170933,0.432 0.925 2.224 2.218 2.435 2.730 2.707 1.240
W30-b1,position_scan,44,4,1800,0.3,0.0029296875,0.20475260416666666,0.501953125,1.113643381330702,0.33409301439921063,0.233 0.867 1.288 1.186
W30-b1,position_scan,44,6,1800,0.3,0.0,0.1738932291666667,0.5589192708333333,1.7551502188046773,0.5265450656414031,0.205 1.172 1.754 2.262 2.175 1.412
W30-b1,position_scan,44,8,1800,0.3,0.0,0.29928152901785715,0.439453125,2.488105240322295,0.7464315720966884,0.312 1.453 2.063 2.783 3.257 3.273 3.126 1.460
W30-b1,position_scan,44,4,3600,0.3,0.0048828125,0.20882161458333331,0.496826171875,1.1110725667741563,0.3333217700322469,0.006 0.918 1.159 1.257
W30-b1,position_scan,44,6,3600,0.3,0.0,0.09720052083333333,0.6546223958333334,1.8325954278310141,0.5497786283493042,0.231 1.553 1.820 2.131 2.180 1.478
W30-b1,position_scan,44,8,3600,0.3,0.0,0.3972865513392857,0.360107421875,2.688035567601522,0.8064106702804565,0.608 2.245 2.321 2.905 3.249 3.281 3.278 1.537
W30-b1,position_scan,44,4,7200,0.3,0.4111328125,0.64697265625,0.19287109375,0.853534671995375,0.2560604015986125,0.036 0.894 0.893 0.774
W30-b1,position_scan,44,6,7200,0.3,0.0,0.06608072916666666,0.7054036458333334,1.5917883117993674,0.4775364935398102,0.364 1.431 1.770 1.880 1.634 1.245
W30-b1,position_scan,44,8,7200,0.3,0.0,0.3016880580357143,0.43798828125,2.368260394959223,0.7104781184877669,0.631 2.354 2.000 2.813 2.970 2.625 2.243 1.572
W30-b1,position_scan,44,4,14400,0.3,0.8359375,0.9150390625,0.04345703125,0.8144168721305,0.24432506163914997,-0.086 0.798 0.756 0.890
W30-b1,position_scan,44,6,14400,0.3,0.0,0.031966145833333334,0.7646484375,1.592755158742269,0.4778265476226807,0.007 1.312 1.547 1.772 1.676 1.656
W30-b1,position_scan,44,8,14400,0.3,0.0,0.2135532924107143,0.516845703125,2.2048398426600864,0.6614519527980259,0.100 2.033 1.980 2.404 2.787 2.704 1.860 1.667
W30-b1,position_scan,44,4,28800,0.3,0.8818359375,0.93994140625,0.0302734375,0.8418166637420654,0.25254499912261963,-0.016 0.847 0.807 0.871
W30-b1,position_scan,44,6,28800,0.3,0.0,0.014062499999999999,0.8022460937500001,1.6203189094861348,0.48609567284584043,0.164 1.311 1.616 1.790 1.718 1.667
W30-b1,position_scan,44,8,28800,0.3,0.0,0.4337332589285714,0.3291015625,2.482224702835083,0.7446674108505249,0.186 2.523 2.306 2.415 2.734 3.212 2.519 1.667
W30-b1,position_scan,44,4,36000,0.3,0.8583984375,0.9251302083333333,0.03857421875,0.8398834202024673,0.25196502606074017,-0.027 0.825 0.762 0.933
W30-b1,position_scan,44,6,36000,0.3,0.0,0.010481770833333334,0.8089192708333335,1.6744896968205771,0.5023469090461731,0.027 1.464 1.682 1.707 1.853 1.667
W30-b1,position_scan,44,8,36000,0.3,0.0,0.40150669642857134,0.35302734375,2.5222071579524448,0.7566621473857335,-0.009 2.969 2.131 2.572 2.617 3.451 2.249 1.667
W30-b1,position_scan,55,4,900,0.3,0.1337890625,0.39583333333333337,0.354248046875,0.8414113521575928,0.25242340564727783,0.398 0.916 0.726 0.883
W30-b1,position_scan,55,6,900,0.3,0.0,0.17929687500000002,0.5525716145833333,1.3171965678532918,0.3951589703559875,0.638 1.313 1.715 1.455 1.086 1.017
W30-b1,position_scan,55,8,900,0.3,0.0,0.22073800223214288,0.516357421875,1.9027261506943476,0.5708178452083043,0.996 1.420 2.416 2.469 2.189 1.728 2.029 1.067
W30-b1,position_scan,55,4,1800,0.3,0.533203125,0.7247721354166666,0.150146484375,0.5872423781288996,0.17617271343866986,0.246 0.626 0.391 0.745
W30-b1,position_scan,55,6,1800,0.3,0.0068359375,0.28509114583333334,0.447265625,0.9570199449857075,0.28710598349571226,0.484 1.185 1.068 0.843 0.624 1.065
W30-b1,position_scan,55,8,1800,0.3,0.0,0.16298130580357145,0.5784912109375,1.449310580889384,0.4347931742668152,0.864 1.335 2.013 1.632 1.412 1.164 1.409 1.180
W30-b1,position_scan,55,4,3600,0.3,0.20703125,0.5406901041666667,0.248291015625,0.7200415929158529,0.21601247787475586,0.190 0.583 0.485 1.092
W30-b1,position_scan,55,6,3600,0.3,0.0009765625,0.13951822916666667,0.6053059895833334,1.27291335662206,0.381874006986618,0.502 1.290 1.210 1.141 1.306 1.417
W30-b1,position_scan,55,8,3600,0.3,0.0,0.12601143973214285,0.630126953125,1.948957443237305,0.5846872329711914,0.983 1.976 1.952 1.959 1.878 2.087 2.270 1.522
W30-b1,position_scan,55,4,7200,0.3,0.109375,0.40836588541666674,0.337158203125,0.9267442756228977,0.2780232826868693,-0.084 0.934 0.783 1.064
W30-b1,position_scan,55,6,7200,0.3,0.0,0.0701171875,0.6962890625,1.692650099595388,0.5077950298786164,0.097 1.661 1.815 1.716 1.721 1.549
W30-b1,position_scan,55,8,7200,0.3,0.0,0.37677873883928564,0.3763427734375,2.4488162426721485,0.7346448728016445,0.299 1.693 2.713 2.958 2.760 2.877 2.506 1.635
W30-b1,position_scan,55,4,14400,0.3,0.796875,0.8878580729166667,0.05908203125,0.8451057142681546,0.25353171428044635,-0.118 0.841 0.833 0.862
W30-b1,position_scan,55,6,14400,0.3,0.0,0.03365885416666666,0.7625325520833335,1.6350172956784566,0.49050518870353693,-0.070 1.283 1.618 1.842 1.767 1.665
W30-b1,position_scan,55,8,14400,0.3,0.0,0.2732631138392857,0.4586181640625,1.99774512222835,0.599323536668505,-0.015 0.312 2.048 2.577 2.855 3.035 1.490 1.667
W30-b1,position_scan,55,4,28800,0.3,0.1611328125,0.49088541666666674,0.277099609375,0.9658267100652059,0.28974801301956177,0.090 1.061 0.859 0.977
W30-b1,position_scan,55,6,28800,0.3,0.0,0.013411458333333333,0.8017578125000001,1.7550719579060874,0.5265215873718262,0.280 1.470 1.821 1.923 1.907 1.654
W30-b1,position_scan,55,8,28800,0.3,0.0,0.3893694196428571,0.3599853515625,2.5549698443639848,0.7664909533091954,0.319 3.052 2.887 2.685 2.953 3.217 1.424 1.667
W30-b1,position_scan,55,4,36000,0.3,0.79296875,0.8880208333333334,0.05859375,0.8098385731379191,0.2429515719413757,0.237 0.913 0.667 0.849
W30-b1,position_scan,55,6,36000,0.3,0.0,0.013346354166666666,0.8030598958333335,1.629795809586843,0.4889387428760529,0.385 1.566 1.735 1.563 1.650 1.635
W30-b1,position_scan,55,8,36000,0.3,0.0,0.3591657366071428,0.38427734375,2.369722582045056,0.7109167746135168,0.345 3.010 3.101 2.577 2.459 2.580 1.195 1.666
W30-b1,position_scan,66,4,900,0.3,0.0888671875,0.37239583333333337,0.36767578125,0.8534946044286092,0.25604838132858276,0.044 0.743 0.873 0.945
W30-b1,position_scan,66,6,900,0.3,0.0,0.18470052083333335,0.54833984375,1.2906577189763386,0.38719731569290156,0.100 0.748 1.483 1.422 1.656 1.145
W30-b1,position_scan,66,8,900,0.3,0.0,0.2118443080357143,0.525390625,1.7519897790182206,0.5255969337054661,0.224 0.554 1.703 2.102 2.036 2.144 2.494 1.232
W30-b1,position_scan,66,4,1800,0.3,0.0771484375,0.43294270833333337,0.317138671875,0.828579796685113,0.24857393900553387,-0.170 0.542 0.806 1.138
W30-b1,position_scan,66,6,1800,0.3,0.0,0.16341145833333337,0.5712890625,1.2812273104985556,0.38436819314956666,-0.208 0.747 1.169 1.476 1.621 1.394
W30-b1,position_scan,66,8,1800,0.3,0.0,0.1984165736607143,0.5400390625,1.841827460697719,0.5525482382093156,-0.083 0.637 1.643 1.913 2.235 2.358 2.643 1.464
W30-b1,position_scan,66,4,3600,0.3,0.220703125,0.4650065104166667,0.313232421875,0.9296348359849719,0.2788904507954916,-0.072 0.976 0.892 0.921
W30-b1,position_scan,66,6,3600,0.3,0.0,0.07897135416666665,0.6845703125,1.5869748195012412,0.47609244585037236,-0.031 1.502 1.826 1.814 1.487 1.306
W30-b1,position_scan,66,8,3600,0.3,0.0,0.31033761160714285,0.4322509765625,2.2715939226604647,0.6814781767981394,0.186 1.633 2.583 2.840 2.854 2.543 2.003 1.444
W30-b1,position_scan,66,4,7200,0.3,0.0576171875,0.35791015625,0.368896484375,0.9678769773907132,0.29036309321721393,-0.151 0.671 1.026 1.206
W30-b1,position_scan,66,6,7200,0.3,0.0,0.112109375,0.6290690104166666,1.6142203410466511,0.4842661023139953,0.064 0.949 1.502 1.943 2.043 1.634
W30-b1,position_scan,66,8,7200,0.3,0.0,0.3231375558035714,0.41748046875,2.3145209039960593,0.6943562711988177,0.341 1.125 1.789 2.578 2.986 3.208 2.854 1.662
W30-b1,position_scan,66,4,14400,0.3,0.71875,0.849609375,0.077880859375,0.8184074030982124,0.24552222092946369,-0.206 0.745 0.846 0.865
W30-b1,position_scan,66,6,14400,0.3,0.0,0.04036458333333333,0.74853515625,1.622278054555257,0.4866834163665771,-0.123 1.212 1.606 1.876 1.751 1.666
W30-b1,position_scan,66,8,14400,0.3,0.0,0.36216517857142855,0.3839111328125,2.253812494732085,0.6761437484196254,-0.017 -0.367 1.965 2.668 2.918 3.320 3.605 1.667
W30-b1,position_scan,66,4,28800,0.3,0.890625,0.943359375,0.02880859375,0.8460029628541735,0.25380088885625207,-0.034 0.767 0.893 0.878
W30-b1,position_scan,66,6,28800,0.3,0.0,0.0166015625,0.7949218750000001,1.6114447315533955,0.48343341946601864,0.010 1.185 1.611 1.854 1.741 1.667
W30-b1,position_scan,66,8,28800,0.3,0.0,0.4373604910714285,0.3272705078125,2.619659843898955,0.7858979531696865,-0.030 2.169 3.119 2.538 2.830 2.571 3.444 1.667
W30-b1,position_scan,66,4,36000,0.3,0.8251953125,0.9098307291666667,0.046142578125,0.8727849854363336,0.2618354956309001,0.070 0.863 0.841 0.914
W30-b1,position_scan,66,6,36000,0.3,0.0,0.0109375,0.8087565104166667,1.6526534159978232,0.4957960247993469,0.051 1.436 1.627 1.770 1.763 1.667
W30-b1,position_scan,66,8,36000,0.3,0.0,0.3281947544642857,0.412841796875,2.5058818998790926,0.7517645699637278,0.467 1.893 1.573 2.712 2.672 3.377 3.648 1.667
W30-b1,position_scan,77,4,900,0.3,0.029296875,0.26090494791666663,0.4580078125,1.031645139058431,0.30949354171752924,0.072 0.901 1.012 1.182
W30-b1,position_scan,77,6,900,0.3,0.0,0.17519531250000003,0.5584309895833334,1.630389412244161,0.48911682367324827,0.103 1.117 1.798 1.827 2.078 1.332
W30-b1,position_scan,77,8,900,0.3,0.0,0.28860909598214285,0.4527587890625,2.257199429330372,0.6771598287991116,0.284 0.877 2.341 2.593 2.685 2.804 3.102 1.398
W30-b1,position_scan,77,4,1800,0.3,0.291015625,0.5382486979166666,0.262451171875,0.7893737819459704,0.2368121345837911,0.082 0.741 0.700 0.927
W30-b1,position_scan,77,6,1800,0.3,0.0,0.14388020833333337,0.5953776041666667,1.3102144797643025,0.39306434392929074,0.082 1.251 1.391 1.438 1.280 1.192
W30-b1,position_scan,77,8,1800,0.3,0.0,0.20493861607142858,0.532470703125,1.9397775615964619,0.5819332684789386,0.287 1.277 2.232 2.262 2.211 2.121 2.200 1.277
W30-b1,position_scan,77,4,3600,0.3,0.4892578125,0.6975911458333334,0.1640625,0.729105273882548,0.21873158216476438,-0.052 0.711 0.600 0.876
W30-b1,position_scan,77,6,3600,0.3,0.0009765625,0.12799479166666666,0.6142578125,1.2965240677197776,0.38895722031593327,0.126 1.437 1.336 1.297 1.141 1.271
W30-b1,position_scan,77,8,3600,0.3,0.0,0.1585518973214286,0.58447265625,1.9056595507122223,0.5716978652136666,0.482 1.585 2.242 2.117 2.094 2.011 1.873 1.418
W30-b1,position_scan,77,4,7200,0.3,0.4931640625,0.716796875,0.14990234375,0.8008668820063273,0.24026006460189817,-0.116 0.867 0.710 0.826
W30-b1,position_scan,77,6,7200,0.3,0.0,0.07115885416666666,0.6975911458333334,1.5472461779912314,0.4641738533973694,0.053 1.515 1.632 1.642 1.357 1.590
W30-b1,position_scan,77,8,7200,0.3,0.0,0.30953543526785715,0.4307861328125,2.189734351067316,0.6569203053201949,0.279 0.914 2.463 2.719 2.703 2.548 2.321 1.660
W30-b1,position_scan,77,4,14400,0.3,0.3828125,0.6500651041666667,0.18603515625,0.8728834655549792,0.26186503966649377,-0.075 0.840 0.776 1.003
W30-b1,position_scan,77,6,14400,0.3,0.0,0.035286458333333326,0.7586263020833334,1.6720598538716636,0.5016179561614991,0.080 1.405 1.657 1.827 1.804 1.667
W30-b1,position_scan,77,8,14400,0.3,0.0,0.3939034598214285,0.36279296875,2.207717696825663,0.6623153090476989,0.278 -0.061 2.258 2.685 2.895 3.428 2.583 1.667
W30-b1,position_scan,77,4,28800,0.3,0.859375,0.9274088541666666,0.036865234375,0.8312794235017565,0.24938382705052695,-0.084 0.820 0.832 0.843
W30-b1,position_scan,77,6,28800,0.3,0.0,0.014778645833333333,0.8002929687500001,1.6210198601086934,0.486305958032608,-0.058 1.280 1.677 1.877 1.605 1.666
W30-b1,position_scan,77,8,28800,0.3,0.0,0.3699079241071428,0.3768310546875,2.241268895921253,0.6723806687763759,0.009 0.785 2.269 2.853 2.920 3.480 1.715 1.667
W30-b1,position_scan,77,4,36000,0.3,0.8603515625,0.92626953125,0.037841796875,0.8531042602327136,0.2559312780698141,-0.027 0.804 0.870 0.886
W30-b1,position_scan,77,6,36000,0.3,0.0,0.013541666666666667,0.8025716145833334,1.6517161925633748,0.4955148577690124,-0.053 1.327 1.591 1.811 1.865 1.665
W30-b1,position_scan,77,8,36000,0.3,0.0,0.3067103794642857,0.427734375,2.246251730691819,0.6738755192075457,-0.048 2.760 2.470 2.514 2.765 2.147 1.401 1.667
W30-b1,position_scan,88,4,900,0.3,0.0751953125,0.34716796875,0.384521484375,0.9010668595631919,0.2703200578689576,0.252 1.011 0.760 0.932
W30-b1,position_scan,88,6,900,0.3,0.0,0.1638671875,0.5693359375,1.382131536801656,0.4146394610404968,0.419 1.287 1.740 1.406 1.380 1.098
W30-b1,position_scan,88,8,900,0.3,0.0,0.21125139508928573,0.5257568359375,1.867765443665641,0.5603296330996923,0.738 1.064 2.334 2.300 2.081 1.927 2.186 1.181
W30-b1,position_scan,88,4,1800,0.3,0.173828125,0.4501953125,0.31884765625,0.8908920155631171,0.2672676046689351,0.144 0.861 0.817 0.994
W30-b1,position_scan,88,6,1800,0.3,0.0,0.11529947916666666,0.63134765625,1.4331738551457724,0.4299521565437317,0.318 1.348 1.579 1.528 1.454 1.258
W30-b1,position_scan,88,8,1800,0.3,0.0,0.22467912946428573,0.511474609375,2.071102942739215,0.6213308828217644,0.686 1.247 2.389 2.376 2.381 2.280 2.495 1.330
W30-b1,position_scan,88,4,3600,0.3,0.0224609375,0.2666015625,0.443603515625,1.0375148057937622,0.31125444173812866,-0.224 0.793 1.088 1.232
W30-b1,position_scan,88,6,3600,0.3,0.0,0.11490885416666666,0.63037109375,1.6424193580945332,0.4927258074283599,-0.088 1.048 1.667 2.004 2.029 1.463
W30-b1,position_scan,88,8,3600,0.3,0.0,0.3591657366071428,0.39013671875,2.3261268933614097,0.6978380680084229,0.198 0.775 2.071 2.618 3.023 3.155 3.103 1.538
W30-b1,position_scan,88,4,7200,0.3,0.0712890625,0.39876302083333337,0.336669921875,0.886535578303867,0.2659606734911601,-0.179 0.630 0.930 1.100
W30-b1,position_scan,88,6,7200,0.3,0.0,0.08795572916666666,0.6707356770833333,1.5848519404729209,0.4754555821418762,0.057 1.069 1.376 1.785 2.052 1.643
W30-b1,position_scan,88,8,7200,0.3,0.0,0.3289620535714285,0.4144287109375,2.1311316319874356,0.6393394895962307,0.284 0.463 1.779 2.323 2.739 3.130 2.818 1.665
W30-b1,position_scan,88,4,14400,0.3,0.529296875,0.7374674479166667,0.138916015625,0.8676306406656901,0.26028919219970703,0.182 0.933 0.707 0.962
W30-b1,position_scan,88,6,14400,0.3,0.0,0.0251953125,0.77880859375,1.6928920348485312,0.5078676104545593,0.350 1.727 1.715 1.661 1.697 1.665
W30-b1,position_scan,88,8,14400,0.3,0.0,0.3270089285714286,0.41455078125,2.2915000007266086,0.6874500002179825,0.545 2.809 2.573 2.609 2.587 2.589 1.208 1.667
W30-b1,position_scan,88,4,28800,0.3,0.2919921875,0.625,0.193359375,0.87520698706309,0.262562096118927,-0.087 0.714 0.898 1.013
W30-b1,position_scan,88,6,28800,0.3,0.0,0.022721354166666666,0.7825520833333334,1.6620646317799885,0.49861938953399654,0.014 1.313 1.469 1.916 1.946 1.667
W30-b1,position_scan,88,8,28800,0.3,0.0,0.2583356584821429,0.4718017578125,2.0687874725886752,0.6206362417766026,0.081 0.168 2.188 2.145 2.896 3.927 1.491 1.667
W30-b1,position_scan,88,4,36000,0.3,0.404296875,0.6599934895833333,0.18115234375,0.8499423662821451,0.25498270988464355,0.197 0.966 0.642 0.942
W30-b1,position_scan,88,6,36000,0.3,0.0,0.023242187499999997,0.7845052083333335,1.619959314664205,0.4859877943992615,0.244 1.742 1.831 1.582 1.498 1.446
W30-b1,position_scan,88,8,36000,0.3,0.0,0.318115234375,0.4197998046875,1.792314932459877,0.5376944797379631,0.240 -0.255 2.725 2.631 2.477 2.218 1.084 1.667
W30-b1,phase_scan,11,4,900,0.3,0.5830078125,0.7517903645833333,0.135498046875,0.4264518287446764,0.12793554862340292,-0.160 0.578 0.547 0.155
W30-b1,phase_scan,11,6,900,0.3,0.017578125,0.3598307291666667,0.38688151041666663,0.6242046554883319,0.18726139664649957,0.263 0.498 0.771 1.145 0.951 -0.243
W30-b1,phase_scan,11,8,900,0.3,0.0,0.23245675223214288,0.5067138671875,0.7624502125240509,0.22873506375721525,0.726 -0.641 1.596 1.074 1.715 1.044 1.254 -0.705
W30-b1,phase_scan,11,4,1800,0.3,0.6728515625,0.8113606770833333,0.101318359375,0.4605833689371745,0.13817501068115234,0.029 0.691 0.502 0.189
W30-b1,phase_scan,11,6,1800,0.3,0.0126953125,0.341796875,0.39990234375,0.8330509861310322,0.24991529583930966,0.241 1.362 0.982 1.133 0.723 -0.035
W30-b1,phase_scan,11,8,1800,0.3,0.0,0.2554408482142857,0.48046875,1.0836910633813768,0.32510731901441303,0.628 0.743 2.092 1.472 1.669 0.841 1.085 -0.317
W30-b1,phase_scan,11,4,3600,0.3,0.7421875,0.8590494791666667,0.073974609375,0.5048391554090713,0.1514517466227214,0.022 0.607 0.620 0.288
W30-b1,phase_scan,11,6,3600,0.3,0.00390625,0.37519531250000004,0.36832682291666663,0.8491823275883992,0.25475469827651975,0.233 0.745 0.836 1.353 1.128 0.184
W30-b1,phase_scan,11,8,3600,0.3,0.0,0.21944754464285715,0.517578125,1.1904954058783397,0.3571486217635019,0.593 0.709 1.370 1.157 2.047 1.498 1.503 0.049
W30-b1,phase_scan,11,4,7200,0.3,0.876953125,0.9231770833333333,0.042236328125,0.43279071648915607,0.12983721494674683,-0.124 0.532 0.409 0.357
W30-b1,phase_scan,11,6,7200,0.3,0.0625,0.4854166666666668,0.2928059895833333,0.7991293271382647,0.2397387981414794,0.154 0.656 0.764 1.145 1.048 0.383
W30-b1,phase_scan,11,8,7200,0.3,0.0,0.25289481026785715,0.484619140625,1.003692206882295,0.30110766206468853,0.546 0.029 0.841 1.084 1.808 1.318 1.581 0.366
W30-b1,phase_scan,11,4,14400,0.3,0.912109375,0.9493815104166666,0.027099609375,0.3477051522996691,0.10431154568990073,0.037 0.505 0.396 0.142
W30-b1,phase_scan,11,6,14400,0.3,0.134765625,0.6032552083333333,0.21468098958333331,0.7382866342862444,0.22148599028587332,0.165 0.588 0.941 1.079 0.775 0.308
W30-b1,phase_scan,11,8,14400,0.3,0.0,0.251220703125,0.47998046875,1.1594088872273765,0.34782266616821295,0.440 0.678 1.495 1.521 1.528 1.503 1.151 0.239
W30-b1,phase_scan,11,4,28800,0.3,0.931640625,0.962890625,0.019287109375,0.3899625937143962,0.11698877811431885,-0.033 0.523 0.555 0.092
W30-b1,phase_scan,11,6,28800,0.3,0.0068359375,0.5623046875,0.2333984375,0.7676543792088824,0.23029631376266468,-0.092 0.635 0.970 1.211 0.791 0.231
W30-b1,phase_scan,11,8,28800,0.3,0.0,0.2509765625,0.4769287109375,1.2694074994041806,0.3808222498212542,0.327 0.784 1.393 1.290 1.324 2.742 1.366 -0.014
W30-b1,phase_scan,11,4,36000,0.3,0.9609375,0.9791666666666666,0.0107421875,0.3698441055085924,0.11095323165257773,0.014 0.479 0.358 0.272
W30-b1,phase_scan,11,6,36000,0.3,0.6083984375,0.8429036458333333,0.08284505208333333,0.7653582294782,0.22960746884345998,-0.003 0.595 0.971 0.924 0.876 0.461
W30-b1,phase_scan,11,8,36000,0.3,0.0,0.1988351004464286,0.536376953125,1.2984365792501542,0.38953097377504625,0.438 0.947 2.200 1.288 1.172 1.512 1.739 0.232
W30-b1,phase_scan,22,4,900,0.3,0.556640625,0.7255859375,0.15234375,0.3692545493443807,0.1107763648033142,-0.094 0.388 0.459 0.261
W30-b1,phase_scan,22,6,900,0.3,0.0439453125,0.3897135416666667,0.3675130208333333,0.48771645625432314,0.14631493687629693,0.368 0.368 0.342 0.957 0.920 -0.148
W30-b1,phase_scan,22,8,900,0.3,0.0,0.25791713169642855,0.4798583984375,0.5592793226242065,0.16778379678726196,0.887 -0.548 1.269 0.403 1.190 0.748 1.452 -0.600
W30-b1,phase_scan,22,4,1800,0.3,0.5576171875,0.7550455729166666,0.1298828125,0.5737892786661785,0.17213678359985354,-0.024 0.613 0.698 0.410
W30-b1,phase_scan,22,6,1800,0.3,0.0,0.29069010416666674,0.43880208333333326,0.9487869938214619,0.2846360981464386,0.306 0.774 0.958 1.390 1.488 0.135
W30-b1,phase_scan,22,8,1800,0.3,0.0,0.2179478236607143,0.5196533203125,1.2881508043834142,0.3864452413150243,0.749 0.673 1.400 1.436 2.032 1.871 1.838 -0.232
W30-b1,phase_scan,22,4,3600,0.3,0.8037109375,0.8889973958333333,0.058837890625,0.4558228121863472,0.13674684365590414,-0.098 0.597 0.452 0.318
W30-b1,phase_scan,22,6,3600,0.3,0.015625,0.4402994791666668,0.32177734375,0.7618547876675921,0.2285564363002776,0.132 0.620 0.891 1.184 0.943 0.171
W30-b1,phase_scan,22,8,3600,0.3,0.0,0.23828125,0.4967041015625,1.1003873745600385,0.33011621236801153,0.466 1.027 1.187 1.227 1.830 1.179 1.301 -0.049
W30-b1,phase_scan,22,4,7200,0.3,0.8291015625,0.9046223958333334,0.050537109375,0.4270733065075345,0.12812199195226034,-0.068 0.536 0.454 0.292
W30-b1,phase_scan,22,6,7200,0.3,0.0087890625,0.42558593750000007,0.3308919270833333,0.7753179868062335,0.23259539604187005,0.288 0.448 0.877 1.285 0.997 0.270
W30-b1,phase_scan,22,8,7200,0.3,0.0,0.2189243861607143,0.5145263671875,1.194201225326175,0.35826036759785246,0.694 1.396 0.594 1.305 2.050 1.496 1.337 0.181
W30-b1,phase_scan,22,4,14400,0.3,0.9423828125,0.9695638020833333,0.015625,0.3561226526896159,0.10683679580688477,-0.023 0.401 0.377 0.290
W30-b1,phase_scan,22,6,14400,0.3,0.2509765625,0.6841796874999999,0.16764322916666666,0.7183209260304766,0.21549627780914296,0.149 0.690 0.603 1.063 0.823 0.412
W30-b1,phase_scan,22,8,14400,0.3,0.0009765625,0.24710518973214285,0.48486328125,1.1061636039188931,0.3318490811756679,0.541 1.916 -0.600 1.044 1.586 1.898 1.479 0.421
W30-b1,phase_scan,22,4,28800,0.3,0.947265625,0.9723307291666667,0.01416015625,0.3638895352681479,0.10916686058044436,0.039 0.513 0.485 0.094
W30-b1,phase_scan,22,6,28800,0.3,0.0107421875,0.5525390625000001,0.24137369791666663,0.7710585792859392,0.23131757378578177,0.091 0.654 0.960 1.132 0.771 0.338
W30-b1,phase_scan,22,8,28800,0.3,0.0,0.2189243861607143,0.51123046875,1.5916177772340323,0.4774853331702097,0.543 2.271 2.358 1.464 1.647 2.318 1.095 -0.010
W30-b1,phase_scan,22,4,36000,0.3,0.9736328125,0.9845377604166667,0.00830078125,0.31908240583207875,0.09572472174962363,-0.046 0.393 0.461 0.103
W30-b1,phase_scan,22,6,36000,0.3,0.091796875,0.6192057291666667,0.20084635416666666,0.7543327411015825,0.22629982233047474,0.006 0.592 0.975 1.048 0.759 0.399
W30-b1,phase_scan,22,8,36000,0.3,0.0,0.3052804129464285,0.426513671875,0.6876070442653839,0.20628211327961515,0.426 0.435 -0.754 1.567 1.481 2.113 -0.118 0.089
W30-b1,phase_scan,33,4,900,0.3,0.5419921875,0.7303059895833333,0.146484375,0.5091086361143325,0.15273259083429977,-0.013 0.659 0.573 0.296
W30-b1,phase_scan,33,6,900,0.3,0.0126953125,0.32890625000000007,0.4119466145833333,0.7901423772176105,0.23704271316528314,0.290 0.853 0.907 1.194 1.086 -0.089
W30-b1,phase_scan,33,8,900,0.3,0.0,0.235107421875,0.502197265625,0.9808436461857387,0.2942530938557216,0.774 -0.121 1.726 1.375 1.768 1.141 1.479 -0.502
W30-b1,phase_scan,33,4,1800,0.3,0.6220703125,0.7893880208333334,0.111572265625,0.5238848924636842,0.15716546773910525,0.059 0.510 0.649 0.412
W30-b1,phase_scan,33,6,1800,0.3,0.0068359375,0.3250651041666668,0.4109700520833333,0.9243366916974385,0.27730100750923153,0.278 0.869 0.706 1.306 1.551 0.189
W30-b1,phase_scan,33,8,1800,0.3,0.0,0.23050362723214288,0.5054931640625,1.2439728350866408,0.37319185052599224,0.609 0.410 1.422 1.100 1.981 2.004 1.899 -0.109
W30-b1,phase_scan,33,4,3600,0.3,0.806640625,0.88671875,0.060791015625,0.35633544127146405,0.10690063238143921,-0.216 0.444 0.392 0.233
W30-b1,phase_scan,33,6,3600,0.3,0.0947265625,0.537109375,0.25944010416666663,0.6137506564458208,0.18412519693374624,0.000 0.423 0.562 1.097 0.848 0.139
W30-b1,phase_scan,33,8,3600,0.3,0.0029296875,0.3514578683035714,0.394775390625,0.7849568980080741,0.23548706940242223,0.292 0.035 0.859 0.714 1.725 1.036 1.135 -0.009
W30-b1,phase_scan,33,4,7200,0.3,0.8701171875,0.9248046875,0.040283203125,0.44775181346469467,0.13432554403940838,-0.140 0.543 0.465 0.335
W30-b1,phase_scan,33,6,7200,0.3,0.0087890625,0.46217447916666676,0.30322265625,0.8197176655133562,0.24591529965400685,0.093 0.614 0.783 1.281 1.017 0.404
W30-b1,phase_scan,33,8,7200,0.3,0.0,0.2667061941964286,0.468017578125,1.1061045669374012,0.3318313700812204,0.422 0.500 0.624 1.064 2.006 1.707 1.449 0.393
W30-b1,phase_scan,33,4,14400,0.3,0.91796875,0.9527994791666667,0.025146484375,0.3826340039571126,0.11479020118713378,-0.075 0.483 0.475 0.190
W30-b1,phase_scan,33,6,14400,0.3,0.0068359375,0.4710286458333334,0.29508463541666663,0.8479404052098589,0.25438212156295764,-0.027 0.739 1.010 1.228 0.905 0.357
W30-b1,phase_scan,33,8,14400,0.3,0.0,0.21881975446428573,0.5142822265625,1.6559002512977234,0.496770075389317,0.420 2.078 2.928 1.412 1.881 1.680 1.479 0.133
W30-b1,phase_scan,33,4,28800,0.3,0.9482421875,0.9679361979166666,0.017578125,0.2913112772835626,0.08739338318506877,-0.023 0.396 0.455 0.023
W30-b1,phase_scan,33,6,28800,0.3,0.2001953125,0.7128906249999999,0.14680989583333331,0.7267155249913531,0.21801465749740592,0.096 0.623 0.881 1.063 0.746 0.321
W30-b1,phase_scan,33,8,28800,0.3,0.0,0.2485700334821429,0.4837646484375,0.783770623661223,0.2351311870983669,0.532 1.639 -0.364 1.118 1.386 1.738 -0.124 0.094
W30-b1,phase_scan,33,4,36000,0.3,0.927734375,0.9638671875,0.01806640625,0.3219640917248196,0.09658922751744588,0.116 0.423 0.450 0.093
W30-b1,phase_scan,33,6,36000,0.3,0.197265625,0.6424479166666667,0.19205729166666666,0.7392536004384356,0.22177608013153066,0.323 0.664 1.002 0.985 0.769 0.276
W30-b1,phase_scan,33,8,36000,0.3,0.0,0.19911411830357145,0.5294189453125,1.1593564919063024,0.34780694757189073,0.515 1.852 0.612 1.288 1.215 2.053 1.038 0.057
W30-b1,phase_scan,44,4,900,0.3,0.4228515625,0.6559244791666667,0.188720703125,0.4765154918034871,0.14295464754104614,0.114 0.496 0.688 0.246
W30-b1,phase_scan,44,6,900,0.3,0.005859375,0.3117838541666667,0.4236653645833333,0.785917540391286,0.2357752621173858,0.547 0.693 0.720 1.351 1.334 -0.169
W30-b1,phase_scan,44,8,900,0.3,0.0,0.23078264508928575,0.5054931640625,0.9835795845304218,0.29507387535912655,1.037 0.031 1.477 0.934 1.956 1.607 1.521 -0.640
W30-b1,phase_scan,44,4,1800,0.3,0.6416015625,0.7950846354166667,0.109619140625,0.49446894062889957,0.14834068218866986,0.112 0.562 0.594 0.327
W30-b1,phase_scan,44,6,1800,0.3,0.0078125,0.33027343750000004,0.40706380208333326,0.8499548037846882,0.25498644113540647,0.384 0.824 0.849 1.316 1.215 0.046
W30-b1,phase_scan,44,8,1800,0.3,0.0,0.21857561383928575,0.51806640625,1.1303729386556718,0.3391118815967015,0.814 0.379 1.621 1.246 1.947 1.491 1.550 -0.321
W30-b1,phase_scan,44,4,3600,0.3,0.7314453125,0.845703125,0.082763671875,0.5041842328177558,0.15125526984532675,0.188 0.757 0.481 0.274
W30-b1,phase_scan,44,6,3600,0.3,0.0048828125,0.2997395833333334,0.4324544270833333,0.9078397353490193,0.27235192060470576,0.332 1.201 1.106 1.222 0.905 0.105
W30-b1,phase_scan,44,8,3600,0.3,0.0,0.20113699776785715,0.5335693359375,1.357457240422567,0.40723717212677013,0.615 1.564 1.998 1.667 1.931 1.202 1.270 -0.130
W30-b1,phase_scan,44,4,7200,0.3,0.8212890625,0.9031575520833333,0.05029296875,0.37218372027079266,0.11165511608123779,-0.200 0.503 0.351 0.263
W30-b1,phase_scan,44,6,7200,0.3,0.1328125,0.5313802083333334,0.2654622395833333,0.6919381817181903,0.2075814545154571,0.096 0.441 0.696 1.044 1.040 0.240
W30-b1,phase_scan,44,8,7200,0.3,0.001953125,0.2840053013392857,0.453857421875,1.0013737848826818,0.30041213546480455,0.473 0.597 0.493 0.992 1.669 1.705 1.374 0.181
W30-b1,phase_scan,44,4,14400,0.3,0.91796875,0.9554036458333333,0.023193359375,0.322075883547465,0.0966227650642395,-0.120 0.386 0.419 0.161
W30-b1,phase_scan,44,6,14400,0.3,0.1875,0.6294921875,0.20003255208333331,0.718661566575368,0.21559846997261037,-0.065 0.616 0.667 1.072 0.926 0.312
W30-b1,phase_scan,44,8,14400,0.3,0.0009765625,0.294921875,0.4405517578125,1.059839583578564,0.31795187507356915,0.211 0.664 0.526 1.042 1.518 2.048 1.642 -0.019
W30-b1,phase_scan,44,4,28800,0.3,0.9560546875,0.9767252604166667,0.011962890625,0.3868355353673299,0.11605066061019896,-0.010 0.456 0.539 0.166
W30-b1,phase_scan,44,6,28800,0.3,0.0009765625,0.5498697916666668,0.2412109375,0.8168446024258931,0.24505338072776792,-0.004 0.689 0.964 1.235 0.800 0.395
W30-b1,phase_scan,44,8,28800,0.3,0.0,0.3194056919642857,0.4178466796875,1.5786868049984886,0.47360604149954655,0.468 2.470 4.153 1.639 1.748 1.333 -0.424 0.131
W30-b1,phase_scan,44,4,36000,0.3,0.962890625,0.9801432291666667,0.01025390625,0.36725130346086293,0.11017539103825888,0.003 0.492 0.463 0.146
W30-b1,phase_scan,44,6,36000,0.3,0.0107421875,0.48001302083333347,0.28564453125,0.7897360523541765,0.23692081570625295,0.019 0.588 1.023 1.099 0.830 0.408
W30-b1,phase_scan,44,8,36000,0.3,0.0,0.23985072544642858,0.4857177734375,1.4706605956667949,0.44119817870003847,0.510 2.321 2.122 1.666 1.512 2.762 -0.320 0.231
W30-b1,phase_scan,55,4,900,0.3,0.6064453125,0.7561848958333334,0.1357421875,0.40252625942230225,0.12075787782669067,0.035 0.435 0.546 0.227
W30-b1,phase_scan,55,6,900,0.3,0.0361328125,0.3924479166666668,0.3642578125,0.5895630319913225,0.17686890959739676,0.386 0.518 0.626 1.162 0.785 -0.144
W30-b1,phase_scan,55,8,900,0.3,0.0009765625,0.2581263950892857,0.4808349609375,0.7658233245213826,0.22974699735641477,0.846 -0.190 1.354 0.860 1.664 0.996 1.255 -0.579
W30-b1,phase_scan,55,4,1800,0.3,0.740234375,0.83837890625,0.089599609375,0.38047903113894993,0.11414370934168497,-0.114 0.514 0.405 0.223
W30-b1,phase_scan,55,6,1800,0.3,0.0869140625,0.4962890625000001,0.28759765625,0.6166092356046039,0.18498277068138116,0.103 0.701 0.705 1.026 0.603 0.049
W30-b1,phase_scan,55,8,1800,0.3,0.0009765625,0.3029436383928571,0.437744140625,0.7760549726940338,0.23281649180821012,0.449 -0.216 1.553 1.071 1.531 0.729 0.983 -0.218
W30-b1,phase_scan,55,4,3600,0.3,0.7294921875,0.8533528645833334,0.07666015625,0.4836195045047336,0.14508585135142008,0.011 0.585 0.488 0.378
W30-b1,phase_scan,55,6,3600,0.3,0.0205078125,0.4023437500000001,0.3486328125,0.8432568510373433,0.25297705531120296,0.244 0.760 0.746 1.170 1.216 0.325
W30-b1,phase_scan,55,8,3600,0.3,0.0,0.2567313058035714,0.4808349609375,1.115737387112209,0.3347212161336627,0.615 0.521 1.373 0.982 1.791 1.344 1.574 0.226
W30-b1,phase_scan,55,4,7200,0.3,0.833984375,0.9108072916666667,0.046142578125,0.5112446679009333,0.15337340037027997,-0.146 0.554 0.570 0.409
W30-b1,phase_scan,55,6,7200,0.3,0.0009765625,0.3707031250000001,0.36881510416666663,0.8997044165929158,0.26991132497787473,0.040 0.657 0.746 1.350 1.274 0.472
W30-b1,phase_scan,55,8,7200,0.3,0.0,0.2421177455357143,0.4920654296875,1.2690446774164834,0.380713403224945,0.339 0.811 0.963 1.135 2.140 1.845 1.484 0.506
W30-b1,phase_scan,55,4,14400,0.3,0.9423828125,0.96728515625,0.017333984375,0.3677403926849365,0.11032211780548096,-0.065 0.443 0.473 0.187
W30-b1,phase_scan,55,6,14400,0.3,0.0498046875,0.5771484375,0.22672526041666666,0.7960078914960224,0.2388023674488067,-0.095 0.699 0.825 1.176 0.919 0.361
W30-b1,phase_scan,55,8,14400,0.3,0.0,0.2649274553571429,0.4674072265625,0.9088159458977837,0.2726447837693351,0.332 -0.157 0.106 1.525 1.759 1.845 1.141 0.143
W30-b1,phase_scan,55,4,28800,0.3,0.9580078125,0.97705078125,0.011962890625,0.38372013303968644,0.11511603991190593,-0.044 0.580 0.465 0.106
W30-b1,phase_scan,55,6,28800,0.3,0.0,0.40162760416666676,0.3372395833333333,0.8363800843556719,0.25091402530670154,-0.032 0.784 1.118 1.129 0.823 0.327
W30-b1,phase_scan,55,8,28800,0.3,0.0,0.30887276785714285,0.4263916015625,1.880859023048764,0.5642577069146292,0.459 2.539 3.854 2.033 1.622 2.456 0.740 -0.078
W30-b1,phase_scan,55,4,36000,0.3,0.966796875,0.9837239583333333,0.008056640625,0.31051423814561635,0.0931542714436849,0.016 0.419 0.448 0.064
W30-b1,phase_scan,55,6,36000,0.3,0.4453125,0.7960286458333332,0.1044921875,0.7209059794743853,0.21627179384231557,0.048 0.648 0.885 1.000 0.778 0.293
W30-b1,phase_scan,55,8,36000,0.3,0.0,0.2525111607142857,0.474609375,0.8799550646827335,0.26398651940482004,0.555 2.000 -0.128 1.443 1.267 1.710 -0.116 -0.015
W30-b1,phase_scan,66,4,900,0.3,0.5830078125,0.75732421875,0.131103515625,0.4008146789338854,0.12024440368016562,-0.025 0.372 0.553 0.277
W30-b1,phase_scan,66,6,900,0.3,0.0244140625,0.40852864583333337,0.34879557291666663,0.5632991393407183,0.1689897418022155,0.370 0.317 0.419 1.071 1.117 -0.107
W30-b1,phase_scan,66,8,900,0.3,0.0,0.259521484375,0.48046875,0.6942359038761685,0.20827077116285056,0.877 -0.401 1.162 0.651 1.488 1.113 1.404 -0.557
W30-b1,phase_scan,66,4,1800,0.3,0.76171875,0.853515625,0.08056640625,0.36695546574062776,0.11008663972218832,-0.083 0.341 0.464 0.296
W30-b1,phase_scan,66,6,1800,0.3,0.09765625,0.5208333333333334,0.2718098958333333,0.5833521087964373,0.17500563263893118,0.230 0.419 0.412 1.041 0.910 0.135
W30-b1,phase_scan,66,8,1800,0.3,0.001953125,0.3116629464285714,0.4337158203125,0.7454099825450352,0.22362299476351055,0.658 -0.218 1.050 0.610 1.557 1.004 1.306 -0.092
W30-b1,phase_scan,66,4,3600,0.3,0.7265625,0.8518880208333333,0.0771484375,0.49481663439008927,0.14844499031702676,-0.127 0.527 0.632 0.325
W30-b1,phase_scan,66,6,3600,0.3,0.015625,0.41256510416666675,0.33951822916666663,0.7585059007008869,0.22755177021026604,0.216 0.413 0.587 1.248 1.377 0.167
W30-b1,phase_scan,66,8,3600,0.3,0.0,0.30405970982142855,0.4359130859375,0.9438112236204601,0.283143367086138,0.649 -0.235 0.748 0.736 1.930 1.814 1.641 -0.029
W30-b1,phase_scan,66,4,7200,0.3,0.880859375,0.93115234375,0.03662109375,0.29352154996660024,0.08805646498998007,0.221 0.452 0.325 0.104
W30-b1,phase_scan,66,6,7200,0.3,0.1552734375,0.5916015625,0.22509765625,0.6107937892278033,0.18323813676834097,0.366 0.775 0.578 1.020 0.467 0.214
W30-b1,phase_scan,66,8,7200,0.3,0.0,0.3184291294642857,0.4208984375,0.9635294051397415,0.2890588215419224,0.675 1.888 1.014 0.843 1.621 0.468 0.651 0.260
W30-b1,phase_scan,66,4,14400,0.3,0.9150390625,0.9542643229166666,0.023681640625,0.3066604004965888,0.09199812014897664,0.022 0.455 0.351 0.114
W30-b1,phase_scan,66,6,14400,0.3,0.3984375,0.7403645833333333,0.138671875,0.6984734733899431,0.20954204201698293,0.079 0.645 0.922 0.899 0.682 0.344
W30-b1,phase_scan,66,8,14400,0.3,0.0,0.3358328683035714,0.40966796875,0.6294706038066319,0.18884118114198956,0.587 0.792 -0.234 1.309 1.223 0.443 0.474 0.399
W30-b1,phase_scan,66,4,28800,0.3,0.939453125,0.96923828125,0.015380859375,0.38131104575263125,0.11439331372578937,-0.011 0.420 0.483 0.241
W30-b1,phase_scan,66,6,28800,0.3,0.009765625,0.5994791666666668,0.21012369791666663,0.7654613455136614,0.2296384036540984,-0.038 0.622 0.842 1.113 0.820 0.430
W30-b1,phase_scan,66,8,28800,0.3,0.0,0.2354561941964286,0.4896240234375,1.7916929721832275,0.5375078916549683,0.429 2.329 2.058 1.357 1.383 2.929 2.382 0.103
W30-b1,phase_scan,66,4,36000,0.3,0.951171875,0.9729817708333333,0.01416015625,0.3360778755611844,0.10082336266835532,0.004 0.483 0.450 0.075
W30-b1,phase_scan,66,6,36000,0.3,0.09765625,0.5604166666666668,0.2392578125,0.737560172875722,0.22126805186271659,0.008 0.560 1.043 1.018 0.725 0.342
W30-b1,phase_scan,66,8,36000,0.3,0.0,0.22345842633928575,0.5074462890625,0.6669548011961438,0.20008644035884313,0.478 -0.502 -1.066 1.512 1.204 2.281 1.180 0.059
W30-b1,phase_scan,77,4,900,0.3,0.541015625,0.7291666666666666,0.14794921875,0.4690844482845731,0.14072533448537192,0.095 0.672 0.579 0.157
W30-b1,phase_scan,77,6,900,0.3,0.0048828125,0.30390625000000004,0.43326822916666663,0.8003309567769366,0.24009928703308095,0.442 1.260 0.966 1.256 0.738 -0.219
W30-b1,phase_scan,77,8,900,0.3,0.0,0.22352818080357145,0.515380859375,1.0054221607389906,0.30162664822169716,0.931 0.563 2.052 1.283 1.915 0.915 1.030 -0.721
W30-b1,phase_scan,77,4,1800,0.3,0.62109375,0.7784830729166667,0.119873046875,0.4899593856599596,0.14698781569798788,-0.040 0.509 0.661 0.300
W30-b1,phase_scan,77,6,1800,0.3,0.015625,0.37617187500000004,0.3723958333333333,0.8009866674741108,0.24029600024223324,0.314 0.509 0.743 1.416 1.273 0.063
W30-b1,phase_scan,77,8,1800,0.3,0.0,0.2606026785714286,0.4764404296875,1.0728527818407332,0.32185583455221994,0.722 0.214 1.144 1.171 2.102 1.638 1.504 -0.262
W30-b1,phase_scan,77,4,3600,0.3,0.806640625,0.88720703125,0.060546875,0.40332463052537704,0.1209973891576131,-0.069 0.661 0.463 0.085
W30-b1,phase_scan,77,6,3600,0.3,0.005859375,0.4201171875000001,0.33805338541666663,0.7596155007680255,0.22788465023040766,0.111 0.875 0.926 1.213 0.770 0.014
W30-b1,phase_scan,77,8,3600,0.3,0.0,0.23978097098214288,0.4971923828125,1.0917937471753076,0.32753812415259226,0.389 1.325 1.391 1.205 1.875 0.987 0.962 -0.102
W30-b1,phase_scan,77,4,7200,0.3,0.880859375,0.9290364583333334,0.038330078125,0.4052775435977512,0.12158326307932535,-0.104 0.605 0.449 0.162
W30-b1,phase_scan,77,6,7200,0.3,0.0146484375,0.4813151041666668,0.2919921875,0.7405312259991962,0.22215936779975884,0.135 0.471 0.925 1.297 0.757 0.253
W30-b1,phase_scan,77,8,7200,0.3,0.0,0.2601841517857143,0.47265625,1.1152864921660652,0.3345859476498196,0.469 1.525 0.458 1.309 2.076 1.009 1.131 0.299
W30-b1,phase_scan,77,4,14400,0.3,0.927734375,0.9612630208333334,0.02001953125,0.39774510595533585,0.11932353178660075,-0.083 0.549 0.383 0.262
W30-b1,phase_scan,77,6,14400,0.3,0.1181640625,0.5325520833333335,0.2639973958333333,0.8181851108868914,0.2454555332660674,0.126 0.639 0.986 1.020 0.978 0.469
W30-b1,phase_scan,77,8,14400,0.3,0.0,0.18094308035714285,0.55322265625,1.624283790588379,0.48728513717651367,0.541 1.925 2.324 1.638 1.439 1.925 1.612 0.506
W30-b1,phase_scan,77,4,28800,0.3,0.962890625,0.9807942708333333,0.009765625,0.3424337175157335,0.10273011525472005,-0.025 0.457 0.473 0.097
W30-b1,phase_scan,77,6,28800,0.3,0.0078125,0.56015625,0.23600260416666666,0.773140211900075,0.23194206357002248,0.109 0.593 0.936 1.176 0.785 0.376
W30-b1,phase_scan,77,8,28800,0.3,0.0,0.155517578125,0.58056640625,1.2033386457534063,0.36100159372602186,0.520 2.056 -0.937 1.646 1.533 2.454 1.503 0.169
W30-b1,phase_scan,77,4,36000,0.3,0.95703125,0.9749348958333333,0.013427734375,0.3401578134960599,0.10204734404881796,0.001 0.435 0.458 0.127
W30-b1,phase_scan,77,6,36000,0.3,0.40625,0.7738281249999999,0.11686197916666667,0.7397595842679339,0.22192787528038016,0.077 0.617 0.917 1.002 0.728 0.436
W30-b1,phase_scan,77,8,36000,0.3,0.0,0.14460100446428573,0.5933837890625,1.0448993955339705,0.31346981866019114,0.452 1.950 -1.055 1.363 1.159 2.170 1.506 0.222
W30-b1,phase_scan,88,4,900,0.3,0.62890625,0.7584635416666667,0.136474609375,0.3370150592592028,0.10110451777776083,0.077 0.478 0.396 0.136
W30-b1,phase_scan,88,6,900,0.3,0.0625,0.41770833333333346,0.34879557291666663,0.40851052602132143,0.12255315780639642,0.463 0.229 0.495 0.864 0.755 -0.301
W30-b1,phase_scan,88,8,900,0.3,0.0029296875,0.27267020089285715,0.470947265625,0.5020884105137416,0.15062652315412248,1.002 -0.303 1.158 0.547 1.158 0.675 1.093 -0.814
W30-b1,phase_scan,88,4,1800,0.3,0.7548828125,0.8450520833333334,0.0859375,0.27897702323065865,0.08369310696919759,0.048 0.363 0.353 0.121
W30-b1,phase_scan,88,6,1800,0.3,0.1845703125,0.5620442708333333,0.2506510416666667,0.4808629949887592,0.14425889849662774,0.329 0.709 0.395 0.794 0.580 -0.073
W30-b1,phase_scan,88,8,1800,0.3,0.0068359375,0.35777064732142855,0.3958740234375,0.595571341968718,0.1786714025906154,0.714 0.179 1.258 0.453 1.138 0.498 0.991 -0.348
W30-b1,phase_scan,88,4,3600,0.3,0.8154296875,0.888671875,0.060791015625,0.31826059023539227,0.09547817707061768,-0.049 0.600 0.417 -0.063
W30-b1,phase_scan,88,6,3600,0.3,0.046875,0.4856770833333334,0.2957356770833333,0.6022005875905353,0.18066017627716058,0.114 0.690 0.772 1.174 0.577 -0.202
W30-b1,phase_scan,88,8,3600,0.3,0.0,0.3090471540178571,0.435546875,0.8292318241936821,0.24876954725810463,0.381 0.662 1.323 0.991 1.850 0.709 0.624 -0.354
W30-b1,phase_scan,88,4,7200,0.3,0.8662109375,0.9270833333333333,0.038330078125,0.439436501926846,0.1318309505780538,0.015 0.526 0.494 0.298
W30-b1,phase_scan,88,6,7200,0.3,0.013671875,0.4832682291666668,0.28873697916666663,0.7523358662923175,0.22570075988769525,0.217 0.429 0.701 1.300 0.979 0.352
W30-b1,phase_scan,88,8,7200,0.3,0.0,0.2783203125,0.45751953125,1.0516239064080375,0.3154871719224112,0.537 0.713 0.436 0.986 2.000 1.537 1.309 0.379
W30-b1,phase_scan,88,4,14400,0.3,0.9296875,0.95703125,0.0234375,0.31759434276156956,0.09527830282847087,-0.000 0.452 0.419 0.082
W30-b1,phase_scan,88,6,14400,0.3,0.1474609375,0.6140625,0.21012369791666666,0.7330738504727679,0.21992215514183036,0.099 0.550 0.944 1.073 0.905 0.193
W30-b1,phase_scan,88,8,14400,0.3,0.0,0.2066476004464286,0.5224609375,1.10957560085115,0.33287268025534494,0.434 1.709 -0.131 1.525 1.524 2.118 0.998 0.023
W30-b1,phase_scan,88,4,28800,0.3,0.94921875,0.9700520833333334,0.01611328125,0.35924216111501056,0.10777264833450316,0.031 0.502 0.467 0.109
W30-b1,phase_scan,88,6,28800,0.3,0.0009765625,0.4295572916666668,0.31868489583333326,0.8383882840474444,0.2515164852142333,-0.102 0.669 1.122 1.076 0.896 0.428
W30-b1,phase_scan,88,8,28800,0.3,0.0,0.2637765066964286,0.464111328125,1.1096450260707313,0.3328935078212194,0.334 2.353 0.709 1.213 1.158 2.191 0.046 0.097
W30-b1,phase_scan,88,4,36000,0.3,0.9609375,0.9772135416666666,0.01220703125,0.33779369460211867,0.1013381083806356,-0.022 0.436 0.498 0.079
W30-b1,phase_scan,88,6,36000,0.3,0.015625,0.6192057291666666,0.19824218749999997,0.7460373838742571,0.22381121516227712,0.062 0.657 0.937 1.123 0.724 0.289
W30-b1,phase_scan,88,8,36000,0.3,0.0,0.22199358258928575,0.5018310546875,0.855502003715152,0.2566506011145456,0.448 2.355 -0.702 1.225 1.288 2.061 -0.275 0.036
W75-b1,priority_scan,11,4,900,0.75,0.7548828125,0.8876953125,0.052734375,0.4018203020095825,0.3013652265071869,0.000 0.416 0.388 0.000
W75-b1,priority_scan,11,6,900,0.75,0.2138671875,0.7208984374999999,0.13948567708333331,0.7211801707744597,0.5408851280808448,0.000 0.636 0.773 0.799 0.676 -0.000
W75-b1,priority_scan,11,8,900,0.75,0.021484375,0.6786411830357143,0.163330078125,1.0531522432963052,0.7898641824722289,0.000 0.786 1.160 1.163 1.236 1.198 0.777 0.000
W75-b1,priority_scan,11,4,1800,0.75,0.8798828125,0.9498697916666667,0.0224609375,0.3931370576222738,0.2948527932167053,0.000 0.404 0.382 0.000
W75-b1,priority_scan,11,6,1800,0.75,0.416015625,0.807421875,0.09488932291666667,0.6940277814865111,0.5205208361148833,0.000 0.598 0.768 0.820 0.591 -0.000
W75-b1,priority_scan,11,8,1800,0.75,0.0205078125,0.7249930245535714,0.13671875,0.992405891418457,0.7443044185638428,0.000 0.710 1.097 1.149 1.212 1.089 0.697 0.000
W75-b1,priority_scan,11,4,3600,0.75,0.91796875,0.9656575520833333,0.015380859375,0.3892809947331747,0.291960746049881,0.000 0.348 0.431 0.000
W75-b1,priority_scan,11,6,3600,0.75,0.55859375,0.8534505208333332,0.07259114583333334,0.6759536862373351,0.5069652646780013,0.000 0.455 0.694 0.832 0.722 -0.000
W75-b1,priority_scan,11,8,3600,0.75,0.005859375,0.7269112723214286,0.1370849609375,0.9587003654903836,0.7190252741177877,0.000 0.534 0.833 1.057 1.237 1.299 0.793 0.000
W75-b1,priority_scan,11,4,7200,0.75,0.9501953125,0.98193359375,0.00732421875,0.3475562731424967,0.26066720485687256,0.000 0.345 0.350 0.000
W75-b1,priority_scan,11,6,7200,0.75,0.7216796875,0.9064453124999999,0.046549479166666664,0.6435828208923339,0.4826871156692504,0.000 0.549 0.654 0.707 0.664 -0.000
W75-b1,priority_scan,11,8,7200,0.75,0.048828125,0.7471051897321428,0.126953125,0.8953412108951145,0.6715059081713359,0.000 0.642 0.907 0.968 1.006 1.153 0.698 0.000
W75-b1,priority_scan,11,4,14400,0.75,0.958984375,0.98291015625,0.007568359375,0.3308108250300089,0.24810811877250669,0.000 0.325 0.337 0.000
W75-b1,priority_scan,11,6,14400,0.75,0.82421875,0.9428385416666666,0.0283203125,0.6213682889938353,0.4660262167453765,0.000 0.530 0.625 0.659 0.672 -0.000
W75-b1,priority_scan,11,8,14400,0.75,0.1171875,0.7660086495535714,0.1177978515625,0.839606973859999,0.6297052303949993,0.000 0.646 0.813 0.871 0.918 1.081 0.709 0.000
W75-b1,priority_scan,11,4,28800,0.75,0.97265625,0.9921875,0.00244140625,0.32377048333485925,0.24282786250114444,0.000 0.348 0.300 0.000
W75-b1,priority_scan,11,6,28800,0.75,0.8876953125,0.9657552083333333,0.0166015625,0.6199313402175902,0.46494850516319264,0.000 0.601 0.628 0.617 0.634 -0.000
W75-b1,priority_scan,11,8,28800,0.75,0.1328125,0.7744489397321428,0.113037109375,0.8694104618496364,0.6520578463872273,0.000 0.770 0.873 0.906 0.918 1.077 0.671 0.000
W75-b1,priority_scan,11,4,36000,0.75,0.984375,0.9931640625,0.003173828125,0.3835156758626302,0.28763675689697266,0.000 0.378 0.389 0.000
W75-b1,priority_scan,11,6,36000,0.75,0.8681640625,0.9578776041666666,0.020833333333333332,0.6557088494300841,0.49178163707256306,0.000 0.533 0.679 0.732 0.678 -0.000
W75-b1,priority_scan,11,8,36000,0.75,0.0556640625,0.75439453125,0.123291015625,0.8951257599724664,0.6713443199793497,0.000 0.569 0.838 0.976 1.075 1.205 0.708 0.000
W75-b1,priority_scan,22,4,900,0.75,0.5341796875,0.7724609375,0.11181640625,0.2124539613723755,0.15934047102928162,0.000 0.169 0.256 0.000
W75-b1,priority_scan,22,6,900,0.75,0.1923828125,0.6713541666666667,0.16959635416666666,0.3145199120044707,0.23588993400335304,0.000 0.138 0.380 0.345 0.395 -0.000
W75-b1,priority_scan,22,8,900,0.75,0.052734375,0.6345912388392858,0.19287109375,0.43827464845445424,0.3287059863408407,0.000 0.150 0.581 0.515 0.470 0.493 0.421 0.000
W75-b1,priority_scan,22,4,1800,0.75,0.85546875,0.9396158854166667,0.027099609375,0.3037590980529785,0.2278193235397339,0.000 0.280 0.328 0.000
W75-b1,priority_scan,22,6,1800,0.75,0.53515625,0.8492838541666665,0.07373046875,0.551369160413742,0.41352687031030644,0.000 0.352 0.573 0.672 0.608 -0.000
W75-b1,priority_scan,22,8,1800,0.75,0.0751953125,0.7308523995535714,0.1356201171875,0.7729102770487467,0.5796827077865601,0.000 0.333 0.684 0.866 0.981 1.052 0.722 0.000
W75-b1,priority_scan,22,4,3600,0.75,0.9248046875,0.9685872395833334,0.01416015625,0.28223303953806556,0.21167477965354917,0.000 0.278 0.286 0.000
W75-b1,priority_scan,22,6,3600,0.75,0.70703125,0.9050130208333333,0.046875,0.5232077538967131,0.39240581542253483,0.000 0.355 0.524 0.596 0.617 -0.000
W75-b1,priority_scan,22,8,3600,0.75,0.16796875,0.7719377790178572,0.1148681640625,0.7138911485671997,0.5354183614253998,0.000 0.386 0.606 0.737 0.848 0.994 0.713 0.000
W75-b1,priority_scan,22,4,7200,0.75,0.9482421875,0.97705078125,0.0107421875,0.3379054466883341,0.2534290850162506,0.000 0.352 0.323 0.000
W75-b1,priority_scan,22,6,7200,0.75,0.7294921875,0.9114583333333333,0.0439453125,0.6285031437873839,0.4713773578405379,0.000 0.522 0.672 0.646 0.674 -0.000
W75-b1,priority_scan,22,8,7200,0.75,0.150390625,0.77392578125,0.113525390625,0.8380685647328696,0.6285514235496522,0.000 0.584 0.856 0.949 0.912 1.030 0.697 0.000
W75-b1,priority_scan,22,4,14400,0.75,0.9658203125,0.9871419270833334,0.00537109375,0.42206927140553796,0.31655195355415344,0.000 0.458 0.386 0.000
W75-b1,priority_scan,22,6,14400,0.75,0.7314453125,0.9095052083333333,0.04524739583333333,0.7278830409049987,0.545912280678749,0.000 0.679 0.823 0.759 0.651 -0.000
W75-b1,priority_scan,22,8,14400,0.75,0.0380859375,0.754150390625,0.122802734375,0.9873769018385145,0.7405326763788859,0.000 0.813 1.073 1.117 1.085 1.140 0.696 0.000
W75-b1,priority_scan,22,4,28800,0.75,0.984375,0.9954427083333334,0.00146484375,0.38857579231262207,0.29143184423446655,0.000 0.401 0.376 0.000
W75-b1,priority_scan,22,6,28800,0.75,0.8564453125,0.9533854166666667,0.023111979166666664,0.7191323339939116,0.5393492504954337,0.000 0.644 0.773 0.765 0.695 -0.000
W75-b1,priority_scan,22,8,28800,0.75,0.005859375,0.7464425223214286,0.1265869140625,1.006574657228258,0.7549309929211934,0.000 0.824 1.092 1.096 1.149 1.158 0.720 0.000
W75-b1,priority_scan,22,4,36000,0.75,0.9892578125,0.99560546875,0.001953125,0.3972812493642171,0.29796093702316284,0.000 0.394 0.401 0.000
W75-b1,priority_scan,22,6,36000,0.75,0.8720703125,0.9580729166666666,0.020833333333333332,0.6920649707317351,0.5190487280488013,0.000 0.564 0.700 0.769 0.736 -0.000
W75-b1,priority_scan,22,8,36000,0.75,0.001953125,0.7423967633928572,0.1290283203125,0.9811074468824598,0.7358305851618449,0.000 0.685 0.970 0.963 1.121 1.345 0.803 0.000
W75-b1,priority_scan,33,4,900,0.75,0.4501953125,0.72509765625,0.13671875,0.3972416718800863,0.2979312539100647,0.000 0.308 0.486 0.000
W75-b1,priority_scan,33,6,900,0.75,0.1298828125,0.6313802083333333,0.19270833333333331,0.624374747276306,0.4682810604572295,0.000 0.309 0.796 0.800 0.593 -0.000
W75-b1,priority_scan,33,8,900,0.75,0.021484375,0.5862862723214286,0.222412109375,0.9226693444781833,0.6920020083586375,0.000 0.419 1.089 1.202 1.181 1.009 0.636 0.000
W75-b1,priority_scan,33,4,1800,0.75,0.822265625,0.9207356770833334,0.036865234375,0.4400868018468221,0.3300651013851166,0.000 0.413 0.467 0.000
W75-b1,priority_scan,33,6,1800,0.75,0.2587890625,0.7440104166666666,0.12760416666666666,0.7358082830905913,0.5518562123179435,0.000 0.439 0.799 0.931 0.774 -0.000
W75-b1,priority_scan,33,8,1800,0.75,0.0029296875,0.7079380580357143,0.1468505859375,1.0065242052078247,0.7548931539058685,0.000 0.292 0.863 1.217 1.397 1.400 0.870 0.000
W75-b1,priority_scan,33,4,3600,0.75,0.9013671875,0.95849609375,0.0185546875,0.3681124846140544,0.27608436346054077,0.000 0.362 0.375 0.000
W75-b1,priority_scan,33,6,3600,0.75,0.5634765625,0.8567057291666665,0.07080078125,0.6571073234081267,0.492830492556095,0.000 0.448 0.701 0.778 0.701 -0.000
W75-b1,priority_scan,33,8,3600,0.75,0.017578125,0.7282017299107143,0.1358642578125,0.8776999314626058,0.6582749485969543,0.000 0.424 0.776 0.998 1.112 1.183 0.773 0.000
W75-b1,priority_scan,33,4,7200,0.75,0.9404296875,0.9734700520833334,0.012451171875,0.4162393808364868,0.3121795356273651,0.000 0.405 0.428 0.000
W75-b1,priority_scan,33,6,7200,0.75,0.5927734375,0.8655598958333333,0.06673177083333333,0.7581047117710112,0.5685785338282584,0.000 0.631 0.760 0.848 0.794 -0.000
W75-b1,priority_scan,33,8,7200,0.75,0.013671875,0.7406529017857143,0.129150390625,0.9962386820051407,0.7471790115038555,0.000 0.627 0.912 1.073 1.197 1.359 0.809 0.000
W75-b1,priority_scan,33,4,14400,0.75,0.9638671875,0.9855143229166667,0.00634765625,0.4323595364888509,0.3242696523666382,0.000 0.436 0.429 0.000
W75-b1,priority_scan,33,6,14400,0.75,0.712890625,0.9059895833333333,0.046549479166666664,0.7145072817802428,0.5358804613351821,0.000 0.512 0.777 0.810 0.760 -0.000
W75-b1,priority_scan,33,8,14400,0.75,0.001953125,0.7383161272321428,0.1300048828125,0.9806159734725953,0.7354619801044465,0.000 0.522 0.904 1.130 1.167 1.351 0.811 0.000
W75-b1,priority_scan,33,4,28800,0.75,0.970703125,0.9879557291666666,0.00537109375,0.4351561864217123,0.3263671398162842,0.000 0.426 0.444 0.000
W75-b1,priority_scan,33,6,28800,0.75,0.833984375,0.9459635416666666,0.02685546875,0.7506065666675567,0.5629549250006675,0.000 0.645 0.820 0.836 0.702 -0.000
W75-b1,priority_scan,33,8,28800,0.75,0.001953125,0.7444545200892858,0.126953125,1.092623816596137,0.8194678624471028,0.000 0.823 1.158 1.223 1.241 1.348 0.762 0.000
W75-b1,priority_scan,33,4,36000,0.75,0.982421875,0.994140625,0.002197265625,0.4026565154393514,0.30199238657951355,0.000 0.398 0.407 0.000
W75-b1,priority_scan,33,6,36000,0.75,0.9013671875,0.968359375,0.015625,0.6672003865242003,0.5004002898931502,0.000 0.533 0.727 0.736 0.673 -0.000
W75-b1,priority_scan,33,8,36000,0.75,0.1162109375,0.77490234375,0.112060546875,0.8880157470703126,0.6660118103027345,0.000 0.660 0.995 1.041 1.034 0.902 0.695 0.000
W75-b1,priority_scan,44,4,900,0.75,0.71484375,0.8741861979166667,0.0576171875,0.17605304718017578,0.13203978538513184,0.000 0.180 0.172 0.000
W75-b1,priority_scan,44,6,900,0.75,0.322265625,0.7615234375,0.11767578124999999,0.4020070135593413,0.30150526016950596,0.000 0.332 0.405 0.396 0.475 -0.000
W75-b1,priority_scan,44,8,900,0.75,0.0888671875,0.6953473772321428,0.155517578125,0.6107115745544434,0.4580336809158325,0.000 0.384 0.657 0.575 0.609 0.778 0.661 0.000
W75-b1,priority_scan,44,4,1800,0.75,0.8525390625,0.93994140625,0.0263671875,0.3541472752888998,0.2656104564666748,0.000 0.322 0.386 0.000
W75-b1,priority_scan,44,6,1800,0.75,0.40625,0.8028645833333332,0.09733072916666666,0.6656087338924407,0.4992065504193305,0.000 0.401 0.716 0.848 0.697 -0.000
W75-b1,priority_scan,44,8,1800,0.75,0.005859375,0.711669921875,0.1441650390625,0.9159692790773181,0.6869769593079885,0.000 0.338 0.792 1.088 1.224 1.230 0.823 0.000
W75-b1,priority_scan,44,4,3600,0.75,0.9150390625,0.96630859375,0.0146484375,0.3663015365600586,0.27472615242004395,0.000 0.375 0.357 0.000
W75-b1,priority_scan,44,6,3600,0.75,0.6171875,0.8762369791666667,0.06103515625,0.650869458913803,0.4881520941853522,0.000 0.459 0.719 0.755 0.670 -0.000
W75-b1,priority_scan,44,8,3600,0.75,0.01953125,0.7310616629464286,0.134765625,0.9115378061930338,0.6836533546447754,0.000 0.487 0.863 1.046 1.134 1.197 0.742 0.000
W75-b1,priority_scan,44,4,7200,0.75,0.9267578125,0.970703125,0.0126953125,0.39440210660298664,0.29580157995224,0.000 0.410 0.379 0.000
W75-b1,priority_scan,44,6,7200,0.75,0.6669921875,0.8887369791666666,0.05550130208333333,0.7169341146945952,0.5377005860209464,0.000 0.614 0.759 0.753 0.741 -0.000
W75-b1,priority_scan,44,8,7200,0.75,0.0126953125,0.7415597098214286,0.12890625,1.0014743275112576,0.7511057456334432,0.000 0.829 0.975 1.092 1.092 1.240 0.780 0.000
W75-b1,priority_scan,44,4,14400,0.75,0.9609375,0.984375,0.0068359375,0.44046763579050696,0.33035072684288025,0.000 0.492 0.389 0.000
W75-b1,priority_scan,44,6,14400,0.75,0.6923828125,0.8972005208333331,0.051432291666666664,0.739469289779663,0.5546019673347472,0.000 0.716 0.834 0.738 0.670 -0.000
W75-b1,priority_scan,44,8,14400,0.75,0.029296875,0.7481863839285714,0.1260986328125,0.9718512694040934,0.7288884520530701,0.000 0.857 1.068 1.143 1.047 1.043 0.672 0.000
W75-b1,priority_scan,44,4,28800,0.75,0.9873046875,0.9952799479166666,0.001953125,0.32594549655914307,0.2444591224193573,0.000 0.333 0.319 0.000
W75-b1,priority_scan,44,6,28800,0.75,0.8837890625,0.9638671875,0.017740885416666664,0.6254738867282866,0.46910541504621495,0.000 0.567 0.630 0.635 0.669 -0.000
W75-b1,priority_scan,44,8,28800,0.75,0.072265625,0.7549525669642857,0.1231689453125,0.9329711066351996,0.6997283299763997,0.000 0.812 0.925 0.934 0.935 1.220 0.773 0.000
W75-b1,priority_scan,44,4,36000,0.75,0.982421875,0.9928385416666667,0.003173828125,0.43298820654551184,0.3247411549091339,0.000 0.441 0.425 0.000
W75-b1,priority_scan,44,6,36000,0.75,0.8623046875,0.9553385416666667,0.022135416666666664,0.7489729225635527,0.5617296919226645,0.000 0.688 0.786 0.804 0.717 -0.000
W75-b1,priority_scan,44,8,36000,0.75,0.0029296875,0.7443498883928572,0.127685546875,1.0487977133856878,0.7865982850392659,0.000 0.905 1.054 1.095 1.138 1.324 0.776 0.000
W75-b1,priority_scan,55,4,900,0.75,0.4150390625,0.70068359375,0.150634765625,0.5117946465810139,0.38384598493576044,0.000 0.423 0.600 0.000
W75-b1,priority_scan,55,6,900,0.75,0.0830078125,0.5972005208333334,0.21272786458333331,0.8685147166252135,0.6513860374689101,0.000 0.513 1.122 1.090 0.750 -0.000
W75-b1,priority_scan,55,8,900,0.75,0.01171875,0.5515834263392857,0.243408203125,1.2448737488852604,0.9336553116639452,0.000 0.548 1.541 1.720 1.591 1.303 0.766 0.000
W75-b1,priority_scan,55,4,1800,0.75,0.849609375,0.9381510416666666,0.027587890625,0.33648355801900226,0.2523626685142517,0.000 0.337 0.336 0.000
W75-b1,priority_scan,55,6,1800,0.75,0.451171875,0.8171875,0.09016927083333333,0.6106014549732207,0.4579510912299155,0.000 0.516 0.622 0.700 0.604 -0.000
W75-b1,priority_scan,55,8,1800,0.75,0.05078125,0.7257254464285714,0.137451171875,0.866781062550015,0.6500857969125112,0.000 0.507 0.959 0.946 1.043 1.062 0.684 0.000
W75-b1,priority_scan,55,4,3600,0.75,0.916015625,0.9635416666666667,0.016845703125,0.40561485290527344,0.3042111396789551,0.000 0.419 0.392 0.000
W75-b1,priority_scan,55,6,3600,0.75,0.578125,0.8612630208333333,0.06868489583333333,0.7262388169765471,0.5446791127324103,0.000 0.597 0.775 0.821 0.711 -0.000
W75-b1,priority_scan,55,8,3600,0.75,0.001953125,0.7291782924107143,0.13525390625,1.0396494997872245,0.7797371248404183,0.000 0.642 1.034 1.167 1.264 1.288 0.842 0.000
W75-b1,priority_scan,55,4,7200,0.75,0.9365234375,0.9724934895833334,0.0126953125,0.4702794551849366,0.35270959138870245,0.000 0.509 0.432 0.000
W75-b1,priority_scan,55,6,7200,0.75,0.4267578125,0.8082682291666666,0.09554036458333333,0.820882350206375,0.6156617626547812,0.000 0.700 0.942 0.900 0.742 -0.000
W75-b1,priority_scan,55,8,7200,0.75,0.00390625,0.7403738839285714,0.1292724609375,1.1133902072906492,0.8350426554679868,0.000 0.757 1.189 1.328 1.306 1.311 0.791 0.000
W75-b1,priority_scan,55,4,14400,0.75,0.9599609375,0.9837239583333333,0.007080078125,0.3823060194651286,0.28672951459884644,0.000 0.355 0.410 0.000
W75-b1,priority_scan,55,6,14400,0.75,0.779296875,0.9276041666666666,0.03597005208333333,0.647468477487564,0.48560135811567295,0.000 0.459 0.667 0.742 0.722 -0.000
W75-b1,priority_scan,55,8,14400,0.75,0.076171875,0.7551618303571428,0.122802734375,0.8140836159388224,0.6105627119541168,0.000 0.389 0.711 0.915 0.994 1.158 0.718 0.000
W75-b1,priority_scan,55,4,28800,0.75,0.97265625,0.9899088541666666,0.004150390625,0.3395291169484456,0.25464683771133423,0.000 0.264 0.415 0.000
W75-b1,priority_scan,55,6,28800,0.75,0.8212890625,0.9412109375,0.029134114583333332,0.5947712957859038,0.44607847183942784,0.000 0.372 0.509 0.728 0.769 -0.000
W75-b1,priority_scan,55,8,28800,0.75,0.068359375,0.7495465959821428,0.1260986328125,0.7964464426040649,0.5973348319530487,0.000 0.382 0.491 0.695 1.007 1.347 0.857 0.000
W75-b1,priority_scan,55,4,36000,0.75,0.982421875,0.9944661458333334,0.001953125,0.41153721014658606,0.3086529076099396,0.000 0.396 0.427 0.000
W75-b1,priority_scan,55,6,36000,0.75,0.791015625,0.9309244791666667,0.034342447916666664,0.7467292547225951,0.5600469410419463,0.000 0.607 0.761 0.817 0.801 -0.000
W75-b1,priority_scan,55,8,36000,0.75,0.0,0.7431640625,0.1282958984375,1.01483686765035,0.7611276507377626,0.000 0.713 0.915 1.085 1.148 1.338 0.891 0.000
W75-b1,priority_scan,66,4,900,0.75,0.45703125,0.73486328125,0.1298828125,0.45026731491088867,0.3377004861831665,0.000 0.318 0.583 0.000
W75-b1,priority_scan,66,6,900,0.75,0.091796875,0.6291015624999999,0.19124348958333331,0.6643745601177214,0.49828092008829106,0.000 0.292 0.775 0.908 0.683 -0.000
W75-b1,priority_scan,66,8,900,0.75,0.0126953125,0.5858328683035714,0.2203369140625,0.9460717837015786,0.709553837776184,0.000 0.266 0.882 1.135 1.301 1.290 0.802 0.000
W75-b1,priority_scan,66,4,1800,0.75,0.8603515625,0.9435221354166667,0.02490234375,0.3713726202646891,0.27852946519851685,0.000 0.381 0.362 0.000
W75-b1,priority_scan,66,6,1800,0.75,0.416015625,0.8029296874999999,0.09781901041666666,0.6524035334587096,0.4893026500940322,0.000 0.437 0.741 0.806 0.626 -0.000
W75-b1,priority_scan,66,8,1800,0.75,0.0205078125,0.721435546875,0.13916015625,0.9179304705725776,0.6884478529294332,0.000 0.371 0.886 1.146 1.233 1.131 0.740 0.000
W75-b1,priority_scan,66,4,3600,0.75,0.9345703125,0.9729817708333333,0.011962890625,0.3437432845433553,0.2578074634075165,0.000 0.389 0.298 0.000
W75-b1,priority_scan,66,6,3600,0.75,0.626953125,0.8805989583333332,0.05859375,0.6441031098365783,0.48307733237743367,0.000 0.566 0.678 0.691 0.641 -0.000
W75-b1,priority_scan,66,8,3600,0.75,0.0439453125,0.7407924107142858,0.1297607421875,0.8983564376831055,0.6737673282623291,0.000 0.631 0.896 0.953 1.005 1.089 0.816 0.000
W75-b1,priority_scan,66,4,7200,0.75,0.9501953125,0.9794921875,0.009033203125,0.37094883124033606,0.2782116234302521,0.000 0.370 0.372 0.000
W75-b1,priority_scan,66,6,7200,0.75,0.6826171875,0.8908203124999999,0.05485026041666666,0.6904359757900237,0.5178269818425177,0.000 0.613 0.702 0.722 0.724 -0.000
W75-b1,priority_scan,66,8,7200,0.75,0.01953125,0.7417689732142857,0.12939453125,0.9782221582200793,0.7336666186650594,0.000 0.836 0.957 1.040 1.054 1.172 0.811 0.000
W75-b1,priority_scan,66,4,14400,0.75,0.9609375,0.9850260416666666,0.00634765625,0.4064382314682007,0.3048286736011505,0.000 0.416 0.397 0.000
W75-b1,priority_scan,66,6,14400,0.75,0.7216796875,0.9061848958333333,0.04671223958333333,0.7255718111991881,0.5441788583993911,0.000 0.655 0.735 0.776 0.736 -0.000
W75-b1,priority_scan,66,8,14400,0.75,0.0419921875,0.7502790178571428,0.125,0.9705265627966987,0.727894922097524,0.000 0.855 0.937 1.031 1.080 1.182 0.738 0.000
W75-b1,priority_scan,66,4,28800,0.75,0.9755859375,0.9913736979166667,0.00341796875,0.30261774857838947,0.22696331143379211,0.000 0.250 0.356 0.000
W75-b1,priority_scan,66,6,28800,0.75,0.8427734375,0.9490234375,0.025227864583333332,0.6033338010311126,0.4525003507733344,0.000 0.476 0.546 0.679 0.712 -0.000
W75-b1,priority_scan,66,8,28800,0.75,0.017578125,0.7389439174107142,0.13134765625,0.9550829463534884,0.7163122097651163,0.000 0.787 0.859 0.830 1.003 1.414 0.838 0.000
W75-b1,priority_scan,66,4,36000,0.75,0.9853515625,0.9949544270833334,0.001953125,0.37497925758361816,0.2812344431877136,0.000 0.399 0.351 0.000
W75-b1,priority_scan,66,6,36000,0.75,0.88671875,0.9653645833333333,0.016927083333333332,0.6552060842514037,0.49140456318855275,0.000 0.635 0.692 0.676 0.618 -0.000
W75-b1,priority_scan,66,8,36000,0.75,0.0732421875,0.7552315848214286,0.123046875,0.9235568046569825,0.6926676034927369,0.000 0.940 0.946 0.959 1.005 1.055 0.635 0.000
W75-b1,priority_scan,77,4,900,0.75,0.7236328125,0.8623046875,0.06787109375,0.25895607471466064,0.19421705603599548,0.000 0.265 0.253 0.000
W75-b1,priority_scan,77,6,900,0.75,0.283203125,0.7369791666666666,0.13264973958333331,0.4753207266330718,0.3564905449748038,0.000 0.301 0.585 0.535 0.481 -0.000
W75-b1,priority_scan,77,8,900,0.75,0.06640625,0.6894880022321429,0.1591796875,0.6175573666890463,0.46316802501678467,0.000 0.158 0.702 0.757 0.811 0.723 0.555 0.000
W75-b1,priority_scan,77,4,1800,0.75,0.861328125,0.9391276041666666,0.028076171875,0.3755505482355754,0.2816629111766815,0.000 0.347 0.404 0.000
W75-b1,priority_scan,77,6,1800,0.75,0.447265625,0.8156249999999999,0.09147135416666666,0.6421717405319213,0.48162880539894093,0.000 0.398 0.657 0.812 0.701 -0.000
W75-b1,priority_scan,77,8,1800,0.75,0.017578125,0.71630859375,0.14208984375,0.866305775112576,0.649729331334432,0.000 0.308 0.795 0.957 1.145 1.240 0.753 0.000
W75-b1,priority_scan,77,4,3600,0.75,0.9111328125,0.9627278645833334,0.016845703125,0.5160704851150513,0.38705286383628845,0.000 0.546 0.486 0.000
W75-b1,priority_scan,77,6,3600,0.75,0.232421875,0.7420572916666666,0.12809244791666666,0.8657102584838866,0.6492826938629149,0.000 0.676 0.978 0.983 0.826 -0.000
W75-b1,priority_scan,77,8,3600,0.75,0.0,0.7288295200892857,0.135009765625,1.1531461079915364,0.8648595809936523,0.000 0.542 1.192 1.372 1.425 1.472 0.916 0.000
W75-b1,priority_scan,77,4,7200,0.75,0.9423828125,0.97314453125,0.012939453125,0.43412697315216064,0.3255952298641205,0.000 0.467 0.401 0.000
W75-b1,priority_scan,77,6,7200,0.75,0.544921875,0.8478515624999998,0.07568359375,0.8202472031116484,0.6151854023337363,0.000 0.821 0.864 0.848 0.748 -0.000
W75-b1,priority_scan,77,8,7200,0.75,0.0087890625,0.7422223772321428,0.12841796875,1.1276711622873943,0.8457533717155457,0.000 0.997 1.250 1.238 1.231 1.242 0.808 0.000
W75-b1,priority_scan,77,4,14400,0.75,0.9560546875,0.9835611979166666,0.0068359375,0.30263710021972656,0.22697782516479492,0.000 0.275 0.330 0.000
W75-b1,priority_scan,77,6,14400,0.75,0.8037109375,0.9378255208333333,0.030436197916666664,0.5624310672283171,0.42182330042123783,0.000 0.437 0.509 0.616 0.688 -0.000
W75-b1,priority_scan,77,8,14400,0.75,0.119140625,0.7659737723214285,0.11767578125,0.7751064830356174,0.581329862276713,0.000 0.435 0.665 0.709 0.876 1.206 0.759 0.000
W75-b1,priority_scan,77,4,28800,0.75,0.9833984375,0.9933268229166667,0.0029296875,0.40023823579152423,0.3001786768436432,0.000 0.392 0.408 0.000
W75-b1,priority_scan,77,6,28800,0.75,0.8154296875,0.9390624999999999,0.030273437499999997,0.727317452430725,0.5454880893230437,0.000 0.633 0.713 0.809 0.754 -0.000
W75-b1,priority_scan,77,8,28800,0.75,0.0009765625,0.742919921875,0.12841796875,1.0454099708133273,0.7840574781099955,0.000 0.836 1.060 1.072 1.238 1.285 0.782 0.000
W75-b1,priority_scan,77,4,36000,0.75,0.98828125,0.9951171875,0.002197265625,0.3968199094136556,0.2976149320602417,0.000 0.403 0.390 0.000
W75-b1,priority_scan,77,6,36000,0.75,0.8701171875,0.9567057291666666,0.021647135416666664,0.7243922650814055,0.5432941988110541,0.000 0.680 0.750 0.775 0.693 -0.000
W75-b1,priority_scan,77,8,36000,0.75,0.001953125,0.7445940290178572,0.127685546875,1.1006241904364693,0.825468142827352,0.000 0.929 1.128 1.141 1.194 1.414 0.797 0.000
W75-b1,priority_scan,88,4,900,0.75,0.4658203125,0.73583984375,0.13037109375,0.4273241360982259,0.32049310207366943,0.000 0.307 0.547 0.000
W75-b1,priority_scan,88,6,900,0.75,0.1103515625,0.6319010416666666,0.18994140625,0.7041604816913604,0.5281203612685202,0.000 0.322 0.805 0.938 0.752 -0.000
W75-b1,priority_scan,88,8,900,0.75,0.0107421875,0.5767647879464286,0.2264404296875,0.9828819963667127,0.7371614972750345,0.000 0.227 0.867 1.253 1.416 1.317 0.817 0.000
W75-b1,priority_scan,88,4,1800,0.75,0.8505859375,0.9368489583333333,0.028564453125,0.3836625814437866,0.28774693608283997,0.000 0.386 0.381 0.000
W75-b1,priority_scan,88,6,1800,0.75,0.3544921875,0.7827473958333333,0.10709635416666666,0.735496550798416,0.551622413098812,0.000 0.667 0.788 0.818 0.669 -0.000
W75-b1,priority_scan,88,8,1800,0.75,0.0087890625,0.7154017857142857,0.142333984375,1.0501991907755535,0.787649393081665,0.000 0.734 1.123 1.161 1.285 1.196 0.800 0.000
W75-b1,priority_scan,88,4,3600,0.75,0.9228515625,0.9694010416666667,0.01318359375,0.37629246711730957,0.2822193503379822,0.000 0.392 0.361 0.000
W75-b1,priority_scan,88,6,3600,0.75,0.62109375,0.8729166666666666,0.06315104166666666,0.6698485314846038,0.5023863986134528,0.000 0.479 0.746 0.750 0.704 -0.000
W75-b1,priority_scan,88,8,3600,0.75,0.0283203125,0.7337472098214286,0.1334228515625,0.9094953669442071,0.6821215252081553,0.000 0.446 0.867 1.056 1.106 1.155 0.827 0.000
W75-b1,priority_scan,88,4,7200,0.75,0.9345703125,0.9734700520833334,0.01171875,0.38908163706461585,0.2918112277984619,0.000 0.363 0.415 0.000
W75-b1,priority_scan,88,6,7200,0.75,0.6787109375,0.8960937499999999,0.05126953124999999,0.6508402228355407,0.48813016712665547,0.000 0.458 0.642 0.744 0.759 -0.000
W75-b1,priority_scan,88,8,7200,0.75,0.0537109375,0.7456403459821428,0.1275634765625,0.858766211403741,0.6440746585528058,0.000 0.540 0.692 0.889 1.022 1.230 0.778 0.000
W75-b1,priority_scan,88,4,14400,0.75,0.9560546875,0.9835611979166667,0.0068359375,0.42601052920023597,0.319507896900177,0.000 0.433 0.419 0.000
W75-b1,priority_scan,88,6,14400,0.75,0.7548828125,0.9192057291666667,0.0400390625,0.7481147050857543,0.5610860288143157,0.000 0.657 0.787 0.814 0.735 -0.000
W75-b1,priority_scan,88,8,14400,0.75,0.0087890625,0.7430943080357143,0.1279296875,1.046876933839586,0.7851577003796895,0.000 0.843 1.046 1.137 1.172 1.300 0.783 0.000
W75-b1,priority_scan,88,4,28800,0.75,0.9775390625,0.9920247395833334,0.003173828125,0.37382713953653973,0.2803703546524048,0.000 0.399 0.348 0.000
W75-b1,priority_scan,88,6,28800,0.75,0.87109375,0.958203125,0.020670572916666664,0.6817669570446013,0.511325217783451,0.000 0.622 0.703 0.698 0.705 -0.000
W75-b1,priority_scan,88,8,28800,0.75,0.0234375,0.7476981026785714,0.1258544921875,0.9948908223046198,0.7461681167284648,0.000 0.897 0.969 1.029 1.058 1.225 0.792 0.000
W75-b1,priority_scan,88,4,36000,0.75,0.98828125,0.9957682291666667,0.001708984375,0.3530630270640055,0.26479727029800415,0.000 0.338 0.369 0.000
W75-b1,priority_scan,88,6,36000,0.75,0.8955078125,0.9651692708333333,0.017415364583333332,0.6990335881710051,0.5242751911282538,0.000 0.589 0.679 0.772 0.757 -0.000
W75-b1,priority_scan,88,8,36000,0.75,0.001953125,0.7430594308035714,0.1287841796875,1.1058606836530898,0.8293955127398174,0.000 0.949 1.069 1.048 1.186 1.496 0.887 0.000
W75-b1,position_scan,11,4,900,0.75,0.8388671875,0.9488932291666667,0.01708984375,0.37890344195895725,0.28417758146921795,0.210 0.417 0.349 0.371
W75-b1,position_scan,11,6,900,0.75,0.4033203125,0.8007161458333333,0.09733072916666667,0.5698008139928181,0.4273506104946136,0.256 0.603 0.673 0.620 0.458 0.495
W75-b1,position_scan,11,8,900,0.75,0.01953125,0.6770717075892857,0.1640625,0.7943237622578937,0.5957428216934203,0.364 0.695 1.021 0.980 0.902 0.741 0.684 0.537
W75-b1,position_scan,11,4,1800,0.75,0.880859375,0.9508463541666667,0.02197265625,0.545540836122301,0.4091556270917257,0.101 0.588 0.530 0.519
W75-b1,position_scan,11,6,1800,0.75,0.1572265625,0.7065104166666666,0.146484375,0.8171983321507771,0.6128987491130828,0.079 0.903 0.918 0.875 0.791 0.599
W75-b1,position_scan,11,8,1800,0.75,0.0,0.727294921875,0.1348876953125,1.0957955632890974,0.8218466724668231,0.126 0.937 1.370 1.311 1.231 1.205 0.993 0.623
W75-b1,position_scan,11,4,3600,0.75,0.9443359375,0.9864908854166667,0.003173828125,0.40439428223503954,0.30329571167627967,-0.029 0.387 0.330 0.496
W75-b1,position_scan,11,6,3600,0.75,0.6494140625,0.8867838541666666,0.0556640625,0.6077168305714925,0.4557876229286194,0.021 0.706 0.627 0.600 0.511 0.594
W75-b1,position_scan,11,8,3600,0.75,0.0302734375,0.7309919084821429,0.1348876953125,0.8113347462245396,0.6085010596684047,0.121 0.685 1.001 0.927 0.871 0.853 0.717 0.625
W75-b1,position_scan,11,4,7200,0.75,0.9560546875,0.9866536458333334,0.00439453125,0.43664770656161833,0.32748577992121375,0.029 0.418 0.380 0.512
W75-b1,position_scan,11,6,7200,0.75,0.70703125,0.9042968749999999,0.04736328124999999,0.6888989528020223,0.5166742146015167,0.089 0.688 0.708 0.733 0.687 0.628
W75-b1,position_scan,11,8,7200,0.75,0.001953125,0.7347586495535714,0.1324462890625,0.9405526660737537,0.7054144995553152,0.185 1.072 0.915 1.045 1.074 1.029 0.794 0.655
W75-b1,position_scan,11,4,14400,0.75,0.9677734375,0.990234375,0.003173828125,0.4413634406195746,0.33102258046468097,0.082 0.393 0.406 0.525
W75-b1,position_scan,11,6,14400,0.75,0.798828125,0.9368489583333333,0.030924479166666664,0.7146213610967,0.535966020822525,0.109 0.638 0.658 0.796 0.815 0.666
W75-b1,position_scan,11,8,14400,0.75,0.001953125,0.725830078125,0.137939453125,0.9193531218029206,0.6895148413521904,0.148 1.150 0.886 0.970 1.174 1.044 0.546 0.667
W75-b1,position_scan,11,4,28800,0.75,0.98828125,0.998046875,0.0,0.423684040705363,0.3177630305290222,-0.109 0.372 0.393 0.506
W75-b1,position_scan,11,6,28800,0.75,0.91015625,0.97578125,0.011393229166666666,0.6803072293599446,0.5102304220199585,-0.101 0.558 0.664 0.739 0.774 0.667
W75-b1,position_scan,11,8,28800,0.75,0.0078125,0.7210170200892857,0.1414794921875,0.6901350021362305,0.5176012516021729,-0.046 -0.652 0.690 0.973 1.068 1.242 0.844 0.667
W75-b1,position_scan,11,4,36000,0.75,0.9921875,0.9977213541666667,0.000732421875,0.4523013432820638,0.33922600746154785,0.022 0.414 0.438 0.504
W75-b1,position_scan,11,6,36000,0.75,0.9228515625,0.9761067708333333,0.01171875,0.7368968327840169,0.5526726245880127,0.008 0.627 0.744 0.785 0.862 0.667
W75-b1,position_scan,11,8,36000,0.75,0.0,0.7377232142857143,0.1317138671875,0.8541997954958961,0.640649846621922,0.000 0.049 1.048 1.065 1.112 1.346 0.693 0.667
W75-b1,position_scan,22,4,900,0.75,0.84375,0.9480794270833334,0.01904296875,0.39366322093539763,0.2952474157015482,-0.087 0.284 0.353 0.544
W75-b1,position_scan,22,6,900,0.75,0.29296875,0.7509114583333332,0.12239583333333333,0.5690918763478596,0.4268189072608947,-0.069 0.187 0.554 0.621 0.891 0.593
W75-b1,position_scan,22,8,900,0.75,0.0078125,0.6575055803571428,0.1748046875,0.7468724250793457,0.5601543188095093,-0.006 0.001 0.590 0.791 0.867 0.992 1.379 0.608
W75-b1,position_scan,22,4,1800,0.75,0.87109375,0.9513346354166666,0.019775390625,0.48235328992207843,0.36176496744155884,-0.100 0.430 0.468 0.550
W75-b1,position_scan,22,6,1800,0.75,0.3486328125,0.7764973958333332,0.11067708333333334,0.6798448165257771,0.5098836123943329,-0.090 0.540 0.719 0.788 0.738 0.613
W75-b1,position_scan,22,8,1800,0.75,0.0009765625,0.7139020647321428,0.14208984375,0.9206358591715494,0.6904768943786621,-0.014 0.246 0.997 1.060 1.123 1.111 1.280 0.629
W75-b1,position_scan,22,4,3600,0.75,0.9140625,0.9645182291666667,0.015869140625,0.5401483906639947,0.405111292997996,-0.154 0.487 0.539 0.595
W75-b1,position_scan,22,6,3600,0.75,0.232421875,0.7310546874999999,0.13509114583333331,0.7900211652119954,0.5925158739089965,-0.081 0.692 0.858 0.938 0.825 0.637
W75-b1,position_scan,22,8,3600,0.75,0.0,0.7323869977678571,0.132568359375,1.0672332899911061,0.8004249674933296,0.001 0.537 1.071 1.243 1.330 1.283 1.357 0.650
W75-b1,position_scan,22,4,7200,0.75,0.958984375,0.98583984375,0.00537109375,0.4994190798865424,0.3745643099149068,-0.150 0.468 0.478 0.552
W75-b1,position_scan,22,6,7200,0.75,0.41015625,0.7938151041666666,0.10400390625,0.7481314500172933,0.5610985875129699,-0.091 0.640 0.851 0.885 0.731 0.634
W75-b1,position_scan,22,8,7200,0.75,0.0,0.7336077008928572,0.133056640625,0.9494335083734421,0.7120751312800816,-0.037 0.276 0.985 1.272 1.329 1.210 0.921 0.653
W75-b1,position_scan,22,4,14400,0.75,0.9658203125,0.9853515625,0.006591796875,0.4921935399373372,0.36914515495300293,-0.000 0.485 0.417 0.574
W75-b1,position_scan,22,6,14400,0.75,0.6650390625,0.8869791666666667,0.05647786458333333,0.75433824857076,0.56575368642807,0.066 0.659 0.805 0.821 0.820 0.667
W75-b1,position_scan,22,8,14400,0.75,0.0,0.7401646205357143,0.1295166015625,1.0680183683122908,0.8010137762342181,0.122 1.061 0.997 1.140 1.216 1.442 0.954 0.667
W75-b1,position_scan,22,4,28800,0.75,0.9765625,0.990234375,0.00439453125,0.4691341982947456,0.3518506487210592,0.032 0.449 0.463 0.496
W75-b1,position_scan,22,6,28800,0.75,0.830078125,0.9442057291666666,0.027669270833333332,0.7366117080052693,0.552458781003952,0.069 0.669 0.729 0.826 0.792 0.666
W75-b1,position_scan,22,8,28800,0.75,0.0,0.7407924107142857,0.1295166015625,1.037251722244989,0.7779387916837418,0.100 1.376 0.755 1.060 1.166 1.708 0.529 0.667
W75-b1,position_scan,22,4,36000,0.75,0.98828125,0.9964192708333333,0.001220703125,0.41635407341851133,0.3122655550638835,0.017 0.373 0.414 0.462
W75-b1,position_scan,22,6,36000,0.75,0.9248046875,0.9793619791666667,0.009765625,0.7050835927327473,0.5288126945495605,0.043 0.603 0.673 0.778 0.805 0.666
W75-b1,position_scan,22,8,36000,0.75,0.0,0.7393624441964286,0.1304931640625,0.9785088584536598,0.7338816438402448,0.023 1.402 1.028 0.961 1.120 1.114 0.558 0.667
W75-b1,position_scan,33,4,900,0.75,0.8740234375,0.9684244791666667,0.0078125,0.2912464141845703,0.21843481063842773,-0.175 0.151 0.270 0.452
W75-b1,position_scan,33,6,900,0.75,0.5341796875,0.8550130208333333,0.0693359375,0.36797259648640945,0.27597944736480706,-0.171 -0.020 0.330 0.444 0.563 0.524
W75-b1,position_scan,33,8,900,0.75,0.1015625,0.7020089285714286,0.15283203125,0.4887120610191708,0.3665340457643781,-0.170 -0.288 0.291 0.514 0.643 0.745 0.950 0.566
W75-b1,position_scan,33,4,1800,0.75,0.9052734375,0.9669596354166666,0.0126953125,0.4935843679640028,0.3701882759730021,0.030 0.460 0.456 0.565
W75-b1,position_scan,33,6,1800,0.75,0.322265625,0.7621744791666665,0.119140625,0.7438896258672079,0.5579172194004058,0.058 0.721 0.783 0.784 0.809 0.623
W75-b1,position_scan,33,8,1800,0.75,0.0009765625,0.7157854352678572,0.1422119140625,1.0287047340756372,0.771528550556728,0.125 0.764 1.096 1.128 1.124 1.134 1.318 0.637
W75-b1,position_scan,33,4,3600,0.75,0.943359375,0.9786783854166666,0.0087890625,0.43690416547987193,0.32767812410990393,-0.047 0.324 0.420 0.567
W75-b1,position_scan,33,6,3600,0.75,0.5771484375,0.8567057291666667,0.07112630208333334,0.6254520018895466,0.46908900141716,0.015 0.513 0.566 0.665 0.751 0.633
W75-b1,position_scan,33,8,3600,0.75,0.0380859375,0.7213657924107143,0.1409912109375,0.86056949978783,0.6454271248408725,0.132 0.668 0.724 0.829 0.951 1.058 1.147 0.648
W75-b1,position_scan,33,4,7200,0.75,0.9697265625,0.99462890625,0.000244140625,0.40053727891710067,0.3004029591878255,-0.064 0.348 0.403 0.451
W75-b1,position_scan,33,6,7200,0.75,0.7744140625,0.9309244791666667,0.03352864583333333,0.6467451651891072,0.4850588738918304,-0.009 0.505 0.619 0.739 0.718 0.653
W75-b1,position_scan,33,8,7200,0.75,0.0126953125,0.731689453125,0.1341552734375,0.8683643113999141,0.6512732335499356,0.076 0.709 0.723 0.934 1.074 1.019 0.953 0.666
W75-b1,position_scan,33,4,14400,0.75,0.9716796875,0.9894205729166667,0.00439453125,0.436007817586263,0.32700586318969727,-0.033 0.386 0.439 0.482
W75-b1,position_scan,33,6,14400,0.75,0.7880859375,0.9324869791666666,0.033203125,0.7022433598836263,0.5266825199127197,0.019 0.589 0.675 0.815 0.765 0.667
W75-b1,position_scan,33,8,14400,0.75,0.0,0.7328055245535714,0.134033203125,1.010455199650356,0.7578413997377669,0.079 0.806 0.810 0.963 1.185 1.429 1.214 0.667
W75-b1,position_scan,33,4,28800,0.75,0.9775390625,0.99365234375,0.001953125,0.4399764007992215,0.32998230059941613,0.051 0.385 0.412 0.523
W75-b1,position_scan,33,6,28800,0.75,0.8701171875,0.9602864583333333,0.019205729166666664,0.6989837249120077,0.5242377936840057,0.125 0.610 0.693 0.768 0.758 0.667
W75-b1,position_scan,33,8,28800,0.75,0.0,0.7356654575892858,0.132080078125,1.0251806122916087,0.7688854592187065,0.182 0.632 0.901 0.988 1.119 1.614 1.255 0.667
W75-b1,position_scan,33,4,36000,0.75,0.9873046875,0.9962565104166667,0.001220703125,0.4430599742465549,0.3322949806849162,-0.003 0.434 0.439 0.457
W75-b1,position_scan,33,6,36000,0.75,0.904296875,0.9708984374999999,0.01416015625,0.7071503241856892,0.5303627431392669,0.014 0.605 0.733 0.787 0.744 0.667
W75-b1,position_scan,33,8,36000,0.75,0.0,0.7397809709821428,0.1300048828125,0.8954992861974808,0.6716244646481105,0.036 0.332 0.948 1.029 1.127 0.981 1.185 0.667
W75-b1,position_scan,44,4,900,0.75,0.818359375,0.9274088541666667,0.03125,0.4948715103997124,0.3711536327997843,0.118 0.471 0.504 0.509
W75-b1,position_scan,44,6,900,0.75,0.208984375,0.7130859374999999,0.14388020833333331,0.7275085767110189,0.5456314325332642,0.117 0.643 0.786 0.824 0.804 0.581
W75-b1,position_scan,44,8,900,0.75,0.0,0.6845703125,0.159423828125,0.9686725707281204,0.7265044280460903,0.193 0.570 1.036 1.075 1.165 1.157 1.180 0.599
W75-b1,position_scan,44,4,1800,0.75,0.8466796875,0.931640625,0.031982421875,0.5523893833160402,0.41429203748703014,0.146 0.525 0.570 0.561
W75-b1,position_scan,44,6,1800,0.75,0.19140625,0.7135416666666666,0.14355468749999997,0.8004626592000325,0.6003469944000244,0.145 0.750 0.878 0.958 0.795 0.621
W75-b1,position_scan,44,8,1800,0.75,0.0,0.7174944196428572,0.1397705078125,1.075387614113944,0.8065407105854581,0.206 0.794 1.099 1.247 1.324 1.247 1.181 0.635
W75-b1,position_scan,44,4,3600,0.75,0.9150390625,0.9659830729166667,0.014892578125,0.5014489491780599,0.3760867118835449,-0.113 0.372 0.527 0.606
W75-b1,position_scan,44,6,3600,0.75,0.3564453125,0.7781901041666666,0.11083984374999999,0.7128701051076253,0.5346525788307189,-0.108 0.548 0.635 0.842 0.888 0.651
W75-b1,position_scan,44,8,3600,0.75,0.0009765625,0.71923828125,0.1405029296875,0.9696319216773625,0.7272239412580218,-0.061 0.555 0.771 0.952 1.193 1.330 1.327 0.660
W75-b1,position_scan,44,4,7200,0.75,0.953125,0.9827473958333334,0.007080078125,0.4453453752729628,0.3340090314547221,0.028 0.432 0.417 0.487
W75-b1,position_scan,44,6,7200,0.75,0.6513671875,0.8828776041666666,0.05859375,0.6966928799947103,0.5225196599960327,0.176 0.707 0.690 0.736 0.728 0.622
W75-b1,position_scan,44,8,7200,0.75,0.0048828125,0.7323869977678571,0.13427734375,0.9609910874139695,0.7207433155604772,0.349 1.148 0.845 0.981 1.072 1.125 0.898 0.657
W75-b1,position_scan,44,4,14400,0.75,0.9736328125,0.99267578125,0.002197265625,0.4262895319196913,0.3197171489397685,-0.099 0.359 0.388 0.532
W75-b1,position_scan,44,6,14400,0.75,0.7900390625,0.9342447916666666,0.03206380208333333,0.6728997786839803,0.5046748340129852,-0.071 0.485 0.645 0.786 0.782 0.667
W75-b1,position_scan,44,8,14400,0.75,0.001953125,0.7114955357142858,0.1466064453125,0.8827098437717984,0.6620323828288488,0.025 0.854 0.593 0.961 1.175 1.328 0.601 0.667
W75-b1,position_scan,44,4,28800,0.75,0.98828125,0.9970703125,0.000732421875,0.4196836418575711,0.31476273139317834,-0.085 0.389 0.432 0.437
W75-b1,position_scan,44,6,28800,0.75,0.92578125,0.9791015625,0.009928385416666668,0.6799513181050618,0.5099634885787964,-0.098 0.500 0.697 0.769 0.768 0.666
W75-b1,position_scan,44,8,28800,0.75,0.0087890625,0.734130859375,0.1339111328125,0.8829611369541713,0.6622208527156285,-0.121 1.105 0.767 1.005 1.106 1.005 0.526 0.667
W75-b1,position_scan,44,4,36000,0.75,0.9873046875,0.9962565104166667,0.001220703125,0.4374558395809598,0.32809187968571984,0.032 0.421 0.427 0.465
W75-b1,position_scan,44,6,36000,0.75,0.9072265625,0.9708984375,0.01416015625,0.7030911286671956,0.5273183465003967,0.053 0.601 0.724 0.756 0.768 0.667
W75-b1,position_scan,44,8,36000,0.75,0.0,0.7440708705357143,0.1278076171875,1.0169998123532251,0.7627498592649189,0.028 1.329 1.051 1.037 1.087 1.520 0.429 0.667
W75-b1,position_scan,55,4,900,0.75,0.8046875,0.9142252604166667,0.039794921875,0.5487414730919732,0.41155610481897986,0.235 0.602 0.512 0.532
W75-b1,position_scan,55,6,900,0.75,0.0595703125,0.6462239583333333,0.17968749999999997,0.8246069987614948,0.618455249071121,0.302 0.869 1.008 0.884 0.771 0.591
W75-b1,position_scan,55,8,900,0.75,0.0,0.6878138950892858,0.1578369140625,1.1427288282485235,0.8570466211863926,0.449 0.912 1.395 1.401 1.279 1.096 1.303 0.614
W75-b1,position_scan,55,4,1800,0.75,0.8671875,0.94775390625,0.02197265625,0.539389901691013,0.40454242626825976,0.166 0.610 0.492 0.516
W75-b1,position_scan,55,6,1800,0.75,0.099609375,0.6852864583333332,0.15673828125,0.827660568555196,0.620745426416397,0.179 0.959 0.994 0.869 0.703 0.612
W75-b1,position_scan,55,8,1800,0.75,0.0,0.72412109375,0.135986328125,1.1558716637747628,0.8669037478310722,0.267 1.175 1.419 1.401 1.261 1.116 1.084 0.635
W75-b1,position_scan,55,4,3600,0.75,0.943359375,0.98388671875,0.0048828125,0.4049129221174452,0.30368469158808387,0.133 0.319 0.355 0.541
W75-b1,position_scan,55,6,3600,0.75,0.6337890625,0.8787109375,0.06005859375,0.603142221768697,0.45235666632652277,0.248 0.610 0.537 0.624 0.622 0.624
W75-b1,position_scan,55,8,3600,0.75,0.017578125,0.6883719308035714,0.1602783203125,0.854629221416655,0.6409719160624913,0.411 0.946 0.784 0.815 0.913 0.992 0.887 0.646
W75-b1,position_scan,55,4,7200,0.75,0.9619140625,0.9900716145833334,0.002685546875,0.4474016825358073,0.33555126190185547,-0.107 0.370 0.436 0.536
W75-b1,position_scan,55,6,7200,0.75,0.6533203125,0.8815755208333333,0.059407552083333336,0.6679032643636067,0.5009274482727051,-0.037 0.558 0.661 0.764 0.729 0.628
W75-b1,position_scan,55,8,7200,0.75,0.0029296875,0.7298060825892857,0.13525390625,0.9392705644880024,0.7044529233660017,0.054 0.957 0.784 1.005 1.110 1.180 0.889 0.651
W75-b1,position_scan,55,4,14400,0.75,0.9775390625,0.9957682291666666,0.000244140625,0.43335631158616805,0.32501723368962604,-0.091 0.391 0.413 0.496
W75-b1,position_scan,55,6,14400,0.75,0.791015625,0.9328124999999999,0.033203125,0.695466669400533,0.5216000020503998,-0.118 0.566 0.698 0.837 0.710 0.667
W75-b1,position_scan,55,8,14400,0.75,0.001953125,0.7252720424107142,0.1385498046875,0.9410545031229657,0.7057908773422242,-0.054 1.076 0.718 1.074 1.258 1.392 0.404 0.667
W75-b1,position_scan,55,4,28800,0.75,0.98828125,0.9977213541666667,0.000244140625,0.4266164037916395,0.3199623028437296,-0.098 0.346 0.428 0.506
W75-b1,position_scan,55,6,28800,0.75,0.892578125,0.9672526041666667,0.015950520833333332,0.7016986449559529,0.5262739837169647,-0.047 0.536 0.639 0.838 0.829 0.667
W75-b1,position_scan,55,8,28800,0.75,0.0,0.7271902901785714,0.137451171875,0.943759350549607,0.7078195129122052,0.048 0.830 0.664 0.982 1.231 1.725 0.508 0.667
W75-b1,position_scan,55,4,36000,0.75,0.984375,0.9957682291666666,0.001220703125,0.40913393762376576,0.30685045321782434,0.017 0.448 0.360 0.420
W75-b1,position_scan,55,6,36000,0.75,0.9091796875,0.9756510416666666,0.011393229166666666,0.7118735869725545,0.5339051902294158,0.032 0.674 0.800 0.705 0.714 0.667
W75-b1,position_scan,55,8,36000,0.75,0.0,0.7454659598214286,0.126708984375,1.007964020683652,0.755973015512739,0.007 1.656 0.926 1.164 1.022 1.237 0.384 0.667
W75-b1,position_scan,66,4,900,0.75,0.841796875,0.94140625,0.0234375,0.42740461561414933,0.320553461710612,0.163 0.400 0.398 0.484
W75-b1,position_scan,66,6,900,0.75,0.2880859375,0.7447916666666665,0.12744140625,0.623857053120931,0.46789278984069826,0.198 0.516 0.672 0.648 0.719 0.564
W75-b1,position_scan,66,8,900,0.75,0.0078125,0.6552385602678572,0.1773681640625,0.8638457230159213,0.647884292261941,0.285 0.510 0.894 0.970 0.967 0.939 1.175 0.592
W75-b1,position_scan,66,4,1800,0.75,0.9033203125,0.9676106770833334,0.01220703125,0.48200424512227374,0.3615031838417053,-0.027 0.429 0.477 0.539
W75-b1,position_scan,66,6,1800,0.75,0.42578125,0.8043619791666665,0.09684244791666666,0.687232764561971,0.5154245734214783,-0.037 0.553 0.744 0.796 0.721 0.621
W75-b1,position_scan,66,8,1800,0.75,0.005859375,0.7128208705357143,0.1429443359375,0.9196348644438245,0.6897261483328684,0.014 0.384 0.996 1.064 1.149 1.098 1.108 0.639
W75-b1,position_scan,66,4,3600,0.75,0.94140625,0.9801432291666666,0.007568359375,0.3603637218475342,0.27027279138565063,-0.039 0.274 0.351 0.456
W75-b1,position_scan,66,6,3600,0.75,0.681640625,0.9001302083333333,0.048502604166666664,0.49681943257649736,0.372614574432373,-0.001 0.392 0.426 0.591 0.488 0.588
W75-b1,position_scan,66,8,3600,0.75,0.2509765625,0.795654296875,0.102783203125,0.6197849455333891,0.4648387091500419,0.119 0.255 0.555 0.624 0.834 0.863 0.582 0.625
W75-b1,position_scan,66,4,7200,0.75,0.9521484375,0.98388671875,0.006103515625,0.4625555144415962,0.34691663583119714,-0.119 0.334 0.454 0.600
W75-b1,position_scan,66,6,7200,0.75,0.5966796875,0.8619791666666666,0.0693359375,0.6741286595662435,0.5055964946746826,0.029 0.487 0.627 0.805 0.791 0.662
W75-b1,position_scan,66,8,7200,0.75,0.001953125,0.7274693080357143,0.136962890625,0.9203239281972249,0.6902429461479187,0.193 0.585 0.744 0.986 1.179 1.268 1.014 0.666
W75-b1,position_scan,66,4,14400,0.75,0.9716796875,0.99072265625,0.00341796875,0.463929017384847,0.34794676303863525,-0.011 0.469 0.436 0.487
W75-b1,position_scan,66,6,14400,0.75,0.701171875,0.9002604166666666,0.04964192708333333,0.7166755994160969,0.5375066995620728,0.070 0.636 0.787 0.779 0.715 0.666
W75-b1,position_scan,66,8,14400,0.75,0.0,0.7415248325892857,0.12841796875,1.0018045561654227,0.751353417124067,0.147 1.261 0.827 1.147 1.139 1.156 0.817 0.667
W75-b1,position_scan,66,4,28800,0.75,0.986328125,0.9957682291666666,0.00146484375,0.4641041490766737,0.34807811180750525,0.033 0.468 0.427 0.497
W75-b1,position_scan,66,6,28800,0.75,0.880859375,0.9624999999999999,0.018391927083333332,0.7173646767934163,0.5380235075950622,0.062 0.573 0.769 0.810 0.769 0.667
W75-b1,position_scan,66,8,28800,0.75,0.0,0.7376883370535714,0.13134765625,0.8520410855611166,0.6390308141708374,0.124 1.256 0.690 1.123 1.221 0.610 0.398 0.667
W75-b1,position_scan,66,4,36000,0.75,0.9892578125,0.9972330729166667,0.000732421875,0.41988611221313477,0.3149145841598511,0.026 0.406 0.373 0.480
W75-b1,position_scan,66,6,36000,0.75,0.923828125,0.978515625,0.010253906249999998,0.6847060283025106,0.5135295212268829,0.045 0.627 0.705 0.710 0.715 0.667
W75-b1,position_scan,66,8,36000,0.75,0.0,0.73291015625,0.1346435546875,1.0709307534354073,0.8031980650765556,0.017 1.452 0.774 1.004 1.036 1.237 1.327 0.667
W75-b1,position_scan,77,4,900,0.75,0.79296875,0.9065755208333333,0.043701171875,0.522426578733656,0.39181993405024207,0.004 0.476 0.540 0.551
W75-b1,position_scan,77,6,900,0.75,0.12109375,0.6800130208333333,0.16080729166666663,0.7507859547932942,0.5630894660949707,0.006 0.465 0.883 0.889 0.924 0.592
W75-b1,position_scan,77,8,900,0.75,0.0,0.6775599888392857,0.163330078125,0.9956459658486504,0.7467344743864878,0.055 0.242 1.031 1.219 1.280 1.212 1.370 0.614
W75-b1,position_scan,77,4,1800,0.75,0.908203125,0.9705403645833333,0.01025390625,0.4797339174482558,0.35980043808619183,0.013 0.452 0.495 0.493
W75-b1,position_scan,77,6,1800,0.75,0.4248046875,0.8042968749999999,0.09684244791666666,0.6790650447209676,0.5092987835407257,0.021 0.547 0.755 0.819 0.678 0.596
W75-b1,position_scan,77,8,1800,0.75,0.0029296875,0.7184709821428572,0.13916015625,0.9049782071794784,0.6787336553846088,0.110 0.492 0.948 1.119 1.172 1.095 0.888 0.622
W75-b1,position_scan,77,4,3600,0.75,0.958984375,0.9908854166666667,0.001708984375,0.3708052635192871,0.27810394763946533,0.000 0.349 0.309 0.454
W75-b1,position_scan,77,6,3600,0.75,0.74609375,0.9230468749999998,0.037109375,0.5693528493245442,0.42701463699340814,0.138 0.621 0.557 0.551 0.514 0.604
W75-b1,position_scan,77,8,3600,0.75,0.1533203125,0.7637416294642857,0.1187744140625,0.7624099481673466,0.57180746112551,0.330 0.661 0.871 0.811 0.803 0.825 0.729 0.636
W75-b1,position_scan,77,4,7200,0.75,0.970703125,0.994140625,0.000732421875,0.43452435069613987,0.3258932630221049,-0.100 0.385 0.397 0.521
W75-b1,position_scan,77,6,7200,0.75,0.724609375,0.9076822916666666,0.0458984375,0.6707892735799154,0.5030919551849365,-0.018 0.565 0.677 0.718 0.733 0.662
W75-b1,position_scan,77,8,7200,0.75,0.0029296875,0.7287946428571428,0.13623046875,0.9453826631818499,0.7090369973863875,0.061 0.795 0.872 1.013 1.049 1.104 1.119 0.666
W75-b1,position_scan,77,4,14400,0.75,0.9755859375,0.9933268229166667,0.001953125,0.42855119705200195,0.32141339778900146,-0.085 0.424 0.390 0.472
W75-b1,position_scan,77,6,14400,0.75,0.865234375,0.9602864583333334,0.01904296875,0.6950313886006673,0.5212735414505004,0.010 0.549 0.713 0.809 0.740 0.665
W75-b1,position_scan,77,8,14400,0.75,0.0009765625,0.7254813058035714,0.1383056640625,0.8875112987699962,0.6656334740774972,0.090 1.033 0.731 0.992 1.211 1.070 0.509 0.667
W75-b1,position_scan,77,4,28800,0.75,0.9873046875,0.9952799479166667,0.001953125,0.46428648630777997,0.34821486473083496,0.013 0.496 0.429 0.467
W75-b1,position_scan,77,6,28800,0.75,0.857421875,0.9544270833333333,0.022460937499999997,0.7491818269093831,0.5618863701820374,0.032 0.668 0.823 0.823 0.765 0.667
W75-b1,position_scan,77,8,28800,0.75,0.0,0.7420479910714286,0.128662109375,1.148373172396705,0.8612798792975287,0.054 1.247 1.128 1.093 1.177 1.439 1.288 0.667
W75-b1,position_scan,77,4,36000,0.75,0.98828125,0.9970703125,0.000732421875,0.4615500768025716,0.3461625576019287,-0.014 0.436 0.448 0.501
W75-b1,position_scan,77,6,36000,0.75,0.90234375,0.9697916666666667,0.014648437499999998,0.7414176305135091,0.5560632228851318,0.021 0.658 0.746 0.819 0.817 0.667
W75-b1,position_scan,77,8,36000,0.75,0.0,0.739990234375,0.1297607421875,1.1227524848211379,0.8420643636158534,0.029 1.418 1.045 0.904 1.123 1.312 1.391 0.667
W75-b1,position_scan,88,4,900,0.75,0.8154296875,0.9236653645833334,0.033935546875,0.504486878712972,0.378365159034729,0.219 0.548 0.474 0.492
W75-b1,position_scan,88,6,900,0.75,0.1533203125,0.6858072916666665,0.15869140625,0.7404622634251912,0.5553466975688934,0.294 0.717 0.908 0.799 0.715 0.563
W75-b1,position_scan,88,8,900,0.75,0.0,0.6711774553571428,0.1676025390625,1.0035861560276575,0.7526896170207431,0.426 0.715 1.192 1.235 1.169 1.034 1.079 0.600
W75-b1,position_scan,88,4,1800,0.75,0.8857421875,0.9593098958333334,0.015869140625,0.4422718948788113,0.33170392115910846,-0.194 0.207 0.539 0.580
W75-b1,position_scan,88,6,1800,0.75,0.275390625,0.7430989583333332,0.12776692708333331,0.6135572751363119,0.4601679563522339,-0.201 0.107 0.529 0.834 0.965 0.633
W75-b1,position_scan,88,8,1800,0.75,0.0009765625,0.6926967075892857,0.15478515625,0.8346901053474064,0.6260175790105548,-0.142 -0.149 0.513 0.834 1.190 1.372 1.439 0.644
W75-b1,position_scan,88,4,3600,0.75,0.9306640625,0.9786783854166667,0.00732421875,0.5040696991814507,0.378052274386088,0.020 0.435 0.519 0.558
W75-b1,position_scan,88,6,3600,0.75,0.416015625,0.8029296874999999,0.09781901041666666,0.7418388684590658,0.5563791513442993,0.082 0.599 0.774 0.888 0.824 0.623
W75-b1,position_scan,88,8,3600,0.75,0.0,0.7281319754464286,0.1346435546875,0.9966244129907517,0.7474683097430638,0.206 0.583 0.982 1.143 1.272 1.261 1.094 0.642
W75-b1,position_scan,88,4,7200,0.75,0.96484375,0.9912109375,0.002197265625,0.4084944195217557,0.30637081464131677,-0.026 0.379 0.363 0.483
W75-b1,position_scan,88,6,7200,0.75,0.7861328125,0.93359375,0.032389322916666664,0.6645495732625325,0.49841217994689935,0.078 0.643 0.649 0.668 0.725 0.638
W75-b1,position_scan,88,8,7200,0.75,0.025390625,0.7369559151785714,0.132080078125,0.8728318214416504,0.6546238660812378,0.210 0.700 0.875 0.956 0.974 1.091 0.851 0.663
W75-b1,position_scan,88,4,14400,0.75,0.9736328125,0.9900716145833334,0.004150390625,0.4585839377509224,0.34393795331319177,0.083 0.500 0.405 0.471
W75-b1,position_scan,88,6,14400,0.75,0.6826171875,0.8951822916666665,0.05192057291666666,0.7569349845250447,0.5677012383937835,0.143 0.839 0.731 0.785 0.763 0.667
W75-b1,position_scan,88,8,14400,0.75,0.0009765625,0.7415248325892857,0.12890625,1.0202987307593936,0.7652240480695451,0.176 1.331 1.169 1.032 1.128 1.368 0.447 0.667
W75-b1,position_scan,88,4,28800,0.75,0.9794921875,0.99267578125,0.0029296875,0.4676678710513644,0.3507509032885233,0.010 0.453 0.463 0.487
W75-b1,position_scan,88,6,28800,0.75,0.830078125,0.9442057291666666,0.027669270833333332,0.7406481583913167,0.5554861187934875,0.043 0.631 0.805 0.855 0.746 0.667
W75-b1,position_scan,88,8,28800,0.75,0.0,0.7400948660714286,0.1302490234375,0.8813583169664655,0.6610187377248491,0.127 0.112 0.867 1.170 1.234 1.679 0.441 0.667
W75-b1,position_scan,88,4,36000,0.75,0.9853515625,0.99658203125,0.000732421875,0.4445647133721246,0.33342353502909344,0.021 0.465 0.412 0.456
W75-b1,position_scan,88,6,36000,0.75,0.9072265625,0.97265625,0.01318359375,0.7145685752232869,0.5359264314174652,0.013 0.626 0.756 0.774 0.750 0.667
W75-b1,position_scan,88,8,36000,0.75,0.0,0.7428850446428572,0.1282958984375,0.9216691425868443,0.6912518569401332,0.038 0.847 1.082 1.077 1.114 1.211 0.454 0.667
W75-b1,phase_scan,11,4,900,0.75,0.876953125,0.9671223958333334,0.00830078125,0.13313971625434026,0.09985478719075519,-0.007 0.205 0.151 0.043
W75-b1,phase_scan,11,6,900,0.75,0.6982421875,0.94296875,0.021647135416666664,0.17772084077199288,0.13329063057899465,0.141 0.223 0.219 0.330 0.210 -0.094
W75-b1,phase_scan,11,8,900,0.75,0.4169921875,0.8826729910714286,0.053466796875,0.23426567940484908,0.1756992595536368,0.336 -0.114 0.627 0.275 0.490 0.223 0.412 -0.274
W75-b1,phase_scan,11,4,1800,0.75,0.9453125,0.9840494791666667,0.005126953125,0.19209957122802737,0.14407467842102054,0.107 0.317 0.225 0.035
W75-b1,phase_scan,11,6,1800,0.75,0.75390625,0.9362630208333333,0.029134114583333332,0.3730394681294758,0.27977960109710687,0.191 0.659 0.434 0.492 0.337 -0.056
W75-b1,phase_scan,11,8,1800,0.75,0.26171875,0.8047921316964285,0.096923828125,0.4955124400910877,0.37163433006831575,0.321 0.549 0.896 0.617 0.715 0.465 0.432 -0.205
W75-b1,phase_scan,11,4,3600,0.75,0.9501953125,0.9881184895833333,0.002685546875,0.234374549653795,0.17578091224034625,-0.016 0.274 0.282 0.147
W75-b1,phase_scan,11,6,3600,0.75,0.8466796875,0.9657552083333333,0.0146484375,0.3659082015355427,0.27443115115165706,0.053 0.263 0.357 0.581 0.493 0.136
W75-b1,phase_scan,11,8,3600,0.75,0.4443359375,0.8578055245535714,0.07080078125,0.5099829946245464,0.38248724596840983,0.167 0.330 0.477 0.479 0.845 0.690 0.646 0.103
W75-b1,phase_scan,11,4,7200,0.75,0.9599609375,0.9884440104166667,0.003662109375,0.2140780289967855,0.1605585217475891,-0.098 0.272 0.244 0.127
W75-b1,phase_scan,11,6,7200,0.75,0.876953125,0.9712239583333333,0.0126953125,0.3592901547749836,0.2694676160812377,0.029 0.243 0.371 0.554 0.466 0.163
W75-b1,phase_scan,11,8,7200,0.75,0.5322265625,0.8829868861607143,0.05810546875,0.5095003559475852,0.38212526696068894,0.176 0.303 0.374 0.484 0.854 0.729 0.646 0.176
W75-b1,phase_scan,11,4,14400,0.75,0.978515625,0.9938151041666667,0.001953125,0.18353801303439668,0.13765350977579752,-0.003 0.232 0.195 0.123
W75-b1,phase_scan,11,6,14400,0.75,0.921875,0.9830078125,0.00732421875,0.35066183408101387,0.2629963755607604,0.054 0.259 0.429 0.479 0.399 0.187
W75-b1,phase_scan,11,8,14400,0.75,0.3701171875,0.8292061941964286,0.0859375,0.6216929299490792,0.4662696974618094,0.179 0.839 0.859 0.564 0.691 0.602 0.605 0.192
W75-b1,phase_scan,11,4,28800,0.75,0.9765625,0.9931640625,0.002197265625,0.18442964553833008,0.13832223415374756,-0.002 0.258 0.224 0.071
W75-b1,phase_scan,11,6,28800,0.75,0.92578125,0.9829427083333333,0.007486979166666666,0.3494247515996296,0.2620685636997222,0.034 0.287 0.451 0.498 0.324 0.188
W75-b1,phase_scan,11,8,28800,0.75,0.3544921875,0.83935546875,0.079345703125,0.5441357294718424,0.40810179710388184,0.214 0.709 1.078 0.623 0.625 0.383 0.319 0.072
W75-b1,phase_scan,11,4,36000,0.75,0.9951171875,0.9991861979166667,0.0,0.15657769309149847,0.11743326981862384,0.015 0.205 0.218 0.047
W75-b1,phase_scan,11,6,36000,0.75,0.9599609375,0.9944010416666667,0.0017903645833333333,0.32629559834798166,0.24472169876098626,0.037 0.275 0.395 0.435 0.352 0.173
W75-b1,phase_scan,11,8,36000,0.75,0.5009765625,0.9153529575892856,0.037353515625,0.4281746773492722,0.32113100801195416,0.220 0.926 -0.349 0.577 0.518 0.744 0.498 0.084
W75-b1,phase_scan,22,4,900,0.75,0.87109375,0.9651692708333334,0.009521484375,0.1977539857228597,0.14831548929214478,-0.146 0.116 0.306 0.171
W75-b1,phase_scan,22,6,900,0.75,0.6064453125,0.8950520833333333,0.04736328125,0.24308645327885933,0.1823148399591445,-0.018 -0.195 0.193 0.584 0.581 0.052
W75-b1,phase_scan,22,8,900,0.75,0.208984375,0.7896902901785714,0.1031494140625,0.3027747472127279,0.22708106040954593,0.155 -0.565 0.214 0.305 0.808 0.753 0.701 -0.097
W75-b1,phase_scan,22,4,1800,0.75,0.8818359375,0.9539388020833333,0.019287109375,0.29508503278096515,0.22131377458572388,-0.043 0.336 0.399 0.151
W75-b1,phase_scan,22,6,1800,0.75,0.59375,0.8723958333333333,0.06168619791666666,0.45618387063344307,0.3421379029750823,0.069 0.294 0.577 0.730 0.633 0.048
W75-b1,phase_scan,22,8,1800,0.75,0.0791015625,0.75048828125,0.123779296875,0.5903798512050084,0.4427848884037563,0.215 -0.012 0.671 0.887 1.069 0.924 0.662 -0.068
W75-b1,phase_scan,22,4,3600,0.75,0.9580078125,0.99072265625,0.001708984375,0.1488638718922933,0.11164790391921997,0.003 0.279 0.197 -0.029
W75-b1,phase_scan,22,6,3600,0.75,0.8603515625,0.9693359375,0.013020833333333332,0.24772480328877755,0.18579360246658316,0.112 0.389 0.330 0.462 0.135 -0.078
W75-b1,phase_scan,22,8,3600,0.75,0.57421875,0.9006696428571428,0.04833984375,0.3398342586698986,0.25487569400242394,0.267 0.418 0.630 0.410 0.675 0.221 0.163 -0.139
W75-b1,phase_scan,22,4,7200,0.75,0.9609375,0.990234375,0.00244140625,0.19221499231126574,0.1441612442334493,-0.054 0.260 0.240 0.077
W75-b1,phase_scan,22,6,7200,0.75,0.884765625,0.9761067708333333,0.009928385416666666,0.3362308820088703,0.2521731615066527,0.053 0.270 0.398 0.552 0.395 0.066
W75-b1,phase_scan,22,8,7200,0.75,0.6044921875,0.9003208705357143,0.0494384765625,0.4705836999984015,0.35293777499880113,0.188 0.359 0.430 0.541 0.847 0.603 0.460 0.054
W75-b1,phase_scan,22,4,14400,0.75,0.978515625,0.994140625,0.001708984375,0.19121959474351669,0.14341469605763751,-0.062 0.260 0.236 0.078
W75-b1,phase_scan,22,6,14400,0.75,0.9306640625,0.9828776041666667,0.007649739583333333,0.3619022687276203,0.27142670154571524,-0.019 0.261 0.484 0.511 0.400 0.153
W75-b1,phase_scan,22,8,14400,0.75,0.4287109375,0.8514578683035714,0.073974609375,0.4701839628673735,0.35263797215053017,0.102 -0.162 0.343 0.733 0.702 0.880 0.653 0.142
W75-b1,phase_scan,22,4,28800,0.75,0.98828125,0.9964192708333334,0.001220703125,0.16061449050903318,0.12046086788177487,-0.021 0.245 0.207 0.030
W75-b1,phase_scan,22,6,28800,0.75,0.9580078125,0.9938151041666666,0.0021158854166666665,0.336520751317342,0.2523905634880065,-0.048 0.285 0.465 0.463 0.315 0.154
W75-b1,phase_scan,22,8,28800,0.75,0.6044921875,0.9071568080357143,0.044921875,0.3821569170270647,0.28661768777029856,0.134 0.518 0.100 0.721 0.613 0.560 0.115 0.047
W75-b1,phase_scan,22,4,36000,0.75,0.990234375,0.998046875,0.000244140625,0.171998659769694,0.1289989948272705,-0.010 0.236 0.202 0.077
W75-b1,phase_scan,22,6,36000,0.75,0.9638671875,0.9944010416666667,0.0019531249999999998,0.32274974187215155,0.24206230640411366,-0.018 0.248 0.422 0.428 0.326 0.190
W75-b1,phase_scan,22,8,36000,0.75,0.62109375,0.9133998325892857,0.0423583984375,0.4916105043320429,0.3687078782490322,0.165 0.899 0.451 0.611 0.513 0.498 0.314 0.155
W75-b1,phase_scan,33,4,900,0.75,0.86328125,0.9645182291666666,0.009033203125,0.23715443081325951,0.17786582310994464,-0.072 0.278 0.269 0.165
W75-b1,phase_scan,33,6,900,0.75,0.6181640625,0.89765625,0.04638671875,0.31404226620992015,0.2355316996574401,0.070 0.145 0.373 0.529 0.508 0.016
W75-b1,phase_scan,33,8,900,0.75,0.23828125,0.788818359375,0.1044921875,0.38900740941365564,0.2917555570602417,0.262 -0.335 0.620 0.543 0.780 0.556 0.697 -0.137
W75-b1,phase_scan,33,4,1800,0.75,0.9130859375,0.9724934895833334,0.009521484375,0.2748458915286594,0.20613441864649457,0.009 0.281 0.357 0.187
W75-b1,phase_scan,33,6,1800,0.75,0.658203125,0.8958333333333333,0.05013020833333333,0.44676445325215647,0.33507333993911737,0.094 0.375 0.441 0.650 0.666 0.102
W75-b1,phase_scan,33,8,1800,0.75,0.1123046875,0.7514997209821429,0.12451171875,0.5850040572030204,0.4387530429022653,0.228 0.096 0.688 0.642 0.947 0.942 0.785 -0.006
W75-b1,phase_scan,33,4,3600,0.75,0.9599609375,0.990234375,0.002197265625,0.20022302203708223,0.15016726652781168,-0.056 0.255 0.218 0.127
W75-b1,phase_scan,33,6,3600,0.75,0.83203125,0.966796875,0.013509114583333332,0.32003315289815254,0.2400248646736144,0.029 0.268 0.318 0.523 0.387 0.104
W75-b1,phase_scan,33,8,3600,0.75,0.572265625,0.9024832589285714,0.04736328125,0.4361613932110015,0.3271210449082511,0.160 0.217 0.513 0.429 0.803 0.498 0.537 0.055
W75-b1,phase_scan,33,4,7200,0.75,0.9716796875,0.9930013020833333,0.001708984375,0.20857503679063585,0.1564312775929769,-0.044 0.226 0.227 0.173
W75-b1,phase_scan,33,6,7200,0.75,0.8779296875,0.9759114583333333,0.009928385416666666,0.3539252360661823,0.2654439270496367,0.055 0.225 0.306 0.551 0.479 0.209
W75-b1,phase_scan,33,8,7200,0.75,0.51953125,0.8804757254464286,0.0592041015625,0.4937012082054501,0.37027590615408756,0.193 0.384 0.189 0.411 0.843 0.802 0.635 0.192
W75-b1,phase_scan,33,4,14400,0.75,0.9775390625,0.9949544270833333,0.0009765625,0.19275469250149194,0.14456601937611896,-0.016 0.295 0.210 0.072
W75-b1,phase_scan,33,6,14400,0.75,0.8935546875,0.9794270833333334,0.008138020833333332,0.35392850240071605,0.26544637680053706,0.013 0.286 0.434 0.533 0.403 0.113
W75-b1,phase_scan,33,8,14400,0.75,0.3447265625,0.822265625,0.089111328125,0.5159330140976678,0.3869497605732508,0.176 0.932 0.334 0.597 0.787 0.553 0.369 0.040
W75-b1,phase_scan,33,4,28800,0.75,0.9775390625,0.99365234375,0.001953125,0.18307571940951875,0.13730678955713907,-0.005 0.233 0.269 0.047
W75-b1,phase_scan,33,6,28800,0.75,0.9287109375,0.9840494791666667,0.006998697916666666,0.3520410855611164,0.2640308141708373,-0.002 0.268 0.458 0.520 0.352 0.163
W75-b1,phase_scan,33,8,28800,0.75,0.0849609375,0.7416643415178571,0.130615234375,0.6000602358863468,0.4500451769147601,0.196 0.952 0.355 0.577 0.640 1.171 0.409 0.096
W75-b1,phase_scan,33,4,36000,0.75,0.982421875,0.9947916666666667,0.001708984375,0.15409519937303331,0.11557139952977499,0.006 0.171 0.222 0.069
W75-b1,phase_scan,33,6,36000,0.75,0.927734375,0.9818359375000001,0.00830078125,0.3198715051015217,0.23990362882614125,-0.012 0.281 0.327 0.471 0.332 0.189
W75-b1,phase_scan,33,8,36000,0.75,0.513671875,0.8772321428571428,0.0609130859375,0.48009152639479863,0.36006864479609896,0.189 0.744 0.124 0.486 0.531 0.850 0.540 0.085
W75-b1,phase_scan,44,4,900,0.75,0.8779296875,0.9671223958333334,0.009033203125,0.196236424975925,0.14717731873194376,0.042 0.224 0.269 0.096
W75-b1,phase_scan,44,6,900,0.75,0.6552734375,0.9061197916666666,0.04296874999999999,0.31178842385609934,0.23384131789207452,0.163 0.356 0.338 0.527 0.378 -0.039
W75-b1,phase_scan,44,8,900,0.75,0.2626953125,0.796142578125,0.1014404296875,0.3976030122666132,0.2982022591999599,0.341 0.166 0.682 0.414 0.755 0.453 0.509 -0.196
W75-b1,phase_scan,44,4,1800,0.75,0.9287109375,0.97998046875,0.006103515625,0.22185797161526147,0.1663934787114461,0.038 0.253 0.248 0.164
W75-b1,phase_scan,44,6,1800,0.75,0.767578125,0.9462890625,0.023111979166666664,0.35613821347554514,0.26710366010665887,0.118 0.313 0.347 0.533 0.485 0.104
W75-b1,phase_scan,44,8,1800,0.75,0.40625,0.8494349888392857,0.073974609375,0.4758942808423723,0.3569207106317792,0.267 0.151 0.619 0.483 0.778 0.638 0.652 0.009
W75-b1,phase_scan,44,4,3600,0.75,0.9580078125,0.9889322916666667,0.0029296875,0.22192968262566462,0.16644726196924847,0.040 0.307 0.192 0.167
W75-b1,phase_scan,44,6,3600,0.75,0.8271484375,0.9567708333333333,0.019368489583333332,0.3800018866856892,0.2850014150142669,0.080 0.436 0.431 0.478 0.390 0.165
W75-b1,phase_scan,44,8,3600,0.75,0.431640625,0.8521554129464286,0.07373046875,0.5531869729359945,0.41489022970199585,0.195 0.519 0.813 0.591 0.750 0.451 0.617 0.131
W75-b1,phase_scan,44,4,7200,0.75,0.958984375,0.9847005208333334,0.00634765625,0.2353958553738064,0.1765468915303548,-0.026 0.324 0.256 0.127
W75-b1,phase_scan,44,6,7200,0.75,0.853515625,0.9600260416666666,0.018717447916666664,0.3985136588414509,0.2988852441310882,0.064 0.328 0.482 0.558 0.475 0.150
W75-b1,phase_scan,44,8,7200,0.75,0.3818359375,0.84033203125,0.079833984375,0.5887168702625093,0.44153765269688194,0.208 0.234 0.733 0.664 0.882 0.819 0.644 0.145
W75-b1,phase_scan,44,4,14400,0.75,0.9677734375,0.9913736979166667,0.00244140625,0.1706779532962375,0.12800846497217813,-0.026 0.198 0.239 0.074
W75-b1,phase_scan,44,6,14400,0.75,0.9228515625,0.9819661458333333,0.007975260416666666,0.31831718285878485,0.23873788714408864,-0.044 0.241 0.314 0.536 0.347 0.153
W75-b1,phase_scan,44,8,14400,0.75,0.4873046875,0.8696986607142856,0.0648193359375,0.480417115347726,0.3603128365107945,0.102 0.311 0.502 0.507 0.765 0.647 0.471 0.160
W75-b1,phase_scan,44,4,28800,0.75,0.994140625,0.9986979166666667,0.000244140625,0.16060731146070692,0.12045548359553018,0.001 0.210 0.212 0.060
W75-b1,phase_scan,44,6,28800,0.75,0.94921875,0.9895833333333333,0.00439453125,0.3262425978978474,0.24468194842338553,0.023 0.263 0.414 0.468 0.333 0.154
W75-b1,phase_scan,44,8,28800,0.75,0.37109375,0.834716796875,0.0826416015625,0.5305906023297992,0.3979429517473494,0.227 0.786 0.445 0.761 0.614 0.891 0.165 0.052
W75-b1,phase_scan,44,4,36000,0.75,0.984375,0.99609375,0.0009765625,0.1791755623287625,0.13438167174657187,0.016 0.230 0.244 0.064
W75-b1,phase_scan,44,6,36000,0.75,0.93359375,0.9821614583333333,0.00830078125,0.3481650670369465,0.26112380027770987,0.013 0.279 0.426 0.487 0.355 0.194
W75-b1,phase_scan,44,8,36000,0.75,0.2734375,0.8127092633928571,0.0933837890625,0.5833522024608794,0.43751415184565956,0.211 0.869 0.208 0.708 0.648 1.045 0.521 0.085
W75-b1,phase_scan,55,4,900,0.75,0.84375,0.9446614583333334,0.021728515625,0.2512650754716661,0.18844880660374957,0.118 0.324 0.297 0.133
W75-b1,phase_scan,55,6,900,0.75,0.5341796875,0.8507161458333332,0.07210286458333333,0.4191639741261799,0.3143729805946349,0.251 0.505 0.492 0.608 0.528 -0.037
W75-b1,phase_scan,55,8,900,0.75,0.1123046875,0.7302594866071428,0.1368408203125,0.5198522181737991,0.3898891636303493,0.473 0.189 0.829 0.661 0.875 0.620 0.670 -0.205
W75-b1,phase_scan,55,4,1800,0.75,0.9111328125,0.9791666666666667,0.00439453125,0.2105081611209446,0.15788112084070843,0.085 0.309 0.226 0.096
W75-b1,phase_scan,55,6,1800,0.75,0.734375,0.9396484375,0.02571614583333333,0.35710655053456614,0.2678299129009246,0.155 0.461 0.424 0.498 0.397 0.006
W75-b1,phase_scan,55,8,1800,0.75,0.2626953125,0.8026297433035714,0.0980224609375,0.475391910189674,0.35654393264225553,0.308 0.292 0.831 0.613 0.749 0.464 0.519 -0.140
W75-b1,phase_scan,55,4,3600,0.75,0.9384765625,0.9772135416666667,0.008544921875,0.20525203810797799,0.1539390285809835,0.115 0.303 0.212 0.101
W75-b1,phase_scan,55,6,3600,0.75,0.7783203125,0.9425130208333332,0.026367187499999997,0.3539395411809284,0.2654546558856963,0.196 0.523 0.354 0.480 0.311 0.101
W75-b1,phase_scan,55,8,3600,0.75,0.4140625,0.848876953125,0.0751953125,0.49018050375438865,0.3676353778157915,0.331 0.661 0.785 0.439 0.688 0.328 0.448 0.082
W75-b1,phase_scan,55,4,7200,0.75,0.974609375,0.9928385416666667,0.002197265625,0.22821574740939668,0.17116181055704752,-0.011 0.301 0.249 0.134
W75-b1,phase_scan,55,6,7200,0.75,0.8701171875,0.9660807291666667,0.015787760416666664,0.3888011058171589,0.29160082936286913,0.059 0.320 0.433 0.562 0.466 0.163
W75-b1,phase_scan,55,8,7200,0.75,0.3369140625,0.8263811383928572,0.0869140625,0.6069383394150508,0.45520375456128814,0.170 0.492 0.744 0.599 0.859 0.759 0.631 0.165
W75-b1,phase_scan,55,4,14400,0.75,0.9814453125,0.99560546875,0.0009765625,0.1854487790001763,0.13908658425013223,0.006 0.243 0.220 0.093
W75-b1,phase_scan,55,6,14400,0.75,0.939453125,0.9897135416666667,0.003743489583333333,0.3519537051518757,0.26396527886390675,0.037 0.307 0.425 0.474 0.381 0.173
W75-b1,phase_scan,55,8,14400,0.75,0.4111328125,0.8407854352678571,0.080322265625,0.542598940077282,0.4069492050579615,0.204 0.645 0.571 0.646 0.658 0.645 0.519 0.115
W75-b1,phase_scan,55,4,28800,0.75,0.9931640625,0.9982096354166667,0.00048828125,0.15660232967800564,0.11745174725850423,0.012 0.188 0.221 0.061
W75-b1,phase_scan,55,6,28800,0.75,0.966796875,0.9958984375,0.0011393229166666665,0.3166023810704548,0.2374517858028411,0.005 0.245 0.375 0.451 0.357 0.155
W75-b1,phase_scan,55,8,28800,0.75,0.5341796875,0.8960658482142858,0.05029296875,0.3780259972526914,0.2835194979395186,0.189 0.389 -0.448 0.708 0.553 0.914 0.461 0.069
W75-b1,phase_scan,55,4,36000,0.75,0.984375,0.9954427083333333,0.00146484375,0.16518118646409777,0.12388588984807333,0.010 0.205 0.229 0.061
W75-b1,phase_scan,55,6,36000,0.75,0.951171875,0.9908203124999999,0.0035807291666666665,0.3321915467580158,0.24914366006851185,0.032 0.253 0.403 0.469 0.353 0.184
W75-b1,phase_scan,55,8,36000,0.75,0.2568359375,0.7854701450892857,0.108642578125,0.5567400341942197,0.41755502564566477,0.229 0.683 0.341 0.602 0.571 1.009 0.584 0.107
W75-b1,phase_scan,66,4,900,0.75,0.880859375,0.9671223958333333,0.00927734375,0.20372724533081055,0.1527954339981079,-0.016 0.178 0.269 0.165
W75-b1,phase_scan,66,6,900,0.75,0.615234375,0.9040364583333333,0.041666666666666664,0.30732351144154857,0.23049263358116143,0.140 0.184 0.233 0.497 0.583 0.039
W75-b1,phase_scan,66,8,900,0.75,0.251953125,0.8079310825892857,0.0936279296875,0.38336148716154556,0.28752111537115915,0.353 -0.121 0.531 0.335 0.691 0.622 0.726 -0.101
W75-b1,phase_scan,66,4,1800,0.75,0.9345703125,0.98486328125,0.003173828125,0.17977105246649847,0.13482828934987384,0.029 0.233 0.240 0.066
W75-b1,phase_scan,66,6,1800,0.75,0.8056640625,0.9618489583333334,0.015299479166666666,0.2884143193562824,0.2163107395172118,0.115 0.368 0.322 0.486 0.270 -0.005
W75-b1,phase_scan,66,8,1800,0.75,0.4755859375,0.8790108816964286,0.058349609375,0.38988142921811064,0.29241107191358295,0.276 0.255 0.626 0.478 0.700 0.358 0.428 -0.116
W75-b1,phase_scan,66,4,3600,0.75,0.9560546875,0.98583984375,0.005126953125,0.25440650516086155,0.19080487887064618,-0.009 0.385 0.294 0.084
W75-b1,phase_scan,66,6,3600,0.75,0.767578125,0.9368489583333333,0.029296874999999997,0.411958607037862,0.3089689552783965,0.080 0.396 0.572 0.621 0.430 0.041
W75-b1,phase_scan,66,8,3600,0.75,0.22265625,0.7985142299107143,0.1004638671875,0.6051108042399088,0.45383310317993164,0.202 0.517 0.791 0.820 0.942 0.676 0.514 -0.024
W75-b1,phase_scan,66,4,7200,0.75,0.9658203125,0.99169921875,0.001953125,0.16013065973917642,0.12009799480438232,-0.041 0.210 0.188 0.083
W75-b1,phase_scan,66,6,7200,0.75,0.9072265625,0.9865234375,0.004231770833333333,0.27658716042836495,0.20744037032127371,0.060 0.283 0.234 0.464 0.305 0.097
W75-b1,phase_scan,66,8,7200,0.75,0.724609375,0.9500209263392857,0.0230712890625,0.3495645636603945,0.26217342274529587,0.209 0.421 0.233 0.300 0.693 0.322 0.400 0.079
W75-b1,phase_scan,66,4,14400,0.75,0.9736328125,0.99267578125,0.002197265625,0.1913603941599528,0.1435202956199646,-0.025 0.216 0.239 0.118
W75-b1,phase_scan,66,6,14400,0.75,0.9111328125,0.9800130208333333,0.008626302083333332,0.3490187962849934,0.26176409721374505,-0.015 0.235 0.388 0.546 0.421 0.155
W75-b1,phase_scan,66,8,14400,0.75,0.2958984375,0.8127790178571428,0.09375,0.5521837416149321,0.4141378062111991,0.109 0.723 0.074 0.582 0.779 1.011 0.605 0.091
W75-b1,phase_scan,66,4,28800,0.75,0.982421875,0.994140625,0.002197265625,0.1637554963429769,0.12281662225723267,0.058 0.211 0.217 0.063
W75-b1,phase_scan,66,6,28800,0.75,0.939453125,0.9883463541666666,0.004720052083333333,0.33799784978230785,0.2534983873367309,0.103 0.260 0.383 0.472 0.357 0.218
W75-b1,phase_scan,66,8,28800,0.75,0.2431640625,0.7616489955357143,0.122802734375,0.6115373656863258,0.4586530242647443,0.297 0.891 1.065 0.572 0.552 0.907 0.159 0.135
W75-b1,phase_scan,66,4,36000,0.75,0.98046875,0.9928385416666667,0.0029296875,0.15700125694274902,0.11775094270706177,-0.011 0.198 0.169 0.104
W75-b1,phase_scan,66,6,36000,0.75,0.9521484375,0.9886718750000001,0.005045572916666666,0.307180102666219,0.23038507699966423,-0.009 0.284 0.378 0.369 0.321 0.182
W75-b1,phase_scan,66,8,36000,0.75,0.6533203125,0.9304896763392857,0.0328369140625,0.23391375087556382,0.17543531315667288,0.181 0.450 -0.374 0.545 0.357 0.469 0.128 0.063
W75-b1,phase_scan,77,4,900,0.75,0.916015625,0.9724934895833333,0.010009765625,0.24097355206807455,0.1807301640510559,-0.006 0.285 0.305 0.133
W75-b1,phase_scan,77,6,900,0.75,0.646484375,0.8979817708333333,0.0478515625,0.39167755444844554,0.2937581658363342,0.132 0.383 0.440 0.601 0.553 -0.019
W75-b1,phase_scan,77,8,900,0.75,0.16015625,0.7527553013392858,0.125,0.49393574396769196,0.370451807975769,0.317 -0.038 0.802 0.625 0.907 0.701 0.650 -0.189
W75-b1,phase_scan,77,4,1800,0.75,0.9267578125,0.9801432291666666,0.005615234375,0.1995135678185357,0.14963517586390176,-0.044 0.263 0.264 0.071
W75-b1,phase_scan,77,6,1800,0.75,0.7392578125,0.9414713541666666,0.025065104166666664,0.30043569405873605,0.22532677054405204,0.059 0.244 0.364 0.571 0.346 -0.024
W75-b1,phase_scan,77,8,1800,0.75,0.3408203125,0.8397739955357142,0.07763671875,0.39889916919526597,0.2991743768964495,0.206 -0.014 0.594 0.579 0.846 0.496 0.443 -0.152
W75-b1,phase_scan,77,4,3600,0.75,0.96484375,0.9928385416666667,0.0009765625,0.18425133493211532,0.1381885011990865,-0.068 0.238 0.194 0.121
W75-b1,phase_scan,77,6,3600,0.75,0.8720703125,0.9778645833333333,0.00830078125,0.30524111588795966,0.22893083691596974,0.043 0.262 0.335 0.457 0.347 0.125
W75-b1,phase_scan,77,8,3600,0.75,0.630859375,0.9195382254464286,0.03857421875,0.41400541578020367,0.3105040618351528,0.180 0.354 0.424 0.403 0.681 0.421 0.513 0.101
W75-b1,phase_scan,77,4,7200,0.75,0.9775390625,0.9959309895833334,0.000244140625,0.19157886505126953,0.14368414878845215,-0.046 0.269 0.214 0.092
W75-b1,phase_scan,77,6,7200,0.75,0.9189453125,0.9863932291666666,0.005045572916666666,0.33104039033253974,0.2482802927494048,0.041 0.252 0.370 0.550 0.359 0.125
W75-b1,phase_scan,77,8,7200,0.75,0.5673828125,0.8920200892857142,0.0535888671875,0.4952684470585415,0.3714513352939061,0.170 0.587 0.350 0.531 0.852 0.552 0.458 0.137
W75-b1,phase_scan,77,4,14400,0.75,0.9775390625,0.9952799479166667,0.000732421875,0.1967756748199463,0.14758175611495972,-0.009 0.239 0.222 0.129
W75-b1,phase_scan,77,6,14400,0.75,0.904296875,0.9786458333333333,0.00927734375,0.3646079619725544,0.2734559714794158,-0.031 0.306 0.375 0.494 0.451 0.198
W75-b1,phase_scan,77,8,14400,0.75,0.162109375,0.7298409598214286,0.1396484375,0.606804507119315,0.4551033803394863,0.124 0.860 0.185 0.523 0.719 1.056 0.682 0.223
W75-b1,phase_scan,77,4,28800,0.75,0.98828125,0.9967447916666667,0.0009765625,0.18021400769551596,0.13516050577163696,-0.013 0.233 0.234 0.073
W75-b1,phase_scan,77,6,28800,0.75,0.9404296875,0.9888020833333333,0.00439453125,0.3516685565312702,0.26375141739845265,-0.011 0.266 0.417 0.506 0.354 0.216
W75-b1,phase_scan,77,8,28800,0.75,0.3935546875,0.8412039620535714,0.0791015625,0.4793093885694231,0.35948204142706736,0.180 0.613 -0.042 0.587 0.679 0.995 0.398 0.125
W75-b1,phase_scan,77,4,36000,0.75,0.984375,0.9967447916666666,0.00048828125,0.16900942060682508,0.1267570654551188,-0.026 0.215 0.247 0.045
W75-b1,phase_scan,77,6,36000,0.75,0.951171875,0.9919921875000001,0.0029296875,0.32683261235555,0.2451244592666625,-0.039 0.260 0.396 0.488 0.346 0.144
W75-b1,phase_scan,77,8,36000,0.75,0.6875,0.9296177455357142,0.0341796875,0.3999232110523043,0.2999424082892282,0.152 0.572 0.202 0.573 0.655 0.741 0.001 0.057
W75-b1,phase_scan,88,4,900,0.75,0.8681640625,0.9622395833333333,0.011474609375,0.20610353681776258,0.15457765261332193,-0.017 0.318 0.229 0.072
W75-b1,phase_scan,88,6,900,0.75,0.6025390625,0.89921875,0.044596354166666664,0.30457273324330636,0.22842954993247977,0.149 0.355 0.487 0.482 0.304 -0.105
W75-b1,phase_scan,88,8,900,0.75,0.2275390625,0.7953055245535714,0.100341796875,0.3584579626719157,0.26884347200393677,0.353 -0.078 0.797 0.660 0.686 0.325 0.403 -0.284
W75-b1,phase_scan,88,4,1800,0.75,0.9248046875,0.9822591145833334,0.00390625,0.19790177875094941,0.14842633406321207,0.074 0.260 0.268 0.066
W75-b1,phase_scan,88,6,1800,0.75,0.73046875,0.9417317708333334,0.023925781249999997,0.3462753375371296,0.25970650315284716,0.218 0.451 0.372 0.552 0.356 -0.000
W75-b1,phase_scan,88,8,1800,0.75,0.3193359375,0.8224400111607143,0.087646484375,0.457987490154448,0.343490617615836,0.421 0.273 0.729 0.546 0.824 0.488 0.460 -0.114
W75-b1,phase_scan,88,4,3600,0.75,0.947265625,0.9886067708333334,0.001953125,0.21750953462388778,0.16313215096791583,-0.017 0.251 0.258 0.144
W75-b1,phase_scan,88,6,3600,0.75,0.8076171875,0.9603515625,0.01611328125,0.3676115115483601,0.2757086336612701,0.066 0.313 0.375 0.547 0.450 0.152
W75-b1,phase_scan,88,8,3600,0.75,0.4765625,0.8756975446428571,0.060791015625,0.5059908004034133,0.37949310030255995,0.198 0.195 0.639 0.535 0.826 0.603 0.605 0.138
W75-b1,phase_scan,88,4,7200,0.75,0.962890625,0.9915364583333333,0.001708984375,0.18156451649136016,0.1361733873685201,-0.030 0.280 0.210 0.055
W75-b1,phase_scan,88,6,7200,0.75,0.888671875,0.9790364583333333,0.008300781249999998,0.3302979787190754,0.24772348403930655,0.063 0.337 0.410 0.517 0.310 0.077
W75-b1,phase_scan,88,8,7200,0.75,0.5751953125,0.8970772879464286,0.0506591796875,0.48158684230986093,0.36119013173239567,0.197 0.322 0.733 0.608 0.790 0.459 0.386 0.074
W75-b1,phase_scan,88,4,14400,0.75,0.9599609375,0.98583984375,0.005615234375,0.1859338018629286,0.13945035139719644,-0.010 0.304 0.238 0.016
W75-b1,phase_scan,88,6,14400,0.75,0.8447265625,0.9557942708333333,0.02099609375,0.34456401666005443,0.25842301249504085,0.014 0.332 0.460 0.541 0.342 0.048
W75-b1,phase_scan,88,8,14400,0.75,0.068359375,0.75634765625,0.121826171875,0.650917825244722,0.48818836893354145,0.171 0.897 1.272 0.663 0.782 0.701 0.209 0.031
W75-b1,phase_scan,88,4,28800,0.75,0.982421875,0.9947916666666667,0.001708984375,0.16014432907104492,0.12010824680328369,-0.067 0.199 0.222 0.060
W75-b1,phase_scan,88,6,28800,0.75,0.953125,0.991796875,0.003092447916666666,0.3325410207112629,0.24940576553344718,-0.001 0.256 0.412 0.453 0.375 0.166
W75-b1,phase_scan,88,8,28800,0.75,0.671875,0.917724609375,0.0408935546875,0.2417820635296049,0.1813365476472037,0.203 -0.297 0.396 0.510 0.507 0.406 0.068 0.103
W75-b1,phase_scan,88,4,36000,0.75,0.98046875,0.9928385416666667,0.0029296875,0.18433139059278703,0.13824854294459027,-0.002 0.235 0.250 0.068
W75-b1,phase_scan,88,6,36000,0.75,0.9189453125,0.9757161458333333,0.01171875,0.36704920132954905,0.2752869009971618,-0.013 0.258 0.440 0.544 0.380 0.214
W75-b1,phase_scan,88,8,36000,0.75,0.2705078125,0.7887486049107143,0.1070556640625,0.5611629259018671,0.42087219442640034,0.186 0.803 0.395 0.615 0.665 0.993 0.285 0.174
E-b1,priority_scan,11,4,900,0.45,0.6552734375,0.8347981770833333,0.079345703125,0.3017776542239719,0.13579994440078735,0.000 0.372 0.231 0.000
E-b1,priority_scan,11,6,900,0.45,0.1669921875,0.6440755208333333,0.18652343749999997,0.6457413236300148,0.29058359563350666,0.000 0.732 0.789 0.615 0.447 -0.000
E-b1,priority_scan,11,8,900,0.45,0.01953125,0.5486886160714286,0.2470703125,1.026576139308788,0.4619592626889546,0.000 1.195 1.292 1.177 1.011 0.919 0.566 0.000
E-b1,priority_scan,11,4,1800,0.45,0.8408203125,0.9249674479166667,0.0361328125,0.43267740143669975,0.1947048306465149,0.000 0.362 0.503 0.000
E-b1,priority_scan,11,6,1800,0.45,0.1181640625,0.58515625,0.224609375,0.8946069578329721,0.40257313102483744,0.000 0.715 0.965 1.003 0.896 -0.000
E-b1,priority_scan,11,8,1800,0.45,0.0,0.5461774553571428,0.248779296875,1.3344415470405862,0.6004986961682638,0.000 1.105 1.488 1.545 1.448 1.536 0.884 0.000
E-b1,priority_scan,11,4,3600,0.45,0.8896484375,0.9500325520833333,0.023681640625,0.5901834037568834,0.26558253169059753,0.000 0.571 0.609 0.000
E-b1,priority_scan,11,6,3600,0.45,0.00390625,0.45553385416666675,0.306640625,1.0812676946322122,0.4865704625844955,0.000 0.894 1.263 1.135 1.033 -0.000
E-b1,priority_scan,11,8,3600,0.45,0.0,0.611083984375,0.2076416015625,1.535926439143993,0.6911668976147969,0.000 1.251 1.771 1.901 1.715 1.579 0.999 0.000
E-b1,priority_scan,11,4,7200,0.45,0.1962890625,0.5460611979166666,0.239990234375,-0.03281599945492214,-0.014767199754714964,0.000 -0.301 0.236 0.000
E-b1,priority_scan,11,6,7200,0.45,0.021484375,0.46608072916666676,0.2999674479166667,-0.0010566413402559177,-0.000475488603115163,0.000 -0.453 -0.066 0.116 0.400 -0.000
E-b1,priority_scan,11,8,7200,0.45,0.0,0.4313267299107142,0.3292236328125,0.02765041810494881,0.012442688147226965,0.000 -0.518 -0.160 -0.022 0.163 0.293 0.410 0.000
E-b1,priority_scan,11,4,14400,0.45,0.958984375,0.9822591145833334,0.008056640625,0.5665067831675212,0.2549280524253846,0.000 0.547 0.586 0.000
E-b1,priority_scan,11,6,14400,0.45,0.00390625,0.28632812500000004,0.44612630208333337,1.0974663496017456,0.4938598573207855,0.000 0.997 1.140 1.131 1.122 -0.000
E-b1,priority_scan,11,8,14400,0.45,0.0,0.6508440290178572,0.184326171875,1.5402433607313368,0.6931095123291016,0.000 1.296 1.778 1.757 1.664 1.601 1.146 0.000
E-b1,priority_scan,22,4,900,0.45,0.73046875,0.8694661458333333,0.06396484375,0.5115232202741835,0.2301854491233826,0.000 0.529 0.494 0.000
E-b1,priority_scan,22,6,900,0.45,0.0615234375,0.5618489583333334,0.23486328124999997,1.0111547509829202,0.4550196379423141,0.000 1.066 1.156 1.067 0.755 -0.000
E-b1,priority_scan,22,8,900,0.45,0.00390625,0.5633021763392857,0.237548828125,1.5709575458809182,0.7069308956464132,0.000 1.651 1.884 1.899 1.687 1.478 0.826 0.000
E-b1,priority_scan,22,4,1800,0.45,0.8037109375,0.9083658854166667,0.0439453125,0.4874871174494425,0.21936920285224915,0.000 0.460 0.515 0.000
E-b1,priority_scan,22,6,1800,0.45,0.068359375,0.5347656250000001,0.2548828125,0.9562332928180693,0.4303049817681312,0.000 0.993 0.996 0.987 0.849 -0.000
E-b1,priority_scan,22,8,1800,0.45,0.001953125,0.5631975446428572,0.2384033203125,1.4281882180107963,0.6426846981048584,0.000 1.520 1.646 1.580 1.523 1.399 0.901 0.000
E-b1,priority_scan,22,4,3600,0.45,0.84375,0.9248046875,0.03662109375,0.5759676297505696,0.25918543338775635,0.000 0.568 0.584 0.000
E-b1,priority_scan,22,6,3600,0.45,0.0029296875,0.4546223958333334,0.30680338541666663,1.110845555861791,0.49988050013780594,0.000 0.931 1.232 1.210 1.070 -0.000
E-b1,priority_scan,22,8,3600,0.45,0.0,0.6062360491071428,0.210693359375,1.5546412379653365,0.6995885570844015,0.000 1.300 1.689 1.758 1.743 1.766 1.072 0.000
E-b1,priority_scan,22,4,7200,0.45,0.9365234375,0.96923828125,0.01513671875,0.4738910330666436,0.21325096487998962,0.000 0.476 0.471 0.000
E-b1,priority_scan,22,6,7200,0.45,0.16796875,0.5831380208333334,0.22998046875,0.9409174819787343,0.42341286689043045,0.000 0.804 1.015 0.993 0.952 -0.000
E-b1,priority_scan,22,8,7200,0.45,0.0,0.5846470424107142,0.2252197265625,1.3710412272700554,0.6169685522715249,0.000 1.282 1.518 1.480 1.457 1.491 0.998 0.000
E-b1,priority_scan,22,4,14400,0.45,0.9462890625,0.97607421875,0.01123046875,0.5813599957360162,0.2616119980812073,0.000 0.554 0.609 0.000
E-b1,priority_scan,22,6,14400,0.45,0.0009765625,0.3365234375000001,0.39534505208333337,1.1028732856114707,0.4962929785251618,0.000 0.940 1.181 1.188 1.103 -0.000
E-b1,priority_scan,22,8,14400,0.45,0.0,0.6767578125,0.1683349609375,1.5883437350944236,0.7147546807924906,0.000 1.364 1.658 1.773 1.768 1.814 1.154 0.000
E-b1,priority_scan,33,4,900,0.45,0.404296875,0.6822916666666666,0.162841796875,0.567281511094835,0.2552766799926758,0.000 0.703 0.432 0.000
E-b1,priority_scan,33,6,900,0.45,0.0283203125,0.5057291666666668,0.26969401041666663,0.8488820989926655,0.3819969445466995,0.000 1.436 0.774 0.580 0.606 -0.000
E-b1,priority_scan,33,8,900,0.45,0.001953125,0.4738071986607142,0.29638671875,1.2139611774020722,0.5462825298309325,0.000 2.253 1.530 1.048 0.992 0.890 0.570 0.000
E-b1,priority_scan,33,4,1800,0.45,0.7978515625,0.8990885416666667,0.05029296875,0.45750266975826687,0.2058762013912201,0.000 0.477 0.438 0.000
E-b1,priority_scan,33,6,1800,0.45,0.03515625,0.5314453125000002,0.25439453125,0.98054900765419,0.4412470534443855,0.000 1.112 1.155 0.957 0.698 -0.000
E-b1,priority_scan,33,8,1800,0.45,0.0,0.5802525111607143,0.2275390625,1.5637724487869828,0.7036976019541423,0.000 1.841 1.965 1.841 1.632 1.378 0.724 0.000
E-b1,priority_scan,33,4,3600,0.45,0.8916015625,0.9490559895833333,0.0244140625,0.5125818649927775,0.23066183924674988,0.000 0.481 0.544 0.000
E-b1,priority_scan,33,6,3600,0.45,0.0458984375,0.4845703125000001,0.28955078125,1.0062954823176065,0.4528329670429229,0.000 0.906 1.092 1.028 0.999 -0.000
E-b1,priority_scan,33,8,3600,0.45,0.0009765625,0.5643484933035714,0.23779296875,1.4747403727637398,0.663633167743683,0.000 1.448 1.614 1.681 1.522 1.483 1.101 0.000
E-b1,priority_scan,33,4,7200,0.45,0.9306640625,0.9708658854166667,0.012939453125,0.48342936568790007,0.21754321455955503,0.000 0.481 0.486 0.000
E-b1,priority_scan,33,6,7200,0.45,0.06640625,0.5046875000000002,0.2783203125,0.9637410938739776,0.4336834922432899,0.000 0.851 0.992 1.004 1.009 -0.000
E-b1,priority_scan,33,8,7200,0.45,0.0,0.5454799107142856,0.2490234375,1.3839021877006246,0.622755984465281,0.000 1.374 1.295 1.583 1.508 1.583 0.961 0.000
E-b1,priority_scan,33,4,14400,0.45,0.943359375,0.97265625,0.013427734375,0.584376917945014,0.2629696130752563,0.000 0.553 0.616 0.000
E-b1,priority_scan,33,6,14400,0.45,0.0029296875,0.38391927083333344,0.3624674479166667,1.0712780058383942,0.4820751026272774,0.000 0.904 1.189 1.107 1.085 -0.000
E-b1,priority_scan,33,8,14400,0.45,0.0,0.6780831473214286,0.16796875,1.5504521793789332,0.6977034807205199,0.000 1.564 1.613 1.724 1.595 2.126 0.680 0.000
E-b1,priority_scan,44,4,900,0.45,0.7451171875,0.87548828125,0.06103515625,0.3169100814395481,0.14260953664779663,0.000 0.291 0.343 0.000
E-b1,priority_scan,44,6,900,0.45,0.1904296875,0.6452473958333333,0.18815104166666666,0.7439696292082467,0.33478633314371103,0.000 0.758 0.746 0.825 0.647 -0.000
E-b1,priority_scan,44,8,900,0.45,0.0087890625,0.5528738839285714,0.244873046875,1.111322244008382,0.500095009803772,0.000 1.205 1.117 1.176 1.341 1.243 0.586 0.000
E-b1,priority_scan,44,4,1800,0.45,0.83203125,0.9308268229166667,0.030517578125,0.5183953709072537,0.2332779169082642,0.000 0.457 0.580 0.000
E-b1,priority_scan,44,6,1800,0.45,0.033203125,0.48320312500000007,0.2880859375,1.0848066210746765,0.48816297948360443,0.000 0.917 1.105 1.248 1.069 -0.000
E-b1,priority_scan,44,8,1800,0.45,0.0,0.6088169642857143,0.207763671875,1.6225802015375208,0.7301610906918844,0.000 1.454 1.611 1.732 1.889 1.994 1.056 0.000
E-b1,priority_scan,44,4,3600,0.45,0.92578125,0.9658203125,0.016357421875,0.514237019750807,0.2314066588878632,0.000 0.495 0.534 0.000
E-b1,priority_scan,44,6,3600,0.45,0.0732421875,0.49817708333333344,0.2835286458333333,0.9891908367474872,0.44513587653636927,0.000 0.868 1.062 1.041 0.985 -0.000
E-b1,priority_scan,44,8,3600,0.45,0.0,0.6077706473214286,0.2108154296875,1.5056354911239058,0.6775359710057577,0.000 1.260 1.568 1.663 1.635 1.720 1.187 0.000
E-b1,priority_scan,44,4,7200,0.45,0.9423828125,0.9768880208333334,0.010009765625,0.5650703774558172,0.25428166985511774,0.000 0.570 0.560 0.000
E-b1,priority_scan,44,6,7200,0.45,0.015625,0.3618489583333334,0.3831380208333333,1.0796075562636056,0.48582340031862253,0.000 1.061 1.158 1.095 1.004 -0.000
E-b1,priority_scan,44,8,7200,0.45,0.0,0.6610979352678572,0.1778564453125,1.5724065127196134,0.707582930723826,0.000 1.575 1.760 1.803 1.662 1.568 1.066 0.000
E-b1,priority_scan,44,4,14400,0.45,0.96484375,0.9853515625,0.006591796875,0.557938019434611,0.25107210874557495,0.000 0.514 0.601 0.000
E-b1,priority_scan,44,6,14400,0.45,0.0,0.3892578125000001,0.35546875,1.1196823914845784,0.5038570761680603,0.000 0.903 1.174 1.235 1.166 -0.000
E-b1,priority_scan,44,8,14400,0.45,0.0,0.6681082589285715,0.1732177734375,1.6692641929343894,0.7511688868204752,0.000 1.299 1.714 1.869 1.895 2.071 1.167 0.000
E-b1,priority_scan,55,4,900,0.45,0.669921875,0.83544921875,0.081787109375,0.6667463646994697,0.30003586411476135,0.000 0.653 0.680 0.000
E-b1,priority_scan,55,6,900,0.45,0.0029296875,0.528515625,0.2527669270833333,1.1800337334473927,0.5310151800513268,0.000 1.058 1.401 1.447 0.813 -0.000
E-b1,priority_scan,55,8,900,0.45,0.0,0.6178152901785714,0.201904296875,1.6999227470821807,0.7649652361869813,0.000 1.531 1.864 2.149 2.158 1.758 0.740 0.000
E-b1,priority_scan,55,4,1800,0.45,0.857421875,0.9368489583333334,0.029052734375,0.5390303664737277,0.24256366491317746,0.000 0.542 0.536 0.000
E-b1,priority_scan,55,6,1800,0.45,0.0478515625,0.45911458333333344,0.3076171875,1.1160143216451008,0.5022064447402954,0.000 1.058 1.187 1.217 1.002 -0.000
E-b1,priority_scan,55,8,1800,0.45,0.0,0.6623883928571429,0.1746826171875,1.7273649462947136,0.7773142258326211,0.000 1.659 1.849 1.926 1.938 1.852 1.139 0.000
E-b1,priority_scan,55,4,3600,0.45,0.90625,0.95947265625,0.0185546875,0.5915605359607272,0.26620224118232727,0.000 0.596 0.587 0.000
E-b1,priority_scan,55,6,3600,0.45,0.0107421875,0.4064453125000001,0.34326171875,1.1248674988746643,0.5061903744935989,0.000 1.030 1.197 1.231 1.042 -0.000
E-b1,priority_scan,55,8,3600,0.45,0.0,0.6639927455357143,0.1749267578125,1.6932293220802588,0.7619531949361165,0.000 1.413 1.766 1.884 1.922 1.908 1.265 0.000
E-b1,priority_scan,55,4,7200,0.45,0.943359375,0.974609375,0.011962890625,0.5772096580929227,0.25974434614181524,0.000 0.619 0.536 0.000
E-b1,priority_scan,55,6,7200,0.45,0.009765625,0.3374348958333334,0.40201822916666663,1.1455131570498147,0.5154809206724167,0.000 1.129 1.242 1.151 1.059 -0.000
E-b1,priority_scan,55,8,7200,0.45,0.0,0.6878138950892858,0.1610107421875,1.6852165593041315,0.7583474516868592,0.000 1.557 1.878 1.892 1.799 1.773 1.213 0.000
E-b1,priority_scan,55,4,14400,0.45,0.9580078125,0.9814453125,0.008544921875,0.5675161547131009,0.25538226962089544,0.000 0.541 0.594 0.000
E-b1,priority_scan,55,6,14400,0.45,0.0,0.27897135416666674,0.43815104166666663,1.074538876612981,0.4835424944758415,0.000 0.903 1.083 1.175 1.137 -0.000
E-b1,priority_scan,55,8,14400,0.45,0.0,0.675537109375,0.1683349609375,1.5630446539984808,0.7033700942993164,0.000 1.310 1.714 1.704 1.729 1.838 1.083 0.000
E-b1,priority_scan,66,4,900,0.45,0.4599609375,0.72265625,0.138671875,0.669602288140191,0.30132102966308594,0.000 0.737 0.602 0.000
E-b1,priority_scan,66,6,900,0.45,0.02734375,0.5541015625000001,0.23649088541666666,1.1025750637054441,0.49615877866744984,0.000 1.205 1.298 1.244 0.664 -0.000
E-b1,priority_scan,66,8,900,0.45,0.0,0.5450613839285714,0.24755859375,1.5583324873888935,0.7012496193250021,0.000 1.632 1.800 1.947 1.834 1.468 0.669 0.000
E-b1,priority_scan,66,4,1800,0.45,0.8310546875,0.9239908854166667,0.03564453125,0.44253316190507674,0.19913992285728455,0.000 0.446 0.439 0.000
E-b1,priority_scan,66,6,1800,0.45,0.21484375,0.6499348958333333,0.18636067708333331,0.8113174637158711,0.36509285867214203,0.000 0.818 0.810 0.855 0.762 -0.000
E-b1,priority_scan,66,8,1800,0.45,0.0029296875,0.5137416294642856,0.2694091796875,1.2169756271221017,0.5476390322049458,0.000 1.329 1.322 1.194 1.300 1.354 0.803 0.000
E-b1,priority_scan,66,4,3600,0.45,0.89453125,0.9500325520833334,0.024169921875,0.48066841231452095,0.21630078554153442,0.000 0.479 0.483 0.000
E-b1,priority_scan,66,6,3600,0.45,0.0283203125,0.44466145833333337,0.31884765625,1.0224812726179757,0.4601165726780891,0.000 0.995 1.030 1.033 1.032 -0.000
E-b1,priority_scan,66,8,3600,0.45,0.0,0.642333984375,0.1895751953125,1.646364265018039,0.7408639192581176,0.000 1.805 1.833 1.739 1.676 1.729 1.097 0.000
E-b1,priority_scan,66,4,7200,0.45,0.9482421875,0.9773763020833333,0.010498046875,0.527443355984158,0.23734951019287112,0.000 0.527 0.527 0.000
E-b1,priority_scan,66,6,7200,0.45,0.0029296875,0.32141927083333344,0.41064453125,1.0616600016752877,0.4777470007538795,0.000 0.964 1.081 1.129 1.073 -0.000
E-b1,priority_scan,66,8,7200,0.45,0.0,0.6380092075892858,0.19189453125,1.5356420146094427,0.6910389065742493,0.000 1.383 1.576 1.636 1.705 1.860 1.054 0.000
E-b1,priority_scan,66,4,14400,0.45,0.962890625,0.9833984375,0.0078125,0.5732599231931899,0.2579669654369354,0.000 0.572 0.574 0.000
E-b1,priority_scan,66,6,14400,0.45,0.0,0.29654947916666674,0.43098958333333337,1.1205932994683583,0.5042669847607613,0.000 1.040 1.157 1.201 1.085 -0.000
E-b1,priority_scan,66,8,14400,0.45,0.0,0.6312779017857142,0.195556640625,1.5399059984419081,0.6929576992988586,0.000 1.619 1.490 1.669 1.760 1.700 1.001 0.000
E-b1,priority_scan,77,4,900,0.45,0.673828125,0.8375651041666667,0.08056640625,0.5712933010525174,0.25708198547363287,0.000 0.472 0.670 0.000
E-b1,priority_scan,77,6,900,0.45,0.013671875,0.49941406250000014,0.2744140625,1.1692379415035248,0.5261570736765862,0.000 0.975 1.229 1.321 1.151 -0.000
E-b1,priority_scan,77,8,900,0.45,0.0,0.5752999441964286,0.230224609375,1.7247729389755813,0.7761478225390116,0.000 1.461 1.743 1.989 1.954 1.970 1.232 0.000
E-b1,priority_scan,77,4,1800,0.45,0.84765625,0.92529296875,0.036865234375,0.511386063363817,0.23012372851371765,0.000 0.466 0.557 0.000
E-b1,priority_scan,77,6,1800,0.45,0.0986328125,0.5413411458333334,0.25374348958333337,0.9577243030071257,0.4309759363532066,0.000 0.905 1.049 0.987 0.889 -0.000
E-b1,priority_scan,77,8,1800,0.45,0.0,0.5482700892857142,0.2469482421875,1.3931585682762995,0.6269213557243348,0.000 1.316 1.575 1.611 1.490 1.447 0.918 0.000
E-b1,priority_scan,77,4,3600,0.45,0.921875,0.9641927083333334,0.01708984375,0.5115621619754367,0.2302029728889465,0.000 0.448 0.575 0.000
E-b1,priority_scan,77,6,3600,0.45,0.0966796875,0.5443359375000001,0.2511393229166667,0.9639604886372883,0.4337822198867798,0.000 0.843 1.068 1.021 0.924 -0.000
E-b1,priority_scan,77,8,3600,0.45,0.0,0.5784388950892857,0.2281494140625,1.4315524366166859,0.6441985964775087,0.000 1.309 1.598 1.679 1.552 1.444 1.007 0.000
E-b1,priority_scan,77,4,7200,0.45,0.9248046875,0.9638671875,0.017578125,0.5409420861138238,0.2434239387512207,0.000 0.546 0.536 0.000
E-b1,priority_scan,77,6,7200,0.45,0.015625,0.4116536458333334,0.33984374999999994,1.085125555594762,0.488306500017643,0.000 1.054 1.183 1.087 1.017 -0.000
E-b1,priority_scan,77,8,7200,0.45,0.0,0.6489606584821429,0.1851806640625,1.6064780729788322,0.7229151328404745,0.000 1.586 1.921 1.814 1.649 1.778 0.891 0.000
E-b1,priority_scan,77,4,14400,0.45,0.958984375,0.9811197916666667,0.009033203125,0.5426719453599718,0.2442023754119873,0.000 0.540 0.545 0.000
E-b1,priority_scan,77,6,14400,0.45,0.0029296875,0.2823567708333334,0.4388020833333333,1.0664730767409005,0.47991288453340525,0.000 0.928 1.114 1.145 1.078 -0.000
E-b1,priority_scan,77,8,14400,0.45,0.0,0.6589006696428572,0.1785888671875,1.573565359468813,0.7081044117609658,0.000 1.352 1.594 1.710 1.746 1.963 1.075 0.000
E-b1,priority_scan,88,4,900,0.45,0.6318359375,0.81201171875,0.09423828125,0.6019739972220527,0.2708882987499237,0.000 0.617 0.587 0.000
E-b1,priority_scan,88,6,900,0.45,0.046875,0.54609375,0.24479166666666666,1.083126813173294,0.48740706592798233,0.000 1.057 1.205 1.195 0.876 -0.000
E-b1,priority_scan,88,8,900,0.45,0.0,0.5661272321428572,0.2353515625,1.5409895667323361,0.6934453050295513,0.000 1.486 1.777 1.785 1.758 1.614 0.825 0.000
E-b1,priority_scan,88,4,1800,0.45,0.806640625,0.9033203125,0.048095703125,0.6227654218673706,0.2802444398403168,0.000 0.618 0.627 0.000
E-b1,priority_scan,88,6,1800,0.45,0.005859375,0.4662109375000001,0.29720052083333337,1.2535585463047028,0.5641013458371162,0.000 1.219 1.357 1.367 1.071 -0.000
E-b1,priority_scan,88,8,1800,0.45,0.0,0.6589704241071429,0.1781005859375,1.8962130281660292,0.8532958626747131,0.000 1.826 2.153 2.168 2.152 1.983 1.096 0.000
E-b1,priority_scan,88,4,3600,0.45,0.884765625,0.94677734375,0.025390625,0.44434216287400985,0.19995397329330444,0.000 0.483 0.406 0.000
E-b1,priority_scan,88,6,3600,0.45,0.2138671875,0.5970052083333334,0.22623697916666666,0.9153851370016732,0.41192331165075297,0.000 0.911 0.953 0.934 0.864 -0.000
E-b1,priority_scan,88,8,3600,0.45,0.005859375,0.5890764508928572,0.222900390625,1.4715837107764351,0.6622126698493959,0.000 1.308 1.587 1.601 1.580 1.595 1.159 0.000
E-b1,priority_scan,88,4,7200,0.45,0.9287109375,0.9669596354166667,0.015869140625,0.48057940271165633,0.21626073122024536,0.000 0.491 0.470 0.000
E-b1,priority_scan,88,6,7200,0.45,0.0517578125,0.40514322916666673,0.3567708333333333,1.0424731175104776,0.4691129028797149,0.000 0.979 1.077 1.059 1.055 -0.000
E-b1,priority_scan,88,8,7200,0.45,0.0,0.6708635602678572,0.171875,1.6474224902965402,0.7413401206334431,0.000 1.440 1.759 1.822 1.785 1.864 1.214 0.000
E-b1,priority_scan,88,4,14400,0.45,0.953125,0.978515625,0.01025390625,0.654961069424947,0.2947324812412262,0.000 0.638 0.672 0.000
E-b1,priority_scan,88,6,14400,0.45,0.0,0.41171875000000013,0.33740234375,1.1958979070186615,0.5381540581583977,0.000 1.010 1.246 1.307 1.220 -0.000
E-b1,priority_scan,88,8,14400,0.45,0.0,0.6691196986607144,0.1722412109375,1.724244267852218,0.7759099205334982,0.000 1.311 1.791 1.976 2.012 2.013 1.242 0.000
E-b1,position_scan,11,4,900,0.45,0.7578125,0.8893229166666666,0.05126953125,0.6647742236102069,0.2991484006245931,0.085 0.765 0.625 0.605
E-b1,position_scan,11,6,900,0.45,0.0,0.45097656250000007,0.30729166666666663,1.0869912836286757,0.4891460776329041,0.189 1.071 1.385 1.194 0.913 0.873
E-b1,position_scan,11,8,900,0.45,0.0,0.5059988839285714,0.273681640625,1.4794154583461705,0.6657369562557768,0.333 1.043 1.887 1.958 1.758 1.408 1.333 0.968
E-b1,position_scan,11,4,1800,0.45,0.798828125,0.9013671875,0.048583984375,0.7405055010760272,0.3332274754842122,-0.206 0.623 0.797 0.802
E-b1,position_scan,11,6,1800,0.45,0.0,0.4365234375000001,0.3173828125,1.1863207552168105,0.5338443398475647,-0.246 0.832 1.160 1.328 1.546 1.066
E-b1,position_scan,11,8,1800,0.45,0.0,0.5767299107142857,0.2294921875,1.5141781738826203,0.6813801782471791,-0.241 0.409 1.441 1.667 1.833 2.064 2.085 1.101
E-b1,position_scan,11,4,3600,0.45,0.91796875,0.9615885416666667,0.018310546875,0.6750367747412787,0.3037665486335754,-0.105 0.632 0.698 0.695
E-b1,position_scan,11,6,3600,0.45,0.0,0.4326171875000001,0.3201497395833333,1.1734553707970514,0.5280549168586731,-0.156 0.842 1.212 1.336 1.371 1.107
E-b1,position_scan,11,8,3600,0.45,0.0,0.5697195870535714,0.2340087890625,1.6348090815165686,0.7356640866824559,-0.149 1.062 1.526 1.869 1.920 1.980 1.976 1.111
E-b1,position_scan,11,4,7200,0.45,0.9423828125,0.97412109375,0.01220703125,0.5571303102705214,0.2507086396217346,-0.052 0.515 0.539 0.617
E-b1,position_scan,11,6,7200,0.45,0.0,0.21764322916666673,0.50341796875,1.038286977344089,0.4672291398048401,0.008 0.887 1.027 1.112 1.059 1.106
E-b1,position_scan,11,8,7200,0.45,0.0,0.5258091517857142,0.2640380859375,1.4143126729934932,0.636440702847072,0.129 0.932 1.508 1.615 1.680 1.269 1.786 1.111
E-b1,position_scan,11,4,14400,0.45,0.919921875,0.9562174479166667,0.02294921875,0.34439665299874767,0.15497849384943646,-0.139 0.203 0.228 0.602
E-b1,position_scan,11,6,14400,0.45,0.2734375,0.7010416666666666,0.15771484375,0.5252159966362847,0.23634719848632812,-0.211 0.597 0.308 0.349 0.291 1.082
E-b1,position_scan,11,8,14400,0.45,0.03515625,0.56884765625,0.239501953125,0.5773171167525033,0.2597927025386265,-0.244 0.759 0.725 0.403 0.463 -0.014 0.594 1.111
E-b1,position_scan,22,4,900,0.45,0.453125,0.7268880208333334,0.135986328125,0.8311891114270246,0.37403510014216107,-0.074 0.659 0.947 0.888
E-b1,position_scan,22,6,900,0.45,0.0,0.4350911458333334,0.31787109375,1.3173850907219782,0.5928232908248902,-0.023 0.848 1.247 1.525 1.960 1.007
E-b1,position_scan,22,8,900,0.45,0.0,0.5259486607142857,0.261474609375,1.7641277918739924,0.7938575063432965,0.166 0.817 1.632 1.827 2.012 2.538 2.491 1.033
E-b1,position_scan,22,4,1800,0.45,0.7705078125,0.8904622395833334,0.053466796875,0.6854370788291648,0.3084466854731242,-0.150 0.501 0.766 0.789
E-b1,position_scan,22,6,1800,0.45,0.0009765625,0.44843750000000004,0.3094075520833333,1.0829663806491427,0.4873348712921142,0.031 0.538 1.065 1.341 1.447 1.024
E-b1,position_scan,22,8,1800,0.45,0.0,0.53466796875,0.255859375,1.4304740277547687,0.6437133124896459,0.230 0.212 1.159 1.567 1.877 2.003 2.117 1.078
E-b1,position_scan,22,4,3600,0.45,0.904296875,0.955078125,0.021728515625,0.6479930877685547,0.2915968894958496,-0.010 0.598 0.688 0.658
E-b1,position_scan,22,6,3600,0.45,0.0,0.3499348958333334,0.38297526041666663,1.1156537665261164,0.5020441949367523,0.114 0.824 1.127 1.237 1.313 1.077
E-b1,position_scan,22,8,3600,0.45,0.0,0.5844029017857142,0.224853515625,1.5066551972949316,0.6779948387827193,0.221 0.823 1.360 1.650 1.737 1.928 1.937 1.111
E-b1,position_scan,22,4,7200,0.45,0.92578125,0.9671223958333334,0.015380859375,0.6208681177209924,0.2793906529744466,0.004 0.595 0.632 0.636
E-b1,position_scan,22,6,7200,0.45,0.0,0.20410156250000003,0.513671875,1.1111488077375624,0.500016963481903,0.050 0.951 1.175 1.248 1.071 1.111
E-b1,position_scan,22,8,7200,0.45,0.0,0.6653180803571428,0.1749267578125,1.5271944848317947,0.6872375181743076,0.104 0.524 1.580 1.775 1.841 1.814 2.044 1.111
E-b1,position_scan,22,4,14400,0.45,0.9541015625,0.97802734375,0.0107421875,0.6900607656549523,0.3105273445447286,-0.028 0.632 0.692 0.746
E-b1,position_scan,22,6,14400,0.45,0.0,0.3745442708333334,0.3660481770833333,1.1927219761742485,0.5367248892784118,-0.035 1.021 1.220 1.269 1.343 1.111
E-b1,position_scan,22,8,14400,0.45,0.0,0.6650041852678572,0.175537109375,1.723966976952931,0.775785139628819,-0.051 1.319 1.575 1.838 1.924 2.065 2.235 1.111
E-b1,position_scan,33,4,900,0.45,0.609375,0.8015950520833333,0.099609375,0.7886594754678232,0.35489676396052044,-0.278 0.624 0.850 0.892
E-b1,position_scan,33,6,900,0.45,0.0009765625,0.45852864583333347,0.30289713541666663,1.1389920446607804,0.5125464200973512,-0.217 0.431 1.219 1.450 1.570 1.025
E-b1,position_scan,33,8,900,0.45,0.0,0.553955078125,0.2440185546875,1.5168276287260511,0.682572432926723,-0.107 -0.022 1.308 1.787 2.014 2.146 2.326 1.061
E-b1,position_scan,33,4,1800,0.45,0.876953125,0.9449869791666667,0.02587890625,0.5218334992726643,0.23482507467269895,-0.164 0.358 0.519 0.688
E-b1,position_scan,33,6,1800,0.45,0.00390625,0.4375651041666668,0.31787109375,0.887432270579868,0.3993445217609406,-0.120 0.503 0.750 0.949 1.170 1.066
E-b1,position_scan,33,8,1800,0.45,0.0,0.4744698660714285,0.2969970703125,1.1900535651615687,0.5355241043227059,-0.058 0.236 0.938 1.173 1.369 1.748 1.763 1.103
E-b1,position_scan,33,4,3600,0.45,0.912109375,0.9586588541666667,0.02001953125,0.6216181649102105,0.2797281742095947,-0.085 0.548 0.673 0.644
E-b1,position_scan,33,6,3600,0.45,0.0,0.4308593750000001,0.32161458333333326,1.1314336591296725,0.5091451466083526,-0.084 0.733 1.200 1.297 1.340 1.087
E-b1,position_scan,33,8,3600,0.45,0.0,0.5942034040178572,0.2188720703125,1.5423349917881073,0.6940507463046482,-0.026 0.753 1.355 1.790 1.870 2.006 1.912 1.111
E-b1,position_scan,33,4,7200,0.45,0.9287109375,0.9656575520833334,0.016845703125,0.645405407305117,0.29043243328730267,-0.033 0.585 0.621 0.730
E-b1,position_scan,33,6,7200,0.45,0.0009765625,0.23092447916666672,0.4910481770833333,1.098990930451287,0.4945459187030792,-0.064 0.917 1.062 1.225 1.180 1.111
E-b1,position_scan,33,8,7200,0.45,0.0,0.5950055803571429,0.2193603515625,1.4713011469159807,0.6620855161121914,-0.012 0.901 1.413 1.574 1.830 1.640 1.829 1.111
E-b1,position_scan,33,4,14400,0.45,0.87109375,0.935546875,0.0322265625,0.6561519040001764,0.2952683568000794,0.064 0.663 0.623 0.683
E-b1,position_scan,33,6,14400,0.45,0.0,0.30240885416666674,0.4300130208333333,1.1816663477155898,0.5317498564720154,-0.006 1.028 1.228 1.268 1.274 1.111
E-b1,position_scan,33,8,14400,0.45,0.0,0.6217912946428572,0.2017822265625,1.6409600727141849,0.7384320327213832,0.058 1.249 1.465 1.870 1.909 1.726 2.157 1.111
E-b1,position_scan,44,4,900,0.45,0.7705078125,0.8912760416666667,0.05224609375,0.6957586164827702,0.3130913774172466,-0.027 0.706 0.636 0.745
E-b1,position_scan,44,6,900,0.45,0.0009765625,0.38554687500000007,0.35693359375,1.1079723570081923,0.49858756065368653,0.068 0.954 1.312 1.141 1.191 0.942
E-b1,position_scan,44,8,900,0.45,0.0,0.5173688616071428,0.266845703125,1.5213275712633891,0.6845974070685251,0.266 0.861 1.798 1.844 1.683 1.620 1.844 0.999
E-b1,position_scan,44,4,1800,0.45,0.7998046875,0.9080403645833334,0.0439453125,0.5919006577244511,0.266355295976003,0.025 0.537 0.562 0.677
E-b1,position_scan,44,6,1800,0.45,0.0,0.31770833333333337,0.41178385416666663,1.0442714823616877,0.46992216706275947,0.076 0.809 1.016 1.104 1.222 1.070
E-b1,position_scan,44,8,1800,0.45,0.0,0.5103585379464286,0.2728271484375,1.4760958391522607,0.6642431276185173,0.134 0.951 1.354 1.526 1.623 1.778 1.995 1.107
E-b1,position_scan,44,4,3600,0.45,0.8994140625,0.9508463541666667,0.024169921875,0.6562558809916178,0.295315146446228,0.066 0.651 0.685 0.633
E-b1,position_scan,44,6,3600,0.45,0.0,0.2550130208333334,0.474609375,1.1655236615075006,0.5244856476783754,0.050 1.021 1.233 1.251 1.215 1.108
E-b1,position_scan,44,8,3600,0.45,0.0,0.6397530691964286,0.190673828125,1.6228072983877997,0.7302632842745099,0.073 1.403 1.676 1.741 1.727 1.811 1.891 1.111
E-b1,position_scan,44,4,7200,0.45,0.8603515625,0.9298502604166667,0.03515625,0.6171287872173168,0.27770795424779254,0.065 0.523 0.531 0.797
E-b1,position_scan,44,6,7200,0.45,0.001953125,0.42350260416666674,0.330078125,0.9513591660393608,0.42811162471771236,0.010 0.887 0.789 0.846 1.123 1.111
E-b1,position_scan,44,8,7200,0.45,0.0,0.3899274553571428,0.35986328125,1.3217669820028635,0.5947951419012886,-0.041 1.214 1.183 1.030 1.154 1.435 2.125 1.111
E-b1,position_scan,44,4,14400,0.45,0.9638671875,0.98388671875,0.007568359375,0.555513170030382,0.24998092651367193,-0.102 0.487 0.556 0.623
E-b1,position_scan,44,6,14400,0.45,0.0,0.20429687500000004,0.515625,1.0161620908313327,0.4572729408740997,-0.036 0.776 0.994 1.055 1.144 1.111
E-b1,position_scan,44,8,14400,0.45,0.0,0.6378348214285715,0.1910400390625,1.338196690120394,0.6021885105541773,0.103 0.283 1.280 1.513 1.610 1.667 1.905 1.111
E-b1,position_scan,55,4,900,0.45,0.7451171875,0.8857421875,0.052734375,0.6517822654158981,0.29330201943715417,-0.132 0.436 0.732 0.787
E-b1,position_scan,55,6,900,0.45,0.0029296875,0.4824869791666668,0.28466796875,0.9362234009636772,0.42130053043365473,-0.112 0.224 0.872 1.267 1.357 0.961
E-b1,position_scan,55,8,900,0.45,0.0,0.5294015066964286,0.2586669921875,1.23951136119782,0.5577801125390189,0.015 -0.047 0.691 1.332 1.767 1.884 2.043 1.007
E-b1,position_scan,55,4,1800,0.45,0.8798828125,0.9461263020833334,0.025390625,0.6686794757843018,0.3009057641029358,0.042 0.653 0.671 0.682
E-b1,position_scan,55,6,1800,0.45,0.0,0.3067057291666667,0.42545572916666663,1.1727223926120334,0.527725076675415,0.060 1.057 1.271 1.238 1.228 1.070
E-b1,position_scan,55,8,1800,0.45,0.0,0.5922154017857143,0.2200927734375,1.638244447253999,0.7372100012642996,0.109 1.431 1.764 1.819 1.768 1.736 1.843 1.106
E-b1,position_scan,55,4,3600,0.45,0.3583984375,0.6181640625,0.2060546875,0.8784258365631104,0.39529162645339966,0.140 1.013 0.926 0.697
E-b1,position_scan,55,6,3600,0.45,0.0,0.5194010416666668,0.26106770833333337,1.4390119446648495,0.6475553750991823,0.042 1.197 1.649 1.619 1.666 1.064
E-b1,position_scan,55,8,3600,0.45,0.0,0.6531808035714286,0.1826171875,1.8431526517111156,0.8294186932700021,-0.008 0.989 1.943 2.367 2.257 2.176 2.062 1.108
E-b1,position_scan,55,4,7200,0.45,0.93359375,0.9736328125,0.011474609375,0.6178775098588732,0.278044879436493,-0.179 0.522 0.621 0.710
E-b1,position_scan,55,6,7200,0.45,0.0,0.2752604166666667,0.4422200520833333,1.104994191063775,0.4972473859786988,-0.214 0.814 1.121 1.194 1.285 1.111
E-b1,position_scan,55,8,7200,0.45,0.0,0.6689801897321428,0.171875,1.485440806737022,0.6684483630316599,-0.217 0.533 1.425 1.721 1.756 1.922 1.930 1.111
E-b1,position_scan,55,4,14400,0.45,0.95703125,0.9807942708333333,0.009033203125,0.6272626806188514,0.28226820627848315,0.016 0.606 0.626 0.650
E-b1,position_scan,55,6,14400,0.45,0.0,0.24524739583333338,0.470703125,1.1672350300682917,0.5252557635307312,0.082 1.031 1.139 1.268 1.287 1.111
E-b1,position_scan,55,8,14400,0.45,0.0,0.6703055245535714,0.1719970703125,1.5266025823260108,0.6869711620467048,0.198 0.748 1.560 1.665 1.950 1.781 1.872 1.111
E-b1,position_scan,66,4,900,0.45,0.6953125,0.8536783854166667,0.071044921875,0.6324602056432654,0.2846070925394695,0.091 0.599 0.664 0.635
E-b1,position_scan,66,6,900,0.45,0.021484375,0.47239583333333346,0.29280598958333337,0.9587991767459446,0.43145962953567507,0.115 0.783 1.013 1.120 0.993 0.885
E-b1,position_scan,66,8,900,0.45,0.0,0.4342912946428571,0.32568359375,1.2970310165768577,0.583663957459586,0.214 0.887 1.304 1.506 1.509 1.474 1.457 0.943
E-b1,position_scan,66,4,1800,0.45,0.8349609375,0.9226888020833334,0.037109375,0.6937896763836896,0.31220535437266034,0.134 0.741 0.686 0.654
E-b1,position_scan,66,6,1800,0.45,0.0,0.35644531250000006,0.38102213541666663,1.2316337956322567,0.5542352080345155,0.182 1.266 1.344 1.220 1.292 1.036
E-b1,position_scan,66,8,1800,0.45,0.0,0.6068289620535714,0.2105712890625,1.6905493963332403,0.7607472283499581,0.297 1.549 1.973 1.892 1.750 1.769 1.805 1.096
E-b1,position_scan,66,4,3600,0.45,0.8994140625,0.9493815104166667,0.025390625,0.6810608175065781,0.30647736787796015,0.306 0.817 0.637 0.589
E-b1,position_scan,66,6,3600,0.45,0.0,0.38684895833333344,0.35693359375,1.2217148674858942,0.5497716903686524,0.465 1.348 1.464 1.191 1.056 1.050
E-b1,position_scan,66,8,3600,0.45,0.0,0.5330636160714286,0.2576904296875,1.6673804086352153,0.7503211838858469,0.643 1.806 2.089 2.064 1.733 1.462 1.407 1.111
E-b1,position_scan,66,4,7200,0.45,0.888671875,0.9449869791666666,0.02734375,0.5880405284740307,0.2646182378133138,-0.157 0.365 0.584 0.815
E-b1,position_scan,66,6,7200,0.45,0.0,0.36705729166666673,0.36979166666666663,1.0005686415566337,0.45025588870048516,-0.260 0.603 0.871 1.140 1.278 1.111
E-b1,position_scan,66,8,7200,0.45,0.0,0.5118931361607142,0.2725830078125,1.3858359389834933,0.623626172542572,-0.347 0.750 1.156 1.392 1.711 1.529 2.051 1.111
E-b1,position_scan,66,4,14400,0.45,0.9609375,0.982421875,0.00830078125,0.5714999304877387,0.2571749687194824,-0.001 0.512 0.555 0.648
E-b1,position_scan,66,6,14400,0.45,0.0,0.12141927083333334,0.6263020833333333,1.1026502185397677,0.4961925983428955,0.032 0.989 1.094 1.161 1.158 1.111
E-b1,position_scan,66,8,14400,0.45,0.0,0.618408203125,0.203857421875,1.5197157102917866,0.683872069631304,0.116 1.241 1.542 1.767 1.838 1.453 1.686 1.111
E-b1,position_scan,77,4,900,0.45,0.6845703125,0.8401692708333333,0.080078125,0.5210588154969392,0.23447646697362265,0.141 0.799 0.384 0.380
E-b1,position_scan,77,6,900,0.45,0.01171875,0.5146484375,0.26481119791666663,0.8427415423923069,0.3792336940765381,0.205 1.157 1.420 0.863 0.117 0.657
E-b1,position_scan,77,8,900,0.45,0.0,0.5321219308035714,0.2581787109375,1.1071717171441942,0.49822727271488737,0.360 1.184 1.920 1.923 1.355 0.529 0.080 0.759
E-b1,position_scan,77,4,1800,0.45,0.7314453125,0.8642578125,0.068115234375,0.7011551327175565,0.31551980972290045,-0.009 0.518 0.692 0.893
E-b1,position_scan,77,6,1800,0.45,0.0,0.4251302083333335,0.3255208333333333,1.1341879897647433,0.5103845953941345,0.047 0.632 1.148 1.306 1.502 1.083
E-b1,position_scan,77,8,1800,0.45,0.0,0.5458286830357142,0.2490234375,1.5668700044117276,0.7050915019852775,0.188 0.728 1.269 1.696 1.856 2.082 2.233 1.104
E-b1,position_scan,77,4,3600,0.45,0.91796875,0.9609375,0.01904296875,0.6818056106567383,0.3068125247955322,0.005 0.729 0.623 0.693
E-b1,position_scan,77,6,3600,0.45,0.0,0.3501302083333334,0.3860677083333333,1.234548740916782,0.5555469334125519,0.039 1.140 1.346 1.256 1.323 1.109
E-b1,position_scan,77,8,3600,0.45,0.0,0.6298130580357142,0.1964111328125,1.6920799300784155,0.7614359685352869,0.096 1.310 1.775 1.934 1.863 1.908 1.944 1.111
E-b1,position_scan,77,4,7200,0.45,0.908203125,0.9576822916666667,0.020263671875,0.5865187998171205,0.2639334599177042,-0.070 0.558 0.556 0.645
E-b1,position_scan,77,6,7200,0.45,0.0,0.22962239583333338,0.4874674479166667,1.1015478902392917,0.49569655060768125,-0.120 0.825 1.183 1.149 1.240 1.111
E-b1,position_scan,77,8,7200,0.45,0.0,0.574951171875,0.22998046875,1.5948623324197437,0.7176880495888847,-0.085 1.171 1.487 1.867 1.779 1.880 1.870 1.111
E-b1,position_scan,77,4,14400,0.45,0.9658203125,0.9845377604166667,0.00732421875,0.6078598675904451,0.2735369404157003,0.015 0.642 0.555 0.627
E-b1,position_scan,77,6,14400,0.45,0.0,0.10859374999999999,0.63818359375,1.1302453411950009,0.5086104035377504,0.019 1.036 1.176 1.193 1.135 1.111
E-b1,position_scan,77,8,14400,0.45,0.0,0.6266741071428572,0.1990966796875,1.4704150245303198,0.6616867610386439,0.119 0.914 1.585 1.707 1.861 1.514 1.600 1.111
E-b1,position_scan,88,4,900,0.45,0.705078125,0.8623046875,0.06640625,0.582494470808241,0.26212251186370844,0.205 0.743 0.541 0.464
E-b1,position_scan,88,6,900,0.45,0.005859375,0.48912760416666673,0.28108723958333337,0.9651039971245658,0.43429679870605464,0.213 1.159 1.267 0.975 0.701 0.723
E-b1,position_scan,88,8,900,0.45,0.0,0.5181012834821428,0.2672119140625,1.3355411423577201,0.6009935140609741,0.328 1.321 1.887 1.786 1.447 1.117 0.954 0.837
E-b1,position_scan,88,4,1800,0.45,0.7978515625,0.8972981770833333,0.051513671875,0.7608765142935292,0.34239443143208814,0.174 0.813 0.794 0.676
E-b1,position_scan,88,6,1800,0.45,0.0,0.3974609375000001,0.34749348958333326,1.221979432635837,0.5498907446861268,0.311 1.231 1.373 1.322 1.220 0.963
E-b1,position_scan,88,8,1800,0.45,0.0,0.5880998883928572,0.223388671875,1.6176432654971167,0.7279394694737025,0.464 1.275 1.872 1.884 1.843 1.832 1.567 1.051
E-b1,position_scan,88,4,3600,0.45,0.9033203125,0.958984375,0.018310546875,0.653440378330372,0.2940481702486674,-0.054 0.544 0.691 0.725
E-b1,position_scan,88,6,3600,0.45,0.0,0.4204427083333334,0.32731119791666663,1.1434019539091325,0.5145308792591097,-0.002 0.802 1.094 1.299 1.415 1.107
E-b1,position_scan,88,8,3600,0.45,0.0,0.5945172991071428,0.217529296875,1.526477299039326,0.6869147845676967,0.094 0.599 1.318 1.652 1.829 2.081 2.095 1.111
E-b1,position_scan,88,4,7200,0.45,0.9423828125,0.97314453125,0.012939453125,0.6232418395854809,0.28045882781346637,-0.179 0.500 0.648 0.723
E-b1,position_scan,88,6,7200,0.45,0.0,0.3386067708333334,0.39453125,1.0834015740288627,0.4875307083129882,-0.119 0.810 1.024 1.186 1.287 1.110
E-b1,position_scan,88,8,7200,0.45,0.0,0.6103864397321429,0.2091064453125,1.4317639858003646,0.644293793610164,0.002 0.372 1.302 1.600 1.762 1.988 1.888 1.111
E-b1,position_scan,88,4,14400,0.45,0.9697265625,0.9861653645833334,0.006591796875,0.5830693686449969,0.2623812158902486,-0.031 0.517 0.615 0.617
E-b1,position_scan,88,6,14400,0.45,0.0,0.18880208333333337,0.5276692708333333,1.0737831725014582,0.4832024276256562,-0.005 0.790 1.087 1.165 1.216 1.111
E-b1,position_scan,88,8,14400,0.45,0.0,0.6619698660714286,0.1767578125,1.4929424013410295,0.6718240806034633,0.108 0.673 1.349 1.650 1.801 2.035 1.832 1.111
E-b1,phase_scan,11,4,900,0.45,0.0,0.0,0.75,1.4917182039331507,0.6712731917699178,-2.952 3.714 1.492 -0.731
E-b1,phase_scan,11,6,900,0.45,0.0,0.0,0.8333333333333335,0.12591963344150106,0.056663835048675476,-3.872 -6.095 5.015 2.793 0.570 -1.653
E-b1,phase_scan,11,8,900,0.45,0.0,0.0,0.875,1.5536145558432928,0.6991265501294818,-4.793 -7.016 8.539 6.316 4.093 1.870 -0.352 -2.575
E-b1,phase_scan,11,4,1800,0.45,0.0,0.0,0.75,1.4876452198734988,0.6694403489430745,-2.957 3.710 1.488 -0.735
E-b1,phase_scan,11,6,1800,0.45,0.0,0.0,0.8333333333333335,0.12041280004713242,0.05418576002120959,-3.879 -6.102 5.009 2.787 0.565 -1.658
E-b1,phase_scan,11,8,1800,0.45,0.0,0.0,0.875,1.5470231525481692,0.6961604186466762,-4.802 -7.024 8.531 6.309 4.087 1.864 -0.358 -2.580
E-b1,phase_scan,11,4,3600,0.45,0.0,0.0,0.75,1.4952636648107458,0.6728686491648356,-2.948 3.718 1.495 -0.727
E-b1,phase_scan,11,6,3600,0.45,0.0,0.0,0.8333333333333335,0.13168777359856465,0.0592594981193541,-3.866 -6.090 5.021 2.799 0.576 -1.647
E-b1,phase_scan,11,8,3600,0.45,0.0,0.0,0.875,1.5625446561783076,0.7031450952802385,-4.783 -7.007 8.548 6.325 4.102 1.879 -0.343 -2.566
E-b1,phase_scan,11,4,7200,0.45,0.0,0.0,0.75,1.4862981549015755,0.668834169705709,-2.958 3.708 1.486 -0.736
E-b1,phase_scan,11,6,7200,0.45,0.0,0.0,0.8333333333333335,0.11823484632703973,0.05320568084716788,-3.882 -6.104 5.007 2.785 0.563 -1.659
E-b1,phase_scan,11,8,7200,0.45,0.0,0.0,0.875,1.5436461615183998,0.69464077268328,-4.806 -7.029 8.527 6.305 4.083 1.861 -0.360 -2.582
E-b1,phase_scan,11,4,14400,0.45,0.60546875,0.8108723958333334,0.09130859375,0.08196393648783366,0.036883771419525146,-0.007 0.090 0.157 -0.001
E-b1,phase_scan,11,6,14400,0.45,0.02734375,0.5237630208333334,0.25748697916666663,0.590107136302524,0.2655482113361358,0.474 1.337 1.590 0.889 -0.558 -0.308
E-b1,phase_scan,11,8,14400,0.45,0.001953125,0.3514578683035714,0.388427734375,1.0407100405011855,0.4683195182255335,0.946 2.571 2.602 2.734 1.541 -0.018 -1.483 -0.662
E-b1,phase_scan,22,4,900,0.45,0.0,0.0,0.75,1.5313505243372036,0.6891077359517417,-2.879 3.771 1.531 -0.708
E-b1,phase_scan,22,6,900,0.45,0.0,0.0,0.8333333333333335,0.18612008624606652,0.08375403881072993,-3.765 -6.005 5.089 2.853 0.615 -1.623
E-b1,phase_scan,22,8,900,0.45,0.0,0.0,0.875,1.6343595868065246,0.7354618140629361,-4.645 -6.887 8.643 6.414 4.177 1.935 -0.298 -2.544
E-b1,phase_scan,22,4,1800,0.45,0.0,0.0,0.75,1.5004440590187353,0.6751998265584309,-2.940 3.724 1.500 -0.724
E-b1,phase_scan,22,6,1800,0.45,0.0,0.0,0.8333333333333335,0.14233451419406445,0.06405053138732901,-3.852 -6.076 5.033 2.809 0.585 -1.640
E-b1,phase_scan,22,8,1800,0.45,0.0,0.0,0.875,1.5830023326571023,0.7123510496956961,-4.760 -6.984 8.570 6.346 4.123 1.899 -0.324 -2.549
E-b1,phase_scan,22,4,3600,0.45,0.0,0.0,0.75,1.5053031179640026,0.6773864030838012,-2.936 3.729 1.505 -0.718
E-b1,phase_scan,22,6,3600,0.45,0.0,0.0,0.8333333333333335,0.14580461714002801,0.06561207771301261,-3.849 -6.073 5.036 2.813 0.589 -1.635
E-b1,phase_scan,22,8,3600,0.45,0.0,0.0,0.875,1.5810400342184399,0.711468015398298,-4.761 -6.984 8.569 6.346 4.120 1.897 -0.328 -2.552
E-b1,phase_scan,22,4,7200,0.45,0.0,0.0,0.75,1.4895370271470811,0.6702916622161865,-2.954 3.712 1.490 -0.733
E-b1,phase_scan,22,6,7200,0.45,0.0,0.0,0.8333333333333335,0.12400815221998407,0.055803668498992834,-3.874 -6.097 5.013 2.791 0.568 -1.655
E-b1,phase_scan,22,8,7200,0.45,0.0,0.0,0.875,1.5520469726078094,0.6984211376735142,-4.795 -7.018 8.537 6.314 4.092 1.869 -0.354 -2.576
E-b1,phase_scan,22,4,14400,0.45,0.8408203125,0.9230143229166667,0.03759765625,0.4027148087819417,0.18122166395187378,-0.124 0.396 0.519 0.293
E-b1,phase_scan,22,6,14400,0.45,0.2734375,0.721484375,0.14388020833333331,0.6118033064736259,0.27531148791313165,0.096 0.345 0.735 1.014 0.740 0.226
E-b1,phase_scan,22,8,14400,0.45,0.0,0.5555943080357142,0.2431640625,0.8455421243395121,0.38049395595278046,0.433 0.854 0.567 1.026 1.431 1.666 0.303 0.072
E-b1,phase_scan,33,4,900,0.45,0.0,0.0,0.75,1.8730248345269098,0.8428611755371095,-2.567 4.099 1.873 -0.353
E-b1,phase_scan,33,6,900,0.45,0.0,0.0,1.0,0.7008282078637016,0.3153726935386657,-3.290 -5.515 5.593 3.368 1.142 -1.084
E-b1,phase_scan,33,8,900,0.45,0.0,0.0,0.875,-0.21683988117036385,-0.09757794652666374,-4.013 -6.239 -8.464 7.089 4.863 2.639 0.409 -1.815
E-b1,phase_scan,33,4,1800,0.45,0.0,0.0,0.75,1.4900569562558774,0.6705256303151449,-2.954 3.713 1.490 -0.733
E-b1,phase_scan,33,6,1800,0.45,0.0,0.0,0.8333333333333335,0.12451836797926141,0.05603326559066764,-3.874 -6.097 5.014 2.791 0.569 -1.654
E-b1,phase_scan,33,8,1800,0.45,0.0,0.0,0.875,1.5532934854901026,0.6989820684705462,-4.794 -7.017 8.538 6.316 4.093 1.870 -0.352 -2.575
E-b1,phase_scan,33,4,3600,0.45,0.259765625,0.60986328125,0.194580078125,0.24191869629753962,0.10886341333389284,0.190 0.838 -0.122 0.010
E-b1,phase_scan,33,6,3600,0.45,0.021484375,0.44335937500000006,0.3118489583333333,0.30510430865817584,0.13729693889617914,0.660 1.985 1.011 -0.352 -0.640 -0.478
E-b1,phase_scan,33,8,3600,0.45,0.0,0.31954520089285715,0.4141845703125,0.3391902408902607,0.1526356084006173,1.158 1.404 2.698 1.206 -0.252 -0.841 -0.873 -0.968
E-b1,phase_scan,33,4,7200,0.45,0.9169921875,0.9640299479166666,0.0166015625,0.25427407688564724,0.11442333459854126,-0.013 0.324 0.390 0.048
E-b1,phase_scan,33,6,7200,0.45,0.4912109375,0.8041015625,0.10074869791666666,0.4252584907743665,0.19136632084846494,0.182 0.533 0.362 0.842 0.504 -0.115
E-b1,phase_scan,33,8,7200,0.45,0.0107421875,0.5390625,0.25439453125,0.6523532526833671,0.2935589637075152,0.369 1.102 0.703 0.569 1.208 1.163 -0.025 -0.153
E-b1,phase_scan,33,4,14400,0.45,0.9423828125,0.9747721354166666,0.01171875,0.2774081406769929,0.12483366330464679,-0.005 0.383 0.355 0.094
E-b1,phase_scan,33,6,14400,0.45,0.634765625,0.8642578125,0.06966145833333333,0.5828013552559745,0.26226060986518857,0.025 0.514 0.743 0.807 0.632 0.218
E-b1,phase_scan,33,8,14400,0.45,0.0,0.5313197544642856,0.256103515625,1.0855549100845578,0.48849970953805105,0.367 1.749 2.475 0.673 1.307 1.703 -0.267 -0.041
E-b1,phase_scan,44,4,900,0.45,0.8056640625,0.9158528645833334,0.03857421875,0.35298510834022806,0.15884329875310263,0.126 0.453 0.388 0.218
E-b1,phase_scan,44,6,900,0.45,0.4091796875,0.7860026041666666,0.10807291666666666,0.624929043981764,0.2812180697917938,0.212 0.746 0.759 0.704 0.689 0.227
E-b1,phase_scan,44,8,900,0.45,0.001953125,0.4138532366071428,0.3402099609375,0.8864578557392908,0.39890603508268085,0.409 1.077 1.132 1.043 1.091 0.845 0.841 0.176
E-b1,phase_scan,44,4,1800,0.45,0.892578125,0.9580078125,0.017822265625,0.2769166010397452,0.12461247046788534,0.047 0.408 0.310 0.113
E-b1,phase_scan,44,6,1800,0.45,0.666015625,0.8948567708333333,0.05126953125,0.5728337499830456,0.25777518749237055,0.113 0.588 0.745 0.684 0.566 0.281
E-b1,phase_scan,44,8,1800,0.45,0.0048828125,0.4521135602678571,0.3170166015625,0.852046183177403,0.38342078242983135,0.295 1.038 1.018 0.988 1.057 0.831 0.698 0.334
E-b1,phase_scan,44,4,3600,0.45,0.93359375,0.9703776041666667,0.013916015625,0.3140604496002197,0.14132720232009888,-0.105 0.360 0.427 0.155
E-b1,phase_scan,44,6,3600,0.45,0.65234375,0.8790364583333332,0.06087239583333333,0.6063145134184095,0.2728415310382843,-0.052 0.400 0.700 0.879 0.741 0.311
E-b1,phase_scan,44,8,3600,0.45,0.0,0.5295410156249999,0.2603759765625,0.8627094162835014,0.38821923732757563,0.131 0.345 0.939 1.004 1.329 1.278 0.847 0.297
E-b1,phase_scan,44,4,7200,0.45,0.96875,0.9861653645833334,0.00634765625,0.23219647230925386,0.10448841253916424,-0.018 0.293 0.308 0.095
E-b1,phase_scan,44,6,7200,0.45,0.876953125,0.96328125,0.017740885416666664,0.49976846906873895,0.22489581108093254,0.008 0.381 0.651 0.651 0.556 0.260
E-b1,phase_scan,44,8,7200,0.45,0.166015625,0.7111118861607144,0.1522216796875,0.7124680564517066,0.320610625403268,0.155 0.731 0.689 0.841 1.005 0.831 0.736 0.154
E-b1,phase_scan,44,4,14400,0.45,0.970703125,0.9886067708333334,0.0048828125,0.25130611878854253,0.11308775345484415,0.015 0.331 0.340 0.083
E-b1,phase_scan,44,6,14400,0.45,0.8974609375,0.9703124999999999,0.01416015625,0.5414354138904146,0.2436459362506866,0.009 0.439 0.639 0.732 0.593 0.305
E-b1,phase_scan,44,8,14400,0.45,0.05078125,0.5838448660714286,0.2283935546875,0.7402005082085018,0.3330902286938258,0.334 0.811 0.877 0.802 1.086 0.958 0.549 0.099
E-b1,phase_scan,55,4,900,0.45,0.0,0.0,0.75,1.4833565994545264,0.6675104697545369,-2.962 3.705 1.483 -0.738
E-b1,phase_scan,55,6,900,0.45,0.0,0.0,0.8333333333333335,0.11297811402214872,0.05084015130996693,-3.889 -6.110 5.001 2.780 0.558 -1.664
E-b1,phase_scan,55,8,900,0.45,0.0,0.0,0.875,1.5360016292995877,0.6912007331848145,-4.815 -7.037 8.519 6.298 4.076 1.854 -0.368 -2.589
E-b1,phase_scan,55,4,1800,0.45,0.0,0.0,0.75,1.4992504649692109,0.6746627092361449,-2.942 3.723 1.500 -0.725
E-b1,phase_scan,55,6,1800,0.45,0.0,0.0,0.8333333333333335,0.13982857598198759,0.06292285919189441,-3.856 -6.079 5.030 2.807 0.583 -1.641
E-b1,phase_scan,55,8,1800,0.45,0.0,0.0,0.875,1.5744151009453664,0.7084867954254149,-4.769 -6.992 8.561 6.338 4.114 1.890 -0.333 -2.557
E-b1,phase_scan,55,4,3600,0.45,0.0,0.0,0.75,1.4876404515019168,0.6694382031758626,-2.957 3.710 1.488 -0.735
E-b1,phase_scan,55,6,3600,0.45,0.0,0.0,0.8333333333333335,0.12009133232964389,0.05404109954833975,-3.880 -6.102 5.009 2.787 0.565 -1.658
E-b1,phase_scan,55,8,3600,0.45,0.0,0.0,0.875,1.546050783187624,0.6957228524344308,-4.803 -7.025 8.530 6.308 4.086 1.864 -0.359 -2.581
E-b1,phase_scan,55,4,7200,0.45,0.0,0.0,0.75,1.5129172360455545,0.6808127562204995,-2.924 3.739 1.513 -0.713
E-b1,phase_scan,55,6,7200,0.45,0.0,0.0,0.8333333333333335,0.1589340103997122,0.07152030467987049,-3.829 -6.055 5.051 2.826 0.599 -1.627
E-b1,phase_scan,55,8,7200,0.45,0.0,0.0,0.875,1.5981288183303108,0.7191579682486399,-4.734 -6.961 8.590 6.365 4.137 1.912 -0.315 -2.541
E-b1,phase_scan,55,4,14400,0.45,0.90625,0.9557291666666667,0.021240234375,0.2638736919120506,0.11874316136042279,0.100 0.343 0.384 0.065
E-b1,phase_scan,55,6,14400,0.45,0.5166015625,0.8186197916666667,0.09326171875,0.42360442214541943,0.19062198996543875,0.198 0.432 0.412 0.822 0.427 0.025
E-b1,phase_scan,55,8,14400,0.45,0.005859375,0.5238211495535714,0.2625732421875,0.6474749247233073,0.2913637161254883,0.378 1.493 0.328 0.725 0.950 0.935 0.061 0.040
E-b1,phase_scan,66,4,900,0.45,0.8583984375,0.9396158854166667,0.027099609375,0.2662857815071389,0.1198286016782125,-0.077 0.322 0.277 0.199
E-b1,phase_scan,66,6,900,0.45,0.486328125,0.8162760416666666,0.09261067708333333,0.43873859776390906,0.19743236899375907,0.041 0.445 0.415 0.527 0.681 0.125
E-b1,phase_scan,66,8,900,0.45,0.0390625,0.5983189174107144,0.216552734375,0.5264492451198517,0.23690216030393327,0.252 0.235 0.633 0.481 0.656 1.260 0.446 -0.027
E-b1,phase_scan,66,4,1800,0.45,0.91796875,0.9666341145833335,0.0146484375,0.2690294936851219,0.12106327215830487,-0.031 0.337 0.417 0.054
E-b1,phase_scan,66,6,1800,0.45,0.595703125,0.8577473958333333,0.07177734375,0.544700158966912,0.24511507153511042,0.064 0.478 0.582 0.849 0.665 0.150
E-b1,phase_scan,66,8,1800,0.45,0.0,0.5208217075892856,0.265625,0.7755217098054432,0.34898476941244944,0.241 0.534 0.902 0.890 1.246 1.358 0.364 0.136
E-b1,phase_scan,66,4,3600,0.45,0.9501953125,0.9786783854166667,0.009765625,0.23718259952686452,0.10673216978708903,-0.084 0.228 0.335 0.148
E-b1,phase_scan,66,6,3600,0.45,0.74609375,0.9138671875,0.043131510416666664,0.46525042586856397,0.20936269164085378,-0.030 0.299 0.436 0.674 0.626 0.292
E-b1,phase_scan,66,8,3600,0.45,0.1416015625,0.6785365513392858,0.17138671875,0.501981500595335,0.22589167526790074,0.116 0.108 0.437 0.618 0.974 0.945 0.278 0.155
E-b1,phase_scan,66,4,7200,0.45,0.9599609375,0.9851888020833334,0.006103515625,0.2605294298242639,0.11723824342091876,0.087 0.357 0.317 0.108
E-b1,phase_scan,66,6,7200,0.45,0.7841796875,0.9264322916666666,0.03694661458333333,0.5471918715371025,0.24623634219169613,0.136 0.553 0.649 0.761 0.549 0.223
E-b1,phase_scan,66,8,7200,0.45,0.0,0.4017508370535714,0.3486328125,0.8386074550568111,0.377373354775565,0.306 0.965 1.691 0.825 1.163 1.319 -0.095 0.002
E-b1,phase_scan,66,4,14400,0.45,0.96484375,0.9856770833333334,0.00634765625,0.2587445576985677,0.11643505096435547,-0.003 0.361 0.332 0.083
E-b1,phase_scan,66,6,14400,0.45,0.83984375,0.9453776041666666,0.02734375,0.55033716890547,0.24765172600746152,0.034 0.427 0.733 0.713 0.594 0.286
E-b1,phase_scan,66,8,14400,0.45,0.0,0.4625069754464285,0.305419921875,0.9997567676362539,0.44989054543631424,0.277 1.018 1.984 0.889 1.235 1.227 0.553 0.093
E-b1,phase_scan,77,4,900,0.45,0.0,0.0,0.75,1.5366221357274938,0.6914799610773722,-2.907 3.759 1.537 -0.686
E-b1,phase_scan,77,6,900,0.45,0.0,0.0,0.8333333333333335,0.19373056623670762,0.08717875480651843,-3.805 -6.027 5.083 2.860 0.638 -1.585
E-b1,phase_scan,77,8,900,0.45,0.0,0.0,0.875,1.644445373898461,0.7400004182543075,-4.702 -6.925 8.630 6.407 4.184 1.961 -0.261 -2.484
E-b1,phase_scan,77,4,1800,0.45,0.0,0.00016276041666666666,0.74951171875,1.4934291662993253,0.6720431248346964,-2.951 3.716 1.493 -0.729
E-b1,phase_scan,77,6,1800,0.45,0.0,0.0012369791666666666,0.8302408854166667,0.12946054670545779,0.05825724601745601,-3.870 -6.092 5.019 2.796 0.574 -1.649
E-b1,phase_scan,77,8,1800,0.45,0.0,0.0005580357142857143,0.8721923828125,1.5592973194425066,0.701683793749128,-4.788 -7.011 8.544 6.321 4.099 1.876 -0.346 -2.569
E-b1,phase_scan,77,4,3600,0.45,0.0,0.0,0.75,1.7426920820165563,0.7842114369074503,-2.633 3.993 1.739 -0.504
E-b1,phase_scan,77,6,3600,0.45,0.0,0.0011067708333333333,0.8014322916666667,0.5111601882510712,0.23002208471298205,-3.381 -5.642 5.431 3.168 0.923 -1.323
E-b1,phase_scan,77,8,3600,0.45,0.0,0.0003836495535714285,0.8662109375,-0.4397042592366535,-0.19786691665649409,-4.142 -6.423 -8.276 6.834 4.576 2.307 0.077 -2.173
E-b1,phase_scan,77,4,7200,0.45,0.9365234375,0.9737955729166667,0.01171875,0.2863442897796631,0.1288549304008484,-0.048 0.333 0.321 0.205
E-b1,phase_scan,77,6,7200,0.45,0.677734375,0.8893880208333332,0.055338541666666664,0.5242366128497652,0.23590647578239435,0.000 0.313 0.594 0.775 0.562 0.377
E-b1,phase_scan,77,8,7200,0.45,0.0048828125,0.5610700334821428,0.240234375,0.7099144610147627,0.31946150745664326,0.180 0.789 0.168 0.900 1.184 1.257 0.352 0.319
E-b1,phase_scan,77,4,14400,0.45,0.962890625,0.9833984375,0.0078125,0.22310883910567672,0.10039897759755452,-0.014 0.285 0.306 0.078
E-b1,phase_scan,77,6,14400,0.45,0.8876953125,0.9612630208333333,0.019368489583333332,0.4960334036085339,0.22321503162384024,0.007 0.387 0.535 0.708 0.602 0.249
E-b1,phase_scan,77,8,14400,0.45,0.0029296875,0.4881417410714285,0.2845458984375,0.5786604351467556,0.26039719581604004,0.376 1.513 -0.306 0.538 1.220 1.332 -0.229 -0.018
E-b1,phase_scan,88,4,900,0.45,0.0,0.0,0.75,1.5140129018712927,0.6813058058420817,-2.927 3.738 1.514 -0.710
E-b1,phase_scan,88,6,900,0.45,0.0,0.0,0.8333333333333335,0.1613860660129121,0.07262372970581045,-3.833 -6.058 5.052 2.828 0.605 -1.619
E-b1,phase_scan,88,8,900,0.45,0.0,0.0,0.875,1.6026680053226532,0.7212006023951939,-4.740 -6.964 8.590 6.366 4.142 1.919 -0.305 -2.529
E-b1,phase_scan,88,4,1800,0.45,0.0,0.0,0.75,1.487123171488444,0.6692054271697998,-2.957 3.709 1.487 -0.735
E-b1,phase_scan,88,6,1800,0.45,0.0,0.0,0.8333333333333335,0.11960146162245003,0.053820657730102514,-3.880 -6.103 5.008 2.786 0.564 -1.658
E-b1,phase_scan,88,8,1800,0.45,0.0,0.0,0.875,1.54572396051316,0.6955757822309221,-4.803 -7.026 8.530 6.308 4.085 1.863 -0.359 -2.581
E-b1,phase_scan,88,4,3600,0.45,0.0,0.0,0.75,1.4878695982473866,0.669541319211324,-2.956 3.710 1.488 -0.734
E-b1,phase_scan,88,6,3600,0.45,0.0,0.0,0.8333333333333335,0.1208264562818738,0.05437190532684321,-3.879 -6.101 5.010 2.787 0.565 -1.657
E-b1,phase_scan,88,8,3600,0.45,0.0,0.0,0.875,1.5474431476895774,0.6963494164603098,-4.801 -7.024 8.532 6.309 4.087 1.865 -0.357 -2.580
E-b1,phase_scan,88,4,7200,0.45,0.0,0.0,0.75,1.490833494398329,0.670875072479248,-2.953 3.713 1.491 -0.732
E-b1,phase_scan,88,6,7200,0.45,0.0,0.0,0.8333333333333335,0.1254145039452445,0.05643652677536003,-3.874 -6.096 5.015 2.792 0.570 -1.653
E-b1,phase_scan,88,8,7200,0.45,0.0,0.0,0.875,1.554106000869993,0.6993477003914969,-4.794 -7.016 8.539 6.316 4.094 1.871 -0.351 -2.574
E-b1,phase_scan,88,4,14400,0.45,0.5400390625,0.7682291666666667,0.115234375,0.3024035029941135,0.13608157634735107,-0.090 0.468 0.245 0.194
E-b1,phase_scan,88,6,14400,0.45,0.005859375,0.5135416666666668,0.2635091145833333,0.6447074545754325,0.29011835455894464,0.282 1.767 1.159 1.000 -0.460 -0.243
E-b1,phase_scan,88,8,14400,0.45,0.0009765625,0.3599679129464285,0.3800048828125,1.0531000107053725,0.47389500481741764,0.684 3.178 1.995 2.430 1.678 0.223 -1.432 -0.700
E-D,priority_scan,11,4,900,0.45,0.1748046875,0.5388997395833334,0.242431640625,0.014702876408894866,0.00661629438400269,0.000 -0.259 0.288 0.000
E-D,priority_scan,11,6,900,0.45,0.0185546875,0.4726562500000001,0.294921875,0.09369244178136171,0.04216159880161277,0.000 -0.357 0.047 0.279 0.406 -0.000
E-D,priority_scan,11,8,900,0.45,0.00390625,0.4376046316964285,0.3243408203125,0.14579618418658222,0.065608282883962,0.000 -0.310 -0.002 0.192 0.279 0.334 0.383 0.000
E-D,priority_scan,11,4,1800,0.45,0.1923828125,0.5421549479166666,0.2421875,0.007061428493923633,0.003177642822265635,0.000 -0.243 0.257 0.000
E-D,priority_scan,11,6,1800,0.45,0.0205078125,0.4653645833333334,0.30061848958333337,0.10600795348485292,0.047703579068183816,0.000 -0.393 0.085 0.269 0.462 -0.000
E-D,priority_scan,11,8,1800,0.45,0.005859375,0.4372209821428571,0.3260498046875,0.11595024002922906,0.052177608013153076,0.000 -0.444 -0.013 0.108 0.196 0.391 0.457 0.000
E-D,priority_scan,11,4,3600,0.45,0.19140625,0.5408528645833333,0.2431640625,0.007024473614162863,0.0031610131263732884,0.000 -0.248 0.262 0.000
E-D,priority_scan,11,6,3600,0.45,0.0244140625,0.46627604166666675,0.30013020833333337,0.012724200884500964,0.005725890398025434,0.000 -0.439 0.007 0.111 0.372 -0.000
E-D,priority_scan,11,8,3600,0.45,0.0,0.4395228794642857,0.3231201171875,0.07363518079121907,0.033135831356048584,0.000 -0.424 -0.084 -0.009 0.198 0.347 0.414 0.000
E-D,priority_scan,11,4,7200,0.45,0.8359375,0.916015625,0.04248046875,-0.011246866650051535,-0.005061089992523191,0.000 0.180 -0.202 0.000
E-D,priority_scan,11,6,7200,0.45,0.3427734375,0.7168619791666666,0.15022786458333334,-0.143707593282064,-0.06466841697692881,0.000 0.306 -0.054 -0.294 -0.534 -0.000
E-D,priority_scan,11,8,7200,0.45,0.052734375,0.5730678013392856,0.235107421875,-0.2997175190183851,-0.13487288355827332,0.000 0.470 0.096 -0.166 -0.492 -0.652 -1.054 0.000
E-D,priority_scan,11,4,14400,0.45,0.9306640625,0.9661458333333334,0.0166015625,-0.10149425930447048,-0.04567241668701172,0.000 -0.100 -0.103 0.000
E-D,priority_scan,11,6,14400,0.45,0.7353515625,0.8998046875,0.05159505208333333,-0.017969906330108826,-0.008086457848548972,0.000 0.099 -0.039 -0.091 -0.041 -0.000
E-D,priority_scan,11,8,14400,0.45,0.45703125,0.8109305245535714,0.0999755859375,0.07232571089709246,0.032546569903691605,0.000 0.383 0.233 0.088 -0.056 -0.008 -0.207 0.000
E-D,priority_scan,22,4,900,0.45,0.1875,0.54736328125,0.237060546875,0.012742612096998424,0.005734175443649291,0.000 -0.217 0.242 0.000
E-D,priority_scan,22,6,900,0.45,0.0244140625,0.46158854166666674,0.3017578125,0.019504278898238955,0.00877692550420753,0.000 -0.461 -0.010 0.167 0.381 -0.000
E-D,priority_scan,22,8,900,0.45,0.0029296875,0.4288155691964285,0.3294677734375,0.05833866419615568,0.026252398888270058,0.000 -0.459 -0.003 0.098 0.105 0.248 0.362 0.000
E-D,priority_scan,22,4,1800,0.45,0.193359375,0.5486653645833333,0.237548828125,-0.09379598829481338,-0.04220819473266602,0.000 -0.300 0.112 0.000
E-D,priority_scan,22,6,1800,0.45,0.01953125,0.4593750000000001,0.3046875,-0.0932242472966514,-0.041950911283493125,0.000 -0.493 -0.224 0.040 0.305 -0.000
E-D,priority_scan,22,8,1800,0.45,0.0009765625,0.4317452566964285,0.328125,-0.11706877637792514,-0.05268094937006631,0.000 -0.571 -0.363 -0.266 -0.037 0.196 0.339 0.000
E-D,priority_scan,22,4,3600,0.45,0.6103515625,0.8017578125,0.09912109375,0.20581510331895617,0.09261679649353027,0.000 0.428 -0.017 0.000
E-D,priority_scan,22,6,3600,0.45,0.142578125,0.6034505208333334,0.212890625,0.17678131659825624,0.07955159246921531,0.000 0.593 0.377 0.141 -0.404 -0.000
E-D,priority_scan,22,8,3600,0.45,0.0166015625,0.5079171316964285,0.2755126953125,0.10234018166859947,0.046053081750869765,0.000 0.813 0.614 0.366 0.077 -0.281 -0.976 0.000
E-D,priority_scan,22,4,7200,0.45,0.828125,0.9129231770833333,0.043701171875,0.039783981111314565,0.017902791500091556,0.000 0.147 -0.067 0.000
E-D,priority_scan,22,6,7200,0.45,0.408203125,0.7410807291666667,0.13785807291666666,0.015060106913248515,0.006777048110961832,0.000 0.308 0.011 -0.078 -0.182 -0.000
E-D,priority_scan,22,8,7200,0.45,0.091796875,0.6140485491071429,0.2103271484375,-0.013518377586647312,-0.00608326991399129,0.000 0.598 0.104 -0.079 -0.088 -0.104 -0.513 0.000
E-D,priority_scan,22,4,14400,0.45,0.931640625,0.9676106770833333,0.015625,-0.024059216181437172,-0.010826647281646729,0.000 -0.032 -0.016 0.000
E-D,priority_scan,22,6,14400,0.45,0.736328125,0.9019531249999999,0.05029296875,-0.012550652027130314,-0.005647793412208641,0.000 0.133 0.013 -0.054 -0.143 -0.000
E-D,priority_scan,22,8,14400,0.45,0.3583984375,0.7808663504464286,0.115234375,0.0006487634446885882,0.0002919435501098647,0.000 0.402 0.224 0.065 -0.094 -0.169 -0.424 0.000
E-D,priority_scan,33,4,900,0.45,0.1923828125,0.5450846354166666,0.2392578125,0.08065799872080483,0.036296099424362176,0.000 -0.151 0.313 0.000
E-D,priority_scan,33,6,900,0.45,0.0205078125,0.4632161458333334,0.30045572916666663,0.06246805191040021,0.028110623359680096,0.000 -0.383 0.092 0.117 0.424 -0.000
E-D,priority_scan,33,8,900,0.45,0.0009765625,0.4312918526785714,0.3271484375,0.15185038248697916,0.06833267211914062,0.000 -0.388 0.077 0.143 0.257 0.445 0.378 0.000
E-D,priority_scan,33,4,1800,0.45,0.1845703125,0.5398763020833333,0.24267578125,0.039635830455356166,0.017836123704910275,0.000 -0.210 0.289 0.000
E-D,priority_scan,33,6,1800,0.45,0.0244140625,0.4590494791666667,0.3046875,0.02240687608718854,0.010083094239234843,0.000 -0.435 -0.058 0.133 0.449 -0.000
E-D,priority_scan,33,8,1800,0.45,0.001953125,0.4364536830357142,0.324951171875,0.12015212465215612,0.05406845609347025,0.000 -0.431 -0.008 0.089 0.194 0.414 0.462 0.000
E-D,priority_scan,33,4,3600,0.45,0.1826171875,0.53564453125,0.24609375,0.04401094383663599,0.0198049247264862,0.000 -0.187 0.275 0.000
E-D,priority_scan,33,6,3600,0.45,0.0302734375,0.47675781250000016,0.2919921875,0.08805702129999779,0.03962565958499901,0.000 -0.412 0.093 0.251 0.420 -0.000
E-D,priority_scan,33,8,3600,0.45,0.005859375,0.4404994419642857,0.322998046875,0.17506586180792913,0.07877963781356812,0.000 -0.308 0.068 0.132 0.262 0.437 0.460 0.000
E-D,priority_scan,33,4,7200,0.45,0.7763671875,0.8841145833333333,0.05859375,-0.14350195725758869,-0.06457588076591492,0.000 0.024 -0.311 0.000
E-D,priority_scan,33,6,7200,0.45,0.23828125,0.6602864583333334,0.18115234374999997,-0.15981490413347899,-0.07191670686006554,0.000 0.212 -0.059 -0.296 -0.496 -0.000
E-D,priority_scan,33,8,7200,0.45,0.046875,0.5447823660714286,0.2530517578125,-0.22812216370194047,-0.10265497366587321,0.000 0.509 0.127 -0.160 -0.427 -0.552 -0.866 0.000
E-D,priority_scan,33,4,14400,0.45,0.9267578125,0.96435546875,0.017578125,-0.05660341845618354,-0.025471538305282593,0.000 -0.052 -0.061 0.000
E-D,priority_scan,33,6,14400,0.45,0.708984375,0.8871093749999999,0.05843098958333333,-0.10171120365460734,-0.0457700416445733,0.000 0.122 -0.086 -0.163 -0.280 -0.000
E-D,priority_scan,33,8,14400,0.45,0.337890625,0.7596958705357144,0.1279296875,-0.1541685395770603,-0.06937584280967714,0.000 0.399 0.043 -0.146 -0.324 -0.349 -0.547 0.000
E-D,priority_scan,44,4,900,0.45,0.177734375,0.5400390625,0.24072265625,0.0478457742267185,0.021530598402023326,0.000 -0.159 0.255 0.000
E-D,priority_scan,44,6,900,0.45,0.0244140625,0.46152343750000013,0.30110677083333337,0.035889595746993824,0.01615031808614722,0.000 -0.365 -0.030 0.126 0.414 -0.000
E-D,priority_scan,44,8,900,0.45,0.00390625,0.43397739955357134,0.3248291015625,0.07486180022910788,0.03368781010309855,0.000 -0.374 0.029 0.065 0.118 0.282 0.329 0.000
E-D,priority_scan,44,4,1800,0.45,0.1904296875,0.5441080729166667,0.240478515625,0.03324952390458849,0.014962285757064821,0.000 -0.205 0.272 0.000
E-D,priority_scan,44,6,1800,0.45,0.0244140625,0.4604817708333334,0.3037109375,0.06939883033434532,0.031229473650455395,0.000 -0.379 0.094 0.170 0.392 -0.000
E-D,priority_scan,44,8,1800,0.45,0.0029296875,0.4286411830357142,0.3310546875,0.12040831424571848,0.05418374141057331,0.000 -0.360 -0.015 0.131 0.189 0.288 0.490 0.000
E-D,priority_scan,44,4,3600,0.45,0.4326171875,0.71142578125,0.144775390625,0.29154194725884336,0.13119387626647952,0.000 0.657 -0.074 0.000
E-D,priority_scan,44,6,3600,0.45,0.041015625,0.5191406250000001,0.26204427083333337,0.5321721235911049,0.2394774556159972,0.000 1.476 0.830 0.256 -0.434 -0.000
E-D,priority_scan,44,8,3600,0.45,0.00390625,0.4599958147321428,0.306884765625,0.6829439710687709,0.3073247869809469,0.000 2.206 1.499 0.953 0.495 -0.120 -0.936 0.000
E-D,priority_scan,44,4,7200,0.45,0.5986328125,0.79638671875,0.102294921875,0.02927290068732369,0.01317280530929566,0.000 0.341 -0.283 0.000
E-D,priority_scan,44,6,7200,0.45,0.080078125,0.5590494791666667,0.23828124999999997,-0.025282849868138807,-0.011377282440662464,0.000 0.781 0.218 -0.257 -0.843 -0.000
E-D,priority_scan,44,8,7200,0.45,0.0078125,0.48486328124999994,0.29052734375,-0.17724505177250624,-0.0797602732976278,0.000 1.194 0.569 0.076 -0.447 -0.879 -1.576 0.000
E-D,priority_scan,44,4,14400,0.45,0.869140625,0.9334309895833334,0.033447265625,-0.029726955625745982,-0.013377130031585692,0.000 -0.010 -0.049 0.000
E-D,priority_scan,44,6,14400,0.45,0.373046875,0.72578125,0.14583333333333331,-0.01927748322486897,-0.008674867451191037,0.000 0.293 0.092 -0.079 -0.384 -0.000
E-D,priority_scan,44,8,14400,0.45,0.0439453125,0.5624302455357142,0.241455078125,-0.11097713753029152,-0.04993971188863119,0.000 0.710 0.369 0.011 -0.298 -0.434 -1.024 0.000
E-D,priority_scan,55,4,900,0.45,0.2001953125,0.5533854166666667,0.23486328125,0.003544025950961635,0.0015948116779327358,0.000 -0.219 0.226 0.000
E-D,priority_scan,55,6,900,0.45,0.025390625,0.46497395833333344,0.3006184895833333,0.08915970722834252,0.040121868252754135,0.000 -0.352 -0.006 0.245 0.469 -0.000
E-D,priority_scan,55,8,900,0.45,0.0029296875,0.4290248325892856,0.3309326171875,0.09152343979588262,0.04118554790814718,0.000 -0.503 -0.070 0.153 0.135 0.413 0.422 0.000
E-D,priority_scan,55,4,1800,0.45,0.1923828125,0.5455729166666666,0.23974609375,0.033149851693047405,0.014917433261871333,0.000 -0.203 0.269 0.000
E-D,priority_scan,55,6,1800,0.45,0.0234375,0.4588541666666668,0.3046875,0.07294595241546613,0.032825678586959756,0.000 -0.376 0.051 0.194 0.423 -0.000
E-D,priority_scan,55,8,1800,0.45,0.0068359375,0.4422781808035714,0.32177734375,0.12990680005815294,0.05845806002616882,0.000 -0.375 0.045 0.118 0.215 0.317 0.460 0.000
E-D,priority_scan,55,4,3600,0.45,0.197265625,0.55126953125,0.236083984375,0.07253368695576987,0.03264015913009644,0.000 -0.138 0.283 0.000
E-D,priority_scan,55,6,3600,0.45,0.0244140625,0.4657552083333334,0.29964192708333337,0.12316644191741925,0.05542489886283866,0.000 -0.200 0.055 0.202 0.436 -0.000
E-D,priority_scan,55,8,3600,0.45,0.0009765625,0.4407087053571428,0.322021484375,0.2567323048909505,0.11552953720092773,0.000 -0.075 0.117 0.146 0.335 0.528 0.489 0.000
E-D,priority_scan,55,4,7200,0.45,0.720703125,0.8597005208333333,0.069580078125,0.05228804217444526,0.023529618978500366,0.000 0.259 -0.154 0.000
E-D,priority_scan,55,6,7200,0.45,0.224609375,0.6533854166666667,0.18473307291666666,0.2190305292606352,0.09856373816728585,0.000 0.584 0.498 0.049 -0.254 -0.000
E-D,priority_scan,55,8,7200,0.45,0.033203125,0.5378069196428571,0.257080078125,0.3499543887597543,0.15747947494188944,0.000 0.853 0.923 0.682 0.200 -0.114 -0.445 0.000
E-D,priority_scan,55,4,14400,0.45,0.9130859375,0.9580078125,0.0205078125,0.11215077506171334,0.050467848777771,0.000 0.141 0.083 0.000
E-D,priority_scan,55,6,14400,0.45,0.671875,0.8744140625,0.06477864583333333,0.14357979098955773,0.06461090594530097,0.000 0.239 0.247 0.189 -0.101 -0.000
E-D,priority_scan,55,8,14400,0.45,0.2763671875,0.7385253906250001,0.13916015625,0.15697004618468105,0.07063652078310648,0.000 0.434 0.377 0.343 0.202 0.039 -0.452 0.000
E-D,priority_scan,66,4,900,0.45,0.1884765625,0.5441080729166667,0.2392578125,0.04307409127553302,0.01938334107398986,0.000 -0.175 0.261 0.000
E-D,priority_scan,66,6,900,0.45,0.015625,0.4589843750000001,0.302734375,0.08258630832036318,0.03716383874416343,0.000 -0.293 0.033 0.184 0.407 -0.000
E-D,priority_scan,66,8,900,0.45,0.00390625,0.4466378348214285,0.3170166015625,0.11099091282597294,0.04994591077168782,0.000 -0.376 -0.034 0.153 0.195 0.388 0.340 0.000
E-D,priority_scan,66,4,1800,0.45,0.2109375,0.5654296875,0.2265625,0.06294714079962836,0.028326213359832764,0.000 -0.107 0.233 0.000
E-D,priority_scan,66,6,1800,0.45,0.025390625,0.4764322916666668,0.2923177083333333,0.19651676217714928,0.08843254297971717,0.000 -0.051 0.129 0.273 0.435 -0.000
E-D,priority_scan,66,8,1800,0.45,0.0029296875,0.4331752232142856,0.326171875,0.26262640953063965,0.11818188428878784,0.000 0.065 0.247 0.186 0.300 0.380 0.398 0.000
E-D,priority_scan,66,4,3600,0.45,0.56640625,0.7809244791666666,0.109130859375,-0.16000529130299887,-0.07200238108634949,0.000 0.138 -0.458 0.000
E-D,priority_scan,66,6,3600,0.45,0.080078125,0.5671223958333333,0.23258463541666666,-0.08724987506866472,-0.039262443780899124,0.000 0.605 0.135 -0.289 -0.799 -0.000
E-D,priority_scan,66,8,3600,0.45,0.0048828125,0.4904785156249999,0.28662109375,-0.08064925670623775,-0.036292165517806986,0.000 1.079 0.584 0.135 -0.255 -0.667 -1.359 0.000
E-D,priority_scan,66,4,7200,0.45,0.65625,0.8251953125,0.088134765625,-0.12136128213670518,-0.05461257696151733,0.000 0.083 -0.326 0.000
E-D,priority_scan,66,6,7200,0.45,0.1650390625,0.6194010416666667,0.20393880208333331,-0.09006842970848103,-0.040530793368816466,0.000 0.417 0.068 -0.220 -0.626 -0.000
E-D,priority_scan,66,8,7200,0.45,0.013671875,0.5199497767857142,0.2679443359375,-0.08907260718169034,-0.04008267323176065,0.000 0.770 0.358 0.077 -0.236 -0.448 -1.055 0.000
E-D,priority_scan,66,4,14400,0.45,0.8828125,0.9435221354166667,0.027587890625,-0.05509886476728651,-0.02479448914527893,0.000 -0.081 -0.030 0.000
E-D,priority_scan,66,6,14400,0.45,0.51171875,0.8007161458333333,0.10384114583333333,-0.028668344020843693,-0.012900754809379663,0.000 0.049 0.100 -0.016 -0.248 -0.000
E-D,priority_scan,66,8,14400,0.45,0.1279296875,0.6517857142857144,0.188232421875,-0.04838137714951129,-0.02177161971728008,0.000 0.352 0.245 0.123 -0.026 -0.239 -0.745 0.000
E-D,priority_scan,77,4,900,0.45,0.169921875,0.5377604166666667,0.242919921875,-0.00010589758555096251,-4.765391349793313e-05,0.000 -0.289 0.289 0.000
E-D,priority_scan,77,6,900,0.45,0.0244140625,0.4708984375000001,0.29703776041666663,0.05619396766026798,0.02528728544712059,0.000 -0.423 0.028 0.179 0.441 -0.000
E-D,priority_scan,77,8,900,0.45,0.0029296875,0.4344308035714285,0.32666015625,0.09855424916302717,0.04434941212336223,0.000 -0.419 -0.069 0.108 0.185 0.359 0.427 0.000
E-D,priority_scan,77,4,1800,0.45,0.1982421875,0.5504557291666666,0.236572265625,0.00970211293962267,0.004365950822830202,0.000 -0.201 0.220 0.000
E-D,priority_scan,77,6,1800,0.45,0.0166015625,0.46406250000000016,0.2996419270833333,0.1437547306219735,0.06468962877988807,0.000 -0.218 0.021 0.277 0.495 -0.000
E-D,priority_scan,77,8,1800,0.45,0.00390625,0.4401855468749999,0.322021484375,0.2326414320203993,0.10468864440917969,0.000 -0.210 0.143 0.207 0.263 0.474 0.519 0.000
E-D,priority_scan,77,4,3600,0.45,0.37109375,0.6746419270833334,0.1650390625,-0.0170152054892646,-0.00765684247016907,0.000 0.031 -0.065 0.000
E-D,priority_scan,77,6,3600,0.45,0.068359375,0.5612630208333333,0.236328125,0.20521213610966982,0.09234546124935142,0.000 0.549 0.301 0.212 -0.241 -0.000
E-D,priority_scan,77,8,3600,0.45,0.0078125,0.4784458705357142,0.2947998046875,0.36299021155745886,0.16334559520085648,0.000 1.166 0.626 0.494 0.396 0.168 -0.670 0.000
E-D,priority_scan,77,4,7200,0.45,0.6982421875,0.8470052083333333,0.07666015625,-0.011127723587883831,-0.005007475614547724,0.000 0.176 -0.198 0.000
E-D,priority_scan,77,6,7200,0.45,0.1904296875,0.6240234375,0.20182291666666666,0.032190978527068925,0.014485940337181017,0.000 0.446 0.201 0.026 -0.545 -0.000
E-D,priority_scan,77,8,7200,0.45,0.0126953125,0.5042201450892857,0.278076171875,0.0823088707747283,0.03703899184862774,0.000 0.925 0.606 0.324 -0.031 -0.310 -1.020 0.000
E-D,priority_scan,77,4,14400,0.45,0.734375,0.865234375,0.06787109375,-0.0055703189637925895,-0.0025066435337066655,0.000 -0.014 0.003 0.000
E-D,priority_scan,77,6,14400,0.45,0.2685546875,0.6883463541666667,0.16471354166666663,-0.06524691979090391,-0.02936111390590676,0.000 0.075 -0.045 -0.072 -0.219 -0.000
E-D,priority_scan,77,8,14400,0.45,0.048828125,0.5716727120535714,0.236083984375,-0.1537368032667372,-0.06918156147003174,0.000 0.352 0.074 -0.207 -0.349 -0.164 -0.628 0.000
E-D,priority_scan,88,4,900,0.45,0.201171875,0.55224609375,0.235595703125,0.0056803226470947266,0.002556145191192627,0.000 -0.188 0.199 0.000
E-D,priority_scan,88,6,900,0.45,0.0263671875,0.4695312500000001,0.29752604166666663,0.11355479558308901,0.05109965801239005,0.000 -0.320 0.074 0.264 0.437 -0.000
E-D,priority_scan,88,8,900,0.45,0.0,0.4295828683035714,0.3297119140625,0.18061527499446162,0.08127687374750774,0.000 -0.430 -0.005 0.229 0.282 0.493 0.515 0.000
E-D,priority_scan,88,4,1800,0.45,0.1845703125,0.5465494791666666,0.237548828125,0.03955933782789445,0.0178017020225525,0.000 -0.172 0.251 0.000
E-D,priority_scan,88,6,1800,0.45,0.0322265625,0.4626953125000001,0.302734375,0.10836035013198834,0.04876215755939475,0.000 -0.342 0.042 0.297 0.437 -0.000
E-D,priority_scan,88,8,1800,0.45,0.00390625,0.4340820312499999,0.3272705078125,0.15245676040649414,0.06860554218292236,0.000 -0.366 0.001 0.203 0.218 0.423 0.435 0.000
E-D,priority_scan,88,4,3600,0.45,0.4599609375,0.7254231770833334,0.138427734375,-0.024704668256971568,-0.011117100715637205,0.000 0.131 -0.180 0.000
E-D,priority_scan,88,6,3600,0.45,0.0927734375,0.5579427083333334,0.24055989583333331,0.009096215168634875,0.004093296825885694,0.000 0.648 0.115 -0.067 -0.660 -0.000
E-D,priority_scan,88,8,3600,0.45,0.0078125,0.4720982142857142,0.2991943359375,-0.0026965582812273903,-0.0012134512265523257,0.000 1.222 0.590 0.141 -0.138 -0.521 -1.310 0.000
E-D,priority_scan,88,4,7200,0.45,0.5048828125,0.7506510416666666,0.1240234375,0.021845499674479157,0.009830474853515622,0.000 0.369 -0.325 0.000
E-D,priority_scan,88,6,7200,0.45,0.072265625,0.5499348958333334,0.24267578125,0.20000512401262902,0.09000230580568305,0.000 0.904 0.470 0.122 -0.697 -0.000
E-D,priority_scan,88,8,7200,0.45,0.0048828125,0.46937779017857134,0.2998046875,0.29510431819491917,0.13279694318771362,0.000 1.408 0.903 0.649 0.284 -0.213 -1.261 0.000
E-D,priority_scan,88,4,14400,0.45,0.67578125,0.833984375,0.08349609375,-0.13710061709086102,-0.06169527769088746,0.000 0.131 -0.406 0.000
E-D,priority_scan,88,6,14400,0.45,0.08984375,0.5652343750000002,0.2353515625,0.03422508637110372,0.015401288866996673,0.000 0.808 0.193 -0.092 -0.772 -0.000
E-D,priority_scan,88,8,14400,0.45,0.005859375,0.4922921316964285,0.2855224609375,0.14295017277752917,0.06432757774988812,0.000 1.364 0.806 0.427 -0.035 -0.441 -1.264 0.000
E-D,position_scan,11,4,900,0.45,0.8076171875,0.9217122395833334,0.033935546875,-0.1574708797313549,-0.07086189587910971,-0.063 -0.163 -0.215 -0.094
E-D,position_scan,11,6,900,0.45,0.5126953125,0.8526041666666666,0.07014973958333333,-0.24602219131257805,-0.11070998609066013,0.087 -0.255 -0.226 -0.325 -0.254 -0.171
E-D,position_scan,11,8,900,0.45,0.232421875,0.7668805803571428,0.1177978515625,-0.3139541073450967,-0.1412793483052935,0.293 -0.358 -0.259 -0.308 -0.390 -0.369 -0.202 -0.311
E-D,position_scan,11,4,1800,0.45,0.900390625,0.9521484375,0.0234375,-0.10705056013884366,-0.048172752062479646,0.010 -0.106 -0.075 -0.140
E-D,position_scan,11,6,1800,0.45,0.7490234375,0.9174479166666667,0.040690104166666664,-0.16559388902452263,-0.07451725006103518,0.089 -0.200 -0.092 -0.123 -0.163 -0.250
E-D,position_scan,11,8,1800,0.45,0.466796875,0.8490862165178571,0.0765380859375,-0.23161825679597398,-0.10422821555818829,0.230 -0.300 -0.174 -0.147 -0.206 -0.190 -0.188 -0.415
E-D,position_scan,11,4,3600,0.45,0.9462890625,0.9773763020833334,0.01025390625,-0.15185422367519802,-0.06833440065383911,-0.062 -0.105 -0.222 -0.128
E-D,position_scan,11,6,3600,0.45,0.8515625,0.9569010416666666,0.020670572916666664,-0.23259807295269447,-0.10466913282871251,-0.004 -0.137 -0.252 -0.341 -0.292 -0.140
E-D,position_scan,11,8,3600,0.45,0.626953125,0.9016810825892857,0.049560546875,-0.33058007558186847,-0.14876103401184082,0.131 -0.204 -0.262 -0.313 -0.442 -0.506 -0.362 -0.224
E-D,position_scan,11,4,7200,0.45,0.9658203125,0.9861653645833334,0.006103515625,0.028333928849962022,0.01275026798248291,0.003 0.006 0.047 0.032
E-D,position_scan,11,6,7200,0.45,0.9013671875,0.9742838541666667,0.01171875,-0.0038697785801358174,-0.0017414003610611178,0.044 -0.035 -0.075 0.018 0.083 -0.011
E-D,position_scan,11,8,7200,0.45,0.8173828125,0.9619489397321428,0.0181884765625,-0.058658936667063885,-0.02639652150017875,0.047 -0.334 -0.168 -0.146 -0.079 0.099 0.349 -0.132
E-D,position_scan,11,4,14400,0.45,0.9716796875,0.9895833333333333,0.004150390625,0.0080902929659243,0.003640631834665935,-0.009 -0.043 0.014 0.053
E-D,position_scan,11,6,14400,0.45,0.9169921875,0.9767578125,0.011067708333333332,-0.014838920699225582,-0.006677514314651512,0.003 -0.047 -0.044 -0.038 0.010 0.044
E-D,position_scan,11,8,14400,0.45,0.8564453125,0.9696568080357143,0.0146484375,-0.03653028654673744,-0.01643862894603185,0.035 -0.164 -0.110 -0.061 -0.057 0.007 0.169 -0.040
E-D,position_scan,22,4,900,0.45,0.8125,0.91845703125,0.037109375,-0.05184089695965802,-0.023328403631846108,-0.113 -0.181 -0.048 0.074
E-D,position_scan,22,6,900,0.45,0.515625,0.8337890625,0.08203125,-0.16904525624381178,-0.07607036530971531,0.001 -0.354 -0.348 -0.195 0.096 -0.043
E-D,position_scan,22,8,900,0.45,0.2236328125,0.7415597098214286,0.1339111328125,-0.25982404512072366,-0.11692082030432564,0.196 -0.537 -0.459 -0.425 -0.356 -0.034 0.223 -0.231
E-D,position_scan,22,4,1800,0.45,0.9072265625,0.9568684895833333,0.020751953125,-0.07870033935264303,-0.03541515270868937,0.008 -0.098 -0.134 -0.003
E-D,position_scan,22,6,1800,0.45,0.7587890625,0.9246744791666666,0.036783854166666664,-0.13555813497967195,-0.06100116074085238,0.053 -0.116 -0.184 -0.191 -0.077 -0.110
E-D,position_scan,22,8,1800,0.45,0.55859375,0.8761509486607143,0.0626220703125,-0.1921624985952226,-0.08647312436785018,0.110 -0.146 -0.181 -0.269 -0.289 -0.210 0.041 -0.291
E-D,position_scan,22,4,3600,0.45,0.9326171875,0.9723307291666666,0.01220703125,-0.09531908565097386,-0.04289358854293824,-0.162 -0.162 -0.138 0.014
E-D,position_scan,22,6,3600,0.45,0.796875,0.9422526041666667,0.02734375,-0.16679671075609,-0.0750585198402405,-0.120 -0.207 -0.207 -0.230 -0.138 -0.052
E-D,position_scan,22,8,3600,0.45,0.65234375,0.9183175223214286,0.0399169921875,-0.2043585360996307,-0.09196134124483382,-0.021 -0.289 -0.209 -0.254 -0.329 -0.236 0.055 -0.169
E-D,position_scan,22,4,7200,0.45,0.962890625,0.9837239583333333,0.007568359375,-0.004201553486011647,-0.0018906990687052412,-0.013 -0.020 0.000 0.007
E-D,position_scan,22,6,7200,0.45,0.9013671875,0.9766927083333334,0.01025390625,-0.033586429225073974,-0.01511389315128329,-0.013 -0.086 -0.033 0.058 -0.039 -0.069
E-D,position_scan,22,8,7200,0.45,0.796875,0.9586356026785714,0.0196533203125,-0.02139176641191754,-0.009626294885362895,0.040 -0.349 -0.131 -0.012 0.086 0.053 0.301 -0.098
E-D,position_scan,22,4,14400,0.45,0.9765625,0.9905598958333334,0.004150390625,0.05924834145439995,0.026661753654479977,0.012 0.093 0.044 0.041
E-D,position_scan,22,6,14400,0.45,0.9443359375,0.9848307291666667,0.007161458333333332,0.06252413325839568,0.028135859966278053,0.022 0.110 0.065 0.031 0.063 0.043
E-D,position_scan,22,8,14400,0.45,0.8232421875,0.9599260602678572,0.01953125,0.08278676441737585,0.03725404398781913,0.045 0.235 0.115 0.045 0.009 0.122 0.082 -0.029
E-D,position_scan,33,4,900,0.45,0.8544921875,0.9345703125,0.030517578125,0.11467655499776204,0.05160444974899292,0.062 0.080 0.135 0.129
E-D,position_scan,33,6,900,0.45,0.625,0.8724609375,0.06331380208333333,0.12880481614006886,0.05796216726303099,0.127 0.065 0.067 0.146 0.301 0.065
E-D,position_scan,33,8,900,0.45,0.36328125,0.8033272879464286,0.1009521484375,0.1587030811915322,0.0714163865361895,0.263 0.055 0.077 0.084 0.128 0.328 0.501 -0.061
E-D,position_scan,33,4,1800,0.45,0.9287109375,0.9659830729166666,0.0166015625,0.07921527933191369,0.03564687569936116,-0.046 0.126 0.104 0.008
E-D,position_scan,33,6,1800,0.45,0.7763671875,0.9343098958333333,0.03125,0.14357774787478972,0.06460998654365538,-0.014 0.114 0.293 0.224 0.133 -0.046
E-D,position_scan,33,8,1800,0.45,0.56640625,0.8796037946428572,0.060791015625,0.18163181486583893,0.08173431668962752,0.111 -0.040 0.345 0.427 0.316 0.240 0.145 -0.162
E-D,position_scan,33,4,3600,0.45,0.94921875,0.9786783854166667,0.009521484375,0.007448417169076425,0.0033517877260843916,-0.014 -0.005 0.061 -0.034
E-D,position_scan,33,6,3600,0.45,0.8388671875,0.9514322916666667,0.0234375,0.013127161396874273,0.005907222628593423,0.043 -0.142 -0.008 0.140 0.126 -0.050
E-D,position_scan,33,8,3600,0.45,0.7333984375,0.9358956473214286,0.03173828125,0.019438815495324523,0.008747466972896035,0.150 -0.263 -0.174 0.020 0.167 0.233 0.267 -0.115
E-D,position_scan,33,4,7200,0.45,0.951171875,0.97900390625,0.009521484375,-0.026188956366644964,-0.011785030364990234,-0.016 -0.052 -0.037 0.010
E-D,position_scan,33,6,7200,0.45,0.87890625,0.9735026041666668,0.011393229166666664,-0.051820046371883866,-0.02331902086734774,-0.020 -0.061 -0.101 -0.013 -0.086 0.001
E-D,position_scan,33,8,7200,0.45,0.7841796875,0.9573102678571428,0.0201416015625,-0.07497036267840673,-0.033736663205283034,-0.022 -0.229 -0.142 -0.126 -0.030 0.085 -0.044 -0.038
E-D,position_scan,33,4,14400,0.45,0.974609375,0.9908854166666667,0.003662109375,-0.03266868767914949,-0.01470090945561727,-0.023 -0.062 -0.031 -0.005
E-D,position_scan,33,6,14400,0.45,0.9306640625,0.9856770833333334,0.005859375,-0.016276147630479652,-0.007324266433715844,0.031 -0.073 -0.079 -0.012 0.050 0.033
E-D,position_scan,33,8,14400,0.45,0.8837890625,0.9784807477678571,0.0098876953125,-0.011947230687217128,-0.005376253809247708,0.070 -0.330 -0.111 -0.111 -0.050 0.087 0.396 0.035
E-D,position_scan,44,4,900,0.45,0.8603515625,0.93994140625,0.02734375,0.10078717161107947,0.04535422722498576,0.066 -0.002 0.164 0.140
E-D,position_scan,44,6,900,0.45,0.63671875,0.8831380208333333,0.05712890625,0.10246558321846852,0.04610951244831084,0.159 -0.124 0.004 0.127 0.456 0.049
E-D,position_scan,44,8,900,0.45,0.337890625,0.8059779575892858,0.0982666015625,0.11472484422108482,0.05162617989948817,0.338 -0.220 -0.103 -0.016 0.136 0.427 0.658 -0.079
E-D,position_scan,44,4,1800,0.45,0.77734375,0.8878580729166667,0.05615234375,-0.22275019575048371,-0.10023758808771767,-0.021 -0.354 -0.163 -0.151
E-D,position_scan,44,6,1800,0.45,0.4716796875,0.7923828125,0.10774739583333333,-0.33633928166495436,-0.15135267674922948,0.197 -0.475 -0.552 -0.281 -0.017 -0.357
E-D,position_scan,44,8,1800,0.45,0.1259765625,0.6458914620535715,0.1925048828125,-0.4501060266343374,-0.20254771198545185,0.469 -0.478 -0.726 -0.756 -0.513 -0.126 0.041 -0.594
E-D,position_scan,44,4,3600,0.45,0.9521484375,0.98095703125,0.00830078125,-0.031154023276435003,-0.014019310474395752,-0.001 -0.012 0.010 -0.092
E-D,position_scan,44,6,3600,0.45,0.8544921875,0.9615234375,0.017740885416666664,-0.04203071859147819,-0.018913823366165185,0.056 -0.072 -0.061 0.024 0.024 -0.126
E-D,position_scan,44,8,3600,0.45,0.734375,0.9378487723214286,0.030517578125,-0.07988488863384913,-0.03594819988523211,0.131 -0.268 -0.161 -0.111 -0.007 0.106 0.115 -0.234
E-D,position_scan,44,4,7200,0.45,0.96484375,0.9853515625,0.006591796875,-0.03934114067642777,-0.017703513304392498,0.061 0.013 -0.069 -0.062
E-D,position_scan,44,6,7200,0.45,0.9052734375,0.9729817708333334,0.012858072916666666,-0.06490284866756868,-0.029206281900405907,0.055 0.040 0.017 -0.040 -0.162 -0.179
E-D,position_scan,44,8,7200,0.45,0.806640625,0.9540666852678572,0.022705078125,-0.016789587717207653,-0.007555314472743444,0.062 0.222 0.045 0.059 -0.032 -0.174 0.060 -0.299
E-D,position_scan,44,4,14400,0.45,0.982421875,0.9934895833333333,0.002685546875,-0.011211545379073531,-0.005045195420583089,0.010 0.016 -0.023 -0.027
E-D,position_scan,44,6,14400,0.45,0.935546875,0.9862630208333333,0.005859375,-0.014568991131252762,-0.006556046009063743,0.024 0.015 0.014 0.012 -0.075 -0.038
E-D,position_scan,44,8,14400,0.45,0.8583984375,0.9775041852678572,0.0101318359375,-0.011126276046510739,-0.005006824220929833,0.022 -0.272 -0.019 0.030 0.011 -0.008 0.217 -0.038
E-D,position_scan,55,4,900,0.45,0.8740234375,0.9474283854166667,0.0234375,0.11484764240406177,0.0516814390818278,0.057 0.108 0.175 0.062
E-D,position_scan,55,6,900,0.45,0.6533203125,0.8904947916666667,0.052897135416666664,0.16137962871127656,0.07262083292007446,0.162 0.005 0.204 0.310 0.357 -0.068
E-D,position_scan,55,8,900,0.45,0.36328125,0.7976422991071429,0.104736328125,0.20324803534008207,0.09146161590303693,0.319 -0.137 0.118 0.319 0.384 0.508 0.463 -0.233
E-D,position_scan,55,4,1800,0.45,0.90234375,0.95458984375,0.021728515625,-0.042531092961629234,-0.019138991832733154,-0.007 -0.033 -0.106 0.011
E-D,position_scan,55,6,1800,0.45,0.7666015625,0.9298828124999999,0.033854166666666664,-0.07873426543341748,-0.035430419445037865,0.033 0.017 0.012 -0.195 -0.148 -0.080
E-D,position_scan,55,8,1800,0.45,0.59375,0.8896135602678571,0.0552978515625,-0.1099210504501585,-0.04946447270257132,0.170 -0.023 0.148 0.021 -0.237 -0.315 -0.072 -0.290
E-D,position_scan,55,4,3600,0.45,0.9345703125,0.9736328125,0.011474609375,-0.1151085341418231,-0.051798840363820396,-0.049 -0.112 -0.162 -0.072
E-D,position_scan,55,6,3600,0.45,0.822265625,0.9453776041666666,0.02669270833333333,-0.14801868465211662,-0.06660840809345248,-0.048 -0.094 -0.206 -0.201 -0.098 -0.141
E-D,position_scan,55,8,3600,0.45,0.6142578125,0.9015764508928572,0.049072265625,-0.1826673462277367,-0.08220030580248151,0.032 -0.134 -0.167 -0.272 -0.297 -0.177 0.030 -0.261
E-D,position_scan,55,4,7200,0.45,0.9541015625,0.9832356770833334,0.0068359375,-0.04555273939062048,-0.020498732725779217,0.036 -0.044 -0.029 -0.064
E-D,position_scan,55,6,7200,0.45,0.8779296875,0.9669270833333334,0.015462239583333332,-0.09870865609910758,-0.04441889524459841,0.084 0.017 -0.214 -0.210 0.060 -0.147
E-D,position_scan,55,8,7200,0.45,0.744140625,0.9500558035714286,0.0234375,-0.17448550178891134,-0.0785184758050101,0.135 -0.032 -0.170 -0.329 -0.376 -0.196 0.159 -0.277
E-D,position_scan,55,4,14400,0.45,0.970703125,0.9905598958333334,0.00341796875,0.061780832431934496,0.027801374594370525,-0.050 0.031 0.102 0.053
E-D,position_scan,55,6,14400,0.45,0.9072265625,0.9798177083333334,0.008626302083333332,0.08424160215589731,0.03790872097015379,-0.090 0.049 0.072 0.128 0.122 0.049
E-D,position_scan,55,8,14400,0.45,0.822265625,0.9657156808035714,0.01611328125,0.13036527330913242,0.05866437298910959,-0.057 0.017 0.121 0.085 0.123 0.249 0.302 0.015
E-D,position_scan,66,4,900,0.45,0.8017578125,0.91845703125,0.03515625,0.18234919618677212,0.08205713828404745,-0.003 0.114 0.343 0.090
E-D,position_scan,66,6,900,0.45,0.52734375,0.8478515625,0.07340494791666666,0.21584953202141652,0.09713228940963743,-0.002 -0.106 0.230 0.491 0.488 -0.022
E-D,position_scan,66,8,900,0.45,0.1748046875,0.7236328125,0.142578125,0.2509442965189616,0.11292493343353273,0.077 -0.329 0.003 0.410 0.574 0.753 0.547 -0.201
E-D,position_scan,66,4,1800,0.45,0.861328125,0.9293619791666667,0.035400390625,-0.04906848624900534,-0.022080818812052403,0.009 -0.170 -0.024 0.046
E-D,position_scan,66,6,1800,0.45,0.6357421875,0.859375,0.07275390625,-0.05207871066199414,-0.023435419797897365,0.159 -0.394 -0.218 0.035 0.266 0.051
E-D,position_scan,66,8,1800,0.45,0.326171875,0.7598702566964286,0.12744140625,-0.08027920647272989,-0.03612564291272845,0.372 -0.499 -0.524 -0.285 0.048 0.328 0.401 -0.029
E-D,position_scan,66,4,3600,0.45,0.9609375,0.9794921875,0.010498046875,0.009522084836606626,0.0042849381764729815,-0.074 -0.083 -0.016 0.127
E-D,position_scan,66,6,3600,0.45,0.8486328125,0.9482421875,0.026041666666666664,0.012049251132541188,0.005422163009643535,0.057 -0.271 -0.079 0.045 0.249 0.116
E-D,position_scan,66,8,3600,0.45,0.6181640625,0.8937639508928572,0.0540771484375,0.0032848214346265356,0.001478169645581941,0.179 -0.525 -0.195 -0.080 0.021 0.177 0.571 0.054
E-D,position_scan,66,4,7200,0.45,0.9697265625,0.9881184895833333,0.005126953125,0.023771789338853624,0.01069730520248413,0.015 0.053 -0.019 0.037
E-D,position_scan,66,6,7200,0.45,0.9208984375,0.9755859375000001,0.011881510416666664,0.057269785139295745,0.025771403312683086,-0.004 0.153 0.153 0.027 -0.073 0.026
E-D,position_scan,66,8,7200,0.45,0.830078125,0.9564732142857143,0.0218505859375,0.11533071124364459,0.05189882005964007,-0.010 0.064 0.270 0.297 0.130 0.009 0.010 0.027
E-D,position_scan,66,4,14400,0.45,0.9765625,0.98828125,0.005859375,0.11527812039410627,0.051875154177347824,-0.086 0.103 0.100 0.142
E-D,position_scan,66,6,14400,0.45,0.91015625,0.9694661458333333,0.015299479166666664,0.1748615635765923,0.07868770360946653,-0.024 0.133 0.254 0.215 0.176 0.097
E-D,position_scan,66,8,14400,0.45,0.7158203125,0.9220493861607143,0.03955078125,0.2407405868409172,0.10833326407841275,0.053 -0.204 0.398 0.419 0.295 0.259 0.472 0.047
E-D,position_scan,77,4,900,0.45,0.849609375,0.9348958333333333,0.029541015625,-0.05745799453170211,-0.02585609753926595,-0.137 -0.124 -0.044 -0.004
E-D,position_scan,77,6,900,0.45,0.587890625,0.87109375,0.06201171875,-0.11161790953742139,-0.05022805929183963,-0.070 -0.285 -0.151 -0.058 0.056 -0.121
E-D,position_scan,77,8,900,0.45,0.3515625,0.8169642857142857,0.0916748046875,-0.16145072286091153,-0.07265282528741018,0.052 -0.456 -0.316 -0.194 -0.104 0.057 0.164 -0.281
E-D,position_scan,77,4,1800,0.45,0.8935546875,0.9521484375,0.0224609375,-0.15170044369167754,-0.0682651996612549,0.050 -0.108 -0.238 -0.109
E-D,position_scan,77,6,1800,0.45,0.7236328125,0.9093098958333332,0.04459635416666666,-0.24517691797680335,-0.11032961308956152,0.107 -0.088 -0.187 -0.347 -0.417 -0.187
E-D,position_scan,77,8,1800,0.45,0.416015625,0.8299386160714286,0.0865478515625,-0.33877272454519114,-0.15244772604533602,0.207 -0.074 -0.132 -0.313 -0.489 -0.564 -0.468 -0.331
E-D,position_scan,77,4,3600,0.45,0.9521484375,0.9811197916666667,0.008056640625,-0.07685493539880822,-0.0345847209294637,-0.079 -0.119 -0.121 0.008
E-D,position_scan,77,6,3600,0.45,0.849609375,0.9587890625,0.019368489583333332,-0.12592143482632115,-0.05666464567184452,-0.011 -0.263 -0.195 -0.134 -0.034 -0.004
E-D,position_scan,77,8,3600,0.45,0.6611328125,0.91845703125,0.0401611328125,-0.16303510892958872,-0.07336579901831493,0.059 -0.426 -0.242 -0.247 -0.181 -0.064 0.096 -0.078
E-D,position_scan,77,4,7200,0.45,0.9501953125,0.98095703125,0.008056640625,-0.013788408703274198,-0.0062047839164733895,-0.092 -0.077 -0.020 0.056
E-D,position_scan,77,6,7200,0.45,0.8759765625,0.9698567708333332,0.013509114583333332,-0.025765008396572586,-0.011594253778457663,-0.074 -0.094 -0.104 -0.020 0.050 0.040
E-D,position_scan,77,8,7200,0.45,0.751953125,0.9439522879464286,0.0272216796875,-0.041825790253896565,-0.018821605614253455,-0.084 -0.274 -0.153 -0.137 -0.064 0.055 0.259 0.022
E-D,position_scan,77,4,14400,0.45,0.9794921875,0.9900716145833333,0.0048828125,0.04301777592411748,0.019357999165852867,-0.003 0.044 0.035 0.050
E-D,position_scan,77,6,14400,0.45,0.939453125,0.9813151041666666,0.009114583333333332,0.05728623602125375,0.02577880620956419,0.010 0.025 0.072 0.087 0.053 0.050
E-D,position_scan,77,8,14400,0.45,0.87890625,0.9701450892857142,0.014892578125,0.1145629466526092,0.05155332599367414,0.030 -0.033 0.093 0.118 0.094 0.139 0.383 0.009
E-D,position_scan,88,4,900,0.45,0.85546875,0.9309895833333334,0.03369140625,-0.22371473135771577,-0.1006716291109721,-0.029 -0.118 -0.241 -0.313
E-D,position_scan,88,6,900,0.45,0.546875,0.8392578124999999,0.08072916666666666,-0.36244951354132765,-0.16310228109359745,0.043 -0.158 -0.198 -0.403 -0.512 -0.542
E-D,position_scan,88,8,900,0.45,0.1748046875,0.7062290736607143,0.1546630859375,-0.4857898515368265,-0.21860543319157194,0.157 -0.211 -0.183 -0.291 -0.510 -0.671 -0.703 -0.832
E-D,position_scan,88,4,1800,0.45,0.7392578125,0.86474609375,0.06884765625,-0.5030659834543864,-0.22637969255447388,-0.044 -0.508 -0.552 -0.450
E-D,position_scan,88,6,1800,0.45,0.09765625,0.6006510416666667,0.2138671875,-0.7021734383371143,-0.3159780472517015,0.086 -0.482 -0.808 -0.890 -0.687 -0.643
E-D,position_scan,88,8,1800,0.45,0.0009765625,0.47241210937499994,0.299560546875,-0.9142869994753883,-0.41142914976392475,0.247 -0.486 -0.759 -1.126 -1.274 -1.076 -0.792 -0.888
E-D,position_scan,88,4,3600,0.45,0.9365234375,0.9783528645833334,0.008056640625,0.026602259388676396,0.011971016724904379,0.074 0.033 0.040 0.007
E-D,position_scan,88,6,3600,0.45,0.8251953125,0.9604166666666667,0.01708984375,0.03497689300113249,0.015739601850509623,0.116 0.053 0.025 0.083 0.117 -0.103
E-D,position_scan,88,8,3600,0.45,0.6875,0.9405691964285715,0.027587890625,0.0895178885686965,0.040283049855913425,0.203 0.044 0.042 0.076 0.079 0.160 0.405 -0.179
E-D,position_scan,88,4,7200,0.45,0.9716796875,0.9903971354166667,0.003662109375,-0.046888766465363683,-0.021099944909413658,-0.012 -0.021 -0.041 -0.078
E-D,position_scan,88,6,7200,0.45,0.8974609375,0.9756510416666666,0.010904947916666666,-0.06044857369528882,-0.02720185816287997,-0.004 -0.041 -0.069 -0.020 -0.057 -0.116
E-D,position_scan,88,8,7200,0.45,0.8193359375,0.960205078125,0.0191650390625,-0.08829606903923883,-0.03973323106765747,0.001 -0.305 -0.103 -0.075 -0.043 0.020 -0.012 -0.099
E-D,position_scan,88,4,14400,0.45,0.9755859375,0.98876953125,0.00537109375,0.024526604899653682,0.011036972204844156,-0.023 0.032 0.014 0.028
E-D,position_scan,88,6,14400,0.45,0.9248046875,0.9806640625,0.0087890625,0.04183649354510832,0.018826422095298747,0.023 -0.005 0.079 0.072 0.047 0.016
E-D,position_scan,88,8,14400,0.45,0.8583984375,0.9677036830357143,0.0157470703125,0.056878631077115493,0.025595383984701972,0.084 -0.243 0.103 0.125 0.095 0.099 0.223 -0.005
E-D,phase_scan,11,4,900,0.45,0.0,0.0,0.75,-1.8989685729697898,-0.8545358578364054,2.532 0.317 -1.899 -4.115
E-D,phase_scan,11,6,900,0.45,0.0,0.0,0.8333333333333335,0.37240204546186656,0.16758092045783995,4.350 2.136 -0.081 -2.293 -4.510 6.610
E-D,phase_scan,11,8,900,0.45,0.0,0.0,0.875,-0.15034531790112687,-0.0676553930555071,6.167 3.954 1.740 -0.478 -2.691 -4.905 -7.119 8.445
E-D,phase_scan,11,4,1800,0.45,0.0,0.0,0.75,0.04448903931511753,0.02002006769180289,1.526 -0.696 -2.918 3.748
E-D,phase_scan,11,6,1800,0.45,0.0,0.0,0.8333333333333335,-1.1554983324474761,-0.5199742496013643,2.845 0.622 -1.600 -3.822 -6.044 5.067
E-D,phase_scan,11,8,1800,0.45,0.0,0.0,0.875,0.35359208545987564,0.15911643845694404,4.163 1.941 -0.281 -2.504 -4.726 -6.948 8.608 6.385
E-D,phase_scan,11,4,3600,0.45,0.0,0.0,0.75,0.9105169331585917,0.4097326199213663,-3.523 3.135 0.910 -1.314
E-D,phase_scan,11,6,3600,0.45,0.0,0.0,0.8333333333333335,1.9182397259606254,0.8632078766822815,-4.727 6.372 4.143 1.917 -0.308 -2.532
E-D,phase_scan,11,8,3600,0.45,0.0,0.0,0.875,0.38753607916453525,0.17439123562404088,-5.927 -8.159 7.378 5.149 2.925 0.697 -1.527 -3.751
E-D,phase_scan,11,4,7200,0.45,0.5166015625,0.7535807291666667,0.123046875,0.11036325384069373,0.04966346422831218,-0.048 0.277 -0.018 0.072
E-D,phase_scan,11,6,7200,0.45,0.0537109375,0.5116536458333334,0.26774088541666663,0.1581943564944795,0.07118746042251578,0.373 1.118 0.417 0.235 -0.670 -0.308
E-D,phase_scan,11,8,7200,0.45,0.001953125,0.4134347098214285,0.341064453125,0.26504959378923676,0.11927231720515655,0.844 1.970 1.025 0.725 0.615 -0.297 -1.483 -0.700
E-D,phase_scan,11,4,14400,0.45,0.94921875,0.9781901041666667,0.009765625,-0.04342993100484213,-0.01954346895217896,-0.022 -0.049 -0.141 0.060
E-D,phase_scan,11,6,14400,0.45,0.763671875,0.9234375,0.037760416666666664,-0.09322252538469109,-0.04195013642311099,-0.023 0.016 -0.121 -0.096 -0.142 -0.124
E-D,phase_scan,11,8,14400,0.45,0.001953125,0.4920479910714285,0.2869873046875,-0.36010772462875124,-0.16204847608293807,0.324 1.033 -0.721 -0.378 -0.154 -0.743 -1.187 -0.372
E-D,phase_scan,22,4,900,0.45,0.0,0.0,0.75,0.8046196125171803,0.36207882563273114,-3.638 3.027 0.805 -1.418
E-D,phase_scan,22,6,900,0.45,0.0,0.0,0.8333333333333335,1.7624935838911266,0.793122112751007,-4.902 6.208 3.985 1.762 -0.460 -2.683
E-D,phase_scan,22,8,900,0.45,0.0,0.0,0.875,0.18113885607038213,0.08151248523167196,-6.165 -8.388 7.167 4.944 2.721 0.498 -1.725 -3.948
E-D,phase_scan,22,4,1800,0.45,0.0,0.0,0.75,0.20526983119823314,0.09237142403920491,-4.240 2.427 0.205 -2.016
E-D,phase_scan,22,6,1800,0.45,0.0,0.0,0.8333333333333335,0.8623033099704319,0.3880364894866944,-5.807 5.306 3.084 0.863 -1.360 -3.581
E-D,phase_scan,22,8,1800,0.45,0.0,0.0,0.875,1.5194849740891228,0.6837682383401052,-7.373 8.184 5.963 3.741 1.520 -0.702 -2.923 -5.145
E-D,phase_scan,22,4,3600,0.45,0.0,0.0,0.75,-0.7272906656618473,-0.3272807995478313,-2.206 -4.430 2.236 0.012
E-D,phase_scan,22,6,3600,0.45,0.0,0.0,0.8333333333333335,1.2427598370446098,0.5592419266700744,-2.753 -4.976 6.133 3.909 1.686 -0.538
E-D,phase_scan,22,8,3600,0.45,0.0,0.0,0.9996337890625,0.5044255937848773,0.22699151720319477,-3.299 -5.522 -7.746 7.807 5.584 3.360 1.137 -1.087
E-D,phase_scan,22,4,7200,0.45,0.86328125,0.9368489583333333,0.02978515625,-0.017748055634675203,-0.007986625035603842,-0.019 -0.168 -0.051 0.166
E-D,phase_scan,22,6,7200,0.45,0.568359375,0.83984375,0.08121744791666666,-0.1274418301052518,-0.057348823547363315,0.296 0.039 -0.520 0.184 -0.176 -0.164
E-D,phase_scan,22,8,7200,0.45,0.1376953125,0.6540178571428572,0.186767578125,-0.21692875831846206,-0.09761794124330793,0.652 0.583 -0.422 -0.890 0.210 0.212 -0.697 -0.515
E-D,phase_scan,22,4,14400,0.45,0.9609375,0.9864908854166667,0.005126953125,-0.03810714792322229,-0.01714821656545003,-0.018 -0.012 -0.092 -0.011
E-D,phase_scan,22,6,14400,0.45,0.8916015625,0.9712890624999999,0.013346354166666664,-0.056387053595648925,-0.025374174118042016,-0.020 -0.068 -0.112 -0.096 0.005 -0.011
E-D,phase_scan,22,8,14400,0.45,0.5771484375,0.8525041852678572,0.077880859375,-0.07870910659668937,-0.03541909796851021,0.316 0.623 -0.837 -0.358 0.048 0.599 -0.278 -0.349
E-D,phase_scan,33,4,900,0.45,0.8623046875,0.9518229166666667,0.018310546875,-0.016029013527764212,-0.007213056087493896,-0.075 0.031 -0.050 -0.028
E-D,phase_scan,33,6,900,0.45,0.6318359375,0.8991536458333333,0.046061197916666664,-0.0751317010985481,-0.033809265494346645,0.030 -0.061 -0.054 0.018 -0.150 -0.129
E-D,phase_scan,33,8,900,0.45,0.3603515625,0.8341238839285714,0.080810546875,-0.12810954971918984,-0.05764929737363543,0.186 -0.235 0.121 -0.115 0.042 -0.341 -0.095 -0.273
E-D,phase_scan,33,4,1800,0.45,0.9140625,0.9638671875,0.016357421875,-0.027069250742594402,-0.01218116283416748,-0.078 -0.090 0.004 0.004
E-D,phase_scan,33,6,1800,0.45,0.759765625,0.9324869791666666,0.031412760416666664,-0.10378971364763054,-0.04670537114143374,-0.013 -0.210 -0.213 -0.007 0.038 -0.127
E-D,phase_scan,33,8,1800,0.45,0.529296875,0.869140625,0.066162109375,-0.20132855763511057,-0.09059785093579975,0.117 -0.476 -0.337 -0.347 -0.006 -0.076 0.136 -0.303
E-D,phase_scan,33,4,3600,0.45,0.94140625,0.9778645833333333,0.00927734375,-0.01017292340596517,-0.004577815532684326,-0.012 0.015 -0.035 -0.011
E-D,phase_scan,33,6,3600,0.45,0.8291015625,0.9614583333333333,0.016764322916666664,-0.0165318316883513,-0.0074393242597580855,0.098 -0.002 0.014 0.011 -0.039 -0.067
E-D,phase_scan,33,8,3600,0.45,0.6748046875,0.9235491071428571,0.03759765625,-0.036306059549725246,-0.01633772679737636,0.264 -0.215 0.169 -0.022 0.099 -0.125 0.033 -0.195
E-D,phase_scan,33,4,7200,0.45,0.97265625,0.9879557291666667,0.005615234375,-0.00777390268113878,-0.003498256206512451,0.009 0.003 -0.017 -0.010
E-D,phase_scan,33,6,7200,0.45,0.9140625,0.9738932291666667,0.0126953125,-0.009653058316972569,-0.0043438762426376565,-0.023 -0.039 -0.036 0.082 0.006 -0.061
E-D,phase_scan,33,8,7200,0.45,0.810546875,0.9544503348214286,0.0225830078125,-0.10342951804872544,-0.046543283121926446,0.236 -0.560 -0.059 -0.017 0.236 -0.173 0.005 -0.156
E-D,phase_scan,33,4,14400,0.45,0.98046875,0.9938151041666667,0.002197265625,0.016651374322396734,0.0074931184450785305,-0.053 0.010 0.019 0.021
E-D,phase_scan,33,6,14400,0.45,0.931640625,0.9846354166666668,0.006673177083333333,0.014126949840121753,0.006357127428054789,-0.017 -0.043 -0.025 0.043 0.082 0.013
E-D,phase_scan,33,8,14400,0.45,0.876953125,0.9716099330357143,0.013916015625,-0.039833784103393534,-0.01792520284652709,0.277 -0.471 -0.123 -0.006 0.057 0.050 0.359 -0.145
E-D,phase_scan,44,4,900,0.45,0.0,0.0,1.0,1.1610576841566296,0.5224759578704833,-3.282 3.384 1.161 -1.061
E-D,phase_scan,44,6,900,0.45,0.0,0.0,0.8333333333333335,-0.3693870173560251,-0.1662241578102113,-4.367 -6.590 4.520 2.297 0.074 -2.148
E-D,phase_scan,44,8,900,0.45,0.0,0.0,1.0,0.8936309057568749,0.4021339075905937,-5.452 -7.675 7.878 5.655 3.432 1.210 -1.011 -3.234
E-D,phase_scan,44,4,1800,0.45,0.0,0.0,0.75,0.858439251228615,0.38629766305287677,-3.589 3.079 0.858 -1.363
E-D,phase_scan,44,6,1800,0.45,0.0,0.0,0.8333333333333335,1.8422402275933158,0.8290081024169922,-4.828 6.284 4.064 1.842 -0.379 -2.600
E-D,phase_scan,44,8,1800,0.45,0.0,0.0,0.875,0.2855408380902004,0.1284933771405902,-6.069 -8.290 7.267 5.046 2.825 0.604 -1.617 -3.838
E-D,phase_scan,44,4,3600,0.45,0.3974609375,0.6953125,0.15283203125,-0.029682804037023464,-0.013357261816660559,-0.142 0.416 -0.305 -0.200
E-D,phase_scan,44,6,3600,0.45,0.013671875,0.4520182291666668,0.3046875,-0.04459292358822311,-0.0200668156147004,0.297 1.528 0.663 -0.248 -1.338 -0.828
E-D,phase_scan,44,8,3600,0.45,0.0009765625,0.369873046875,0.374755859375,0.0015981992085774951,0.0007191896438598728,0.740 2.771 1.765 0.804 -0.222 -1.284 -2.424 -1.398
E-D,phase_scan,44,4,7200,0.45,0.90625,0.9593098958333333,0.018798828125,0.07157153553432889,0.032207190990448005,-0.007 0.046 0.157 0.011
E-D,phase_scan,44,6,7200,0.45,0.646484375,0.8751953125,0.06282552083333333,0.050041053030225914,0.022518473863601663,0.144 0.212 -0.035 0.489 -0.159 -0.256
E-D,phase_scan,44,8,7200,0.45,0.19140625,0.7012765066964286,0.1593017578125,0.1169809840974353,0.052641442843845886,0.345 0.611 0.380 0.114 0.673 0.439 -0.921 -0.478
E-D,phase_scan,44,4,14400,0.45,0.9677734375,0.9861653645833333,0.00634765625,0.029076955936573168,0.013084630171457926,-0.027 0.062 0.044 -0.018
E-D,phase_scan,44,6,14400,0.45,0.861328125,0.9561197916666666,0.021484375,0.04592857095930292,0.020667856931686313,-0.055 0.029 0.109 0.091 -0.011 0.011
E-D,phase_scan,44,8,14400,0.45,0.001953125,0.5292619977678572,0.261474609375,0.01766250247047056,0.00794812611171175,0.252 1.062 -0.414 -0.038 0.266 0.693 -1.156 -0.290
E-D,phase_scan,55,4,900,0.45,0.0,0.012369791666666666,0.74462890625,1.0245873309947826,0.46106429894765216,-3.460 3.213 1.032 -1.171
E-D,phase_scan,55,6,900,0.45,0.0,0.03033854166666667,0.76025390625,2.078779829872979,0.9354509234428406,-4.657 6.414 4.283 2.094 -0.095 -2.301
E-D,phase_scan,55,8,900,0.45,0.0,0.012730189732142856,0.8175048828125,0.6245441285390702,0.2810448578425816,-5.870 -7.964 7.520 5.349 3.159 0.972 -1.227 -3.436
E-D,phase_scan,55,4,1800,0.45,0.78515625,0.9034830729166667,0.04443359375,-0.06841933285748517,-0.030788699785868325,-0.015 -0.170 -0.106 0.071
E-D,phase_scan,55,6,1800,0.45,0.3916015625,0.7589192708333332,0.12402343749999999,-0.12321387396918411,-0.05544624328613285,0.326 0.486 -0.452 0.040 -0.489 -0.201
E-D,phase_scan,55,8,1800,0.45,0.01171875,0.4905133928571428,0.286376953125,-0.1468507448832194,-0.06608283519744873,0.650 1.332 -0.048 -0.840 0.080 -0.127 -0.937 -0.489
E-D,phase_scan,55,4,3600,0.45,0.8974609375,0.9560546875,0.019775390625,-0.023185500392207393,-0.010433475176493326,-0.012 0.031 -0.104 0.004
E-D,phase_scan,55,6,3600,0.45,0.6787109375,0.8856770833333333,0.0576171875,-0.09965992636150789,-0.04484696686267855,0.164 -0.105 -0.194 -0.017 -0.065 -0.117
E-D,phase_scan,55,8,3600,0.45,0.2353515625,0.7318638392857143,0.1416015625,-0.12059482317122204,-0.05426767042704992,0.417 0.352 -0.768 -0.281 -0.114 0.578 -0.278 -0.333
E-D,phase_scan,55,4,7200,0.45,0.93359375,0.9729817708333333,0.01171875,0.024930327026932323,0.011218647162119545,-0.013 0.024 0.050 0.001
E-D,phase_scan,55,6,7200,0.45,0.763671875,0.9213541666666667,0.038736979166666664,0.01575407716963022,0.0070893347263336,0.051 0.012 -0.066 0.098 0.093 -0.058
E-D,phase_scan,55,8,7200,0.45,0.158203125,0.697265625,0.1607666015625,0.015340721796429356,0.006903324808393211,0.320 1.021 -0.583 -0.067 0.048 0.662 -0.760 -0.215
E-D,phase_scan,55,4,14400,0.45,0.9560546875,0.98095703125,0.0087890625,0.018399291568332247,0.008279681205749512,0.015 0.014 0.031 0.010
E-D,phase_scan,55,6,14400,0.45,0.8720703125,0.9654296875,0.01611328125,0.025418771637810405,0.011438447237014683,-0.035 0.008 0.007 0.053 0.034 0.026
E-D,phase_scan,55,8,14400,0.45,0.0205078125,0.6288016183035714,0.19775390625,0.013929018898615737,0.006268058504377082,0.318 1.020 -0.272 -0.029 0.188 0.574 -1.072 -0.312
E-D,phase_scan,66,4,900,0.45,0.8330078125,0.9327799479166666,0.028564453125,0.01248893914399323,0.0056200226147969535,0.106 0.123 0.024 -0.110
E-D,phase_scan,66,6,900,0.45,0.6015625,0.8828125,0.05517578125,-0.010503636466132471,-0.004726636409759612,0.278 0.290 0.033 0.161 -0.225 -0.312
E-D,phase_scan,66,8,900,0.45,0.337890625,0.7999790736607142,0.1011962890625,-0.027019182840983053,-0.012158632278442374,0.550 0.352 0.386 0.063 0.231 -0.220 -0.418 -0.583
E-D,phase_scan,66,4,1800,0.45,0.91796875,0.9762369791666666,0.007568359375,0.04393604066636827,0.019771218299865723,0.029 0.045 0.010 0.077
E-D,phase_scan,66,6,1800,0.45,0.767578125,0.9341796874999999,0.030924479166666664,0.023262235853407073,0.010468006134033184,0.098 0.018 -0.065 0.089 0.090 -0.015
E-D,phase_scan,66,8,1800,0.45,0.595703125,0.9059361049107142,0.0457763671875,0.013809525777423198,0.00621428659984044,0.271 -0.143 0.057 -0.100 0.124 0.094 0.245 -0.181
E-D,phase_scan,66,4,3600,0.45,0.9658203125,0.9842122395833334,0.007568359375,0.008485449684990777,0.0038184523582458496,-0.074 0.025 0.030 -0.029
E-D,phase_scan,66,6,3600,0.45,0.8955078125,0.9725260416666667,0.0126953125,0.003096196386549013,0.001393288373947056,-0.035 0.030 0.038 0.093 -0.027 -0.118
E-D,phase_scan,66,8,3600,0.45,0.6171875,0.9038434709821429,0.0478515625,-0.08237609787592813,-0.03706924404416766,0.104 -0.325 0.242 -0.001 0.200 -0.142 -0.326 -0.225
E-D,phase_scan,66,4,7200,0.45,0.9736328125,0.9892578125,0.0048828125,0.02338201911361129,0.010521908601125082,0.046 0.083 -0.018 0.005
E-D,phase_scan,66,6,7200,0.45,0.921875,0.9796223958333333,0.009440104166666666,0.024172398779127136,0.010877579450607211,0.029 0.057 0.112 0.053 -0.078 -0.022
E-D,phase_scan,66,8,7200,0.45,0.794921875,0.9478585379464286,0.026123046875,-0.04542316709245954,-0.020440425191606795,0.288 0.016 0.267 0.108 0.168 -0.209 -0.445 -0.224
E-D,phase_scan,66,4,14400,0.45,0.9755859375,0.9920247395833334,0.0029296875,-0.002001921335856121,-0.0009008646011352544,0.010 0.019 0.001 -0.026
E-D,phase_scan,66,6,14400,0.45,0.9521484375,0.9881510416666668,0.00537109375,-0.012469338046180075,-0.005611202120781034,-0.028 -0.027 0.006 0.006 -0.015 -0.033
E-D,phase_scan,66,8,14400,0.45,0.8544921875,0.9648786272321428,0.0174560546875,-0.1313959795331198,-0.05912819078990391,0.284 -0.220 0.122 -0.041 0.092 -0.339 -0.246 -0.288
E-D,phase_scan,77,4,900,0.45,0.7216796875,0.8631184895833333,0.0673828125,0.012387169731987844,0.0055742263793945295,-0.091 -0.130 0.064 0.103
E-D,phase_scan,77,6,900,0.45,0.2626953125,0.6737630208333334,0.17333984375,-0.07062318589952263,-0.03178043365478518,0.206 0.097 -0.314 0.340 -0.281 -0.196
E-D,phase_scan,77,8,900,0.45,0.0400390625,0.5251813616071428,0.2667236328125,-0.14329503452967085,-0.06448276553835189,0.558 -0.103 0.061 -0.413 0.577 0.054 -0.650 -0.530
E-D,phase_scan,77,4,1800,0.45,0.8759765625,0.9482421875,0.023193359375,-0.02661696186772099,-0.011977632840474445,-0.049 -0.007 0.006 -0.079
E-D,phase_scan,77,6,1800,0.45,0.63671875,0.871875,0.06429036458333333,-0.0821968383259244,-0.03698857724666598,0.105 -0.027 -0.112 0.097 -0.062 -0.307
E-D,phase_scan,77,8,1800,0.45,0.30078125,0.7480817522321428,0.134033203125,-0.11727938576350136,-0.052775723593575616,0.323 0.240 -0.030 -0.219 0.124 0.040 -0.394 -0.583
E-D,phase_scan,77,4,3600,0.45,0.9296875,0.9690755208333334,0.014404296875,0.04352790338021737,0.019587556521097817,-0.058 0.231 -0.077 -0.024
E-D,phase_scan,77,6,3600,0.45,0.76171875,0.9238932291666666,0.037272135416666664,0.04370027118258988,0.019665122032165448,-0.023 0.033 0.294 0.021 -0.125 -0.005
E-D,phase_scan,77,8,3600,0.45,0.4287109375,0.8151157924107144,0.0963134765625,0.11182033826434422,0.0503191522189549,0.147 0.399 0.377 0.330 0.122 0.018 -0.342 -0.122
E-D,phase_scan,77,4,7200,0.45,0.931640625,0.9720052083333334,0.012451171875,0.00833043345698604,0.0037486950556437177,-0.011 0.031 -0.020 0.015
E-D,phase_scan,77,6,7200,0.45,0.8525390625,0.9630859375,0.016764322916666664,-0.002214100625779944,-0.0009963452816009748,0.074 0.043 -0.016 -0.003 0.000 -0.036
E-D,phase_scan,77,8,7200,0.45,0.2236328125,0.7455357142857143,0.1328125,0.06269381159827818,0.028212215219225182,0.222 1.017 0.319 -0.112 0.007 -0.200 -0.424 -0.167
E-D,phase_scan,77,4,14400,0.45,0.9765625,0.9912109375,0.003662109375,-0.010981736359772861,-0.004941781361897788,-0.060 -0.023 -0.060 0.051
E-D,phase_scan,77,6,14400,0.45,0.9013671875,0.9686848958333333,0.015462239583333332,-0.03386810090806754,-0.015240645408630394,-0.039 -0.070 -0.063 -0.051 -0.040 0.055
E-D,phase_scan,77,8,14400,0.45,0.1982421875,0.718505859375,0.1485595703125,-0.32436177844092956,-0.1459628002984183,0.227 -0.357 -1.043 -0.198 0.173 -0.515 -0.176 -0.154
E-D,phase_scan,88,4,900,0.45,0.607421875,0.79541015625,0.10400390625,0.09963790575663246,0.04483705759048461,0.478 0.525 0.011 -0.237
E-D,phase_scan,88,6,900,0.45,0.107421875,0.5889322916666667,0.22119140624999997,0.2149648004108003,0.09673416018486014,0.561 0.972 0.713 0.277 -0.385 -0.502
E-D,phase_scan,88,8,900,0.45,0.0048828125,0.46540178571428564,0.3043212890625,0.3170917904566205,0.14269130570547922,0.823 1.117 1.417 1.037 0.501 -0.374 -0.671 -0.807
E-D,phase_scan,88,4,1800,0.45,0.9150390625,0.9640299479166667,0.016357421875,0.0170547432369656,0.007674634456634521,-0.059 -0.050 0.025 0.076
E-D,phase_scan,88,6,1800,0.45,0.783203125,0.9364583333333333,0.030273437499999997,-0.04322134123908154,-0.019449603557586695,0.093 -0.141 -0.190 0.065 0.098 -0.048
E-D,phase_scan,88,8,1800,0.45,0.5673828125,0.8809640066964286,0.060302734375,-0.10272525605701266,-0.0462263652256557,0.299 -0.242 -0.274 -0.347 0.071 0.077 0.214 -0.218
E-D,phase_scan,88,4,3600,0.45,0.935546875,0.9786783854166667,0.0078125,0.023042096032036677,0.010368943214416506,-0.030 0.035 -0.011 0.045
E-D,phase_scan,88,6,3600,0.45,0.80859375,0.9597005208333333,0.016764322916666664,0.013480557335747564,0.006066250801086404,0.032 0.009 -0.015 0.035 0.072 -0.033
E-D,phase_scan,88,8,3600,0.45,0.638671875,0.922119140625,0.03759765625,0.034739630562918525,0.015632833753313338,0.171 0.033 0.053 -0.067 0.124 0.037 0.223 -0.159
E-D,phase_scan,88,4,7200,0.45,0.96875,0.9889322916666666,0.00439453125,-0.0038663987760190616,-0.0017398794492085778,-0.003 0.057 -0.064 -0.005
E-D,phase_scan,88,6,7200,0.45,0.9130859375,0.98125,0.007975260416666666,-0.015548176235623028,-0.006996679306030363,0.023 0.047 0.025 -0.027 -0.075 -0.048
E-D,phase_scan,88,8,7200,0.45,0.7880859375,0.9502999441964286,0.0244140625,-0.04486432151188925,-0.020188944680350165,0.136 -0.135 0.122 -0.055 0.034 -0.160 0.066 -0.187
E-D,phase_scan,88,4,14400,0.45,0.984375,0.9944661458333333,0.002197265625,0.013191126011036064,0.005936006704966228,0.042 0.018 0.026 -0.004
E-D,phase_scan,88,6,14400,0.45,0.9384765625,0.9838541666666667,0.007486979166666666,0.020378165774875168,0.009170174598693825,0.026 0.014 -0.010 0.047 0.067 -0.016
E-D,phase_scan,88,8,14400,0.45,0.861328125,0.9658203125,0.0169677734375,-0.006299832510569743,-0.002834924629756384,0.075 -0.052 0.130 -0.078 0.126 -0.188 0.156 -0.139
