system,seed,step,n,loss,gradient_norm
priority_scan,11,1,4,2.8147902488708496,17.642162322998047
priority_scan,11,2,6,3.157123327255249,9.739252090454102
priority_scan,11,3,4,2.8807551860809326,15.689677238464355
priority_scan,11,4,6,3.312218427658081,7.564913749694824
priority_scan,11,5,4,2.500950813293457,6.528645038604736
priority_scan,11,6,6,2.9309403896331787,4.749935626983643
priority_scan,11,7,4,2.346743583679199,4.324068546295166
priority_scan,11,8,6,2.8367927074432373,6.2194671630859375
priority_scan,11,9,4,2.655702829360962,4.587674617767334
priority_scan,11,10,6,3.1606833934783936,5.682116508483887
priority_scan,11,11,4,2.751765251159668,7.178843021392822
priority_scan,11,12,6,2.5043885707855225,5.752252101898193
priority_scan,11,13,4,2.514239549636841,6.1433186531066895
priority_scan,11,14,6,2.7848832607269287,5.574535846710205
priority_scan,11,15,4,2.797755718231201,6.84312105178833
priority_scan,11,16,6,2.4716131687164307,3.6957077980041504
priority_scan,11,17,4,2.5938150882720947,10.748529434204102
priority_scan,11,18,6,2.409921407699585,6.354578018188477
priority_scan,11,19,4,2.3465609550476074,5.520247459411621
priority_scan,11,20,6,2.297879934310913,8.358150482177734
priority_scan,11,21,4,2.055896043777466,18.02864646911621
priority_scan,11,22,6,2.164365291595459,8.54813003540039
priority_scan,11,23,4,1.7100106477737427,22.466812133789062
priority_scan,11,24,6,1.9722851514816284,6.927177429199219
priority_scan,11,25,4,1.269099473953247,9.402240753173828
priority_scan,11,26,6,1.5011402368545532,6.087917804718018
priority_scan,11,27,4,1.5196475982666016,9.292183876037598
priority_scan,11,28,6,1.5564991235733032,7.006360054016113
priority_scan,11,29,4,1.3173497915267944,9.100732803344727
priority_scan,11,30,6,1.2510792016983032,4.08537483215332
priority_scan,11,31,4,1.1649174690246582,7.766541481018066
priority_scan,11,32,6,1.3077682256698608,4.318495750427246
priority_scan,11,33,4,1.0690397024154663,4.942421913146973
priority_scan,11,34,6,1.2266792058944702,4.344609260559082
priority_scan,11,35,4,1.0752098560333252,4.1370062828063965
priority_scan,11,36,6,1.306421160697937,4.254312992095947
priority_scan,11,37,4,1.0994802713394165,4.955119609832764
priority_scan,11,38,6,1.1523549556732178,3.4313952922821045
priority_scan,11,39,4,0.9933739304542542,3.529141426086426
priority_scan,11,40,6,1.1568360328674316,3.108905792236328
priority_scan,11,41,4,1.1597588062286377,4.753856658935547
priority_scan,11,42,6,1.239885687828064,6.037588119506836
priority_scan,11,43,4,0.9604566097259521,2.7618391513824463
priority_scan,11,44,6,1.366876482963562,4.1922149658203125
priority_scan,11,45,4,1.210257887840271,5.643799781799316
priority_scan,11,46,6,1.2141348123550415,3.8363170623779297
priority_scan,11,47,4,1.013797640800476,3.8209011554718018
priority_scan,11,48,6,1.196752667427063,3.006495237350464
priority_scan,11,49,4,1.0243264436721802,3.148221969604492
priority_scan,11,50,6,1.191292405128479,3.102680206298828
priority_scan,11,51,4,1.0420042276382446,3.21232008934021
priority_scan,11,52,6,1.2329319715499878,4.8464555740356445
priority_scan,11,53,4,1.1197923421859741,6.605562686920166
priority_scan,11,54,6,1.246886134147644,3.0806148052215576
priority_scan,11,55,4,1.068525791168213,5.178349018096924
priority_scan,11,56,6,1.1771602630615234,2.524784564971924
priority_scan,11,57,4,1.0461552143096924,18.62896728515625
priority_scan,11,58,6,1.252734899520874,3.270826578140259
priority_scan,11,59,4,1.2332316637039185,6.909505844116211
priority_scan,11,60,6,1.1630276441574097,3.1037633419036865
priority_scan,11,61,4,1.1067086458206177,3.5168468952178955
priority_scan,11,62,6,1.3660672903060913,3.7449381351470947
priority_scan,11,63,4,1.0007879734039307,4.187036037445068
priority_scan,11,64,6,1.1685638427734375,2.8075709342956543
priority_scan,11,65,4,1.0202088356018066,4.983052730560303
priority_scan,11,66,6,1.1970040798187256,1.9783828258514404
priority_scan,11,67,4,0.9441004991531372,3.7275846004486084
priority_scan,11,68,6,1.1443029642105103,2.9007866382598877
priority_scan,11,69,4,0.9485940337181091,3.821639060974121
priority_scan,11,70,6,1.1439106464385986,2.8359553813934326
priority_scan,11,71,4,0.9876406788825989,8.562203407287598
priority_scan,11,72,6,1.2371348142623901,3.5285167694091797
priority_scan,11,73,4,0.9814082980155945,2.5779178142547607
priority_scan,11,74,6,1.204300880432129,3.3330159187316895
priority_scan,11,75,4,1.0484795570373535,2.2197015285491943
priority_scan,11,76,6,1.2627404928207397,2.7526867389678955
priority_scan,11,77,4,0.9469552040100098,2.6447641849517822
priority_scan,11,78,6,1.1567316055297852,2.3254342079162598
priority_scan,11,79,4,0.9242656230926514,1.5214776992797852
priority_scan,11,80,6,1.2661631107330322,2.1519253253936768
priority_scan,11,81,4,1.0085870027542114,4.975067138671875
priority_scan,11,82,6,1.1777575016021729,2.7004072666168213
priority_scan,11,83,4,0.9770485758781433,2.7186930179595947
priority_scan,11,84,6,1.1861895322799683,1.9026355743408203
priority_scan,11,85,4,1.0275896787643433,2.914722442626953
priority_scan,11,86,6,1.2112032175064087,2.793255567550659
priority_scan,11,87,4,1.1808806657791138,14.434916496276855
priority_scan,11,88,6,1.1844197511672974,1.7694495916366577
priority_scan,11,89,4,1.1888084411621094,4.070590019226074
priority_scan,11,90,6,1.27501380443573,4.498414039611816
priority_scan,11,91,4,0.9588403701782227,2.041884183883667
priority_scan,11,92,6,1.1844555139541626,2.2369236946105957
priority_scan,11,93,4,0.9867880940437317,3.4950060844421387
priority_scan,11,94,6,1.1860082149505615,2.7770352363586426
priority_scan,11,95,4,0.9950992465019226,3.315338134765625
priority_scan,11,96,6,1.1662763357162476,2.4823250770568848
priority_scan,11,97,4,1.0345534086227417,2.468843460083008
priority_scan,11,98,6,1.12236487865448,2.25297474861145
priority_scan,11,99,4,1.0210875272750854,2.453831672668457
priority_scan,11,100,6,1.1528173685073853,2.172921895980835
priority_scan,11,101,4,1.0965713262557983,3.0812296867370605
priority_scan,11,102,6,1.1252527236938477,1.7569230794906616
priority_scan,11,103,4,0.993737518787384,1.9197739362716675
priority_scan,11,104,6,1.1720445156097412,2.6043968200683594
priority_scan,11,105,4,0.946617066860199,2.4071085453033447
priority_scan,11,106,6,1.192022681236267,2.672373056411743
priority_scan,11,107,4,1.0179282426834106,2.7066304683685303
priority_scan,11,108,6,1.2100698947906494,2.2142062187194824
priority_scan,11,109,4,0.9619136452674866,1.9989572763442993
priority_scan,11,110,6,1.159936547279358,2.427403211593628
priority_scan,11,111,4,1.0146446228027344,2.3261125087738037
priority_scan,11,112,6,1.1037018299102783,1.6448551416397095
priority_scan,11,113,4,1.0571930408477783,4.2329792976379395
priority_scan,11,114,6,1.2009940147399902,2.4704816341400146
priority_scan,11,115,4,0.9545875191688538,1.2551639080047607
priority_scan,11,116,6,1.1849404573440552,1.6054644584655762
priority_scan,11,117,4,1.050066590309143,3.632746696472168
priority_scan,11,118,6,1.1433056592941284,1.9663316011428833
priority_scan,11,119,4,0.972815752029419,2.081817626953125
priority_scan,11,120,6,1.1672948598861694,2.102750301361084
priority_scan,11,121,4,0.948400616645813,5.632711410522461
priority_scan,11,122,6,1.2060250043869019,2.850048780441284
priority_scan,11,123,4,0.9881278276443481,2.1207597255706787
priority_scan,11,124,6,1.1717768907546997,1.5808290243148804
priority_scan,11,125,4,1.0203452110290527,2.7608935832977295
priority_scan,11,126,6,1.149297833442688,1.929274320602417
priority_scan,11,127,4,1.0821224451065063,5.867454528808594
priority_scan,11,128,6,1.2175384759902954,2.2126262187957764
priority_scan,11,129,4,1.0648658275604248,3.9680426120758057
priority_scan,11,130,6,1.1502629518508911,1.6980561017990112
priority_scan,11,131,4,0.9888229966163635,1.9987951517105103
priority_scan,11,132,6,1.1067043542861938,1.251710057258606
priority_scan,11,133,4,1.0069146156311035,2.654191017150879
priority_scan,11,134,6,1.1932432651519775,1.8031253814697266
priority_scan,11,135,4,1.0630674362182617,2.2352590560913086
priority_scan,11,136,6,1.1687211990356445,2.1307287216186523
priority_scan,11,137,4,1.0415370464324951,3.9498143196105957
priority_scan,11,138,6,1.1966532468795776,1.6231675148010254
priority_scan,11,139,4,0.9872322082519531,1.9010368585586548
priority_scan,11,140,6,1.1220811605453491,1.6266846656799316
priority_scan,11,141,4,0.9404852390289307,1.5227365493774414
priority_scan,11,142,6,1.1685981750488281,2.1886656284332275
priority_scan,11,143,4,0.9752262234687805,2.7692654132843018
priority_scan,11,144,6,1.1660834550857544,1.1476045846939087
priority_scan,11,145,4,1.0260708332061768,3.3010201454162598
priority_scan,11,146,6,1.1581664085388184,1.594240427017212
priority_scan,11,147,4,1.0058088302612305,2.391857147216797
priority_scan,11,148,6,1.2202757596969604,1.7259705066680908
priority_scan,11,149,4,0.9285933375358582,2.0504837036132812
priority_scan,11,150,6,1.1776072978973389,2.1036453247070312
priority_scan,11,151,4,0.9959771037101746,1.9769008159637451
priority_scan,11,152,6,1.1452186107635498,1.600008487701416
priority_scan,11,153,4,0.9367376565933228,1.6149959564208984
priority_scan,11,154,6,1.124850869178772,1.6490602493286133
priority_scan,11,155,4,0.9989088177680969,1.8091660737991333
priority_scan,11,156,6,1.115328311920166,1.5991101264953613
priority_scan,11,157,4,0.9356470108032227,1.6599396467208862
priority_scan,11,158,6,1.2100836038589478,1.169817328453064
priority_scan,11,159,4,0.9701501131057739,2.104344367980957
priority_scan,11,160,6,1.1471035480499268,1.623535394668579
priority_scan,11,161,4,0.9739759564399719,2.0651586055755615
priority_scan,11,162,6,1.1779495477676392,1.4062747955322266
priority_scan,11,163,4,1.0021977424621582,1.6153281927108765
priority_scan,11,164,6,1.1745585203170776,1.9173692464828491
priority_scan,11,165,4,1.0358160734176636,4.300518035888672
priority_scan,11,166,6,1.1479225158691406,1.2105616331100464
priority_scan,11,167,4,0.934223473072052,1.522923469543457
priority_scan,11,168,6,1.1849170923233032,1.1437323093414307
priority_scan,11,169,4,0.9543235898017883,1.231378197669983
priority_scan,11,170,6,1.1111390590667725,1.4871100187301636
priority_scan,11,171,4,0.9942181706428528,1.601995825767517
priority_scan,11,172,6,1.1064895391464233,1.327323079109192
priority_scan,11,173,4,0.9728332161903381,2.715404510498047
priority_scan,11,174,6,1.194860816001892,1.2730001211166382
priority_scan,11,175,4,1.0144742727279663,2.606166124343872
priority_scan,11,176,6,1.1269681453704834,1.133205533027649
priority_scan,11,177,4,1.0007225275039673,2.236804723739624
priority_scan,11,178,6,1.0998893976211548,1.121732473373413
priority_scan,11,179,4,0.978168785572052,2.271392822265625
priority_scan,11,180,6,1.1184451580047607,1.0121384859085083
priority_scan,11,181,4,1.0632171630859375,4.2741289138793945
priority_scan,11,182,6,1.1844269037246704,1.1017203330993652
priority_scan,11,183,4,0.9460068941116333,2.0059974193573
priority_scan,11,184,6,1.1295033693313599,1.7218910455703735
priority_scan,11,185,4,0.9477500915527344,1.364959955215454
priority_scan,11,186,6,1.1616343259811401,1.5546265840530396
priority_scan,11,187,4,1.0353556871414185,1.9736970663070679
priority_scan,11,188,6,1.1745948791503906,1.4670424461364746
priority_scan,11,189,4,1.0461456775665283,1.4863216876983643
priority_scan,11,190,6,1.1306302547454834,1.5195232629776
priority_scan,11,191,4,0.9362332224845886,1.6414992809295654
priority_scan,11,192,6,1.18556547164917,1.5408357381820679
priority_scan,11,193,4,0.9640031456947327,1.2864304780960083
priority_scan,11,194,6,1.0561853647232056,0.9901143908500671
priority_scan,11,195,4,0.8782399296760559,0.8191184997558594
priority_scan,11,196,6,1.2142084836959839,1.2307429313659668
priority_scan,11,197,4,0.986380398273468,2.799959897994995
priority_scan,11,198,6,1.1841892004013062,1.8867281675338745
priority_scan,11,199,4,0.9402522444725037,1.8556994199752808
priority_scan,11,200,6,1.0734851360321045,1.1971949338912964
priority_scan,11,201,4,0.975974977016449,3.197204351425171
priority_scan,11,202,6,1.191412091255188,2.1469268798828125
priority_scan,11,203,4,0.9588760733604431,1.9127529859542847
priority_scan,11,204,6,1.0933655500411987,1.0391597747802734
priority_scan,11,205,4,0.9728766083717346,1.4001823663711548
priority_scan,11,206,6,1.1113847494125366,1.0493663549423218
priority_scan,11,207,4,1.1247185468673706,3.528496265411377
priority_scan,11,208,6,1.1438772678375244,1.3146580457687378
priority_scan,11,209,4,1.1733137369155884,2.5072343349456787
priority_scan,11,210,6,1.1275594234466553,1.0407860279083252
priority_scan,11,211,4,1.0775387287139893,1.8259047269821167
priority_scan,11,212,6,1.1228411197662354,1.1517112255096436
priority_scan,11,213,4,1.024975299835205,2.0297012329101562
priority_scan,11,214,6,1.069736123085022,1.072187066078186
priority_scan,11,215,4,1.0076130628585815,1.4061617851257324
priority_scan,11,216,6,1.1946810483932495,1.3892260789871216
priority_scan,11,217,4,0.9431890249252319,1.7811843156814575
priority_scan,11,218,6,1.1694949865341187,1.2829365730285645
priority_scan,11,219,4,0.9043347835540771,1.9248552322387695
priority_scan,11,220,6,1.1464592218399048,1.0741482973098755
priority_scan,11,221,4,0.9092963933944702,1.784658670425415
priority_scan,11,222,6,1.0734641551971436,0.9835200905799866
priority_scan,11,223,4,0.916293740272522,1.5303415060043335
priority_scan,11,224,6,1.103496789932251,1.2445192337036133
priority_scan,11,225,4,0.9218326807022095,1.0690035820007324
priority_scan,11,226,6,1.1217801570892334,1.431801676750183
priority_scan,11,227,4,0.9272538423538208,1.4439152479171753
priority_scan,11,228,6,1.1101502180099487,0.7342672944068909
priority_scan,11,229,4,0.9257485866546631,1.4854207038879395
priority_scan,11,230,6,1.1143125295639038,0.8584226965904236
priority_scan,11,231,4,0.9113162755966187,1.4615134000778198
priority_scan,11,232,6,1.1095871925354004,0.85567706823349
priority_scan,11,233,4,0.9786251783370972,1.0990232229232788
priority_scan,11,234,6,1.0701372623443604,0.640527069568634
priority_scan,11,235,4,0.9607523679733276,1.3707853555679321
priority_scan,11,236,6,1.0629897117614746,1.1804800033569336
priority_scan,11,237,4,0.9736202359199524,1.0604239702224731
priority_scan,11,238,6,1.1368540525436401,0.9210507869720459
priority_scan,11,239,4,0.8830124735832214,1.0254096984863281
priority_scan,11,240,6,1.1220990419387817,1.1039241552352905
priority_scan,11,241,4,0.928267776966095,2.169745922088623
priority_scan,11,242,6,1.1232939958572388,0.9500012397766113
priority_scan,11,243,4,0.9266343712806702,0.8121349811553955
priority_scan,11,244,6,1.1282572746276855,0.951961874961853
priority_scan,11,245,4,0.9378700852394104,1.214119553565979
priority_scan,11,246,6,1.1374765634536743,0.91712886095047
priority_scan,11,247,4,0.9184930324554443,0.8585929274559021
priority_scan,11,248,6,1.1556901931762695,1.1123555898666382
priority_scan,11,249,4,0.9545775055885315,2.243197202682495
priority_scan,11,250,6,1.1060433387756348,0.6831379532814026
priority_scan,11,251,4,0.9042955636978149,0.935170590877533
priority_scan,11,252,6,1.1457748413085938,1.1438491344451904
priority_scan,11,253,4,0.8925794363021851,1.087989091873169
priority_scan,11,254,6,1.1190900802612305,1.255794644355774
priority_scan,11,255,4,0.9562336802482605,1.2353472709655762
priority_scan,11,256,6,1.063626766204834,0.6853184103965759
priority_scan,11,257,4,0.9229979515075684,0.9404409527778625
priority_scan,11,258,6,1.1002429723739624,1.1493421792984009
priority_scan,11,259,4,0.919546365737915,0.8961428999900818
priority_scan,11,260,6,1.058914065361023,0.770053505897522
priority_scan,11,261,4,0.9297358393669128,1.1858187913894653
priority_scan,11,262,6,1.12980055809021,0.6969122886657715
priority_scan,11,263,4,0.8788636326789856,1.542279601097107
priority_scan,11,264,6,1.0668437480926514,0.6583022475242615
priority_scan,11,265,4,0.9180004596710205,1.0803061723709106
priority_scan,11,266,6,1.0802836418151855,0.7330249547958374
priority_scan,11,267,4,0.9173378348350525,0.8330509066581726
priority_scan,11,268,6,1.1322253942489624,1.176677942276001
priority_scan,11,269,4,0.9715499877929688,1.6693295240402222
priority_scan,11,270,6,1.1090805530548096,0.9531419277191162
priority_scan,11,271,4,0.9540191292762756,1.8055006265640259
priority_scan,11,272,6,1.0664939880371094,0.8084206581115723
priority_scan,11,273,4,0.9377888441085815,1.0725725889205933
priority_scan,11,274,6,1.1375248432159424,1.2327111959457397
priority_scan,11,275,4,0.914752721786499,1.8294671773910522
priority_scan,11,276,6,1.1454893350601196,0.8786323070526123
priority_scan,11,277,4,0.9640212059020996,1.263501763343811
priority_scan,11,278,6,1.0719083547592163,0.7176180481910706
priority_scan,11,279,4,0.9255368709564209,1.784104824066162
priority_scan,11,280,6,1.1539510488510132,1.139068841934204
priority_scan,11,281,4,0.8668075203895569,0.9424659609794617
priority_scan,11,282,6,1.0995224714279175,1.0250781774520874
priority_scan,11,283,4,1.0134289264678955,5.446771621704102
priority_scan,11,284,6,1.0318101644515991,0.7266789674758911
priority_scan,11,285,4,0.9256935119628906,1.4567056894302368
priority_scan,11,286,6,1.0870920419692993,0.8545678853988647
priority_scan,11,287,4,0.9702891111373901,1.124571681022644
priority_scan,11,288,6,1.0678328275680542,0.90364009141922
priority_scan,11,289,4,0.9051811099052429,0.9394506216049194
priority_scan,11,290,6,1.0912318229675293,0.8321331143379211
priority_scan,11,291,4,0.9120579957962036,0.9052502512931824
priority_scan,11,292,6,1.0713236331939697,0.568897008895874
priority_scan,11,293,4,0.9109290838241577,1.075636625289917
priority_scan,11,294,6,1.099277138710022,1.0034587383270264
priority_scan,11,295,4,0.9726928472518921,1.3073846101760864
priority_scan,11,296,6,1.1398224830627441,0.7228254079818726
priority_scan,11,297,4,0.9011666774749756,0.7385504245758057
priority_scan,11,298,6,1.0632017850875854,0.7375978231430054
priority_scan,11,299,4,0.9162120819091797,0.9766097068786621
priority_scan,11,300,6,1.1058756113052368,0.7383361458778381
priority_scan,11,301,4,0.9244531989097595,0.9490554928779602
priority_scan,11,302,6,1.1302742958068848,0.8291969895362854
priority_scan,11,303,4,0.9820564985275269,1.021377682685852
priority_scan,11,304,6,1.0952199697494507,0.718597948551178
priority_scan,11,305,4,0.9866213798522949,1.102790355682373
priority_scan,11,306,6,1.1111526489257812,1.2242507934570312
priority_scan,11,307,4,0.8992522358894348,1.0017242431640625
priority_scan,11,308,6,1.0894097089767456,0.6886224746704102
priority_scan,11,309,4,0.9352068901062012,1.3550372123718262
priority_scan,11,310,6,1.1345655918121338,0.934755802154541
priority_scan,11,311,4,0.9569345116615295,1.0481984615325928
priority_scan,11,312,6,1.0709518194198608,0.6909959316253662
priority_scan,11,313,4,0.8906257748603821,1.3294296264648438
priority_scan,11,314,6,1.053646206855774,0.6458616852760315
priority_scan,11,315,4,1.0192499160766602,7.455358982086182
priority_scan,11,316,6,1.133100152015686,1.1906052827835083
priority_scan,11,317,4,0.9391526579856873,1.1617980003356934
priority_scan,11,318,6,1.1341360807418823,0.8932532668113708
priority_scan,11,319,4,0.8885135650634766,0.6776419281959534
priority_scan,11,320,6,1.058872938156128,0.7650019526481628
priority_scan,11,321,4,0.9972572922706604,1.5549671649932861
priority_scan,11,322,6,1.1321828365325928,1.4287880659103394
priority_scan,11,323,4,0.9139991402626038,1.2069673538208008
priority_scan,11,324,6,1.0506459474563599,0.6831195950508118
priority_scan,11,325,4,0.924868106842041,0.9206955432891846
priority_scan,11,326,6,1.1260727643966675,0.9908377528190613
priority_scan,11,327,4,1.0078328847885132,1.2388361692428589
priority_scan,11,328,6,1.094726800918579,0.9438729286193848
priority_scan,11,329,4,0.8964493274688721,1.0422155857086182
priority_scan,11,330,6,1.0577963590621948,0.6359823942184448
priority_scan,11,331,4,0.9613854885101318,0.9676058888435364
priority_scan,11,332,6,1.1203330755233765,0.9683902859687805
priority_scan,11,333,4,0.8913058638572693,0.8860073089599609
priority_scan,11,334,6,1.0897296667099,0.7121716141700745
priority_scan,11,335,4,0.9364242553710938,1.7081594467163086
priority_scan,11,336,6,1.119521975517273,0.91043621301651
priority_scan,11,337,4,1.0220258235931396,1.6230309009552002
priority_scan,11,338,6,1.074140191078186,0.612724781036377
priority_scan,11,339,4,1.0454554557800293,2.4263246059417725
priority_scan,11,340,6,1.1343050003051758,0.7080638408660889
priority_scan,11,341,4,0.9870470762252808,0.8613316416740417
priority_scan,11,342,6,1.069981575012207,0.7171699404716492
priority_scan,11,343,4,0.9091710448265076,0.8438788652420044
priority_scan,11,344,6,1.0955206155776978,0.8504741191864014
priority_scan,11,345,4,0.9549897909164429,0.7499310970306396
priority_scan,11,346,6,1.1142996549606323,1.017392635345459
priority_scan,11,347,4,0.9338083863258362,0.8236474394798279
priority_scan,11,348,6,1.09103262424469,0.6145952939987183
priority_scan,11,349,4,0.9443327188491821,0.8563928008079529
priority_scan,11,350,6,1.1635960340499878,1.0829130411148071
priority_scan,11,351,4,0.9240300059318542,1.3425441980361938
priority_scan,11,352,6,1.096256136894226,0.6266413331031799
priority_scan,11,353,4,0.9400933384895325,1.5650392770767212
priority_scan,11,354,6,1.0762008428573608,0.6218375563621521
priority_scan,11,355,4,0.9105684757232666,0.9126463532447815
priority_scan,11,356,6,1.1235071420669556,1.1518232822418213
priority_scan,11,357,4,0.8725764155387878,0.7709305286407471
priority_scan,11,358,6,1.1121985912322998,0.8814176321029663
priority_scan,11,359,4,0.9843626618385315,0.8520917296409607
priority_scan,11,360,6,1.1113557815551758,0.955867350101471
priority_scan,11,361,4,0.8942320942878723,0.7192781567573547
priority_scan,11,362,6,1.1479427814483643,0.8368960022926331
priority_scan,11,363,4,0.8832366466522217,0.9795877933502197
priority_scan,11,364,6,1.1217191219329834,0.7824578881263733
priority_scan,11,365,4,0.9322870969772339,1.4993466138839722
priority_scan,11,366,6,1.070222020149231,0.8309786319732666
priority_scan,11,367,4,0.9864077568054199,1.4136652946472168
priority_scan,11,368,6,1.0944371223449707,0.8041146397590637
priority_scan,11,369,4,0.9001699090003967,0.7144965529441833
priority_scan,11,370,6,1.0901926755905151,0.9376288056373596
priority_scan,11,371,4,0.9400984048843384,1.0522644519805908
priority_scan,11,372,6,1.0562665462493896,0.828680694103241
priority_scan,11,373,4,0.9710105657577515,0.9914487600326538
priority_scan,11,374,6,1.0785562992095947,0.9190675020217896
priority_scan,11,375,4,0.957828938961029,1.1395529508590698
priority_scan,11,376,6,1.1498290300369263,0.8162789344787598
priority_scan,11,377,4,0.9277050495147705,0.7515118718147278
priority_scan,11,378,6,1.0586297512054443,0.6119479537010193
priority_scan,11,379,4,0.9530724287033081,0.8978441953659058
priority_scan,11,380,6,1.0659044981002808,0.589542031288147
priority_scan,11,381,4,0.9605225324630737,1.4536809921264648
priority_scan,11,382,6,1.117112159729004,0.8986806869506836
priority_scan,11,383,4,0.9448670744895935,0.915385365486145
priority_scan,11,384,6,1.079331636428833,0.7260521650314331
priority_scan,11,385,4,0.9184920191764832,1.361417531967163
priority_scan,11,386,6,1.107941746711731,0.5354798436164856
priority_scan,11,387,4,0.928521990776062,1.3870093822479248
priority_scan,11,388,6,1.1390162706375122,0.7690165638923645
priority_scan,11,389,4,0.8916165232658386,0.7193345427513123
priority_scan,11,390,6,1.0657436847686768,0.586629331111908
priority_scan,11,391,4,0.9138931035995483,1.3178883790969849
priority_scan,11,392,6,1.1395844221115112,0.7309973239898682
priority_scan,11,393,4,0.8843966126441956,0.5826488137245178
priority_scan,11,394,6,1.1133763790130615,0.7990010380744934
priority_scan,11,395,4,0.9801350235939026,1.149083137512207
priority_scan,11,396,6,1.1008838415145874,0.6508646607398987
priority_scan,11,397,4,0.9292887449264526,0.7498036026954651
priority_scan,11,398,6,1.0907140970230103,0.7207804322242737
priority_scan,11,399,4,0.8721190094947815,0.6730875372886658
priority_scan,11,400,6,1.1272977590560913,0.8566906452178955
priority_scan,11,401,4,0.9221559166908264,0.900005578994751
priority_scan,11,402,6,1.0748168230056763,0.656554102897644
priority_scan,11,403,4,0.996981680393219,1.5102959871292114
priority_scan,11,404,6,1.1331149339675903,0.8933551907539368
priority_scan,11,405,4,0.9820144176483154,1.420951247215271
priority_scan,11,406,6,1.1592530012130737,0.7114940881729126
priority_scan,11,407,4,0.892531156539917,0.7576780319213867
priority_scan,11,408,6,1.093709111213684,0.7669509649276733
priority_scan,11,409,4,0.8903139233589172,0.8204255104064941
priority_scan,11,410,6,1.0528560876846313,0.6203115582466125
priority_scan,11,411,4,0.8956195712089539,0.7794682383537292
priority_scan,11,412,6,1.1193948984146118,0.7662758827209473
priority_scan,11,413,4,0.9239663481712341,0.7133193016052246
priority_scan,11,414,6,1.0660890340805054,0.5578451752662659
priority_scan,11,415,4,0.8796055912971497,0.6740298271179199
priority_scan,11,416,6,1.0953396558761597,0.771535336971283
priority_scan,11,417,4,0.9763581156730652,0.7265874743461609
priority_scan,11,418,6,1.1485815048217773,0.7568400502204895
priority_scan,11,419,4,0.956579864025116,0.7863186001777649
priority_scan,11,420,6,1.0441898107528687,0.6029820442199707
priority_scan,11,421,4,0.9328309893608093,0.6422406435012817
priority_scan,11,422,6,1.062822699546814,0.681938111782074
priority_scan,11,423,4,0.8901939988136292,0.976856529712677
priority_scan,11,424,6,1.1093239784240723,0.6907685995101929
priority_scan,11,425,4,0.9840437769889832,0.9292482733726501
priority_scan,11,426,6,1.1199651956558228,0.599582314491272
priority_scan,11,427,4,0.988974392414093,2.163133382797241
priority_scan,11,428,6,1.1174988746643066,0.7802802920341492
priority_scan,11,429,4,0.9539099335670471,0.7901456356048584
priority_scan,11,430,6,1.1392968893051147,0.6809923648834229
priority_scan,11,431,4,0.9317445755004883,1.0599092245101929
priority_scan,11,432,6,1.1366393566131592,0.8632565140724182
priority_scan,11,433,4,0.9548781514167786,0.8341615200042725
priority_scan,11,434,6,1.1130646467208862,0.6516152620315552
priority_scan,11,435,4,0.9245457053184509,0.8217470049858093
priority_scan,11,436,6,1.0965213775634766,0.965583086013794
priority_scan,11,437,4,0.9268172979354858,0.927213191986084
priority_scan,11,438,6,1.0492174625396729,0.6032307744026184
priority_scan,11,439,4,0.9113767743110657,0.87184739112854
priority_scan,11,440,6,1.1046626567840576,0.785019040107727
priority_scan,11,441,4,0.9019902348518372,0.9059565663337708
priority_scan,11,442,6,1.154525876045227,0.9492154121398926
priority_scan,11,443,4,0.9129301905632019,0.6208431720733643
priority_scan,11,444,6,1.050451636314392,0.5293189883232117
priority_scan,11,445,4,0.9546142220497131,0.8443008065223694
priority_scan,11,446,6,1.0725177526474,0.568002462387085
priority_scan,11,447,4,0.9398007988929749,1.205014944076538
priority_scan,11,448,6,1.1386363506317139,0.6806521415710449
priority_scan,11,449,4,0.9386471509933472,1.1439117193222046
priority_scan,11,450,6,1.0746346712112427,0.6073819398880005
priority_scan,11,451,4,0.9577013850212097,0.8343477845191956
priority_scan,11,452,6,1.0637826919555664,0.7069214582443237
priority_scan,11,453,4,0.9014548659324646,0.704858124256134
priority_scan,11,454,6,1.0805716514587402,0.6181677579879761
priority_scan,11,455,4,0.9938338398933411,1.1362278461456299
priority_scan,11,456,6,1.129847764968872,0.7449154853820801
priority_scan,11,457,4,0.8718507289886475,1.2640537023544312
priority_scan,11,458,6,1.099286675453186,0.5144786834716797
priority_scan,11,459,4,0.8864359259605408,0.6955978870391846
priority_scan,11,460,6,1.0850058794021606,0.6278939247131348
priority_scan,11,461,4,0.8996099829673767,0.6316081881523132
priority_scan,11,462,6,1.0463331937789917,0.6066837310791016
priority_scan,11,463,4,0.9166945219039917,0.6396391987800598
priority_scan,11,464,6,1.043911337852478,0.7138301134109497
priority_scan,11,465,4,0.9032662510871887,0.9499163031578064
priority_scan,11,466,6,1.1085156202316284,0.7081894874572754
priority_scan,11,467,4,0.9110450744628906,0.8385006189346313
priority_scan,11,468,6,1.052728533744812,0.5744400024414062
priority_scan,11,469,4,0.9098937511444092,0.6869678497314453
priority_scan,11,470,6,1.0641558170318604,0.46338310837745667
priority_scan,11,471,4,0.9362680315971375,0.8545683026313782
priority_scan,11,472,6,1.0568040609359741,0.5644768476486206
priority_scan,11,473,4,0.9606263041496277,0.7554618120193481
priority_scan,11,474,6,1.0813484191894531,0.6045377850532532
priority_scan,11,475,4,0.8963764309883118,1.0649889707565308
priority_scan,11,476,6,1.0964947938919067,0.8136236071586609
priority_scan,11,477,4,0.8665288686752319,0.6097928285598755
priority_scan,11,478,6,1.0661520957946777,0.5070001482963562
priority_scan,11,479,4,0.8909550309181213,0.8080286383628845
priority_scan,11,480,6,1.089138150215149,0.5691789388656616
priority_scan,11,481,4,0.9390628337860107,0.8921368718147278
priority_scan,11,482,6,1.194669246673584,0.890087902545929
priority_scan,11,483,4,0.940755307674408,0.8069563508033752
priority_scan,11,484,6,1.0902626514434814,0.7563050389289856
priority_scan,11,485,4,0.9407870769500732,1.1559948921203613
priority_scan,11,486,6,1.0214943885803223,0.4661513566970825
priority_scan,11,487,4,0.9044224619865417,0.7906968593597412
priority_scan,11,488,6,1.0513218641281128,0.678670346736908
priority_scan,11,489,4,0.950545072555542,1.3006218671798706
priority_scan,11,490,6,1.0585206747055054,0.5151779055595398
priority_scan,11,491,4,0.919550359249115,0.8395910859107971
priority_scan,11,492,6,1.0607839822769165,0.6383714079856873
priority_scan,11,493,4,0.9034713506698608,0.5169196128845215
priority_scan,11,494,6,1.1296412944793701,0.7794682383537292
priority_scan,11,495,4,0.9188545942306519,0.815879762172699
priority_scan,11,496,6,1.0713832378387451,0.5006667971611023
priority_scan,11,497,4,0.8872004747390747,0.5025354623794556
priority_scan,11,498,6,1.0297942161560059,0.3992674648761749
priority_scan,11,499,4,0.9117264151573181,0.6039097309112549
priority_scan,11,500,6,1.1154478788375854,0.7265142202377319
priority_scan,11,501,4,0.9628705382347107,0.8267289400100708
priority_scan,11,502,6,1.0522931814193726,0.49171343445777893
priority_scan,11,503,4,0.8967598080635071,0.6252902150154114
priority_scan,11,504,6,1.0877333879470825,0.6526605486869812
priority_scan,11,505,4,0.887786328792572,0.8142160773277283
priority_scan,11,506,6,1.1101866960525513,0.7606927752494812
priority_scan,11,507,4,0.9686381220817566,1.054614543914795
priority_scan,11,508,6,1.0822638273239136,0.49878251552581787
priority_scan,11,509,4,0.9436145424842834,0.7931844592094421
priority_scan,11,510,6,1.1214848756790161,0.6313173770904541
priority_scan,11,511,4,0.9059496521949768,0.6519997119903564
priority_scan,11,512,6,1.126815676689148,0.6786607503890991
priority_scan,11,513,4,0.9667811393737793,0.7021260261535645
priority_scan,11,514,6,1.0795780420303345,0.6263725757598877
priority_scan,11,515,4,0.9013077616691589,0.8291624784469604
priority_scan,11,516,6,1.080903172492981,0.8264139890670776
priority_scan,11,517,4,0.9247359037399292,1.4500737190246582
priority_scan,11,518,6,1.155671238899231,0.822337806224823
priority_scan,11,519,4,0.8939780592918396,0.7194069623947144
priority_scan,11,520,6,1.0777968168258667,0.5136743783950806
priority_scan,11,521,4,0.9545907378196716,0.9521192312240601
priority_scan,11,522,6,1.163069725036621,0.8028751611709595
priority_scan,11,523,4,0.9550457000732422,2.342554807662964
priority_scan,11,524,6,1.1345678567886353,0.8223063349723816
priority_scan,11,525,4,0.9332022070884705,1.0800520181655884
priority_scan,11,526,6,1.0661909580230713,0.7009434700012207
priority_scan,11,527,4,0.928379237651825,0.6338130831718445
priority_scan,11,528,6,1.122851848602295,0.5773767828941345
priority_scan,11,529,4,0.8785363435745239,0.9861031174659729
priority_scan,11,530,6,1.1183454990386963,1.2594622373580933
priority_scan,11,531,4,0.8935043215751648,0.7188177704811096
priority_scan,11,532,6,1.0654109716415405,0.4281672239303589
priority_scan,11,533,4,0.8891159892082214,0.4845416843891144
priority_scan,11,534,6,1.0993151664733887,0.6601643562316895
priority_scan,11,535,4,0.9800459146499634,1.3643884658813477
priority_scan,11,536,6,1.0685595273971558,0.5550784468650818
priority_scan,11,537,4,0.9923979640007019,0.812526524066925
priority_scan,11,538,6,1.0557891130447388,0.5561167001724243
priority_scan,11,539,4,0.9152072668075562,0.7279912233352661
priority_scan,11,540,6,1.0913811922073364,0.5726262927055359
priority_scan,11,541,4,0.9359774589538574,1.5204222202301025
priority_scan,11,542,6,1.040364384651184,0.33904844522476196
priority_scan,11,543,4,0.923674464225769,0.6169716715812683
priority_scan,11,544,6,1.0252310037612915,0.3994779884815216
priority_scan,11,545,4,0.9277991652488708,0.6760058403015137
priority_scan,11,546,6,1.1133545637130737,0.5916773080825806
priority_scan,11,547,4,0.8711501955986023,0.6456323266029358
priority_scan,11,548,6,1.1017414331436157,0.6802560091018677
priority_scan,11,549,4,0.9152283072471619,0.6355552077293396
priority_scan,11,550,6,1.073635458946228,0.5146921873092651
priority_scan,11,551,4,0.9167680144309998,0.593470573425293
priority_scan,11,552,6,1.0435974597930908,0.5771401524543762
priority_scan,11,553,4,1.040768027305603,1.385656476020813
priority_scan,11,554,6,1.0570687055587769,0.6300633549690247
priority_scan,11,555,4,0.9142897129058838,0.6554022431373596
priority_scan,11,556,6,1.0716445446014404,0.5583574771881104
priority_scan,11,557,4,0.9765631556510925,2.1712381839752197
priority_scan,11,558,6,1.0979264974594116,0.6672672033309937
priority_scan,11,559,4,0.8899567127227783,1.8931938409805298
priority_scan,11,560,6,1.1731762886047363,0.8142872452735901
priority_scan,11,561,4,0.9127746820449829,0.6712807416915894
priority_scan,11,562,6,1.1246081590652466,0.9657730460166931
priority_scan,11,563,4,0.9218818545341492,0.5540764927864075
priority_scan,11,564,6,1.1185086965560913,0.601969838142395
priority_scan,11,565,4,1.0203911066055298,2.1833436489105225
priority_scan,11,566,6,1.0535235404968262,0.47764354944229126
priority_scan,11,567,4,0.9516631364822388,0.8509800434112549
priority_scan,11,568,6,1.0699055194854736,0.49883967638015747
priority_scan,11,569,4,0.951720118522644,0.6741238236427307
priority_scan,11,570,6,1.0922054052352905,0.7433068752288818
priority_scan,11,571,4,0.9665946960449219,1.1475869417190552
priority_scan,11,572,6,1.1321457624435425,0.6973157525062561
priority_scan,11,573,4,1.0292409658432007,3.4214248657226562
priority_scan,11,574,6,1.0950368642807007,0.5276823043823242
priority_scan,11,575,4,0.8983972072601318,0.5288591384887695
priority_scan,11,576,6,1.1050199270248413,0.6983126997947693
priority_scan,11,577,4,0.9472085237503052,0.7452046275138855
priority_scan,11,578,6,1.0717719793319702,0.5821634531021118
priority_scan,11,579,4,0.9236031770706177,0.7087909579277039
priority_scan,11,580,6,1.0434705018997192,0.5669273138046265
priority_scan,11,581,4,0.9415707588195801,1.0308512449264526
priority_scan,11,582,6,1.0504604578018188,0.7620975375175476
priority_scan,11,583,4,0.9082518815994263,0.644844651222229
priority_scan,11,584,6,1.071015477180481,0.7119358777999878
priority_scan,11,585,4,0.8885745406150818,0.8492689728736877
priority_scan,11,586,6,1.0559133291244507,0.6520528793334961
priority_scan,11,587,4,0.8821032047271729,0.7401912808418274
priority_scan,11,588,6,1.1052697896957397,0.6669747233390808
priority_scan,11,589,4,0.8834767937660217,1.151394009590149
priority_scan,11,590,6,1.1029419898986816,0.7479001879692078
priority_scan,11,591,4,0.9207668900489807,1.473242163658142
priority_scan,11,592,6,1.0315121412277222,0.46522554755210876
priority_scan,11,593,4,0.9184160232543945,0.5647467374801636
priority_scan,11,594,6,1.0538567304611206,0.5499096512794495
priority_scan,11,595,4,0.8587132096290588,0.7515391111373901
priority_scan,11,596,6,1.0203884840011597,0.4494793117046356
priority_scan,11,597,4,0.9782084822654724,4.552469253540039
priority_scan,11,598,6,1.1149121522903442,1.0321708917617798
priority_scan,11,599,4,0.8951388001441956,0.5259570479393005
priority_scan,11,600,6,1.068900227546692,0.7502179741859436
priority_scan,11,601,4,0.8801619410514832,0.6193745732307434
priority_scan,11,602,6,1.1396633386611938,0.7010295987129211
priority_scan,11,603,4,1.0253742933273315,1.1449848413467407
priority_scan,11,604,6,1.1079896688461304,0.9140942692756653
priority_scan,11,605,4,0.9047487378120422,0.7308604121208191
priority_scan,11,606,6,1.120530128479004,0.5665466785430908
priority_scan,11,607,4,0.8844523429870605,0.7791624665260315
priority_scan,11,608,6,1.0977872610092163,0.672228991985321
priority_scan,11,609,4,0.9026575684547424,0.6426807641983032
priority_scan,11,610,6,1.0703809261322021,0.48743170499801636
priority_scan,11,611,4,0.9294625520706177,0.7042977213859558
priority_scan,11,612,6,1.0549323558807373,0.5190815925598145
priority_scan,11,613,4,0.8725916743278503,0.44769856333732605
priority_scan,11,614,6,1.128251075744629,0.723752498626709
priority_scan,11,615,4,0.9370229244232178,0.9056895971298218
priority_scan,11,616,6,1.0466411113739014,0.5931196212768555
priority_scan,11,617,4,0.9092850089073181,0.5728042125701904
priority_scan,11,618,6,1.0947703123092651,0.5148855447769165
priority_scan,11,619,4,0.9208068251609802,0.8021228909492493
priority_scan,11,620,6,1.1283372640609741,0.6677350997924805
priority_scan,11,621,4,0.9225559830665588,0.6411166787147522
priority_scan,11,622,6,1.0697180032730103,0.4860493242740631
priority_scan,11,623,4,0.9308919906616211,0.7611094117164612
priority_scan,11,624,6,1.1188572645187378,0.5517510175704956
priority_scan,11,625,4,0.8725705146789551,1.1747382879257202
priority_scan,11,626,6,1.0502437353134155,0.4100022614002228
priority_scan,11,627,4,0.8757181167602539,1.178239107131958
priority_scan,11,628,6,1.0524250268936157,0.388543963432312
priority_scan,11,629,4,0.9850682020187378,1.2578420639038086
priority_scan,11,630,6,1.0978296995162964,0.6279146075248718
priority_scan,11,631,4,0.9046187400817871,0.6387286186218262
priority_scan,11,632,6,1.0986045598983765,0.7467268109321594
priority_scan,11,633,4,0.9030477404594421,0.9581025838851929
priority_scan,11,634,6,1.0717614889144897,0.4818461239337921
priority_scan,11,635,4,0.9140192866325378,0.5063036680221558
priority_scan,11,636,6,1.0580686330795288,0.4670376479625702
priority_scan,11,637,4,0.9332142472267151,0.7407630681991577
priority_scan,11,638,6,1.0400903224945068,0.5149921178817749
priority_scan,11,639,4,0.9401095509529114,0.7873879075050354
priority_scan,11,640,6,1.095967411994934,0.542282223701477
priority_scan,11,641,4,0.8856155276298523,0.5506494045257568
priority_scan,11,642,6,1.0558756589889526,0.42443662881851196
priority_scan,11,643,4,0.8810675740242004,0.7220165133476257
priority_scan,11,644,6,1.027137279510498,0.3425474464893341
priority_scan,11,645,4,0.8978492617607117,0.6003547310829163
priority_scan,11,646,6,1.1010279655456543,0.5499911308288574
priority_scan,11,647,4,0.9472643136978149,0.9986377954483032
priority_scan,11,648,6,1.0600568056106567,0.47810736298561096
priority_scan,11,649,4,0.854953944683075,0.4545172154903412
priority_scan,11,650,6,1.0191556215286255,0.4717143476009369
priority_scan,11,651,4,0.8856369853019714,0.6037113666534424
priority_scan,11,652,6,1.0510145425796509,0.5577663779258728
priority_scan,11,653,4,0.8923370838165283,0.5517187714576721
priority_scan,11,654,6,1.0660632848739624,0.5785139203071594
priority_scan,11,655,4,0.8954824805259705,0.6338557004928589
priority_scan,11,656,6,1.0565037727355957,0.5092159509658813
priority_scan,11,657,4,0.8726211786270142,0.6634153127670288
priority_scan,11,658,6,1.0784646272659302,0.446738064289093
priority_scan,11,659,4,0.9386929869651794,0.9483135938644409
priority_scan,11,660,6,1.0487240552902222,0.4489181637763977
priority_scan,11,661,4,0.8870663046836853,0.5118227601051331
priority_scan,11,662,6,1.1330918073654175,0.5947158336639404
priority_scan,11,663,4,0.8356735110282898,0.42415735125541687
priority_scan,11,664,6,1.0851651430130005,0.6644695401191711
priority_scan,11,665,4,0.9513855576515198,0.6107922792434692
priority_scan,11,666,6,1.020678162574768,0.3430231213569641
priority_scan,11,667,4,0.8883727788925171,0.6605109572410583
priority_scan,11,668,6,1.0620976686477661,0.5150701999664307
priority_scan,11,669,4,0.9130598902702332,0.7847038507461548
priority_scan,11,670,6,1.0499778985977173,0.5130741596221924
priority_scan,11,671,4,0.9208948612213135,0.672091007232666
priority_scan,11,672,6,1.03958261013031,0.4764230251312256
priority_scan,11,673,4,0.9486292600631714,0.5522658228874207
priority_scan,11,674,6,1.0714362859725952,0.8356233835220337
priority_scan,11,675,4,0.9512120485305786,1.0096992254257202
priority_scan,11,676,6,1.0257600545883179,0.40026989579200745
priority_scan,11,677,4,0.8938943147659302,0.7647947669029236
priority_scan,11,678,6,1.125929832458496,0.8452111482620239
priority_scan,11,679,4,0.8851429224014282,0.6295914053916931
priority_scan,11,680,6,1.0467880964279175,0.4995528757572174
priority_scan,11,681,4,0.9348964691162109,0.638921320438385
priority_scan,11,682,6,1.1050856113433838,0.6044957041740417
priority_scan,11,683,4,0.8828173279762268,0.3977976143360138
priority_scan,11,684,6,1.0694139003753662,0.5129505395889282
priority_scan,11,685,4,0.8517811894416809,0.3962370753288269
priority_scan,11,686,6,1.0374659299850464,0.5259307026863098
priority_scan,11,687,4,0.973875880241394,0.8207767009735107
priority_scan,11,688,6,1.110813021659851,0.7726206183433533
priority_scan,11,689,4,0.919112503528595,0.6293544173240662
priority_scan,11,690,6,1.114418864250183,0.49259328842163086
priority_scan,11,691,4,0.8466934561729431,0.4689023792743683
priority_scan,11,692,6,1.138731837272644,0.747970461845398
priority_scan,11,693,4,0.9394899010658264,0.6363582015037537
priority_scan,11,694,6,1.0858819484710693,0.42375457286834717
priority_scan,11,695,4,0.8674487471580505,0.5355119109153748
priority_scan,11,696,6,1.0694410800933838,0.34852781891822815
priority_scan,11,697,4,0.9351155757904053,0.6285786032676697
priority_scan,11,698,6,1.1002858877182007,0.4191240072250366
priority_scan,11,699,4,0.903390109539032,0.6866700649261475
priority_scan,11,700,6,1.0481458902359009,0.557954728603363
priority_scan,11,701,4,0.8997071981430054,0.48200005292892456
priority_scan,11,702,6,1.0319336652755737,0.5225152373313904
priority_scan,11,703,4,0.8639647364616394,0.7730074524879456
priority_scan,11,704,6,1.1300125122070312,0.5897217392921448
priority_scan,11,705,4,0.8608509302139282,0.31387901306152344
priority_scan,11,706,6,1.0666407346725464,0.46803438663482666
priority_scan,11,707,4,0.8697547912597656,0.6368170976638794
priority_scan,11,708,6,1.0666652917861938,1.1147335767745972
priority_scan,11,709,4,0.8796485066413879,0.4506545960903168
priority_scan,11,710,6,1.0388679504394531,0.44915610551834106
priority_scan,11,711,4,0.9226838946342468,0.6618812680244446
priority_scan,11,712,6,1.1047110557556152,0.5247936248779297
priority_scan,11,713,4,0.9197054505348206,0.6699077486991882
priority_scan,11,714,6,1.065294861793518,0.8157289028167725
priority_scan,11,715,4,0.8892150521278381,0.6818090081214905
priority_scan,11,716,6,1.0375069379806519,0.5429068207740784
priority_scan,11,717,4,0.9042500257492065,0.9501916766166687
priority_scan,11,718,6,1.08123779296875,0.7827920913696289
priority_scan,11,719,4,0.8880558609962463,0.5899365544319153
priority_scan,11,720,6,1.0835376977920532,0.6952119469642639
priority_scan,11,721,4,0.8620561957359314,0.5979751348495483
priority_scan,11,722,6,1.1047879457473755,0.5418806672096252
priority_scan,11,723,4,0.9105454683303833,0.7998873591423035
priority_scan,11,724,6,1.0784335136413574,0.6948555707931519
priority_scan,11,725,4,0.8693788647651672,0.4661509692668915
priority_scan,11,726,6,1.0717633962631226,0.5575986504554749
priority_scan,11,727,4,0.8840416073799133,0.46086585521698
priority_scan,11,728,6,1.097874402999878,0.5143033862113953
priority_scan,11,729,4,0.8431684970855713,0.43277284502983093
priority_scan,11,730,6,1.0323437452316284,0.5108579397201538
priority_scan,11,731,4,0.8968753218650818,0.5662738084793091
priority_scan,11,732,6,1.015414834022522,0.45317336916923523
priority_scan,11,733,4,0.9051847457885742,0.6427822113037109
priority_scan,11,734,6,1.062376856803894,0.5841594934463501
priority_scan,11,735,4,0.9006474018096924,0.5665093064308167
priority_scan,11,736,6,1.0871837139129639,0.47584933042526245
priority_scan,11,737,4,0.8828482031822205,0.4608617424964905
priority_scan,11,738,6,1.0400047302246094,0.5585876107215881
priority_scan,11,739,4,0.885131299495697,0.5197485089302063
priority_scan,11,740,6,1.111391544342041,0.6344162225723267
priority_scan,11,741,4,0.8930566310882568,0.5695036053657532
priority_scan,11,742,6,1.044042706489563,0.551307201385498
priority_scan,11,743,4,0.9466974139213562,1.2392102479934692
priority_scan,11,744,6,1.0347601175308228,0.6823456883430481
priority_scan,11,745,4,0.8971848487854004,1.7296562194824219
priority_scan,11,746,6,1.062448263168335,0.9795984625816345
priority_scan,11,747,4,0.8597916960716248,0.5440947413444519
priority_scan,11,748,6,1.0103522539138794,0.37942710518836975
priority_scan,11,749,4,0.8520547151565552,0.460458904504776
priority_scan,11,750,6,1.0992847681045532,0.8321696519851685
priority_scan,11,751,4,0.8991459012031555,0.498379111289978
priority_scan,11,752,6,1.0803498029708862,0.7450593709945679
priority_scan,11,753,4,0.8948797583580017,0.6737219095230103
priority_scan,11,754,6,1.0493329763412476,0.5956153273582458
priority_scan,11,755,4,0.8951836824417114,0.5503531098365784
priority_scan,11,756,6,1.088822841644287,0.5223361849784851
priority_scan,11,757,4,0.8846630454063416,0.7193251848220825
priority_scan,11,758,6,1.0846155881881714,0.5125386714935303
priority_scan,11,759,4,0.8984838724136353,0.6401000022888184
priority_scan,11,760,6,1.102768898010254,0.7021743059158325
priority_scan,11,761,4,0.8690896034240723,0.3972630202770233
priority_scan,11,762,6,1.0385366678237915,0.5442848801612854
priority_scan,11,763,4,0.861524760723114,0.5030707716941833
priority_scan,11,764,6,1.1440818309783936,0.690399169921875
priority_scan,11,765,4,0.8784807920455933,0.5187748670578003
priority_scan,11,766,6,1.0266109704971313,0.3246484100818634
priority_scan,11,767,4,0.8684925436973572,0.3678755760192871
priority_scan,11,768,6,1.0483018159866333,0.37922295928001404
priority_scan,11,769,4,0.9124194979667664,0.8253804445266724
priority_scan,11,770,6,1.0637565851211548,0.4090644419193268
priority_scan,11,771,4,0.9332545399665833,0.8483425378799438
priority_scan,11,772,6,1.0822433233261108,0.7077496647834778
priority_scan,11,773,4,0.8992328643798828,0.6654968857765198
priority_scan,11,774,6,1.0796434879302979,0.5178356170654297
priority_scan,11,775,4,0.9342942237854004,0.5626953840255737
priority_scan,11,776,6,1.0385080575942993,0.5307205319404602
priority_scan,11,777,4,0.9078776240348816,0.8646878004074097
priority_scan,11,778,6,1.0593429803848267,0.47115373611450195
priority_scan,11,779,4,0.8788530826568604,0.7262237668037415
priority_scan,11,780,6,1.045267939567566,0.7492479681968689
priority_scan,11,781,4,0.9499424695968628,1.0176692008972168
priority_scan,11,782,6,1.0053850412368774,0.4256296455860138
priority_scan,11,783,4,0.9325963258743286,0.7239968776702881
priority_scan,11,784,6,1.0368072986602783,0.568536102771759
priority_scan,11,785,4,0.9166833758354187,0.952360212802887
priority_scan,11,786,6,1.0347368717193604,0.39650341868400574
priority_scan,11,787,4,0.8553879261016846,0.6772444844245911
priority_scan,11,788,6,1.027016043663025,0.5579636096954346
priority_scan,11,789,4,0.8635227680206299,0.5862133502960205
priority_scan,11,790,6,1.0330476760864258,0.6194685101509094
priority_scan,11,791,4,0.8363106846809387,0.46079373359680176
priority_scan,11,792,6,1.0500104427337646,0.725315511226654
priority_scan,11,793,4,0.8623228669166565,0.568417489528656
priority_scan,11,794,6,1.0308940410614014,0.6103598475456238
priority_scan,11,795,4,0.8678426146507263,0.6137940287590027
priority_scan,11,796,6,1.0346598625183105,0.5022313594818115
priority_scan,11,797,4,0.8702986240386963,0.626732587814331
priority_scan,11,798,6,1.067055344581604,0.6489688158035278
priority_scan,11,799,4,0.8813437223434448,0.7857347130775452
priority_scan,11,800,6,1.0133730173110962,0.508638858795166
priority_scan,11,801,4,0.8481809496879578,0.6215906739234924
priority_scan,11,802,6,1.0081185102462769,0.447688490152359
priority_scan,11,803,4,0.841779351234436,0.5473119616508484
priority_scan,11,804,6,1.0283759832382202,0.46877461671829224
priority_scan,11,805,4,0.868816077709198,0.6910117268562317
priority_scan,11,806,6,0.9849331974983215,0.43507644534111023
priority_scan,11,807,4,0.8822299838066101,0.6034374237060547
priority_scan,11,808,6,1.0579203367233276,1.097759485244751
priority_scan,11,809,4,0.8458542823791504,0.6391631960868835
priority_scan,11,810,6,1.031164288520813,0.6186786890029907
priority_scan,11,811,4,0.837192714214325,0.5508481860160828
priority_scan,11,812,6,1.0354372262954712,0.8419135212898254
priority_scan,11,813,4,0.894856333732605,0.6510288715362549
priority_scan,11,814,6,1.078997254371643,0.6001916527748108
priority_scan,11,815,4,0.8471201658248901,0.5992733836174011
priority_scan,11,816,6,1.0063751935958862,0.4842158854007721
priority_scan,11,817,4,0.8405882716178894,0.4606662392616272
priority_scan,11,818,6,1.0659557580947876,0.7943061590194702
priority_scan,11,819,4,0.8543159365653992,0.6860905885696411
priority_scan,11,820,6,1.0281349420547485,1.0917085409164429
priority_scan,11,821,4,0.8896048665046692,0.7458929419517517
priority_scan,11,822,6,1.0941091775894165,0.8377262949943542
priority_scan,11,823,4,0.8057557344436646,0.37318265438079834
priority_scan,11,824,6,1.0165587663650513,0.5857769846916199
priority_scan,11,825,4,0.8705551028251648,0.6434671878814697
priority_scan,11,826,6,1.0196409225463867,0.5294718146324158
priority_scan,11,827,4,0.8508815765380859,0.5877968072891235
priority_scan,11,828,6,1.000524640083313,0.4185352027416229
priority_scan,11,829,4,0.8592239618301392,0.8493840098381042
priority_scan,11,830,6,1.010487675666809,0.6931691765785217
priority_scan,11,831,4,0.840015709400177,0.6452560424804688
priority_scan,11,832,6,1.0284976959228516,0.7821841835975647
priority_scan,11,833,4,0.8539179563522339,0.49308347702026367
priority_scan,11,834,6,0.9835391640663147,0.36954769492149353
priority_scan,11,835,4,0.8216224312782288,0.5788282752037048
priority_scan,11,836,6,0.9936694502830505,0.5494316816329956
priority_scan,11,837,4,0.8232725858688354,0.45690739154815674
priority_scan,11,838,6,0.9709639549255371,0.4093377888202667
priority_scan,11,839,4,0.851483166217804,0.5334512591362
priority_scan,11,840,6,1.0164742469787598,0.4808591902256012
priority_scan,11,841,4,0.8348239064216614,0.8504881262779236
priority_scan,11,842,6,1.0201178789138794,0.46632641553878784
priority_scan,11,843,4,0.8373032212257385,0.5439139604568481
priority_scan,11,844,6,0.9887535572052002,0.41240280866622925
priority_scan,11,845,4,0.8343774676322937,0.518458366394043
priority_scan,11,846,6,0.9943138957023621,0.47960546612739563
priority_scan,11,847,4,0.8480052351951599,0.5942875146865845
priority_scan,11,848,6,0.9907140135765076,0.6389104723930359
priority_scan,11,849,4,0.8455749750137329,0.5568976402282715
priority_scan,11,850,6,0.9960322976112366,0.43756023049354553
priority_scan,11,851,4,0.821989893913269,0.47613781690597534
priority_scan,11,852,6,0.9753478169441223,0.47303253412246704
priority_scan,11,853,4,0.8299423456192017,0.5842806696891785
priority_scan,11,854,6,0.9932902455329895,0.4901241660118103
priority_scan,11,855,4,0.8048847317695618,0.49477463960647583
priority_scan,11,856,6,0.9783962368965149,0.46182680130004883
priority_scan,11,857,4,0.8382145762443542,0.5850542187690735
priority_scan,11,858,6,0.9703270792961121,0.3379777669906616
priority_scan,11,859,4,0.8290199637413025,1.1892564296722412
priority_scan,11,860,6,0.9976935386657715,0.658896803855896
priority_scan,11,861,4,0.8179001808166504,0.796728789806366
priority_scan,11,862,6,1.002903699874878,0.3742275536060333
priority_scan,11,863,4,0.8027470707893372,0.49872592091560364
priority_scan,11,864,6,1.0017409324645996,0.4514365494251251
priority_scan,11,865,4,0.7826012969017029,0.2560957074165344
priority_scan,11,866,6,0.9740893840789795,0.40899163484573364
priority_scan,11,867,4,0.8221848607063293,0.5749446749687195
priority_scan,11,868,6,0.9760192036628723,0.46044158935546875
priority_scan,11,869,4,0.8226942420005798,0.6653821468353271
priority_scan,11,870,6,1.0050971508026123,0.6439711451530457
priority_scan,11,871,4,0.8206197023391724,0.503860354423523
priority_scan,11,872,6,0.954758882522583,0.41708341240882874
priority_scan,11,873,4,0.8232004046440125,0.48111435770988464
priority_scan,11,874,6,0.97682785987854,0.457371324300766
priority_scan,11,875,4,0.8264248371124268,0.6955664157867432
priority_scan,11,876,6,1.0030088424682617,0.6170241832733154
priority_scan,11,877,4,0.8198545575141907,0.6153668165206909
priority_scan,11,878,6,0.9956717491149902,0.44603613018989563
priority_scan,11,879,4,0.8448169827461243,0.6450328230857849
priority_scan,11,880,6,0.9825467467308044,0.5172417759895325
priority_scan,11,881,4,0.8157684803009033,0.5495861172676086
priority_scan,11,882,6,0.9571941494941711,0.41352179646492004
priority_scan,11,883,4,0.799380898475647,0.49648317694664
priority_scan,11,884,6,0.9723150134086609,0.311144083738327
priority_scan,11,885,4,0.8105329871177673,0.495860755443573
priority_scan,11,886,6,0.9617176651954651,0.30477461218833923
priority_scan,11,887,4,0.8153942823410034,0.7022686004638672
priority_scan,11,888,6,0.9806049466133118,0.38374948501586914
priority_scan,11,889,4,0.8287453055381775,0.6982409954071045
priority_scan,11,890,6,0.981330156326294,0.4356133043766022
priority_scan,11,891,4,0.7966245412826538,0.5998817682266235
priority_scan,11,892,6,1.0026088953018188,0.7490708827972412
priority_scan,11,893,4,0.8080189228057861,0.4873899817466736
priority_scan,11,894,6,0.9752393364906311,0.3716258108615875
priority_scan,11,895,4,0.8601464033126831,0.7138881683349609
priority_scan,11,896,6,0.957111120223999,0.2774266004562378
priority_scan,11,897,4,0.8421329259872437,0.6720219850540161
priority_scan,11,898,6,0.9754204750061035,0.4098956882953644
priority_scan,11,899,4,0.8276830315589905,0.6932271122932434
priority_scan,11,900,6,0.9949799180030823,0.5028713345527649
priority_scan,22,1,4,3.2883856296539307,17.04030418395996
priority_scan,22,2,6,3.501603126525879,11.259140968322754
priority_scan,22,3,4,2.472982406616211,9.023999214172363
priority_scan,22,4,6,3.622685432434082,6.936009883880615
priority_scan,22,5,4,2.6445963382720947,17.791181564331055
priority_scan,22,6,6,3.440943717956543,7.426229000091553
priority_scan,22,7,4,3.291208028793335,5.661762714385986
priority_scan,22,8,6,3.0419368743896484,5.105082988739014
priority_scan,22,9,4,2.8035356998443604,6.458412170410156
priority_scan,22,10,6,3.3497025966644287,5.143824577331543
priority_scan,22,11,4,3.5079026222229004,9.616928100585938
priority_scan,22,12,6,3.0506372451782227,7.093863487243652
priority_scan,22,13,4,2.51765513420105,6.689132213592529
priority_scan,22,14,6,3.1160991191864014,4.84605073928833
priority_scan,22,15,4,2.763237237930298,8.249836921691895
priority_scan,22,16,6,2.7042205333709717,3.9555397033691406
priority_scan,22,17,4,2.323887348175049,6.800474643707275
priority_scan,22,18,6,2.8960635662078857,5.2902512550354
priority_scan,22,19,4,2.621182918548584,5.66574764251709
priority_scan,22,20,6,2.974609136581421,3.884951591491699
priority_scan,22,21,4,2.3172028064727783,6.404231548309326
priority_scan,22,22,6,2.5012762546539307,2.6395208835601807
priority_scan,22,23,4,2.557966947555542,6.414989471435547
priority_scan,22,24,6,2.5074732303619385,4.1200737953186035
priority_scan,22,25,4,2.3289315700531006,7.105257034301758
priority_scan,22,26,6,2.36184024810791,5.497039794921875
priority_scan,22,27,4,2.2555975914001465,6.52542781829834
priority_scan,22,28,6,2.2907555103302,8.384537696838379
priority_scan,22,29,4,2.1527440547943115,8.176461219787598
priority_scan,22,30,6,2.095222234725952,4.231813430786133
priority_scan,22,31,4,2.3888444900512695,14.097027778625488
priority_scan,22,32,6,2.301888942718506,5.190372943878174
priority_scan,22,33,4,1.87077796459198,5.194386959075928
priority_scan,22,34,6,2.1984174251556396,6.808896064758301
priority_scan,22,35,4,2.160691261291504,11.911232948303223
priority_scan,22,36,6,1.884835124015808,5.167663097381592
priority_scan,22,37,4,1.704512596130371,6.619877338409424
priority_scan,22,38,6,2.0163803100585938,8.263764381408691
priority_scan,22,39,4,1.5818300247192383,7.366966247558594
priority_scan,22,40,6,1.4123057126998901,4.344406604766846
priority_scan,22,41,4,1.1326162815093994,4.5679497718811035
priority_scan,22,42,6,1.4680289030075073,3.557849884033203
priority_scan,22,43,4,1.2073498964309692,4.316957950592041
priority_scan,22,44,6,1.5004043579101562,4.881801128387451
priority_scan,22,45,4,1.2996540069580078,7.440602779388428
priority_scan,22,46,6,1.460169792175293,5.64738130569458
priority_scan,22,47,4,1.2183395624160767,5.248142242431641
priority_scan,22,48,6,1.456342339515686,6.693358898162842
priority_scan,22,49,4,1.1736104488372803,6.553876876831055
priority_scan,22,50,6,1.3351320028305054,3.6533780097961426
priority_scan,22,51,4,1.094624638557434,3.8978216648101807
priority_scan,22,52,6,1.3092799186706543,3.7247812747955322
priority_scan,22,53,4,1.056526780128479,4.118387699127197
priority_scan,22,54,6,1.2261154651641846,3.0730748176574707
priority_scan,22,55,4,1.0436078310012817,2.781306505203247
priority_scan,22,56,6,1.202150583267212,4.520509719848633
priority_scan,22,57,4,0.9291503429412842,2.5760433673858643
priority_scan,22,58,6,1.1952375173568726,2.5765089988708496
priority_scan,22,59,4,1.1090432405471802,4.776266574859619
priority_scan,22,60,6,1.3141435384750366,3.969588041305542
priority_scan,22,61,4,1.0011522769927979,3.4765546321868896
priority_scan,22,62,6,1.220483660697937,2.9464457035064697
priority_scan,22,63,4,1.2875794172286987,5.7010650634765625
priority_scan,22,64,6,1.2501274347305298,4.053528308868408
priority_scan,22,65,4,1.1200907230377197,6.272737503051758
priority_scan,22,66,6,1.1880053281784058,2.580763816833496
priority_scan,22,67,4,0.9542003273963928,2.863142490386963
priority_scan,22,68,6,1.2242658138275146,3.028716802597046
priority_scan,22,69,4,1.0257929563522339,3.734820604324341
priority_scan,22,70,6,1.2071799039840698,2.4333701133728027
priority_scan,22,71,4,0.9570067524909973,2.593890428543091
priority_scan,22,72,6,1.1529847383499146,2.2567138671875
priority_scan,22,73,4,1.0191832780838013,5.368945598602295
priority_scan,22,74,6,1.1532191038131714,2.5450620651245117
priority_scan,22,75,4,0.9706577658653259,2.3784420490264893
priority_scan,22,76,6,1.2569890022277832,4.257331371307373
priority_scan,22,77,4,1.0817651748657227,2.9092583656311035
priority_scan,22,78,6,1.1264288425445557,1.6246602535247803
priority_scan,22,79,4,0.9526509642601013,3.7553138732910156
priority_scan,22,80,6,1.2106255292892456,2.338588237762451
priority_scan,22,81,4,1.0476226806640625,3.588315010070801
priority_scan,22,82,6,1.1732122898101807,2.3135604858398438
priority_scan,22,83,4,0.9391748309135437,2.62762188911438
priority_scan,22,84,6,1.291122317314148,3.464144229888916
priority_scan,22,85,4,1.087719202041626,4.055748462677002
priority_scan,22,86,6,1.1944553852081299,3.55214786529541
priority_scan,22,87,4,1.0652674436569214,13.975471496582031
priority_scan,22,88,6,1.220093011856079,3.4147298336029053
priority_scan,22,89,4,1.0454989671707153,3.1657326221466064
priority_scan,22,90,6,1.1193221807479858,1.611636757850647
priority_scan,22,91,4,1.0180302858352661,3.1353232860565186
priority_scan,22,92,6,1.1483652591705322,1.4067200422286987
priority_scan,22,93,4,0.988804280757904,3.2782185077667236
priority_scan,22,94,6,1.159738302230835,1.7658543586730957
priority_scan,22,95,4,0.9530435800552368,2.4757018089294434
priority_scan,22,96,6,1.1419118642807007,1.990689754486084
priority_scan,22,97,4,0.9672454595565796,3.040877103805542
priority_scan,22,98,6,1.177095890045166,2.309067964553833
priority_scan,22,99,4,0.9705028533935547,2.8599109649658203
priority_scan,22,100,6,1.187872290611267,2.284322738647461
priority_scan,22,101,4,1.0698424577713013,4.835336208343506
priority_scan,22,102,6,1.1923668384552002,3.6595568656921387
priority_scan,22,103,4,1.0574830770492554,3.2827370166778564
priority_scan,22,104,6,1.2647594213485718,2.203336000442505
priority_scan,22,105,4,0.9979698657989502,5.014551639556885
priority_scan,22,106,6,1.1514719724655151,2.630817413330078
priority_scan,22,107,4,0.960084080696106,2.3078653812408447
priority_scan,22,108,6,1.2358852624893188,2.163947582244873
priority_scan,22,109,4,1.0622035264968872,3.280695676803589
priority_scan,22,110,6,1.2162411212921143,2.6694507598876953
priority_scan,22,111,4,0.9433133602142334,5.198190212249756
priority_scan,22,112,6,1.1999279260635376,2.563859224319458
priority_scan,22,113,4,0.970653772354126,1.989333152770996
priority_scan,22,114,6,1.127016305923462,2.739501476287842
priority_scan,22,115,4,0.9158058166503906,2.241271734237671
priority_scan,22,116,6,1.1926511526107788,3.076608896255493
priority_scan,22,117,4,0.9097130298614502,1.942840337753296
priority_scan,22,118,6,1.2041301727294922,2.267400026321411
priority_scan,22,119,4,1.0345162153244019,2.686070203781128
priority_scan,22,120,6,1.1618268489837646,1.5505967140197754
priority_scan,22,121,4,0.9656142592430115,2.6911959648132324
priority_scan,22,122,6,1.186858892440796,1.8542859554290771
priority_scan,22,123,4,1.0471839904785156,2.6953773498535156
priority_scan,22,124,6,1.2194947004318237,2.4904417991638184
priority_scan,22,125,4,1.0293134450912476,3.128844976425171
priority_scan,22,126,6,1.10609769821167,2.2009785175323486
priority_scan,22,127,4,1.038568377494812,3.183473825454712
priority_scan,22,128,6,1.2505639791488647,2.7226662635803223
priority_scan,22,129,4,0.9704139232635498,2.480564832687378
priority_scan,22,130,6,1.1772104501724243,1.9323383569717407
priority_scan,22,131,4,1.0366075038909912,3.1655783653259277
priority_scan,22,132,6,1.1058505773544312,2.1335432529449463
priority_scan,22,133,4,0.9328472018241882,2.472911834716797
priority_scan,22,134,6,1.1788440942764282,2.2684192657470703
priority_scan,22,135,4,0.9607076048851013,2.1815147399902344
priority_scan,22,136,6,1.093593716621399,1.8990511894226074
priority_scan,22,137,4,0.9809492230415344,3.3708722591400146
priority_scan,22,138,6,1.1535989046096802,2.3556008338928223
priority_scan,22,139,4,0.9379468560218811,2.3027710914611816
priority_scan,22,140,6,1.1432459354400635,1.6992578506469727
priority_scan,22,141,4,0.9849746823310852,3.212599754333496
priority_scan,22,142,6,1.12263822555542,2.1831445693969727
priority_scan,22,143,4,0.9788305759429932,2.232412338256836
priority_scan,22,144,6,1.12100350856781,1.4777705669403076
priority_scan,22,145,4,0.9650921821594238,2.6203503608703613
priority_scan,22,146,6,1.1824759244918823,1.75456964969635
priority_scan,22,147,4,0.918590247631073,1.4965451955795288
priority_scan,22,148,6,1.1585817337036133,1.3957525491714478
priority_scan,22,149,4,1.0144015550613403,3.748699188232422
priority_scan,22,150,6,1.1535576581954956,2.274087429046631
priority_scan,22,151,4,0.9644831418991089,1.9772529602050781
priority_scan,22,152,6,1.2140451669692993,2.5413434505462646
priority_scan,22,153,4,0.9576623439788818,2.122612237930298
priority_scan,22,154,6,1.143992304801941,1.6618226766586304
priority_scan,22,155,4,0.9836906790733337,2.0400919914245605
priority_scan,22,156,6,1.1935992240905762,1.6151673793792725
priority_scan,22,157,4,0.9562747478485107,2.1939873695373535
priority_scan,22,158,6,1.1318519115447998,1.3403698205947876
priority_scan,22,159,4,0.989067554473877,1.9620102643966675
priority_scan,22,160,6,1.1533128023147583,2.4141886234283447
priority_scan,22,161,4,1.0313221216201782,3.37052583694458
priority_scan,22,162,6,1.1510781049728394,2.346648931503296
priority_scan,22,163,4,0.9473742246627808,2.0317113399505615
priority_scan,22,164,6,1.2009696960449219,2.118818521499634
priority_scan,22,165,4,1.0123759508132935,5.191868782043457
priority_scan,22,166,6,1.168365716934204,1.5457907915115356
priority_scan,22,167,4,0.9441477060317993,2.1799936294555664
priority_scan,22,168,6,1.1673818826675415,1.7008025646209717
priority_scan,22,169,4,1.0052307844161987,2.007084846496582
priority_scan,22,170,6,1.1841124296188354,1.6603337526321411
priority_scan,22,171,4,0.9802860617637634,3.155076742172241
priority_scan,22,172,6,1.0967941284179688,1.6070340871810913
priority_scan,22,173,4,0.9487384557723999,2.2633302211761475
priority_scan,22,174,6,1.1202367544174194,1.160211443901062
priority_scan,22,175,4,0.9074081182479858,1.3780215978622437
priority_scan,22,176,6,1.118294358253479,1.9007610082626343
priority_scan,22,177,4,0.9634438753128052,2.1929962635040283
priority_scan,22,178,6,1.1901628971099854,1.6787515878677368
priority_scan,22,179,4,1.0160385370254517,3.531399726867676
priority_scan,22,180,6,1.1845721006393433,1.7656933069229126
priority_scan,22,181,4,0.9648433327674866,1.5794267654418945
priority_scan,22,182,6,1.1406954526901245,1.2197269201278687
priority_scan,22,183,4,1.0143449306488037,2.3557894229888916
priority_scan,22,184,6,1.1163451671600342,1.352178931236267
priority_scan,22,185,4,0.872626006603241,1.4664103984832764
priority_scan,22,186,6,1.1921775341033936,1.8905845880508423
priority_scan,22,187,4,0.9167011380195618,1.3697469234466553
priority_scan,22,188,6,1.204745888710022,1.5056954622268677
priority_scan,22,189,4,0.9983770251274109,3.7704734802246094
priority_scan,22,190,6,1.200680136680603,2.709149122238159
priority_scan,22,191,4,1.1511836051940918,5.126429080963135
priority_scan,22,192,6,1.1515458822250366,2.36851167678833
priority_scan,22,193,4,0.9645727872848511,2.4945554733276367
priority_scan,22,194,6,1.1713752746582031,1.923335075378418
priority_scan,22,195,4,0.9960854053497314,2.670586109161377
priority_scan,22,196,6,1.1845886707305908,2.081829786300659
priority_scan,22,197,4,0.9129629135131836,2.077526092529297
priority_scan,22,198,6,1.1593859195709229,1.9331904649734497
priority_scan,22,199,4,0.9047736525535583,1.2789968252182007
priority_scan,22,200,6,1.2082701921463013,2.067288637161255
priority_scan,22,201,4,1.0441995859146118,5.602431774139404
priority_scan,22,202,6,1.214896559715271,2.1136982440948486
priority_scan,22,203,4,0.995699405670166,1.943555235862732
priority_scan,22,204,6,1.1334937810897827,1.3949207067489624
priority_scan,22,205,4,1.0362874269485474,2.6456944942474365
priority_scan,22,206,6,1.1834365129470825,1.7456387281417847
priority_scan,22,207,4,0.9884796738624573,3.274311065673828
priority_scan,22,208,6,1.187346339225769,1.3498711585998535
priority_scan,22,209,4,0.8980028033256531,1.148850917816162
priority_scan,22,210,6,1.1818748712539673,1.3057868480682373
priority_scan,22,211,4,0.9336774945259094,1.4516510963439941
priority_scan,22,212,6,1.1858770847320557,1.8186646699905396
priority_scan,22,213,4,0.9308974742889404,2.049356698989868
priority_scan,22,214,6,1.1724530458450317,1.229482889175415
priority_scan,22,215,4,0.9054721593856812,1.7477973699569702
priority_scan,22,216,6,1.1133511066436768,1.0627373456954956
priority_scan,22,217,4,0.9671763181686401,1.4343348741531372
priority_scan,22,218,6,1.1191843748092651,1.2474629878997803
priority_scan,22,219,4,0.980919599533081,2.845301389694214
priority_scan,22,220,6,1.146126627922058,1.1923478841781616
priority_scan,22,221,4,0.9960252046585083,2.138315200805664
priority_scan,22,222,6,1.1659742593765259,1.6035964488983154
priority_scan,22,223,4,1.100378394126892,6.400944232940674
priority_scan,22,224,6,1.074459195137024,1.2683852910995483
priority_scan,22,225,4,0.9170939326286316,2.097020387649536
priority_scan,22,226,6,1.1241790056228638,1.016014575958252
priority_scan,22,227,4,0.9476479887962341,1.8611652851104736
priority_scan,22,228,6,1.2344046831130981,1.8857145309448242
priority_scan,22,229,4,0.9919412136077881,1.5902756452560425
priority_scan,22,230,6,1.0819063186645508,1.0788573026657104
priority_scan,22,231,4,0.9873753786087036,1.485708236694336
priority_scan,22,232,6,1.1572176218032837,1.5978587865829468
priority_scan,22,233,4,0.9086245894432068,1.759437084197998
priority_scan,22,234,6,1.1371204853057861,0.9258721470832825
priority_scan,22,235,4,0.8819935917854309,1.674893856048584
priority_scan,22,236,6,1.126712679862976,1.6278632879257202
priority_scan,22,237,4,0.9951537251472473,2.2112016677856445
priority_scan,22,238,6,1.122823715209961,1.220767855644226
priority_scan,22,239,4,0.8970244526863098,1.3283058404922485
priority_scan,22,240,6,1.0927687883377075,1.0136566162109375
priority_scan,22,241,4,0.9958769679069519,1.9613264799118042
priority_scan,22,242,6,1.148786187171936,1.1848734617233276
priority_scan,22,243,4,1.01451575756073,1.6101555824279785
priority_scan,22,244,6,1.1814842224121094,1.3411356210708618
priority_scan,22,245,4,1.0114864110946655,1.0666028261184692
priority_scan,22,246,6,1.1944339275360107,0.9915977716445923
priority_scan,22,247,4,1.0059581995010376,1.9838814735412598
priority_scan,22,248,6,1.1207937002182007,1.4820458889007568
priority_scan,22,249,4,0.9455023407936096,1.143128752708435
priority_scan,22,250,6,1.0572192668914795,0.6827206611633301
priority_scan,22,251,4,1.014534592628479,1.4772216081619263
priority_scan,22,252,6,1.0821441411972046,0.816054105758667
priority_scan,22,253,4,0.9476017355918884,1.1330599784851074
priority_scan,22,254,6,1.1220418214797974,0.8887965679168701
priority_scan,22,255,4,0.9591630101203918,1.2760353088378906
priority_scan,22,256,6,1.1049621105194092,0.7901527881622314
priority_scan,22,257,4,0.8810111880302429,1.2857751846313477
priority_scan,22,258,6,1.1649287939071655,1.448672890663147
priority_scan,22,259,4,0.9835577011108398,1.4864510297775269
priority_scan,22,260,6,1.1831400394439697,1.0922445058822632
priority_scan,22,261,4,0.9384913444519043,1.2496638298034668
priority_scan,22,262,6,1.1691694259643555,1.5821064710617065
priority_scan,22,263,4,0.9532716870307922,1.0615397691726685
priority_scan,22,264,6,1.0572848320007324,0.7715272307395935
priority_scan,22,265,4,0.9246230125427246,1.4412004947662354
priority_scan,22,266,6,1.1490248441696167,1.6353880167007446
priority_scan,22,267,4,0.9528207182884216,1.796579122543335
priority_scan,22,268,6,1.1071234941482544,1.1299728155136108
priority_scan,22,269,4,0.9318887591362,1.1408663988113403
priority_scan,22,270,6,1.093932032585144,0.8416802287101746
priority_scan,22,271,4,0.9385533332824707,2.0797579288482666
priority_scan,22,272,6,1.0997108221054077,0.9854973554611206
priority_scan,22,273,4,0.9343690276145935,1.5747896432876587
priority_scan,22,274,6,1.1368268728256226,1.1407064199447632
priority_scan,22,275,4,0.9806350469589233,1.853361964225769
priority_scan,22,276,6,1.1754828691482544,1.2703418731689453
priority_scan,22,277,4,0.9513872265815735,1.4870214462280273
priority_scan,22,278,6,1.1252031326293945,1.307403564453125
priority_scan,22,279,4,0.9679838418960571,2.5859899520874023
priority_scan,22,280,6,1.107542872428894,0.950721800327301
priority_scan,22,281,4,0.9380882978439331,1.0146299600601196
priority_scan,22,282,6,1.1810970306396484,1.248691201210022
priority_scan,22,283,4,0.9389354586601257,2.779048204421997
priority_scan,22,284,6,1.1314737796783447,0.9918909072875977
priority_scan,22,285,4,0.98337721824646,1.8364084959030151
priority_scan,22,286,6,1.1653894186019897,1.3914192914962769
priority_scan,22,287,4,0.9745419025421143,1.1287434101104736
priority_scan,22,288,6,1.1691027879714966,1.2267276048660278
priority_scan,22,289,4,0.9908179640769958,1.4790761470794678
priority_scan,22,290,6,1.1223218441009521,1.2769018411636353
priority_scan,22,291,4,1.017993688583374,1.6159049272537231
priority_scan,22,292,6,1.1149338483810425,0.8933910131454468
priority_scan,22,293,4,0.8692175149917603,0.9795836806297302
priority_scan,22,294,6,1.1623996496200562,1.3854645490646362
priority_scan,22,295,4,1.0069656372070312,1.2770447731018066
priority_scan,22,296,6,1.1491278409957886,1.4267956018447876
priority_scan,22,297,4,0.9520120024681091,0.9576029181480408
priority_scan,22,298,6,1.1263264417648315,0.952954888343811
priority_scan,22,299,4,0.9320518970489502,1.2004730701446533
priority_scan,22,300,6,1.1089287996292114,1.4569836854934692
priority_scan,22,301,4,0.9087503552436829,0.975330114364624
priority_scan,22,302,6,1.133409023284912,1.0953181982040405
priority_scan,22,303,4,0.9444905519485474,0.6670745015144348
priority_scan,22,304,6,1.1547346115112305,0.9474596977233887
priority_scan,22,305,4,0.9291250705718994,0.887044370174408
priority_scan,22,306,6,1.1340432167053223,1.3698089122772217
priority_scan,22,307,4,0.9592845439910889,1.3286319971084595
priority_scan,22,308,6,1.1599712371826172,0.9839998483657837
priority_scan,22,309,4,0.9169037342071533,1.0615413188934326
priority_scan,22,310,6,1.1259137392044067,0.9546642899513245
priority_scan,22,311,4,0.9151232242584229,0.8498517870903015
priority_scan,22,312,6,1.1626663208007812,1.222649335861206
priority_scan,22,313,4,1.0002720355987549,1.3470370769500732
priority_scan,22,314,6,1.1355148553848267,1.0512713193893433
priority_scan,22,315,4,0.9149563908576965,0.9742413759231567
priority_scan,22,316,6,1.136763572692871,1.0414575338363647
priority_scan,22,317,4,0.9387163519859314,1.2699966430664062
priority_scan,22,318,6,1.1018773317337036,0.7066420912742615
priority_scan,22,319,4,1.0025253295898438,1.5483429431915283
priority_scan,22,320,6,1.1408159732818604,1.2919895648956299
priority_scan,22,321,4,0.9421483278274536,1.090302586555481
priority_scan,22,322,6,1.115162968635559,1.298528790473938
priority_scan,22,323,4,1.0163764953613281,1.2864763736724854
priority_scan,22,324,6,1.1117445230484009,0.7710253596305847
priority_scan,22,325,4,0.990462601184845,1.1632779836654663
priority_scan,22,326,6,1.0977022647857666,0.7482711672782898
priority_scan,22,327,4,0.9998691082000732,0.8718395233154297
priority_scan,22,328,6,1.1244996786117554,1.0942167043685913
priority_scan,22,329,4,1.0099629163742065,1.0984374284744263
priority_scan,22,330,6,1.157537817955017,0.904643714427948
priority_scan,22,331,4,0.9466930627822876,1.025496006011963
priority_scan,22,332,6,1.151286244392395,1.003466010093689
priority_scan,22,333,4,0.9101969003677368,1.010826826095581
priority_scan,22,334,6,1.121233344078064,0.9552567601203918
priority_scan,22,335,4,1.0067394971847534,1.18478262424469
priority_scan,22,336,6,1.1451159715652466,1.1866248846054077
priority_scan,22,337,4,0.9403086304664612,0.9127079248428345
priority_scan,22,338,6,1.1287871599197388,1.0979421138763428
priority_scan,22,339,4,1.0218794345855713,1.3002548217773438
priority_scan,22,340,6,1.1385904550552368,1.2012927532196045
priority_scan,22,341,4,0.9051223397254944,1.721663475036621
priority_scan,22,342,6,1.139541506767273,0.9068399667739868
priority_scan,22,343,4,0.9750460982322693,1.325514793395996
priority_scan,22,344,6,1.0719447135925293,0.6600046157836914
priority_scan,22,345,4,1.0566279888153076,2.2793872356414795
priority_scan,22,346,6,1.1305781602859497,0.8838970065116882
priority_scan,22,347,4,0.9270702600479126,0.8114033341407776
priority_scan,22,348,6,1.0882484912872314,0.7906780242919922
priority_scan,22,349,4,0.9327863454818726,0.6866615414619446
priority_scan,22,350,6,1.1080262660980225,0.59827721118927
priority_scan,22,351,4,0.8935803771018982,0.8890788555145264
priority_scan,22,352,6,1.1675944328308105,0.7641839385032654
priority_scan,22,353,4,0.8729432225227356,0.7360292077064514
priority_scan,22,354,6,1.1269913911819458,0.9161912202835083
priority_scan,22,355,4,0.9566402435302734,0.9134235382080078
priority_scan,22,356,6,1.1575709581375122,1.0659167766571045
priority_scan,22,357,4,0.877315878868103,0.5415712594985962
priority_scan,22,358,6,1.0769466161727905,0.5162838101387024
priority_scan,22,359,4,0.9713507890701294,1.9873872995376587
priority_scan,22,360,6,1.1143561601638794,0.6639825701713562
priority_scan,22,361,4,0.9403470754623413,0.6176570653915405
priority_scan,22,362,6,1.1015135049819946,0.7190115451812744
priority_scan,22,363,4,0.8952993750572205,0.7243809700012207
priority_scan,22,364,6,1.043900728225708,0.7058969140052795
priority_scan,22,365,4,0.9094540476799011,1.216723084449768
priority_scan,22,366,6,1.1170941591262817,0.9057919383049011
priority_scan,22,367,4,0.9320582151412964,1.1362224817276
priority_scan,22,368,6,1.100380778312683,0.9098024964332581
priority_scan,22,369,4,0.9740163087844849,1.1125560998916626
priority_scan,22,370,6,1.143628478050232,0.7386085987091064
priority_scan,22,371,4,0.9228077530860901,0.851279616355896
priority_scan,22,372,6,1.1425280570983887,0.8856809735298157
priority_scan,22,373,4,0.9293038249015808,0.9732052683830261
priority_scan,22,374,6,1.0520241260528564,0.5764933228492737
priority_scan,22,375,4,1.028668999671936,2.2069523334503174
priority_scan,22,376,6,1.0911508798599243,0.9382035136222839
priority_scan,22,377,4,0.9487292766571045,0.8392266631126404
priority_scan,22,378,6,1.20327889919281,1.2243279218673706
priority_scan,22,379,4,1.0110644102096558,1.6456034183502197
priority_scan,22,380,6,1.0687226057052612,0.520163893699646
priority_scan,22,381,4,0.9328068494796753,0.9682944416999817
priority_scan,22,382,6,1.1213550567626953,0.5876396894454956
priority_scan,22,383,4,0.939833402633667,1.0929625034332275
priority_scan,22,384,6,1.1113187074661255,0.6485294103622437
priority_scan,22,385,4,0.9450179934501648,1.0168750286102295
priority_scan,22,386,6,1.2447237968444824,1.1574041843414307
priority_scan,22,387,4,0.909123420715332,0.991374135017395
priority_scan,22,388,6,1.128515601158142,0.7782303690910339
priority_scan,22,389,4,0.8631204962730408,0.5497831702232361
priority_scan,22,390,6,1.1163755655288696,0.7505148649215698
priority_scan,22,391,4,1.0058873891830444,1.5882408618927002
priority_scan,22,392,6,1.1567186117172241,1.0447030067443848
priority_scan,22,393,4,0.9523627758026123,1.0936533212661743
priority_scan,22,394,6,1.1866599321365356,1.0262664556503296
priority_scan,22,395,4,0.9986116290092468,1.1471246480941772
priority_scan,22,396,6,1.071839451789856,0.6700593829154968
priority_scan,22,397,4,0.957107424736023,0.94417405128479
priority_scan,22,398,6,1.0808143615722656,0.7615839242935181
priority_scan,22,399,4,0.8555235266685486,0.6849283576011658
priority_scan,22,400,6,1.0882519483566284,0.6003412008285522
priority_scan,22,401,4,0.952031135559082,0.9865433573722839
priority_scan,22,402,6,1.1870330572128296,0.803327202796936
priority_scan,22,403,4,0.9715147018432617,1.055335283279419
priority_scan,22,404,6,1.1892673969268799,0.6832635998725891
priority_scan,22,405,4,0.9165675044059753,0.72757488489151
priority_scan,22,406,6,1.1027919054031372,0.8742531538009644
priority_scan,22,407,4,0.9525415897369385,1.0846977233886719
priority_scan,22,408,6,1.1001367568969727,0.7538349628448486
priority_scan,22,409,4,0.92649906873703,0.8639946579933167
priority_scan,22,410,6,1.0821868181228638,0.6490312814712524
priority_scan,22,411,4,0.864579975605011,0.7804231643676758
priority_scan,22,412,6,1.1445611715316772,0.7394438982009888
priority_scan,22,413,4,0.9216113090515137,0.6533021926879883
priority_scan,22,414,6,1.084060549736023,0.5774508714675903
priority_scan,22,415,4,0.9006654620170593,0.6967927813529968
priority_scan,22,416,6,1.2140872478485107,1.1514219045639038
priority_scan,22,417,4,1.0402487516403198,0.8121219277381897
priority_scan,22,418,6,1.116752028465271,0.9442932605743408
priority_scan,22,419,4,1.0279779434204102,0.7894586324691772
priority_scan,22,420,6,1.1023448705673218,0.5649287700653076
priority_scan,22,421,4,0.9194134473800659,0.7434368133544922
priority_scan,22,422,6,1.1462020874023438,0.9585567712783813
priority_scan,22,423,4,0.9075921177864075,1.1122753620147705
priority_scan,22,424,6,1.1123701333999634,0.6895323991775513
priority_scan,22,425,4,0.9345741271972656,0.9344327449798584
priority_scan,22,426,6,1.1090514659881592,0.7864611148834229
priority_scan,22,427,4,0.9700546264648438,1.1112232208251953
priority_scan,22,428,6,1.161678671836853,0.6899865865707397
priority_scan,22,429,4,0.9210891127586365,2.094454526901245
priority_scan,22,430,6,1.117700219154358,0.8986063599586487
priority_scan,22,431,4,0.9248210191726685,0.6141878962516785
priority_scan,22,432,6,1.0585604906082153,0.4424624443054199
priority_scan,22,433,4,0.9291967153549194,0.8528950810432434
priority_scan,22,434,6,1.0774589776992798,0.6473289132118225
priority_scan,22,435,4,0.9757329821586609,0.769196629524231
priority_scan,22,436,6,1.0429645776748657,0.3808411955833435
priority_scan,22,437,4,0.8958396911621094,0.8964746594429016
priority_scan,22,438,6,1.15706205368042,0.8325599431991577
priority_scan,22,439,4,0.8712968230247498,0.6910874843597412
priority_scan,22,440,6,1.0635303258895874,0.6445623636245728
priority_scan,22,441,4,0.9090686440467834,0.759401261806488
priority_scan,22,442,6,1.084086298942566,0.6113340854644775
priority_scan,22,443,4,0.9484928250312805,1.1970359086990356
priority_scan,22,444,6,1.0940539836883545,0.7317396998405457
priority_scan,22,445,4,0.9260175228118896,0.8142116069793701
priority_scan,22,446,6,1.0957133769989014,0.627437174320221
priority_scan,22,447,4,0.9129489064216614,0.6923716068267822
priority_scan,22,448,6,1.1347050666809082,0.5435015559196472
priority_scan,22,449,4,0.9679837822914124,0.6880218386650085
priority_scan,22,450,6,1.078360915184021,0.5847001075744629
priority_scan,22,451,4,0.9684906005859375,1.8116298913955688
priority_scan,22,452,6,1.112260341644287,0.7217370867729187
priority_scan,22,453,4,0.8706295490264893,0.6781404614448547
priority_scan,22,454,6,1.140403151512146,0.7640555500984192
priority_scan,22,455,4,0.9001967906951904,0.7513782382011414
priority_scan,22,456,6,1.1220976114273071,0.6438068747520447
priority_scan,22,457,4,0.8512759804725647,0.6391893029212952
priority_scan,22,458,6,1.1335715055465698,0.7290130257606506
priority_scan,22,459,4,0.9415360689163208,0.6726558208465576
priority_scan,22,460,6,1.1751039028167725,0.7909128665924072
priority_scan,22,461,4,0.914458155632019,1.5554311275482178
priority_scan,22,462,6,1.1047824621200562,0.7508797645568848
priority_scan,22,463,4,1.024311900138855,2.7766709327697754
priority_scan,22,464,6,1.0784138441085815,0.6880014538764954
priority_scan,22,465,4,0.9231739640235901,0.5981060862541199
priority_scan,22,466,6,1.0917898416519165,0.6649437546730042
priority_scan,22,467,4,0.8638162612915039,0.756138026714325
priority_scan,22,468,6,1.0911449193954468,0.5764970779418945
priority_scan,22,469,4,0.9091468453407288,0.8353732228279114
priority_scan,22,470,6,1.121217966079712,0.6953751444816589
priority_scan,22,471,4,0.9501082897186279,0.6825224757194519
priority_scan,22,472,6,1.1033021211624146,0.7457865476608276
priority_scan,22,473,4,0.892071545124054,0.4815235733985901
priority_scan,22,474,6,1.0927964448928833,0.6908980011940002
priority_scan,22,475,4,0.9531373977661133,2.633307456970215
priority_scan,22,476,6,1.1001105308532715,0.5684896111488342
priority_scan,22,477,4,0.8806267976760864,0.5281273722648621
priority_scan,22,478,6,1.0761865377426147,0.7129853367805481
priority_scan,22,479,4,0.9351158738136292,1.534406304359436
priority_scan,22,480,6,1.1404626369476318,0.6694942712783813
priority_scan,22,481,4,0.907842218875885,0.8872983455657959
priority_scan,22,482,6,1.1223176717758179,0.5458045601844788
priority_scan,22,483,4,0.9911370873451233,0.891180157661438
priority_scan,22,484,6,1.1071743965148926,0.5020869374275208
priority_scan,22,485,4,0.8778002858161926,0.4880143105983734
priority_scan,22,486,6,1.0890204906463623,0.5772159695625305
priority_scan,22,487,4,0.9291902780532837,0.719908595085144
priority_scan,22,488,6,1.080285668373108,0.3962843120098114
priority_scan,22,489,4,0.916184663772583,0.8734179735183716
priority_scan,22,490,6,1.0909489393234253,0.7054440379142761
priority_scan,22,491,4,0.957727313041687,0.6396674513816833
priority_scan,22,492,6,1.061014175415039,0.5202938318252563
priority_scan,22,493,4,0.9053839445114136,0.8982298374176025
priority_scan,22,494,6,1.1181094646453857,0.5142332911491394
priority_scan,22,495,4,0.9358417987823486,0.7099288105964661
priority_scan,22,496,6,1.051002025604248,0.5807921290397644
priority_scan,22,497,4,0.9516267776489258,0.617756187915802
priority_scan,22,498,6,1.0764284133911133,0.7236127257347107
priority_scan,22,499,4,0.9020264148712158,0.6166746020317078
priority_scan,22,500,6,1.1226807832717896,0.5543976426124573
priority_scan,22,501,4,0.9363915920257568,0.7407932281494141
priority_scan,22,502,6,1.088348388671875,0.4365988075733185
priority_scan,22,503,4,0.9396926164627075,1.204450011253357
priority_scan,22,504,6,1.1384721994400024,0.6708409786224365
priority_scan,22,505,4,0.9213545918464661,0.5902456641197205
priority_scan,22,506,6,1.1469931602478027,0.9636649489402771
priority_scan,22,507,4,0.9278612732887268,1.1312611103057861
priority_scan,22,508,6,1.1544095277786255,1.0835394859313965
priority_scan,22,509,4,0.9582716226577759,0.783780038356781
priority_scan,22,510,6,1.0758692026138306,0.526620626449585
priority_scan,22,511,4,0.9145621657371521,0.5781348347663879
priority_scan,22,512,6,1.066347360610962,0.579353392124176
priority_scan,22,513,4,0.9131284356117249,1.0397504568099976
priority_scan,22,514,6,1.15507972240448,0.9052261114120483
priority_scan,22,515,4,0.8960195183753967,0.5815094709396362
priority_scan,22,516,6,1.1055208444595337,0.7306365966796875
priority_scan,22,517,4,0.9204741716384888,0.6604698300361633
priority_scan,22,518,6,1.0964349508285522,0.5634667873382568
priority_scan,22,519,4,0.9037456512451172,0.7269855737686157
priority_scan,22,520,6,1.1214405298233032,0.5429329872131348
priority_scan,22,521,4,0.9131657481193542,0.7702919840812683
priority_scan,22,522,6,1.0707908868789673,0.607611894607544
priority_scan,22,523,4,1.0017521381378174,1.0670397281646729
priority_scan,22,524,6,1.0613998174667358,0.3799273371696472
priority_scan,22,525,4,0.938863217830658,0.625235915184021
priority_scan,22,526,6,1.1112902164459229,0.5859366059303284
priority_scan,22,527,4,0.9760144352912903,0.8318358063697815
priority_scan,22,528,6,1.0444865226745605,0.4107755124568939
priority_scan,22,529,4,0.9540989995002747,0.9008546471595764
priority_scan,22,530,6,1.0959609746932983,0.5186610817909241
priority_scan,22,531,4,0.9469547867774963,0.8177363872528076
priority_scan,22,532,6,1.098795771598816,0.7018986940383911
priority_scan,22,533,4,0.8860849142074585,0.939531147480011
priority_scan,22,534,6,1.0970088243484497,0.7194266319274902
priority_scan,22,535,4,0.9343037605285645,1.0989869832992554
priority_scan,22,536,6,1.1096241474151611,0.46089687943458557
priority_scan,22,537,4,0.9650293588638306,0.7921720147132874
priority_scan,22,538,6,1.1117405891418457,0.4864882826805115
priority_scan,22,539,4,0.974280059337616,0.9037097692489624
priority_scan,22,540,6,1.072393774986267,0.4636213183403015
priority_scan,22,541,4,0.9078134298324585,2.1857261657714844
priority_scan,22,542,6,1.0811454057693481,0.48590001463890076
priority_scan,22,543,4,0.9071574807167053,0.8559989333152771
priority_scan,22,544,6,1.0960900783538818,0.6729504466056824
priority_scan,22,545,4,0.9627001285552979,1.0456420183181763
priority_scan,22,546,6,1.0695736408233643,0.6111030578613281
priority_scan,22,547,4,0.8499812483787537,0.44719552993774414
priority_scan,22,548,6,1.0533500909805298,0.35724881291389465
priority_scan,22,549,4,0.9428391456604004,0.7031411528587341
priority_scan,22,550,6,1.138140082359314,0.667243242263794
priority_scan,22,551,4,0.9294328689575195,0.45757821202278137
priority_scan,22,552,6,1.0790165662765503,0.43447038531303406
priority_scan,22,553,4,0.9281404614448547,0.7705726623535156
priority_scan,22,554,6,1.1361886262893677,0.5804352164268494
priority_scan,22,555,4,0.9264953136444092,0.6348066926002502
priority_scan,22,556,6,1.0792278051376343,0.49432313442230225
priority_scan,22,557,4,0.8638910055160522,0.49888941645622253
priority_scan,22,558,6,1.0825010538101196,0.6180530190467834
priority_scan,22,559,4,0.9469061493873596,0.5188747048377991
priority_scan,22,560,6,1.1683837175369263,0.5707340836524963
priority_scan,22,561,4,0.976330578327179,0.9116033315658569
priority_scan,22,562,6,1.0846613645553589,0.6335894465446472
priority_scan,22,563,4,0.9028581380844116,0.8142924904823303
priority_scan,22,564,6,1.118857741355896,0.5115697979927063
priority_scan,22,565,4,0.8633931875228882,0.7563081979751587
priority_scan,22,566,6,1.1024763584136963,0.6376447081565857
priority_scan,22,567,4,0.9246296882629395,0.5667078495025635
priority_scan,22,568,6,1.0970162153244019,0.6918157935142517
priority_scan,22,569,4,0.915386438369751,0.8748287558555603
priority_scan,22,570,6,1.1030112504959106,0.615553617477417
priority_scan,22,571,4,0.8870937824249268,0.6662571430206299
priority_scan,22,572,6,1.147240161895752,0.5316729545593262
priority_scan,22,573,4,0.8948408961296082,0.618876039981842
priority_scan,22,574,6,1.0647956132888794,0.4808374047279358
priority_scan,22,575,4,0.924136221408844,0.5249155163764954
priority_scan,22,576,6,1.1505627632141113,0.8647861480712891
priority_scan,22,577,4,0.9174264073371887,0.5013433694839478
priority_scan,22,578,6,1.0683130025863647,0.5066381096839905
priority_scan,22,579,4,0.8938041925430298,0.7617858052253723
priority_scan,22,580,6,1.1494426727294922,0.8123220801353455
priority_scan,22,581,4,0.9539413452148438,1.2190428972244263
priority_scan,22,582,6,1.0550861358642578,0.47169503569602966
priority_scan,22,583,4,0.9606032967567444,0.6066948175430298
priority_scan,22,584,6,1.0842976570129395,0.460977703332901
priority_scan,22,585,4,0.9211652278900146,0.807122528553009
priority_scan,22,586,6,1.1073294878005981,0.512213408946991
priority_scan,22,587,4,0.9601174592971802,0.5612114667892456
priority_scan,22,588,6,1.1145246028900146,0.5822889804840088
priority_scan,22,589,4,0.9613444209098816,0.755332350730896
priority_scan,22,590,6,1.136837124824524,0.7259861826896667
priority_scan,22,591,4,0.881135880947113,0.5433938503265381
priority_scan,22,592,6,1.0979646444320679,0.48998215794563293
priority_scan,22,593,4,0.9594133496284485,0.6357200145721436
priority_scan,22,594,6,1.070692777633667,0.6016325354576111
priority_scan,22,595,4,0.9088188409805298,0.716408908367157
priority_scan,22,596,6,1.0846937894821167,0.46984001994132996
priority_scan,22,597,4,0.8712893724441528,0.5312630534172058
priority_scan,22,598,6,1.0921562910079956,0.5475940108299255
priority_scan,22,599,4,0.8773452043533325,0.5415202975273132
priority_scan,22,600,6,1.0547302961349487,0.5188496708869934
priority_scan,22,601,4,0.8939647078514099,0.5694587826728821
priority_scan,22,602,6,1.06886887550354,0.41040441393852234
priority_scan,22,603,4,0.9175547361373901,0.7791757583618164
priority_scan,22,604,6,1.1375254392623901,0.7424560189247131
priority_scan,22,605,4,0.9721114039421082,1.044400930404663
priority_scan,22,606,6,1.0843915939331055,0.5624253153800964
priority_scan,22,607,4,0.9151173830032349,0.6864221096038818
priority_scan,22,608,6,1.0796579122543335,0.6194807291030884
priority_scan,22,609,4,0.8891438841819763,0.8354395031929016
priority_scan,22,610,6,1.0374699831008911,0.507301390171051
priority_scan,22,611,4,0.9467981457710266,0.900644838809967
priority_scan,22,612,6,1.0096545219421387,0.3080855906009674
priority_scan,22,613,4,0.9134233593940735,1.1491023302078247
priority_scan,22,614,6,1.1175295114517212,0.5943373441696167
priority_scan,22,615,4,0.9243006110191345,0.7929214835166931
priority_scan,22,616,6,1.0712672472000122,0.5475578904151917
priority_scan,22,617,4,0.9238367676734924,0.7565488219261169
priority_scan,22,618,6,1.1137593984603882,0.5412801504135132
priority_scan,22,619,4,0.9197205901145935,0.7068914175033569
priority_scan,22,620,6,1.0738757848739624,0.5679126381874084
priority_scan,22,621,4,0.9665303826332092,0.6716814041137695
priority_scan,22,622,6,1.1514447927474976,0.6412997245788574
priority_scan,22,623,4,0.973669171333313,0.7004064321517944
priority_scan,22,624,6,1.0744765996932983,0.585852324962616
priority_scan,22,625,4,0.9996544718742371,0.706746518611908
priority_scan,22,626,6,1.1285449266433716,0.5219782590866089
priority_scan,22,627,4,0.9152771830558777,1.066095232963562
priority_scan,22,628,6,1.076572299003601,0.6073922514915466
priority_scan,22,629,4,0.9523383975028992,0.8513351082801819
priority_scan,22,630,6,1.1024624109268188,0.6090947985649109
priority_scan,22,631,4,0.9501376152038574,0.7717350721359253
priority_scan,22,632,6,1.1084681749343872,0.6358104348182678
priority_scan,22,633,4,0.9119476675987244,0.5672866106033325
priority_scan,22,634,6,1.0961607694625854,0.5177249908447266
priority_scan,22,635,4,0.8860355615615845,0.6054580807685852
priority_scan,22,636,6,1.1200616359710693,0.5697510838508606
priority_scan,22,637,4,0.9505954384803772,0.6293706893920898
priority_scan,22,638,6,1.1281815767288208,0.5600280165672302
priority_scan,22,639,4,0.9157944917678833,0.6482450366020203
priority_scan,22,640,6,1.0752551555633545,0.470732182264328
priority_scan,22,641,4,0.8729825019836426,0.46796348690986633
priority_scan,22,642,6,1.0353373289108276,0.5107666254043579
priority_scan,22,643,4,0.9045066237449646,0.6575478315353394
priority_scan,22,644,6,1.106898546218872,0.5764468312263489
priority_scan,22,645,4,0.851560652256012,0.5202537775039673
priority_scan,22,646,6,1.1113476753234863,0.4382748603820801
priority_scan,22,647,4,0.9029502868652344,0.7091273665428162
priority_scan,22,648,6,1.141822338104248,0.6820777654647827
priority_scan,22,649,4,0.863279402256012,0.5554518699645996
priority_scan,22,650,6,1.1483039855957031,0.5752912163734436
priority_scan,22,651,4,0.8891770243644714,0.7374323010444641
priority_scan,22,652,6,1.117148518562317,0.624289870262146
priority_scan,22,653,4,0.8853299617767334,0.39232999086380005
priority_scan,22,654,6,1.0616596937179565,0.5948446393013
priority_scan,22,655,4,0.9762067794799805,0.7699263095855713
priority_scan,22,656,6,1.075992465019226,0.5347223877906799
priority_scan,22,657,4,0.9323743581771851,0.8247461915016174
priority_scan,22,658,6,1.0928219556808472,0.5013800263404846
priority_scan,22,659,4,0.9651874303817749,0.6138336658477783
priority_scan,22,660,6,1.044921875,0.44474780559539795
priority_scan,22,661,4,0.915510892868042,0.8851802945137024
priority_scan,22,662,6,1.1401569843292236,0.7209335565567017
priority_scan,22,663,4,0.9119063019752502,0.499599426984787
priority_scan,22,664,6,1.052620530128479,0.45146527886390686
priority_scan,22,665,4,0.9256184101104736,1.0973455905914307
priority_scan,22,666,6,1.0477303266525269,0.3766389489173889
priority_scan,22,667,4,0.9210397601127625,0.7148551344871521
priority_scan,22,668,6,1.0650190114974976,0.5266673564910889
priority_scan,22,669,4,0.9058569073677063,0.9122911691665649
priority_scan,22,670,6,1.0768635272979736,0.47520941495895386
priority_scan,22,671,4,0.9450974464416504,1.267517328262329
priority_scan,22,672,6,1.1247442960739136,0.46511247754096985
priority_scan,22,673,4,0.9156661033630371,0.5551149249076843
priority_scan,22,674,6,1.074774146080017,0.5453014373779297
priority_scan,22,675,4,0.9470582008361816,0.5797315835952759
priority_scan,22,676,6,1.1191012859344482,0.6074539422988892
priority_scan,22,677,4,0.9303700923919678,0.8757292628288269
priority_scan,22,678,6,1.1300928592681885,1.0348492860794067
priority_scan,22,679,4,0.9522456526756287,0.7556658387184143
priority_scan,22,680,6,1.1362744569778442,0.49256253242492676
priority_scan,22,681,4,0.878722071647644,0.7397753596305847
priority_scan,22,682,6,1.0605961084365845,0.5272781848907471
priority_scan,22,683,4,0.9446260929107666,0.7807905077934265
priority_scan,22,684,6,1.0384188890457153,0.7429101467132568
priority_scan,22,685,4,0.9172378778457642,0.6730347871780396
priority_scan,22,686,6,1.0509326457977295,0.4143773317337036
priority_scan,22,687,4,0.8866015076637268,0.7216875553131104
priority_scan,22,688,6,1.0142048597335815,0.5449279546737671
priority_scan,22,689,4,0.8735358715057373,0.5418389439582825
priority_scan,22,690,6,1.0856043100357056,0.602687418460846
priority_scan,22,691,4,0.8943138718605042,0.6665013432502747
priority_scan,22,692,6,1.0953177213668823,0.730322003364563
priority_scan,22,693,4,0.9165680408477783,1.0667309761047363
priority_scan,22,694,6,1.0850211381912231,0.8474900722503662
priority_scan,22,695,4,0.8808128237724304,0.46491867303848267
priority_scan,22,696,6,1.0914775133132935,0.43760937452316284
priority_scan,22,697,4,0.8664485216140747,0.5389419794082642
priority_scan,22,698,6,1.1081020832061768,0.40003955364227295
priority_scan,22,699,4,0.8938710689544678,0.4986213147640228
priority_scan,22,700,6,1.0624257326126099,0.575458288192749
priority_scan,22,701,4,0.9002411365509033,0.48517489433288574
priority_scan,22,702,6,1.0933806896209717,0.587272047996521
priority_scan,22,703,4,0.8813076615333557,0.4465750455856323
priority_scan,22,704,6,1.0782808065414429,0.48392197489738464
priority_scan,22,705,4,0.8573417067527771,0.5205538272857666
priority_scan,22,706,6,1.1435911655426025,0.7341734170913696
priority_scan,22,707,4,0.9580011367797852,0.5949934720993042
priority_scan,22,708,6,1.0951613187789917,0.5024139881134033
priority_scan,22,709,4,0.9271019101142883,0.6367769837379456
priority_scan,22,710,6,1.0263097286224365,0.3830234706401825
priority_scan,22,711,4,0.8727346062660217,0.6342614889144897
priority_scan,22,712,6,1.1140943765640259,0.6058120727539062
priority_scan,22,713,4,0.8728171586990356,0.4937334358692169
priority_scan,22,714,6,1.1147948503494263,0.85504150390625
priority_scan,22,715,4,0.8928149938583374,0.604676365852356
priority_scan,22,716,6,1.0963857173919678,0.5361933708190918
priority_scan,22,717,4,0.8884318470954895,0.5853089094161987
priority_scan,22,718,6,1.1591073274612427,0.7523292899131775
priority_scan,22,719,4,0.9131754040718079,0.41770970821380615
priority_scan,22,720,6,1.072913646697998,0.44775593280792236
priority_scan,22,721,4,0.8867019414901733,0.6120367050170898
priority_scan,22,722,6,1.0429226160049438,0.5575217604637146
priority_scan,22,723,4,0.9097498059272766,0.6247806549072266
priority_scan,22,724,6,1.0778428316116333,0.7119767069816589
priority_scan,22,725,4,0.9918616414070129,0.7966405749320984
priority_scan,22,726,6,1.0770891904830933,0.9114074110984802
priority_scan,22,727,4,0.914280891418457,0.5501382350921631
priority_scan,22,728,6,1.0964343547821045,0.670978844165802
priority_scan,22,729,4,0.9145082831382751,0.8058076500892639
priority_scan,22,730,6,1.084130048751831,0.5114169120788574
priority_scan,22,731,4,0.9581490159034729,0.9533294439315796
priority_scan,22,732,6,1.0813344717025757,0.6307248473167419
priority_scan,22,733,4,0.87624591588974,0.7985584735870361
priority_scan,22,734,6,1.1397191286087036,0.7551952004432678
priority_scan,22,735,4,0.9082280993461609,1.0458413362503052
priority_scan,22,736,6,1.1455870866775513,0.7539977431297302
priority_scan,22,737,4,0.9036760330200195,0.43843260407447815
priority_scan,22,738,6,1.032204508781433,0.45209240913391113
priority_scan,22,739,4,0.9632108211517334,0.7856096029281616
priority_scan,22,740,6,1.1743892431259155,1.0570567846298218
priority_scan,22,741,4,0.9005574584007263,0.514223575592041
priority_scan,22,742,6,1.1127523183822632,0.6512094736099243
priority_scan,22,743,4,0.9335825443267822,0.582840085029602
priority_scan,22,744,6,1.0688673257827759,0.5952838659286499
priority_scan,22,745,4,0.9292079210281372,0.5919557809829712
priority_scan,22,746,6,1.06763756275177,0.5872510075569153
priority_scan,22,747,4,0.9333207607269287,3.2817349433898926
priority_scan,22,748,6,1.0924859046936035,0.47007468342781067
priority_scan,22,749,4,0.8581473231315613,0.43570709228515625
priority_scan,22,750,6,1.0745328664779663,0.5375285148620605
priority_scan,22,751,4,0.8534727692604065,0.4582546055316925
priority_scan,22,752,6,1.0993801355361938,0.4580952227115631
priority_scan,22,753,4,0.9259476661682129,0.5033823251724243
priority_scan,22,754,6,1.1106646060943604,0.6981714963912964
priority_scan,22,755,4,0.9656597971916199,0.8058740496635437
priority_scan,22,756,6,1.0757681131362915,0.5461726784706116
priority_scan,22,757,4,0.906771719455719,0.6244216561317444
priority_scan,22,758,6,1.0547245740890503,0.47834694385528564
priority_scan,22,759,4,0.9360945820808411,0.6883999109268188
priority_scan,22,760,6,1.0833977460861206,0.6212772130966187
priority_scan,22,761,4,0.8966745138168335,1.35560941696167
priority_scan,22,762,6,1.0999289751052856,1.8113161325454712
priority_scan,22,763,4,0.8867834806442261,0.6394293904304504
priority_scan,22,764,6,1.0826256275177002,0.46599793434143066
priority_scan,22,765,4,0.875937283039093,0.7168847918510437
priority_scan,22,766,6,1.0739089250564575,0.4176199436187744
priority_scan,22,767,4,0.898514986038208,0.6645545363426208
priority_scan,22,768,6,1.1235965490341187,0.5553683042526245
priority_scan,22,769,4,0.8673577904701233,0.5906025767326355
priority_scan,22,770,6,1.105025291442871,0.8858996629714966
priority_scan,22,771,4,0.9452023506164551,0.9298276901245117
priority_scan,22,772,6,1.059583306312561,0.47221073508262634
priority_scan,22,773,4,0.9149991869926453,1.0159977674484253
priority_scan,22,774,6,1.1633987426757812,0.8192288279533386
priority_scan,22,775,4,0.8678616881370544,0.6958926320075989
priority_scan,22,776,6,1.137284755706787,0.9144045114517212
priority_scan,22,777,4,0.937872588634491,0.5624476671218872
priority_scan,22,778,6,1.0466068983078003,0.3885573744773865
priority_scan,22,779,4,0.9248338937759399,0.6918706297874451
priority_scan,22,780,6,1.0938661098480225,0.4320215582847595
priority_scan,22,781,4,0.9386079907417297,1.3762757778167725
priority_scan,22,782,6,1.1164088249206543,0.572750985622406
priority_scan,22,783,4,0.9032478928565979,0.850435197353363
priority_scan,22,784,6,1.0506154298782349,0.4492720067501068
priority_scan,22,785,4,0.90459805727005,0.7358173131942749
priority_scan,22,786,6,1.098702311515808,0.7566985487937927
priority_scan,22,787,4,0.9228869676589966,0.9934709668159485
priority_scan,22,788,6,1.140946626663208,0.5578009486198425
priority_scan,22,789,4,0.9059605002403259,0.9074187874794006
priority_scan,22,790,6,1.0530656576156616,0.39925986528396606
priority_scan,22,791,4,0.9310142993927002,0.7313404083251953
priority_scan,22,792,6,1.0643843412399292,0.5705573558807373
priority_scan,22,793,4,0.9536603689193726,0.8272014260292053
priority_scan,22,794,6,1.0472204685211182,0.4357432723045349
priority_scan,22,795,4,0.9498405456542969,0.6653521060943604
priority_scan,22,796,6,1.104317545890808,0.5175595879554749
priority_scan,22,797,4,0.8948561549186707,0.6271717548370361
priority_scan,22,798,6,1.134643316268921,0.7036963701248169
priority_scan,22,799,4,0.9355555176734924,0.8011581301689148
priority_scan,22,800,6,1.0613949298858643,0.7103208303451538
priority_scan,22,801,4,0.9380161762237549,0.6583037972450256
priority_scan,22,802,6,1.0384145975112915,0.4583015441894531
priority_scan,22,803,4,0.9274296760559082,0.6630294322967529
priority_scan,22,804,6,1.0786880254745483,0.6632401943206787
priority_scan,22,805,4,0.9147794842720032,0.557865560054779
priority_scan,22,806,6,1.079756498336792,0.7739508748054504
priority_scan,22,807,4,0.9327395558357239,0.7143793106079102
priority_scan,22,808,6,1.0728192329406738,0.637926459312439
priority_scan,22,809,4,0.891819179058075,0.8563582301139832
priority_scan,22,810,6,1.1015651226043701,0.6846230626106262
priority_scan,22,811,4,0.947299063205719,1.4328995943069458
priority_scan,22,812,6,1.0751358270645142,0.5881505012512207
priority_scan,22,813,4,0.8785299062728882,0.6774576902389526
priority_scan,22,814,6,1.0753535032272339,0.43944427371025085
priority_scan,22,815,4,0.9131962060928345,0.5497570633888245
priority_scan,22,816,6,1.0485336780548096,0.33243528008461
priority_scan,22,817,4,0.9590719938278198,0.5293421149253845
priority_scan,22,818,6,1.0833479166030884,0.7221192717552185
priority_scan,22,819,4,0.905254602432251,0.6513827443122864
priority_scan,22,820,6,1.088328242301941,0.48096704483032227
priority_scan,22,821,4,0.874427855014801,0.35440632700920105
priority_scan,22,822,6,1.1255003213882446,0.46369844675064087
priority_scan,22,823,4,0.9203211069107056,0.6317388415336609
priority_scan,22,824,6,1.0583000183105469,0.6057394742965698
priority_scan,22,825,4,0.9305219054222107,0.553285539150238
priority_scan,22,826,6,1.1163026094436646,0.7773442268371582
priority_scan,22,827,4,0.8727114796638489,0.5617547631263733
priority_scan,22,828,6,1.0270582437515259,0.45426639914512634
priority_scan,22,829,4,0.8902385234832764,0.7185339331626892
priority_scan,22,830,6,1.0758053064346313,0.5844604969024658
priority_scan,22,831,4,0.8664005398750305,0.6073850393295288
priority_scan,22,832,6,1.075699806213379,0.5634196400642395
priority_scan,22,833,4,0.8582013249397278,0.2957742214202881
priority_scan,22,834,6,1.069433569908142,0.47914621233940125
priority_scan,22,835,4,0.8505480885505676,0.3365550935268402
priority_scan,22,836,6,1.1032215356826782,0.5942161083221436
priority_scan,22,837,4,0.9271306991577148,0.9800421595573425
priority_scan,22,838,6,1.0830378532409668,0.8635730743408203
priority_scan,22,839,4,0.870801568031311,0.41291648149490356
priority_scan,22,840,6,1.104938268661499,0.4667320251464844
priority_scan,22,841,4,0.9324865341186523,0.872161328792572
priority_scan,22,842,6,1.0527267456054688,0.9954493641853333
priority_scan,22,843,4,0.8752688765525818,0.5302802920341492
priority_scan,22,844,6,1.1146494150161743,0.5380154848098755
priority_scan,22,845,4,0.8873019218444824,0.5884811878204346
priority_scan,22,846,6,1.1017366647720337,0.6006516814231873
priority_scan,22,847,4,0.946074903011322,0.8688549995422363
priority_scan,22,848,6,1.1449435949325562,0.7044037580490112
priority_scan,22,849,4,0.9236551523208618,1.2764383554458618
priority_scan,22,850,6,1.0627251863479614,0.4055742025375366
priority_scan,22,851,4,0.8800806403160095,0.6159610152244568
priority_scan,22,852,6,1.0723377466201782,0.7760586738586426
priority_scan,22,853,4,0.884893000125885,0.6302688717842102
priority_scan,22,854,6,1.10527765750885,0.6175171136856079
priority_scan,22,855,4,0.8715113997459412,0.5876443982124329
priority_scan,22,856,6,1.0990428924560547,0.5354793667793274
priority_scan,22,857,4,0.8411189913749695,0.3671894371509552
priority_scan,22,858,6,1.0725858211517334,0.4461304545402527
priority_scan,22,859,4,0.8958253860473633,0.5500578284263611
priority_scan,22,860,6,1.1288410425186157,0.7734934687614441
priority_scan,22,861,4,0.9703935980796814,1.4616820812225342
priority_scan,22,862,6,1.0916039943695068,0.40922775864601135
priority_scan,22,863,4,0.9124961495399475,0.42015010118484497
priority_scan,22,864,6,1.1166386604309082,0.6088965535163879
priority_scan,22,865,4,0.8919773101806641,0.5086696147918701
priority_scan,22,866,6,1.0452183485031128,0.584286630153656
priority_scan,22,867,4,0.8997127413749695,0.7891138792037964
priority_scan,22,868,6,1.0812554359436035,0.46482884883880615
priority_scan,22,869,4,0.8918002247810364,0.4004742503166199
priority_scan,22,870,6,1.0516268014907837,0.40753301978111267
priority_scan,22,871,4,0.8961499929428101,0.890790581703186
priority_scan,22,872,6,1.1339751482009888,0.5722770094871521
priority_scan,22,873,4,0.912714421749115,1.1417654752731323
priority_scan,22,874,6,1.104303240776062,0.6534596085548401
priority_scan,22,875,4,0.8950988054275513,0.5572210550308228
priority_scan,22,876,6,1.1042358875274658,0.4552246928215027
priority_scan,22,877,4,0.8612940311431885,0.510467529296875
priority_scan,22,878,6,1.0400443077087402,0.48163333535194397
priority_scan,22,879,4,0.9259356260299683,0.600555419921875
priority_scan,22,880,6,1.1038216352462769,0.49750831723213196
priority_scan,22,881,4,0.8822359442710876,0.48581984639167786
priority_scan,22,882,6,1.0414642095565796,0.49824362993240356
priority_scan,22,883,4,0.8827047944068909,0.5695627331733704
priority_scan,22,884,6,1.0791888236999512,0.714083731174469
priority_scan,22,885,4,0.9059982895851135,0.5481097102165222
priority_scan,22,886,6,1.0851653814315796,0.41005784273147583
priority_scan,22,887,4,0.9113648533821106,0.601685106754303
priority_scan,22,888,6,1.0495332479476929,0.5300469398498535
priority_scan,22,889,4,0.8757162094116211,0.5794938206672668
priority_scan,22,890,6,1.051812767982483,0.7411232590675354
priority_scan,22,891,4,0.9220699667930603,0.8773485422134399
priority_scan,22,892,6,1.051552176475525,0.5276854634284973
priority_scan,22,893,4,0.8897222280502319,0.5098662376403809
priority_scan,22,894,6,1.081107258796692,0.6733336448669434
priority_scan,22,895,4,0.930203914642334,0.6124929189682007
priority_scan,22,896,6,1.091192603111267,0.5078226327896118
priority_scan,22,897,4,0.9117959141731262,0.6255977153778076
priority_scan,22,898,6,1.0103834867477417,0.6653020977973938
priority_scan,22,899,4,0.9536516666412354,1.1187069416046143
priority_scan,22,900,6,1.1003477573394775,0.6168944835662842
priority_scan,33,1,4,3.372753381729126,10.861577033996582
priority_scan,33,2,6,3.356431245803833,12.956613540649414
priority_scan,33,3,4,2.9897079467773438,13.497645378112793
priority_scan,33,4,6,3.464515447616577,6.669294834136963
priority_scan,33,5,4,2.9397783279418945,21.52821159362793
priority_scan,33,6,6,3.2913131713867188,6.0288920402526855
priority_scan,33,7,4,2.820152521133423,6.752305030822754
priority_scan,33,8,6,2.914560079574585,4.119365692138672
priority_scan,33,9,4,2.9006259441375732,3.2151198387145996
priority_scan,33,10,6,3.294060468673706,5.172780513763428
priority_scan,33,11,4,2.6402385234832764,6.819833755493164
priority_scan,33,12,6,3.0901308059692383,3.9898645877838135
priority_scan,33,13,4,2.6781625747680664,6.646430492401123
priority_scan,33,14,6,2.6169593334198,3.3333287239074707
priority_scan,33,15,4,2.6579129695892334,8.10380744934082
priority_scan,33,16,6,3.006167411804199,4.383840084075928
priority_scan,33,17,4,2.351410150527954,4.862510681152344
priority_scan,33,18,6,2.839996576309204,2.8776073455810547
priority_scan,33,19,4,2.300447702407837,6.184741973876953
priority_scan,33,20,6,2.463571071624756,4.268538475036621
priority_scan,33,21,4,2.1846725940704346,5.485835552215576
priority_scan,33,22,6,2.3728814125061035,2.940532922744751
priority_scan,33,23,4,2.3024826049804688,4.275057792663574
priority_scan,33,24,6,2.5467774868011475,5.001282691955566
priority_scan,33,25,4,1.7807968854904175,5.4297194480896
priority_scan,33,26,6,2.4718141555786133,5.866870880126953
priority_scan,33,27,4,1.7044614553451538,6.382717609405518
priority_scan,33,28,6,1.8457961082458496,5.6801252365112305
priority_scan,33,29,4,1.8035831451416016,10.799278259277344
priority_scan,33,30,6,1.5712109804153442,5.737757205963135
priority_scan,33,31,4,1.6653401851654053,8.4862642288208
priority_scan,33,32,6,1.4808940887451172,6.154451370239258
priority_scan,33,33,4,1.156983733177185,5.243229866027832
priority_scan,33,34,6,1.504777431488037,5.962546348571777
priority_scan,33,35,4,1.6224098205566406,9.843292236328125
priority_scan,33,36,6,1.5184001922607422,4.922921657562256
priority_scan,33,37,4,1.4925472736358643,12.464853286743164
priority_scan,33,38,6,1.4047337770462036,4.4758219718933105
priority_scan,33,39,4,1.2250252962112427,4.532543659210205
priority_scan,33,40,6,1.3575959205627441,6.06967830657959
priority_scan,33,41,4,1.1467639207839966,6.948607921600342
priority_scan,33,42,6,1.3035697937011719,3.9308230876922607
priority_scan,33,43,4,1.1006220579147339,6.909726619720459
priority_scan,33,44,6,1.3158068656921387,4.1589179039001465
priority_scan,33,45,4,1.0506038665771484,4.3226213455200195
priority_scan,33,46,6,1.4071201086044312,4.635806083679199
priority_scan,33,47,4,0.9938223958015442,2.60710072517395
priority_scan,33,48,6,1.345781683921814,3.822711229324341
priority_scan,33,49,4,1.2644627094268799,5.066135883331299
priority_scan,33,50,6,1.1934340000152588,3.1425867080688477
priority_scan,33,51,4,1.1931118965148926,4.781355381011963
priority_scan,33,52,6,1.2350072860717773,3.239884614944458
priority_scan,33,53,4,0.9969609379768372,3.154007911682129
priority_scan,33,54,6,1.1959621906280518,3.4504196643829346
priority_scan,33,55,4,0.9924872517585754,2.8427963256835938
priority_scan,33,56,6,1.25226891040802,3.663619041442871
priority_scan,33,57,4,0.9959909915924072,4.468360424041748
priority_scan,33,58,6,1.1728709936141968,2.325439929962158
priority_scan,33,59,4,1.2292187213897705,5.449641227722168
priority_scan,33,60,6,1.172476887702942,3.1288177967071533
priority_scan,33,61,4,1.2817763090133667,5.878941059112549
priority_scan,33,62,6,1.2089697122573853,2.914656639099121
priority_scan,33,63,4,0.969150722026825,2.7336928844451904
priority_scan,33,64,6,1.2740477323532104,2.5522985458374023
priority_scan,33,65,4,0.9700378179550171,4.041914939880371
priority_scan,33,66,6,1.2276097536087036,3.2879505157470703
priority_scan,33,67,4,1.0667510032653809,3.5237715244293213
priority_scan,33,68,6,1.1994645595550537,2.3453280925750732
priority_scan,33,69,4,0.9989374279975891,3.1544907093048096
priority_scan,33,70,6,1.3768067359924316,3.5859861373901367
priority_scan,33,71,4,0.9895190596580505,2.807128667831421
priority_scan,33,72,6,1.1935689449310303,1.8878023624420166
priority_scan,33,73,4,1.0675485134124756,2.481579065322876
priority_scan,33,74,6,1.238995909690857,3.15356183052063
priority_scan,33,75,4,1.149731159210205,7.158401012420654
priority_scan,33,76,6,1.1403759717941284,1.76240074634552
priority_scan,33,77,4,1.16176176071167,3.648277997970581
priority_scan,33,78,6,1.2318897247314453,4.43765115737915
priority_scan,33,79,4,0.988183856010437,3.683598518371582
priority_scan,33,80,6,1.1567083597183228,2.2127771377563477
priority_scan,33,81,4,0.9385824203491211,2.5075583457946777
priority_scan,33,82,6,1.134918451309204,2.402212142944336
priority_scan,33,83,4,0.9547960758209229,1.6917041540145874
priority_scan,33,84,6,1.2097896337509155,2.274721384048462
priority_scan,33,85,4,1.0283981561660767,3.9418582916259766
priority_scan,33,86,6,1.1784014701843262,2.525108814239502
priority_scan,33,87,4,1.0431605577468872,3.334805488586426
priority_scan,33,88,6,1.1870291233062744,2.3425400257110596
priority_scan,33,89,4,0.992951512336731,2.5962984561920166
priority_scan,33,90,6,1.243890404701233,2.9231443405151367
priority_scan,33,91,4,0.966576337814331,2.5376932621002197
priority_scan,33,92,6,1.2356877326965332,2.4520440101623535
priority_scan,33,93,4,1.0178579092025757,2.326209545135498
priority_scan,33,94,6,1.2504545450210571,2.6491966247558594
priority_scan,33,95,4,1.1423797607421875,3.1654136180877686
priority_scan,33,96,6,1.1871846914291382,1.9419056177139282
priority_scan,33,97,4,1.072016954421997,2.6943109035491943
priority_scan,33,98,6,1.2712818384170532,2.6580326557159424
priority_scan,33,99,4,1.1817654371261597,3.050929069519043
priority_scan,33,100,6,1.2552392482757568,2.891585350036621
priority_scan,33,101,4,1.0155162811279297,2.359557867050171
priority_scan,33,102,6,1.2509821653366089,2.3554904460906982
priority_scan,33,103,4,1.1376240253448486,4.735215187072754
priority_scan,33,104,6,1.2510608434677124,1.8934096097946167
priority_scan,33,105,4,0.9469407200813293,2.185811996459961
priority_scan,33,106,6,1.210736632347107,1.7220089435577393
priority_scan,33,107,4,1.0117331743240356,3.9221243858337402
priority_scan,33,108,6,1.2611923217773438,2.0284903049468994
priority_scan,33,109,4,1.0319541692733765,2.7160301208496094
priority_scan,33,110,6,1.1535736322402954,1.990783929824829
priority_scan,33,111,4,0.9717819690704346,2.802490234375
priority_scan,33,112,6,1.175346851348877,2.2088918685913086
priority_scan,33,113,4,0.9994660019874573,3.472071886062622
priority_scan,33,114,6,1.1030693054199219,1.2941614389419556
priority_scan,33,115,4,0.9757884740829468,2.300265073776245
priority_scan,33,116,6,1.161312222480774,1.6065030097961426
priority_scan,33,117,4,1.0027543306350708,2.2495005130767822
priority_scan,33,118,6,1.2035454511642456,1.7725859880447388
priority_scan,33,119,4,1.0113492012023926,2.050074815750122
priority_scan,33,120,6,1.1242344379425049,1.7571094036102295
priority_scan,33,121,4,0.9623240828514099,2.035308361053467
priority_scan,33,122,6,1.1924712657928467,1.8949087858200073
priority_scan,33,123,4,1.061218023300171,2.5974748134613037
priority_scan,33,124,6,1.100081205368042,1.507223129272461
priority_scan,33,125,4,1.0035268068313599,3.519258499145508
priority_scan,33,126,6,1.1645151376724243,2.1372978687286377
priority_scan,33,127,4,1.1195318698883057,3.277620792388916
priority_scan,33,128,6,1.1959035396575928,1.5543510913848877
priority_scan,33,129,4,0.9256188273429871,1.6608340740203857
priority_scan,33,130,6,1.1347911357879639,1.8403916358947754
priority_scan,33,131,4,1.0219391584396362,2.5400230884552
priority_scan,33,132,6,1.176122784614563,1.6921019554138184
priority_scan,33,133,4,0.9498798847198486,1.262237787246704
priority_scan,33,134,6,1.1828612089157104,1.0011874437332153
priority_scan,33,135,4,0.9326227903366089,2.0833442211151123
priority_scan,33,136,6,1.1646783351898193,1.3366676568984985
priority_scan,33,137,4,1.024214506149292,2.342744827270508
priority_scan,33,138,6,1.0790047645568848,1.3950475454330444
priority_scan,33,139,4,0.9919106960296631,2.0881900787353516
priority_scan,33,140,6,1.1783896684646606,2.0076494216918945
priority_scan,33,141,4,0.977732241153717,1.9006550312042236
priority_scan,33,142,6,1.2397481203079224,1.919089436531067
priority_scan,33,143,4,1.0594490766525269,2.462773561477661
priority_scan,33,144,6,1.1335479021072388,1.3404488563537598
priority_scan,33,145,4,0.964957058429718,1.7957769632339478
priority_scan,33,146,6,1.122870683670044,1.032106637954712
priority_scan,33,147,4,1.0069538354873657,1.8013423681259155
priority_scan,33,148,6,1.2006810903549194,1.8430081605911255
priority_scan,33,149,4,1.0615479946136475,2.1705477237701416
priority_scan,33,150,6,1.086766242980957,1.2408043146133423
priority_scan,33,151,4,1.000565767288208,1.804195761680603
priority_scan,33,152,6,1.1253302097320557,1.6988658905029297
priority_scan,33,153,4,1.1568620204925537,2.464200019836426
priority_scan,33,154,6,1.1890774965286255,2.422759532928467
priority_scan,33,155,4,0.9465749263763428,1.897901177406311
priority_scan,33,156,6,1.2016171216964722,1.3464502096176147
priority_scan,33,157,4,0.9851173758506775,1.9966709613800049
priority_scan,33,158,6,1.1647566556930542,1.9249862432479858
priority_scan,33,159,4,0.9483447670936584,1.2372429370880127
priority_scan,33,160,6,1.1989843845367432,1.7153888940811157
priority_scan,33,161,4,1.0355398654937744,2.759429931640625
priority_scan,33,162,6,1.176391839981079,1.4645501375198364
priority_scan,33,163,4,0.925137996673584,1.3768212795257568
priority_scan,33,164,6,1.186059594154358,1.7820472717285156
priority_scan,33,165,4,1.0123504400253296,1.7147586345672607
priority_scan,33,166,6,1.157955288887024,1.8544018268585205
priority_scan,33,167,4,0.9638116359710693,1.5498327016830444
priority_scan,33,168,6,1.1743440628051758,1.860512614250183
priority_scan,33,169,4,1.0105777978897095,3.708224296569824
priority_scan,33,170,6,1.1622154712677002,1.1436679363250732
priority_scan,33,171,4,1.1010140180587769,7.519930839538574
priority_scan,33,172,6,1.1752581596374512,1.635561466217041
priority_scan,33,173,4,0.9836192727088928,2.7492692470550537
priority_scan,33,174,6,1.184653639793396,2.109537124633789
priority_scan,33,175,4,0.9533049464225769,1.6975936889648438
priority_scan,33,176,6,1.2070434093475342,1.412445068359375
priority_scan,33,177,4,0.9711968898773193,1.738462209701538
priority_scan,33,178,6,1.2722373008728027,2.338899612426758
priority_scan,33,179,4,0.9957041144371033,1.8229647874832153
priority_scan,33,180,6,1.1538351774215698,1.304479956626892
priority_scan,33,181,4,0.9522830247879028,1.8045247793197632
priority_scan,33,182,6,1.193724274635315,1.4814112186431885
priority_scan,33,183,4,0.9574639797210693,1.773063063621521
priority_scan,33,184,6,1.0910602807998657,1.1065402030944824
priority_scan,33,185,4,0.9602545499801636,1.4419567584991455
priority_scan,33,186,6,1.1247023344039917,1.3869227170944214
priority_scan,33,187,4,0.9196342825889587,1.4716378450393677
priority_scan,33,188,6,1.1381763219833374,1.3385785818099976
priority_scan,33,189,4,0.9565643072128296,1.4910756349563599
priority_scan,33,190,6,1.1583253145217896,1.2113640308380127
priority_scan,33,191,4,0.9525495767593384,2.4556877613067627
priority_scan,33,192,6,1.172467827796936,1.610229253768921
priority_scan,33,193,4,0.958310604095459,1.9934436082839966
priority_scan,33,194,6,1.1433753967285156,1.320955514907837
priority_scan,33,195,4,1.0233018398284912,1.862529993057251
priority_scan,33,196,6,1.1878453493118286,1.3406269550323486
priority_scan,33,197,4,0.8824242949485779,1.15257728099823
priority_scan,33,198,6,1.1389261484146118,1.5417523384094238
priority_scan,33,199,4,1.0253236293792725,2.8527865409851074
priority_scan,33,200,6,1.1588658094406128,2.1065313816070557
priority_scan,33,201,4,0.9783603549003601,1.290360689163208
priority_scan,33,202,6,1.1318942308425903,1.3433796167373657
priority_scan,33,203,4,1.0478845834732056,8.418135643005371
priority_scan,33,204,6,1.1891111135482788,1.6901922225952148
priority_scan,33,205,4,0.9890043139457703,1.2789627313613892
priority_scan,33,206,6,1.1480764150619507,1.142502784729004
priority_scan,33,207,4,0.9663060903549194,1.46897292137146
priority_scan,33,208,6,1.134358286857605,1.1169594526290894
priority_scan,33,209,4,0.9902283549308777,1.3864167928695679
priority_scan,33,210,6,1.155556082725525,1.7053683996200562
priority_scan,33,211,4,0.9698617458343506,1.3531502485275269
priority_scan,33,212,6,1.138452410697937,1.141270399093628
priority_scan,33,213,4,0.9613843560218811,1.9017252922058105
priority_scan,33,214,6,1.0865970849990845,0.8708710074424744
priority_scan,33,215,4,0.9651781916618347,1.696863055229187
priority_scan,33,216,6,1.1391850709915161,1.880710244178772
priority_scan,33,217,4,1.0496822595596313,1.555651307106018
priority_scan,33,218,6,1.2036880254745483,1.1810349225997925
priority_scan,33,219,4,0.9110486507415771,1.3341224193572998
priority_scan,33,220,6,1.128095030784607,1.3032234907150269
priority_scan,33,221,4,0.9912939071655273,1.589311122894287
priority_scan,33,222,6,1.2240206003189087,1.7334550619125366
priority_scan,33,223,4,0.9637935757637024,1.1736654043197632
priority_scan,33,224,6,1.138991117477417,1.3721588850021362
priority_scan,33,225,4,0.9422792196273804,0.9626398086547852
priority_scan,33,226,6,1.101049542427063,1.6080154180526733
priority_scan,33,227,4,0.940906286239624,1.9727612733840942
priority_scan,33,228,6,1.1909080743789673,1.1352390050888062
priority_scan,33,229,4,0.9381199479103088,2.049443244934082
priority_scan,33,230,6,1.084006905555725,1.0717335939407349
priority_scan,33,231,4,0.918522834777832,1.0426602363586426
priority_scan,33,232,6,1.1468795537948608,1.2316150665283203
priority_scan,33,233,4,0.981861412525177,1.754179835319519
priority_scan,33,234,6,1.2021785974502563,1.406675934791565
priority_scan,33,235,4,0.9280958771705627,1.019708514213562
priority_scan,33,236,6,1.2086690664291382,1.1597007513046265
priority_scan,33,237,4,0.9854716658592224,1.766264796257019
priority_scan,33,238,6,1.207229733467102,1.3811570405960083
priority_scan,33,239,4,1.0603761672973633,2.679110527038574
priority_scan,33,240,6,1.0821729898452759,0.9969738125801086
priority_scan,33,241,4,0.9480130076408386,1.3869482278823853
priority_scan,33,242,6,1.204605221748352,1.5877444744110107
priority_scan,33,243,4,0.9726333022117615,1.0737916231155396
priority_scan,33,244,6,1.136696219444275,1.3100676536560059
priority_scan,33,245,4,1.006981611251831,1.1634306907653809
priority_scan,33,246,6,1.1276425123214722,1.1447696685791016
priority_scan,33,247,4,0.8540218472480774,0.979385256767273
priority_scan,33,248,6,1.1302566528320312,1.4390612840652466
priority_scan,33,249,4,0.9047550559043884,1.1615171432495117
priority_scan,33,250,6,1.1533262729644775,1.1374582052230835
priority_scan,33,251,4,0.8927406072616577,1.0637338161468506
priority_scan,33,252,6,1.1246774196624756,0.8995087742805481
priority_scan,33,253,4,0.9454457759857178,1.1580685377120972
priority_scan,33,254,6,1.1881057024002075,1.3496766090393066
priority_scan,33,255,4,0.946505069732666,1.1668617725372314
priority_scan,33,256,6,1.1430444717407227,1.1686348915100098
priority_scan,33,257,4,0.9860373139381409,1.5434380769729614
priority_scan,33,258,6,1.1145960092544556,1.2772166728973389
priority_scan,33,259,4,0.9163343906402588,1.1388393640518188
priority_scan,33,260,6,1.1681362390518188,1.0213686227798462
priority_scan,33,261,4,0.9009228348731995,1.4167941808700562
priority_scan,33,262,6,1.1093801259994507,0.7393329739570618
priority_scan,33,263,4,0.9735919833183289,2.6278584003448486
priority_scan,33,264,6,1.1265963315963745,0.7216317653656006
priority_scan,33,265,4,1.000616192817688,1.4639155864715576
priority_scan,33,266,6,1.2677112817764282,1.2188199758529663
priority_scan,33,267,4,1.0066617727279663,1.5608365535736084
priority_scan,33,268,6,1.093693733215332,1.0213875770568848
priority_scan,33,269,4,0.9198454022407532,1.6180105209350586
priority_scan,33,270,6,1.1043696403503418,0.6005014777183533
priority_scan,33,271,4,0.9127345681190491,1.2228013277053833
priority_scan,33,272,6,1.2022565603256226,1.0528357028961182
priority_scan,33,273,4,1.0065903663635254,1.3222508430480957
priority_scan,33,274,6,1.2177897691726685,0.9117289185523987
priority_scan,33,275,4,0.9584641456604004,1.5314723253250122
priority_scan,33,276,6,1.1648255586624146,1.0489654541015625
priority_scan,33,277,4,0.9953207969665527,1.9352697134017944
priority_scan,33,278,6,1.1453479528427124,0.9895079731941223
priority_scan,33,279,4,0.9849441647529602,1.3941292762756348
priority_scan,33,280,6,1.1776340007781982,1.116225004196167
priority_scan,33,281,4,0.9940487146377563,1.7474058866500854
priority_scan,33,282,6,1.1211284399032593,0.6990328431129456
priority_scan,33,283,4,0.9929131269454956,1.9447803497314453
priority_scan,33,284,6,1.1519943475723267,1.016198992729187
priority_scan,33,285,4,0.9982355237007141,0.9488639831542969
priority_scan,33,286,6,1.2071491479873657,1.090044617652893
priority_scan,33,287,4,0.9496006369590759,1.4652124643325806
priority_scan,33,288,6,1.1266453266143799,1.031029224395752
priority_scan,33,289,4,1.049497127532959,1.5896546840667725
priority_scan,33,290,6,1.1166887283325195,0.899529755115509
priority_scan,33,291,4,0.901948869228363,1.5809863805770874
priority_scan,33,292,6,1.0636539459228516,0.852952778339386
priority_scan,33,293,4,0.9453235268592834,1.9308068752288818
priority_scan,33,294,6,1.2269432544708252,1.2168508768081665
priority_scan,33,295,4,0.9711682200431824,2.0131828784942627
priority_scan,33,296,6,1.1911591291427612,1.074564814567566
priority_scan,33,297,4,0.974384069442749,1.1044261455535889
priority_scan,33,298,6,1.1169815063476562,0.779192328453064
priority_scan,33,299,4,1.016895055770874,0.9428829550743103
priority_scan,33,300,6,1.1428724527359009,1.0731598138809204
priority_scan,33,301,4,0.9641053676605225,1.9078075885772705
priority_scan,33,302,6,1.1226102113723755,0.7781596183776855
priority_scan,33,303,4,0.9457188248634338,0.9664159417152405
priority_scan,33,304,6,1.1263960599899292,0.7264817953109741
priority_scan,33,305,4,0.9326756000518799,0.8140956163406372
priority_scan,33,306,6,1.108457326889038,0.8971561193466187
priority_scan,33,307,4,0.9228410720825195,1.2701610326766968
priority_scan,33,308,6,1.101162314414978,0.6190587878227234
priority_scan,33,309,4,1.0062259435653687,1.580397129058838
priority_scan,33,310,6,1.1006940603256226,0.9559539556503296
priority_scan,33,311,4,0.9691795110702515,0.8397850394248962
priority_scan,33,312,6,1.132103443145752,0.8790683746337891
priority_scan,33,313,4,0.957359254360199,1.3390209674835205
priority_scan,33,314,6,1.0817068815231323,0.6314684748649597
priority_scan,33,315,4,0.9712942242622375,1.2612494230270386
priority_scan,33,316,6,1.1379116773605347,0.7917028069496155
priority_scan,33,317,4,0.9355756640434265,0.8571650981903076
priority_scan,33,318,6,1.082755446434021,0.7607614398002625
priority_scan,33,319,4,0.94925457239151,0.8441994786262512
priority_scan,33,320,6,1.1623685359954834,0.8148107528686523
priority_scan,33,321,4,0.9763415455818176,1.043763279914856
priority_scan,33,322,6,1.1505882740020752,0.9023534655570984
priority_scan,33,323,4,1.001753807067871,1.0585968494415283
priority_scan,33,324,6,1.1048849821090698,0.8207920789718628
priority_scan,33,325,4,0.9450855255126953,1.0740869045257568
priority_scan,33,326,6,1.1765308380126953,0.8437336683273315
priority_scan,33,327,4,0.9310100674629211,0.7095518112182617
priority_scan,33,328,6,1.1128296852111816,0.8244397044181824
priority_scan,33,329,4,0.9461075663566589,1.249589204788208
priority_scan,33,330,6,1.1838992834091187,0.9988210797309875
priority_scan,33,331,4,0.9765527844429016,1.5717390775680542
priority_scan,33,332,6,1.1830531358718872,0.7911733388900757
priority_scan,33,333,4,0.960391104221344,1.2509819269180298
priority_scan,33,334,6,1.0995436906814575,0.7183716297149658
priority_scan,33,335,4,0.9555932879447937,1.1616604328155518
priority_scan,33,336,6,1.1620904207229614,0.85821533203125
priority_scan,33,337,4,0.9605791568756104,1.1890190839767456
priority_scan,33,338,6,1.1715525388717651,0.8071593046188354
priority_scan,33,339,4,0.9392228722572327,0.8202714920043945
priority_scan,33,340,6,1.1250699758529663,0.6544573307037354
priority_scan,33,341,4,0.880966305732727,1.0091001987457275
priority_scan,33,342,6,1.1463531255722046,0.7748092412948608
priority_scan,33,343,4,0.9504725933074951,0.7672013640403748
priority_scan,33,344,6,1.0730135440826416,0.7787015438079834
priority_scan,33,345,4,0.9941357374191284,0.9617705941200256
priority_scan,33,346,6,1.120801568031311,0.7500553727149963
priority_scan,33,347,4,0.9871593117713928,1.8757761716842651
priority_scan,33,348,6,1.0848091840744019,0.7097904086112976
priority_scan,33,349,4,1.0247364044189453,1.182483434677124
priority_scan,33,350,6,1.0790845155715942,0.6585105061531067
priority_scan,33,351,4,0.9560006856918335,0.9175612330436707
priority_scan,33,352,6,1.1232140064239502,0.822495698928833
priority_scan,33,353,4,1.0058571100234985,1.5634592771530151
priority_scan,33,354,6,1.1262022256851196,0.8151788115501404
priority_scan,33,355,4,0.9736263155937195,2.1540873050689697
priority_scan,33,356,6,1.1174343824386597,0.8608508706092834
priority_scan,33,357,4,0.9667020440101624,1.4034743309020996
priority_scan,33,358,6,1.1295970678329468,0.6996208429336548
priority_scan,33,359,4,0.9730766415596008,1.0917468070983887
priority_scan,33,360,6,1.2281345129013062,0.9410081505775452
priority_scan,33,361,4,0.9682174324989319,0.9462019801139832
priority_scan,33,362,6,1.1240893602371216,0.7500990629196167
priority_scan,33,363,4,1.0011191368103027,1.130556583404541
priority_scan,33,364,6,1.096744179725647,0.7624690532684326
priority_scan,33,365,4,0.9740704298019409,0.8472869992256165
priority_scan,33,366,6,1.138210415840149,0.7770030498504639
priority_scan,33,367,4,0.9153276085853577,0.9301979541778564
priority_scan,33,368,6,1.1678814888000488,0.6712565422058105
priority_scan,33,369,4,0.915742039680481,1.0522488355636597
priority_scan,33,370,6,1.1558085680007935,0.9162532687187195
priority_scan,33,371,4,0.901019811630249,1.2452937364578247
priority_scan,33,372,6,1.0973907709121704,1.0196583271026611
priority_scan,33,373,4,0.9464100003242493,1.0675405263900757
priority_scan,33,374,6,1.1691266298294067,0.7490894198417664
priority_scan,33,375,4,0.9756215214729309,1.2458876371383667
priority_scan,33,376,6,1.183967113494873,1.0929791927337646
priority_scan,33,377,4,0.9172740578651428,0.7397139668464661
priority_scan,33,378,6,1.1340337991714478,0.7951586842536926
priority_scan,33,379,4,0.8903019428253174,0.8137967586517334
priority_scan,33,380,6,1.1541836261749268,0.805432140827179
priority_scan,33,381,4,0.9594238996505737,0.9137781858444214
priority_scan,33,382,6,1.2022451162338257,0.861980676651001
priority_scan,33,383,4,0.9098150730133057,0.7406446933746338
priority_scan,33,384,6,1.0597015619277954,0.6404293775558472
priority_scan,33,385,4,0.975692629814148,1.3493633270263672
priority_scan,33,386,6,1.151705265045166,0.7184284925460815
priority_scan,33,387,4,0.9561819434165955,0.8498875498771667
priority_scan,33,388,6,1.1276201009750366,0.7224485874176025
priority_scan,33,389,4,0.9470332264900208,1.7189325094223022
priority_scan,33,390,6,1.1204311847686768,0.5198006629943848
priority_scan,33,391,4,0.9350895285606384,0.7703093886375427
priority_scan,33,392,6,1.1750047206878662,0.8529760837554932
priority_scan,33,393,4,0.8923352956771851,0.5280691981315613
priority_scan,33,394,6,1.1376951932907104,0.6799329519271851
priority_scan,33,395,4,0.8906107544898987,0.8899034261703491
priority_scan,33,396,6,1.091736078262329,0.6884083151817322
priority_scan,33,397,4,0.9281173348426819,0.9292259812355042
priority_scan,33,398,6,1.126697063446045,1.3368016481399536
priority_scan,33,399,4,0.9058606028556824,0.7338488698005676
priority_scan,33,400,6,1.1355489492416382,0.6413294672966003
priority_scan,33,401,4,0.9185769557952881,0.6803368926048279
priority_scan,33,402,6,1.1180375814437866,0.6713829040527344
priority_scan,33,403,4,0.9238455295562744,1.198172688484192
priority_scan,33,404,6,1.0743578672409058,0.632457435131073
priority_scan,33,405,4,0.8757107257843018,0.4510478973388672
priority_scan,33,406,6,1.0790109634399414,0.6981439590454102
priority_scan,33,407,4,0.9651885032653809,0.8968634605407715
priority_scan,33,408,6,1.1148797273635864,0.4835954010486603
priority_scan,33,409,4,1.0024139881134033,3.0462756156921387
priority_scan,33,410,6,1.123246431350708,0.7482274770736694
priority_scan,33,411,4,0.9837662577629089,1.577938199043274
priority_scan,33,412,6,1.139420509338379,0.581525444984436
priority_scan,33,413,4,0.9458150863647461,0.6352816820144653
priority_scan,33,414,6,1.143316388130188,0.778889536857605
priority_scan,33,415,4,0.9144183993339539,0.5439836978912354
priority_scan,33,416,6,1.1358343362808228,0.7946071624755859
priority_scan,33,417,4,0.9715443849563599,1.3756023645401
priority_scan,33,418,6,1.177847981452942,0.6795416474342346
priority_scan,33,419,4,0.9264389872550964,0.6747835278511047
priority_scan,33,420,6,1.09795343875885,0.6265235543251038
priority_scan,33,421,4,0.9255948066711426,0.5936367511749268
priority_scan,33,422,6,1.1240955591201782,0.6784358620643616
priority_scan,33,423,4,0.9231535792350769,0.9774388670921326
priority_scan,33,424,6,1.0692834854125977,0.5741941928863525
priority_scan,33,425,4,0.9938579201698303,0.9013221263885498
priority_scan,33,426,6,1.1171737909317017,0.6019788980484009
priority_scan,33,427,4,0.8884721994400024,0.9615240097045898
priority_scan,33,428,6,1.0763100385665894,0.46367090940475464
priority_scan,33,429,4,0.9109169244766235,1.146014928817749
priority_scan,33,430,6,1.1030105352401733,0.6616136431694031
priority_scan,33,431,4,0.9047707915306091,0.5880971550941467
priority_scan,33,432,6,1.1081842184066772,0.6487806439399719
priority_scan,33,433,4,0.8910890221595764,0.4095557630062103
priority_scan,33,434,6,1.0733132362365723,0.4597736597061157
priority_scan,33,435,4,0.9902200698852539,1.4854494333267212
priority_scan,33,436,6,1.1530250310897827,0.7743525505065918
priority_scan,33,437,4,0.9134958982467651,0.8653450608253479
priority_scan,33,438,6,1.0948859453201294,0.6966670751571655
priority_scan,33,439,4,0.96470707654953,0.6651856303215027
priority_scan,33,440,6,1.0939196348190308,0.4935048818588257
priority_scan,33,441,4,1.0027203559875488,1.1675410270690918
priority_scan,33,442,6,1.0950192213058472,0.5426216125488281
priority_scan,33,443,4,0.9876155257225037,0.8492882251739502
priority_scan,33,444,6,1.1566967964172363,0.8364856839179993
priority_scan,33,445,4,0.8985050916671753,0.7335546016693115
priority_scan,33,446,6,1.0372495651245117,0.5345500111579895
priority_scan,33,447,4,0.9433286190032959,1.018904685974121
priority_scan,33,448,6,1.1346380710601807,0.7175610065460205
priority_scan,33,449,4,0.9149748682975769,0.5589173436164856
priority_scan,33,450,6,1.1282284259796143,0.7237221598625183
priority_scan,33,451,4,0.990260660648346,0.7025582790374756
priority_scan,33,452,6,1.107258915901184,0.5695196986198425
priority_scan,33,453,4,0.963952898979187,0.8660576343536377
priority_scan,33,454,6,1.105463981628418,0.5642978549003601
priority_scan,33,455,4,0.9245287179946899,0.6709327101707458
priority_scan,33,456,6,1.1111234426498413,0.5403441190719604
priority_scan,33,457,4,0.9735108613967896,0.7907659411430359
priority_scan,33,458,6,1.078052043914795,0.4106613099575043
priority_scan,33,459,4,0.9816642999649048,1.1031475067138672
priority_scan,33,460,6,1.146530270576477,0.5318456292152405
priority_scan,33,461,4,0.9625513553619385,0.5503941774368286
priority_scan,33,462,6,1.1272573471069336,0.5272355079650879
priority_scan,33,463,4,0.8697501420974731,0.6677190661430359
priority_scan,33,464,6,1.1560966968536377,0.6360849738121033
priority_scan,33,465,4,1.0154976844787598,0.9587668776512146
priority_scan,33,466,6,1.1289772987365723,0.7571778297424316
priority_scan,33,467,4,0.9452740550041199,0.8482088446617126
priority_scan,33,468,6,1.0967159271240234,0.5981096625328064
priority_scan,33,469,4,0.8902445435523987,0.5111808776855469
priority_scan,33,470,6,1.0841189622879028,0.6807891726493835
priority_scan,33,471,4,0.9086077809333801,0.6275272965431213
priority_scan,33,472,6,1.1003756523132324,0.6918447017669678
priority_scan,33,473,4,0.9162177443504333,0.6812222599983215
priority_scan,33,474,6,1.1144248247146606,0.5920290350914001
priority_scan,33,475,4,0.9098081588745117,0.6795088648796082
priority_scan,33,476,6,1.0999058485031128,0.7369224429130554
priority_scan,33,477,4,0.8987873792648315,0.5147691369056702
priority_scan,33,478,6,1.089063048362732,0.5506150126457214
priority_scan,33,479,4,0.872262179851532,0.9391816258430481
priority_scan,33,480,6,1.1544430255889893,0.46190008521080017
priority_scan,33,481,4,0.9202077388763428,0.6704786419868469
priority_scan,33,482,6,1.048895001411438,0.5006587505340576
priority_scan,33,483,4,0.9120466113090515,0.8247664570808411
priority_scan,33,484,6,1.1552971601486206,0.6370157599449158
priority_scan,33,485,4,0.9785916209220886,0.8724105358123779
priority_scan,33,486,6,1.0525870323181152,0.6158567070960999
priority_scan,33,487,4,0.9251443147659302,0.77006596326828
priority_scan,33,488,6,1.0473955869674683,0.5129255652427673
priority_scan,33,489,4,0.9162295460700989,0.7049319744110107
priority_scan,33,490,6,1.1118948459625244,0.7140845060348511
priority_scan,33,491,4,0.9670076966285706,0.9082123637199402
priority_scan,33,492,6,1.1081814765930176,0.6593772768974304
priority_scan,33,493,4,0.8848230242729187,0.4774951636791229
priority_scan,33,494,6,1.1003453731536865,0.5616245865821838
priority_scan,33,495,4,0.9746170043945312,0.9496943354606628
priority_scan,33,496,6,1.1191132068634033,0.6908895969390869
priority_scan,33,497,4,0.9365551471710205,0.6629552245140076
priority_scan,33,498,6,1.1462031602859497,0.7081867456436157
priority_scan,33,499,4,0.9327676296234131,0.5543973445892334
priority_scan,33,500,6,1.0632344484329224,0.5022726655006409
priority_scan,33,501,4,0.9277400970458984,0.5763470530509949
priority_scan,33,502,6,1.1056400537490845,0.7539740800857544
priority_scan,33,503,4,0.9767050743103027,0.9396800398826599
priority_scan,33,504,6,1.1782768964767456,0.7310733199119568
priority_scan,33,505,4,0.9284648895263672,0.6215876936912537
priority_scan,33,506,6,1.0981439352035522,0.41753000020980835
priority_scan,33,507,4,0.915991485118866,0.7968356609344482
priority_scan,33,508,6,1.092983365058899,0.582120418548584
priority_scan,33,509,4,0.9335513710975647,0.9964362978935242
priority_scan,33,510,6,1.122534990310669,0.5259193181991577
priority_scan,33,511,4,0.929568350315094,0.6666511297225952
priority_scan,33,512,6,1.116622805595398,0.49536222219467163
priority_scan,33,513,4,0.8723365068435669,0.6282936930656433
priority_scan,33,514,6,1.0968785285949707,0.6051215529441833
priority_scan,33,515,4,0.8706067800521851,0.5376093983650208
priority_scan,33,516,6,1.104537844657898,0.49843284487724304
priority_scan,33,517,4,0.9715369939804077,0.8509273529052734
priority_scan,33,518,6,1.1057583093643188,0.6321244239807129
priority_scan,33,519,4,0.9355806112289429,0.5692358613014221
priority_scan,33,520,6,1.0886144638061523,0.44110384583473206
priority_scan,33,521,4,0.9322987794876099,0.6958340406417847
priority_scan,33,522,6,1.0901836156845093,0.4650067389011383
priority_scan,33,523,4,0.9408574104309082,0.8453065752983093
priority_scan,33,524,6,1.1423063278198242,0.6570802330970764
priority_scan,33,525,4,0.9265748262405396,0.8344086408615112
priority_scan,33,526,6,1.1023324728012085,0.7310689687728882
priority_scan,33,527,4,0.8815735578536987,0.7160529494285583
priority_scan,33,528,6,1.0850539207458496,0.7377342581748962
priority_scan,33,529,4,0.9380685091018677,0.8717643618583679
priority_scan,33,530,6,1.058769941329956,0.5326118469238281
priority_scan,33,531,4,0.9614652991294861,0.8551727533340454
priority_scan,33,532,6,1.088157296180725,0.4393186867237091
priority_scan,33,533,4,0.8798018097877502,0.5750010013580322
priority_scan,33,534,6,1.115328311920166,0.6237846612930298
priority_scan,33,535,4,0.9116922616958618,0.6412863731384277
priority_scan,33,536,6,1.1377962827682495,0.43148544430732727
priority_scan,33,537,4,0.9491031765937805,0.6353023648262024
priority_scan,33,538,6,1.1174592971801758,0.5277969241142273
priority_scan,33,539,4,0.9515543580055237,0.5328041911125183
priority_scan,33,540,6,1.0749529600143433,0.6559441685676575
priority_scan,33,541,4,0.8966783285140991,0.675714373588562
priority_scan,33,542,6,1.1259735822677612,0.5167754888534546
priority_scan,33,543,4,0.9327287077903748,1.1721456050872803
priority_scan,33,544,6,1.0853862762451172,0.6653991341590881
priority_scan,33,545,4,0.9312439560890198,0.886825680732727
priority_scan,33,546,6,1.096300721168518,0.5938236713409424
priority_scan,33,547,4,0.9344280362129211,0.888202428817749
priority_scan,33,548,6,1.1485793590545654,0.5443435907363892
priority_scan,33,549,4,0.9031858444213867,0.6620045900344849
priority_scan,33,550,6,1.081324815750122,0.4361892342567444
priority_scan,33,551,4,0.9504085183143616,0.7243500351905823
priority_scan,33,552,6,1.0959244966506958,0.5457568764686584
priority_scan,33,553,4,0.9030935764312744,1.159942865371704
priority_scan,33,554,6,1.0909322500228882,0.5053071975708008
priority_scan,33,555,4,0.9015930891036987,0.6251847743988037
priority_scan,33,556,6,1.0664445161819458,0.40244805812835693
priority_scan,33,557,4,0.9505816102027893,0.6585405468940735
priority_scan,33,558,6,1.0596989393234253,0.5206745266914368
priority_scan,33,559,4,0.9186593890190125,0.6276965737342834
priority_scan,33,560,6,1.124809741973877,0.5905864238739014
priority_scan,33,561,4,0.9032054543495178,0.7208853363990784
priority_scan,33,562,6,1.0948950052261353,0.4536620080471039
priority_scan,33,563,4,0.9046447277069092,0.5302234292030334
priority_scan,33,564,6,1.0574615001678467,0.4507063329219818
priority_scan,33,565,4,0.957008957862854,0.5804116129875183
priority_scan,33,566,6,1.1566351652145386,0.40091171860694885
priority_scan,33,567,4,0.916307270526886,3.1963016986846924
priority_scan,33,568,6,1.096828818321228,0.5513206720352173
priority_scan,33,569,4,0.8984482884407043,0.5830555558204651
priority_scan,33,570,6,1.1379436254501343,0.6048784255981445
priority_scan,33,571,4,0.8705465197563171,0.3602241277694702
priority_scan,33,572,6,1.1113585233688354,0.49729350209236145
priority_scan,33,573,4,0.9663426876068115,0.5252482295036316
priority_scan,33,574,6,1.1036535501480103,0.560257613658905
priority_scan,33,575,4,0.870171308517456,0.591227650642395
priority_scan,33,576,6,1.070628046989441,0.5436475872993469
priority_scan,33,577,4,0.9549893736839294,0.700828492641449
priority_scan,33,578,6,1.1090514659881592,0.4686201810836792
priority_scan,33,579,4,0.9886402487754822,0.6189338564872742
priority_scan,33,580,6,1.160110354423523,0.6080699563026428
priority_scan,33,581,4,0.930223822593689,0.6860114932060242
priority_scan,33,582,6,1.1555336713790894,0.5277085900306702
priority_scan,33,583,4,0.9566109776496887,0.5541958212852478
priority_scan,33,584,6,1.1503437757492065,0.6070855855941772
priority_scan,33,585,4,0.979158878326416,0.6403201818466187
priority_scan,33,586,6,1.0931862592697144,0.6137164831161499
priority_scan,33,587,4,0.909881591796875,0.5225510001182556
priority_scan,33,588,6,1.081388235092163,0.6119174957275391
priority_scan,33,589,4,0.9077995419502258,0.6942164301872253
priority_scan,33,590,6,1.0226466655731201,0.4039146304130554
priority_scan,33,591,4,0.8761819005012512,0.6554567813873291
priority_scan,33,592,6,1.1393029689788818,0.49210798740386963
priority_scan,33,593,4,0.9342538714408875,0.7283034920692444
priority_scan,33,594,6,1.0617903470993042,0.35384058952331543
priority_scan,33,595,4,0.9386820793151855,0.5795046091079712
priority_scan,33,596,6,1.0978373289108276,0.522267758846283
priority_scan,33,597,4,0.8826546669006348,1.243735909461975
priority_scan,33,598,6,1.104453682899475,0.9301382899284363
priority_scan,33,599,4,0.8601381182670593,0.5063233375549316
priority_scan,33,600,6,1.0728707313537598,0.3554704189300537
priority_scan,33,601,4,0.8826342821121216,0.5937392115592957
priority_scan,33,602,6,1.0946533679962158,0.4125180244445801
priority_scan,33,603,4,0.9544960260391235,0.8177793025970459
priority_scan,33,604,6,1.0536679029464722,0.5318312048912048
priority_scan,33,605,4,0.9845175743103027,0.4773331582546234
priority_scan,33,606,6,1.1208558082580566,0.5397178530693054
priority_scan,33,607,4,0.9079409241676331,0.5216622352600098
priority_scan,33,608,6,1.14938223361969,0.583683967590332
priority_scan,33,609,4,0.9152964949607849,0.7030586004257202
priority_scan,33,610,6,1.144446849822998,0.5537558197975159
priority_scan,33,611,4,0.9131102561950684,0.7026556134223938
priority_scan,33,612,6,1.0785106420516968,0.6353017091751099
priority_scan,33,613,4,0.980086088180542,1.078532099723816
priority_scan,33,614,6,1.0476186275482178,0.4312743544578552
priority_scan,33,615,4,0.9510243535041809,0.552069365978241
priority_scan,33,616,6,1.1032675504684448,0.519666314125061
priority_scan,33,617,4,0.9358871579170227,0.5345977544784546
priority_scan,33,618,6,1.1093093156814575,0.46886903047561646
priority_scan,33,619,4,0.8742493987083435,0.43435391783714294
priority_scan,33,620,6,1.0882149934768677,0.3228049874305725
priority_scan,33,621,4,0.9443343877792358,0.5557406544685364
priority_scan,33,622,6,1.1293079853057861,0.5087406039237976
priority_scan,33,623,4,0.8960698246955872,0.9793461561203003
priority_scan,33,624,6,1.0511490106582642,0.39821815490722656
priority_scan,33,625,4,0.9410789608955383,0.6227566003799438
priority_scan,33,626,6,1.0494328737258911,0.42219579219818115
priority_scan,33,627,4,0.9598103165626526,0.544244647026062
priority_scan,33,628,6,1.0655275583267212,0.4849117398262024
priority_scan,33,629,4,0.9061107635498047,0.6624353528022766
priority_scan,33,630,6,1.1107546091079712,0.5794605016708374
priority_scan,33,631,4,0.9180352091789246,0.6511901617050171
priority_scan,33,632,6,1.0935829877853394,0.612877607345581
priority_scan,33,633,4,0.9170287251472473,0.8262453079223633
priority_scan,33,634,6,1.071635365486145,0.564415693283081
priority_scan,33,635,4,0.8802369236946106,0.6398780345916748
priority_scan,33,636,6,1.0791457891464233,0.40718117356300354
priority_scan,33,637,4,0.9100860953330994,0.7776281237602234
priority_scan,33,638,6,1.0916181802749634,0.4146038293838501
priority_scan,33,639,4,0.8642749786376953,0.3832901120185852
priority_scan,33,640,6,1.106458067893982,0.43930521607398987
priority_scan,33,641,4,0.9646261930465698,1.0191242694854736
priority_scan,33,642,6,1.059059977531433,0.6718847155570984
priority_scan,33,643,4,0.9524981379508972,0.6860102415084839
priority_scan,33,644,6,1.1200841665267944,0.679189145565033
priority_scan,33,645,4,0.9459363222122192,0.41808587312698364
priority_scan,33,646,6,1.0572541952133179,0.45820680260658264
priority_scan,33,647,4,0.8731562495231628,0.6639012098312378
priority_scan,33,648,6,1.105412244796753,0.5133076310157776
priority_scan,33,649,4,0.9578697681427002,0.6412745714187622
priority_scan,33,650,6,1.1717545986175537,0.41980957984924316
priority_scan,33,651,4,0.868144690990448,0.5937728881835938
priority_scan,33,652,6,1.0730782747268677,0.580119252204895
priority_scan,33,653,4,0.980513870716095,0.7585403919219971
priority_scan,33,654,6,1.063111662864685,0.4010290801525116
priority_scan,33,655,4,0.9514939188957214,0.558283805847168
priority_scan,33,656,6,1.0545275211334229,0.4244677424430847
priority_scan,33,657,4,0.948092520236969,0.5442793965339661
priority_scan,33,658,6,1.0772111415863037,0.46770918369293213
priority_scan,33,659,4,0.9232883453369141,0.940358579158783
priority_scan,33,660,6,1.1285873651504517,0.4903593063354492
priority_scan,33,661,4,0.882847249507904,0.5154321193695068
priority_scan,33,662,6,1.0324149131774902,0.38563448190689087
priority_scan,33,663,4,0.9207863211631775,0.6206395626068115
priority_scan,33,664,6,1.1183760166168213,0.5226026773452759
priority_scan,33,665,4,0.9276596307754517,0.4728749990463257
priority_scan,33,666,6,1.0794909000396729,1.467186689376831
priority_scan,33,667,4,0.9418419003486633,0.5161852240562439
priority_scan,33,668,6,1.1476994752883911,0.6452694535255432
priority_scan,33,669,4,0.9384538531303406,0.53154456615448
priority_scan,33,670,6,1.0614968538284302,0.5226607322692871
priority_scan,33,671,4,0.9236497282981873,0.5174741148948669
priority_scan,33,672,6,1.0890341997146606,0.5547720193862915
priority_scan,33,673,4,0.9001702070236206,0.5471682548522949
priority_scan,33,674,6,1.1027027368545532,0.4541866183280945
priority_scan,33,675,4,1.0547239780426025,1.2991641759872437
priority_scan,33,676,6,1.1013025045394897,0.3963344693183899
priority_scan,33,677,4,0.9229657053947449,0.5464729070663452
priority_scan,33,678,6,1.1078895330429077,0.4624098539352417
priority_scan,33,679,4,0.9170203804969788,0.7358153462409973
priority_scan,33,680,6,1.1476911306381226,0.7810710668563843
priority_scan,33,681,4,0.9390142560005188,0.7942613959312439
priority_scan,33,682,6,1.0300055742263794,0.45353347063064575
priority_scan,33,683,4,0.9504807591438293,0.7716711163520813
priority_scan,33,684,6,1.1410688161849976,0.5740422010421753
priority_scan,33,685,4,0.9831681847572327,1.425455927848816
priority_scan,33,686,6,1.0821795463562012,0.43689966201782227
priority_scan,33,687,4,0.902273952960968,0.40798795223236084
priority_scan,33,688,6,1.090454339981079,0.3817516267299652
priority_scan,33,689,4,0.9392702579498291,0.7475427985191345
priority_scan,33,690,6,1.0789306163787842,0.42840299010276794
priority_scan,33,691,4,0.9275248050689697,0.7765635251998901
priority_scan,33,692,6,1.0767061710357666,0.5641793012619019
priority_scan,33,693,4,0.9319345951080322,0.763630747795105
priority_scan,33,694,6,1.094138503074646,0.3615591824054718
priority_scan,33,695,4,0.9488041400909424,0.5811585187911987
priority_scan,33,696,6,1.050586223602295,0.41008996963500977
priority_scan,33,697,4,0.8934841156005859,0.5921035408973694
priority_scan,33,698,6,1.0621342658996582,0.5103945732116699
priority_scan,33,699,4,0.8727365136146545,0.568615198135376
priority_scan,33,700,6,1.0935853719711304,0.28220629692077637
priority_scan,33,701,4,0.8766943216323853,0.5153555274009705
priority_scan,33,702,6,1.0345810651779175,0.4018796384334564
priority_scan,33,703,4,0.8891299366950989,0.32438910007476807
priority_scan,33,704,6,1.0743839740753174,0.5011029243469238
priority_scan,33,705,4,0.9045445919036865,0.6221137642860413
priority_scan,33,706,6,1.0763981342315674,0.45711541175842285
priority_scan,33,707,4,0.9392149448394775,0.5796177983283997
priority_scan,33,708,6,1.1112934350967407,1.1602543592453003
priority_scan,33,709,4,0.9617593288421631,0.8041963577270508
priority_scan,33,710,6,1.0770072937011719,0.3408203423023224
priority_scan,33,711,4,0.9021615982055664,0.5411956906318665
priority_scan,33,712,6,1.0801513195037842,0.6327561736106873
priority_scan,33,713,4,0.9159074425697327,0.5312322378158569
priority_scan,33,714,6,1.0825010538101196,0.6320645809173584
priority_scan,33,715,4,0.9542955756187439,0.6242032051086426
priority_scan,33,716,6,1.0742626190185547,0.47024527192115784
priority_scan,33,717,4,0.898466944694519,0.5023666620254517
priority_scan,33,718,6,1.0481199026107788,0.5267744064331055
priority_scan,33,719,4,0.8552974462509155,0.4540403485298157
priority_scan,33,720,6,1.086668610572815,0.6319584250450134
priority_scan,33,721,4,0.945988118648529,1.7934958934783936
priority_scan,33,722,6,1.125237226486206,0.4226829707622528
priority_scan,33,723,4,0.909450888633728,0.4200262427330017
priority_scan,33,724,6,1.0795859098434448,0.6314575672149658
priority_scan,33,725,4,0.9587779641151428,0.5632961392402649
priority_scan,33,726,6,1.1205413341522217,0.5318657159805298
priority_scan,33,727,4,0.8792356848716736,0.4991530179977417
priority_scan,33,728,6,1.0868765115737915,0.4743654429912567
priority_scan,33,729,4,0.9904823899269104,0.8213407397270203
priority_scan,33,730,6,1.04437255859375,0.4729430079460144
priority_scan,33,731,4,0.9192548990249634,0.7587811946868896
priority_scan,33,732,6,1.1341038942337036,0.5106640458106995
priority_scan,33,733,4,0.9397317171096802,0.693740725517273
priority_scan,33,734,6,1.1191757917404175,0.4420695900917053
priority_scan,33,735,4,0.9279775023460388,1.3277082443237305
priority_scan,33,736,6,1.120294213294983,0.5207186937332153
priority_scan,33,737,4,0.9779253602027893,0.6313296556472778
priority_scan,33,738,6,1.1590036153793335,0.5115330815315247
priority_scan,33,739,4,0.9290593862533569,0.6293945908546448
priority_scan,33,740,6,1.0314652919769287,0.429569274187088
priority_scan,33,741,4,0.9072172045707703,0.5365945100784302
priority_scan,33,742,6,1.0889946222305298,0.48934218287467957
priority_scan,33,743,4,0.9666142463684082,0.7372081875801086
priority_scan,33,744,6,1.1209560632705688,0.4990589916706085
priority_scan,33,745,4,0.9663830995559692,0.8093392848968506
priority_scan,33,746,6,1.0841090679168701,0.5810245275497437
priority_scan,33,747,4,0.9748859405517578,0.736836850643158
priority_scan,33,748,6,1.0361464023590088,0.40640825033187866
priority_scan,33,749,4,0.890567421913147,0.5429156422615051
priority_scan,33,750,6,1.069806694984436,0.3852410316467285
priority_scan,33,751,4,0.896611750125885,0.5725674629211426
priority_scan,33,752,6,1.0843926668167114,0.5215668082237244
priority_scan,33,753,4,0.8699712753295898,0.867806613445282
priority_scan,33,754,6,1.1122862100601196,0.5304633975028992
priority_scan,33,755,4,0.94901043176651,0.9533637166023254
priority_scan,33,756,6,1.052488923072815,0.43415307998657227
priority_scan,33,757,4,0.8723525404930115,0.49551647901535034
priority_scan,33,758,6,1.0463902950286865,0.42099329829216003
priority_scan,33,759,4,0.911426842212677,0.46278268098831177
priority_scan,33,760,6,1.1224818229675293,0.577842652797699
priority_scan,33,761,4,0.9086952209472656,0.6166940927505493
priority_scan,33,762,6,1.022945523262024,0.3212290108203888
priority_scan,33,763,4,0.917137861251831,0.5714937448501587
priority_scan,33,764,6,1.1136215925216675,0.5933836102485657
priority_scan,33,765,4,0.9386124014854431,0.46341249346733093
priority_scan,33,766,6,1.1160187721252441,0.4754912555217743
priority_scan,33,767,4,0.9023778438568115,0.6066468358039856
priority_scan,33,768,6,1.0948203802108765,0.4437452554702759
priority_scan,33,769,4,0.9010823965072632,0.6027434468269348
priority_scan,33,770,6,1.155239462852478,0.5134015679359436
priority_scan,33,771,4,0.9011789560317993,0.7173177003860474
priority_scan,33,772,6,1.090492844581604,0.4503585696220398
priority_scan,33,773,4,0.9108453392982483,0.9397867321968079
priority_scan,33,774,6,1.0936094522476196,0.5576428174972534
priority_scan,33,775,4,0.888079047203064,0.7353204488754272
priority_scan,33,776,6,1.0851882696151733,0.5931625366210938
priority_scan,33,777,4,0.9337230920791626,0.7431856393814087
priority_scan,33,778,6,1.1087802648544312,0.6639419794082642
priority_scan,33,779,4,0.8753240704536438,0.3944706320762634
priority_scan,33,780,6,1.0651456117630005,0.355317085981369
priority_scan,33,781,4,0.9690343141555786,0.605114221572876
priority_scan,33,782,6,1.0472053289413452,0.3322354257106781
priority_scan,33,783,4,0.9666792154312134,0.5994529128074646
priority_scan,33,784,6,1.0981875658035278,0.540587842464447
priority_scan,33,785,4,0.8909660577774048,0.44915878772735596
priority_scan,33,786,6,1.0861799716949463,0.41027435660362244
priority_scan,33,787,4,0.9622530937194824,0.527398407459259
priority_scan,33,788,6,1.131007194519043,0.745612382888794
priority_scan,33,789,4,0.9459200501441956,0.6964448690414429
priority_scan,33,790,6,1.031936526298523,0.4061211347579956
priority_scan,33,791,4,0.9345296025276184,0.6209320425987244
priority_scan,33,792,6,1.017343521118164,0.35361987352371216
priority_scan,33,793,4,0.9271656274795532,0.4742884635925293
priority_scan,33,794,6,1.0883831977844238,0.5256991982460022
priority_scan,33,795,4,0.9404711723327637,0.7130443453788757
priority_scan,33,796,6,1.0550211668014526,0.36218684911727905
priority_scan,33,797,4,0.9110201001167297,0.5569678544998169
priority_scan,33,798,6,1.1435421705245972,0.7852968573570251
priority_scan,33,799,4,0.9301988482475281,0.6713537573814392
priority_scan,33,800,6,1.0733498334884644,0.382596492767334
priority_scan,33,801,4,0.8727792501449585,0.33658409118652344
priority_scan,33,802,6,1.076217532157898,0.3891068398952484
priority_scan,33,803,4,0.9457452893257141,0.5535704493522644
priority_scan,33,804,6,1.0487122535705566,0.3990202844142914
priority_scan,33,805,4,0.9332509636878967,0.6244902014732361
priority_scan,33,806,6,1.0918177366256714,0.40536198019981384
priority_scan,33,807,4,0.9293943643569946,1.3746554851531982
priority_scan,33,808,6,1.0668971538543701,0.43918511271476746
priority_scan,33,809,4,1.0116872787475586,1.3983384370803833
priority_scan,33,810,6,1.0546464920043945,0.3211938440799713
priority_scan,33,811,4,0.9056936502456665,0.7245675921440125
priority_scan,33,812,6,1.1008368730545044,0.5301851630210876
priority_scan,33,813,4,0.9293928742408752,0.7110891342163086
priority_scan,33,814,6,1.1049833297729492,0.6361850500106812
priority_scan,33,815,4,0.8880091309547424,0.4568882882595062
priority_scan,33,816,6,1.1258788108825684,0.4900498688220978
priority_scan,33,817,4,0.9589822292327881,0.5899879932403564
priority_scan,33,818,6,1.0987125635147095,0.642929196357727
priority_scan,33,819,4,0.9048117995262146,0.49157124757766724
priority_scan,33,820,6,1.0906556844711304,0.6389471292495728
priority_scan,33,821,4,1.0232282876968384,1.432880163192749
priority_scan,33,822,6,1.1050339937210083,0.5435473918914795
priority_scan,33,823,4,0.9178419709205627,0.5641746520996094
priority_scan,33,824,6,1.0692819356918335,0.43372905254364014
priority_scan,33,825,4,0.9240833520889282,1.313557505607605
priority_scan,33,826,6,1.1010358333587646,0.4274279773235321
priority_scan,33,827,4,0.920189619064331,1.8115416765213013
priority_scan,33,828,6,1.0928696393966675,0.5050183534622192
priority_scan,33,829,4,0.9025679230690002,0.5923136472702026
priority_scan,33,830,6,1.0717014074325562,0.40341007709503174
priority_scan,33,831,4,0.9535106420516968,1.1006635427474976
priority_scan,33,832,6,1.053186297416687,0.4066373407840729
priority_scan,33,833,4,0.9429438710212708,0.5714311003684998
priority_scan,33,834,6,1.0691542625427246,0.38046881556510925
priority_scan,33,835,4,0.8517449498176575,0.5549886226654053
priority_scan,33,836,6,1.1048694849014282,0.42050042748451233
priority_scan,33,837,4,0.9226670265197754,0.5076684951782227
priority_scan,33,838,6,1.1111432313919067,0.6575322151184082
priority_scan,33,839,4,0.9408907890319824,0.5183674693107605
priority_scan,33,840,6,1.1270605325698853,0.4994138777256012
priority_scan,33,841,4,0.8666887879371643,0.7364148497581482
priority_scan,33,842,6,1.1128238439559937,0.7976620197296143
priority_scan,33,843,4,0.916614294052124,0.45062148571014404
priority_scan,33,844,6,1.03022301197052,0.48829010128974915
priority_scan,33,845,4,0.8726766705513,0.4065053164958954
priority_scan,33,846,6,1.0485267639160156,0.3627476096153259
priority_scan,33,847,4,0.8868955373764038,0.361874520778656
priority_scan,33,848,6,1.0375467538833618,0.4615696668624878
priority_scan,33,849,4,0.8490034341812134,0.42706334590911865
priority_scan,33,850,6,1.0374537706375122,0.44178229570388794
priority_scan,33,851,4,0.910609781742096,0.7177538275718689
priority_scan,33,852,6,1.1387473344802856,0.5928955078125
priority_scan,33,853,4,0.8989678621292114,0.40820184350013733
priority_scan,33,854,6,1.0550837516784668,0.49379274249076843
priority_scan,33,855,4,0.893906831741333,0.35616230964660645
priority_scan,33,856,6,1.0749800205230713,0.5363476276397705
priority_scan,33,857,4,0.91465163230896,0.4729817807674408
priority_scan,33,858,6,1.070863962173462,0.43391919136047363
priority_scan,33,859,4,0.8929625153541565,0.8730190396308899
priority_scan,33,860,6,1.0981279611587524,0.42164480686187744
priority_scan,33,861,4,0.9109073877334595,0.49211761355400085
priority_scan,33,862,6,1.0896669626235962,0.48179417848587036
priority_scan,33,863,4,0.8780982494354248,0.43613770604133606
priority_scan,33,864,6,1.0707353353500366,0.448872834444046
priority_scan,33,865,4,0.9063912630081177,0.6477369666099548
priority_scan,33,866,6,1.0966280698776245,0.41802674531936646
priority_scan,33,867,4,0.9170656800270081,0.45328259468078613
priority_scan,33,868,6,1.055810570716858,0.5395870804786682
priority_scan,33,869,4,0.9011193513870239,0.6558425426483154
priority_scan,33,870,6,1.0492668151855469,0.265365868806839
priority_scan,33,871,4,0.874796986579895,0.4525153636932373
priority_scan,33,872,6,1.0532780885696411,0.469389408826828
priority_scan,33,873,4,0.9136842489242554,0.5843725204467773
priority_scan,33,874,6,1.0914552211761475,0.29937586188316345
priority_scan,33,875,4,0.9170413017272949,0.585265576839447
priority_scan,33,876,6,1.0755423307418823,0.44789350032806396
priority_scan,33,877,4,0.9263822436332703,0.39674246311187744
priority_scan,33,878,6,1.111753225326538,0.642922043800354
priority_scan,33,879,4,0.9303306341171265,0.8496990203857422
priority_scan,33,880,6,1.0538054704666138,0.2963576912879944
priority_scan,33,881,4,0.8798176050186157,0.7080271244049072
priority_scan,33,882,6,1.0387908220291138,0.43621397018432617
priority_scan,33,883,4,0.930280327796936,0.474305659532547
priority_scan,33,884,6,1.0765068531036377,0.528508186340332
priority_scan,33,885,4,0.8827391266822815,0.6954328417778015
priority_scan,33,886,6,1.089325189590454,0.4248226284980774
priority_scan,33,887,4,0.9065012335777283,0.5068644881248474
priority_scan,33,888,6,1.036607265472412,0.3770618736743927
priority_scan,33,889,4,0.8834301829338074,0.4661106765270233
priority_scan,33,890,6,1.1217436790466309,0.5023390054702759
priority_scan,33,891,4,0.9125305414199829,0.6557505130767822
priority_scan,33,892,6,1.0528159141540527,0.4276575744152069
priority_scan,33,893,4,0.9513261914253235,0.4871734380722046
priority_scan,33,894,6,1.0470608472824097,0.33241239190101624
priority_scan,33,895,4,0.8954391479492188,0.483150452375412
priority_scan,33,896,6,1.0680351257324219,0.42087575793266296
priority_scan,33,897,4,0.8835194706916809,0.6670747995376587
priority_scan,33,898,6,1.0493284463882446,0.3176867663860321
priority_scan,33,899,4,0.9011380076408386,0.673958957195282
priority_scan,33,900,6,1.127716064453125,0.5725453495979309
priority_scan,44,1,4,3.2245066165924072,14.276848793029785
priority_scan,44,2,6,2.7407991886138916,6.037273406982422
priority_scan,44,3,4,3.1238911151885986,5.587008476257324
priority_scan,44,4,6,3.40006422996521,7.539660453796387
priority_scan,44,5,4,3.5169970989227295,7.200356960296631
priority_scan,44,6,6,3.089515447616577,4.509584426879883
priority_scan,44,7,4,3.103926420211792,10.334073066711426
priority_scan,44,8,6,3.0922510623931885,5.2006378173828125
priority_scan,44,9,4,2.5856378078460693,5.503127098083496
priority_scan,44,10,6,2.8738842010498047,4.299175262451172
priority_scan,44,11,4,2.8706555366516113,10.785109519958496
priority_scan,44,12,6,2.6519150733947754,4.992985725402832
priority_scan,44,13,4,2.6297948360443115,8.44205379486084
priority_scan,44,14,6,2.5468366146087646,3.291055202484131
priority_scan,44,15,4,2.7308385372161865,6.9708333015441895
priority_scan,44,16,6,3.0914275646209717,4.624067306518555
priority_scan,44,17,4,2.5422561168670654,7.264323711395264
priority_scan,44,18,6,2.656764268875122,3.8423876762390137
priority_scan,44,19,4,2.3496687412261963,4.7090959548950195
priority_scan,44,20,6,2.6415481567382812,3.942791223526001
priority_scan,44,21,4,2.2096667289733887,9.359613418579102
priority_scan,44,22,6,2.65029239654541,6.37325382232666
priority_scan,44,23,4,2.332782030105591,6.4111199378967285
priority_scan,44,24,6,2.1852328777313232,4.14457368850708
priority_scan,44,25,4,2.229318141937256,4.790198802947998
priority_scan,44,26,6,2.2187201976776123,4.06540584564209
priority_scan,44,27,4,1.849069595336914,6.853636741638184
priority_scan,44,28,6,2.201218366622925,6.757867336273193
priority_scan,44,29,4,1.932148814201355,6.162187576293945
priority_scan,44,30,6,2.0909998416900635,4.825890064239502
priority_scan,44,31,4,1.6488980054855347,5.185293674468994
priority_scan,44,32,6,1.8699378967285156,4.6738972663879395
priority_scan,44,33,4,1.420528531074524,3.9940507411956787
priority_scan,44,34,6,1.976933479309082,4.634872913360596
priority_scan,44,35,4,1.4701870679855347,4.568912506103516
priority_scan,44,36,6,1.6805014610290527,6.3920063972473145
priority_scan,44,37,4,1.384050965309143,5.061323165893555
priority_scan,44,38,6,1.4864963293075562,4.629090309143066
priority_scan,44,39,4,1.069683313369751,4.120022773742676
priority_scan,44,40,6,1.2712987661361694,3.4311060905456543
priority_scan,44,41,4,1.109461784362793,8.912528038024902
priority_scan,44,42,6,1.2004557847976685,4.073400020599365
priority_scan,44,43,4,1.0586522817611694,3.900618076324463
priority_scan,44,44,6,1.3229256868362427,4.084044933319092
priority_scan,44,45,4,1.1448627710342407,7.616150856018066
priority_scan,44,46,6,1.2950364351272583,8.245835304260254
priority_scan,44,47,4,1.052242398262024,5.597887992858887
priority_scan,44,48,6,1.2658988237380981,4.406177997589111
priority_scan,44,49,4,1.144216775894165,5.338715553283691
priority_scan,44,50,6,1.2628229856491089,3.7829091548919678
priority_scan,44,51,4,1.1162638664245605,4.329525947570801
priority_scan,44,52,6,1.2422544956207275,2.874509572982788
priority_scan,44,53,4,1.037207841873169,3.175204038619995
priority_scan,44,54,6,1.253799319267273,3.7209463119506836
priority_scan,44,55,4,1.1689774990081787,6.359482288360596
priority_scan,44,56,6,1.2071691751480103,4.144933700561523
priority_scan,44,57,4,1.148969054222107,4.2288360595703125
priority_scan,44,58,6,1.1617658138275146,2.379403829574585
priority_scan,44,59,4,1.2734025716781616,5.870707988739014
priority_scan,44,60,6,1.2416614294052124,4.126347541809082
priority_scan,44,61,4,1.113095998764038,6.027206897735596
priority_scan,44,62,6,1.3472412824630737,8.768758773803711
priority_scan,44,63,4,0.9858614206314087,6.83339262008667
priority_scan,44,64,6,1.261138916015625,3.889671564102173
priority_scan,44,65,4,0.9970976114273071,7.066477298736572
priority_scan,44,66,6,1.2689234018325806,3.4369232654571533
priority_scan,44,67,4,0.9868500232696533,2.6420745849609375
priority_scan,44,68,6,1.305166244506836,4.751724720001221
priority_scan,44,69,4,0.974138081073761,2.756735324859619
priority_scan,44,70,6,1.150884747505188,2.5325565338134766
priority_scan,44,71,4,1.0623043775558472,6.160891532897949
priority_scan,44,72,6,1.2700510025024414,3.2626383304595947
priority_scan,44,73,4,1.025284767150879,2.9329733848571777
priority_scan,44,74,6,1.230346918106079,3.3464486598968506
priority_scan,44,75,4,0.9590214490890503,3.7232916355133057
priority_scan,44,76,6,1.2112277746200562,3.1933324337005615
priority_scan,44,77,4,0.9425511956214905,2.1749086380004883
priority_scan,44,78,6,1.1387466192245483,1.9456993341445923
priority_scan,44,79,4,1.0926575660705566,3.500371217727661
priority_scan,44,80,6,1.1847072839736938,2.328517198562622
priority_scan,44,81,4,1.0808829069137573,28.658987045288086
priority_scan,44,82,6,1.1945819854736328,3.0152130126953125
priority_scan,44,83,4,0.9282189607620239,1.8532079458236694
priority_scan,44,84,6,1.1602039337158203,1.6004732847213745
priority_scan,44,85,4,0.9566108584403992,2.3409223556518555
priority_scan,44,86,6,1.1778039932250977,3.2046191692352295
priority_scan,44,87,4,0.9401994347572327,2.120596408843994
priority_scan,44,88,6,1.188308835029602,2.57720947265625
priority_scan,44,89,4,1.0200244188308716,2.890258550643921
priority_scan,44,90,6,1.1696040630340576,1.3291454315185547
priority_scan,44,91,4,1.007638931274414,2.632575273513794
priority_scan,44,92,6,1.156757116317749,2.026827573776245
priority_scan,44,93,4,0.9358959794044495,4.028130531311035
priority_scan,44,94,6,1.1893486976623535,2.3156590461730957
priority_scan,44,95,4,1.0437283515930176,2.916621208190918
priority_scan,44,96,6,1.1888079643249512,2.2130892276763916
priority_scan,44,97,4,1.0799152851104736,4.984695911407471
priority_scan,44,98,6,1.2172802686691284,2.4185469150543213
priority_scan,44,99,4,0.9672629833221436,2.5481269359588623
priority_scan,44,100,6,1.117158055305481,1.4647068977355957
priority_scan,44,101,4,0.9963061809539795,3.029547691345215
priority_scan,44,102,6,1.1783736944198608,2.5832715034484863
priority_scan,44,103,4,1.0245124101638794,3.585704803466797
priority_scan,44,104,6,1.1754059791564941,2.7568371295928955
priority_scan,44,105,4,0.9574210047721863,2.315380573272705
priority_scan,44,106,6,1.2001625299453735,2.0660641193389893
priority_scan,44,107,4,0.9984439611434937,4.11702299118042
priority_scan,44,108,6,1.1891015768051147,2.512091875076294
priority_scan,44,109,4,0.9625091552734375,3.5959243774414062
priority_scan,44,110,6,1.2620035409927368,3.2485759258270264
priority_scan,44,111,4,1.046297311782837,2.922556161880493
priority_scan,44,112,6,1.209290862083435,2.3821239471435547
priority_scan,44,113,4,1.0953655242919922,3.303272247314453
priority_scan,44,114,6,1.143086552619934,2.3766212463378906
priority_scan,44,115,4,1.0019935369491577,3.128960132598877
priority_scan,44,116,6,1.157089114189148,2.043935537338257
priority_scan,44,117,4,0.9843507409095764,3.7685179710388184
priority_scan,44,118,6,1.1634715795516968,2.2363181114196777
priority_scan,44,119,4,0.94754558801651,1.4929752349853516
priority_scan,44,120,6,1.0526193380355835,1.090052604675293
priority_scan,44,121,4,0.947878897190094,1.6678072214126587
priority_scan,44,122,6,1.2251607179641724,3.0958361625671387
priority_scan,44,123,4,1.0377906560897827,2.0821242332458496
priority_scan,44,124,6,1.1172351837158203,1.4502434730529785
priority_scan,44,125,4,0.9743720293045044,2.616884708404541
priority_scan,44,126,6,1.2430979013442993,2.0667898654937744
priority_scan,44,127,4,1.040855884552002,2.0405290126800537
priority_scan,44,128,6,1.2155706882476807,1.600309133529663
priority_scan,44,129,4,1.0985571146011353,4.37509298324585
priority_scan,44,130,6,1.1700271368026733,2.0805504322052
priority_scan,44,131,4,0.965284526348114,2.6621060371398926
priority_scan,44,132,6,1.084365725517273,1.3250055313110352
priority_scan,44,133,4,0.9475992918014526,1.9912497997283936
priority_scan,44,134,6,1.1291521787643433,2.3185558319091797
priority_scan,44,135,4,0.934467613697052,2.024481773376465
priority_scan,44,136,6,1.1287662982940674,1.6700562238693237
priority_scan,44,137,4,1.0048469305038452,3.190166711807251
priority_scan,44,138,6,1.1364531517028809,1.556863784790039
priority_scan,44,139,4,1.1084908246994019,4.569476127624512
priority_scan,44,140,6,1.1519041061401367,1.6691529750823975
priority_scan,44,141,4,1.110763430595398,3.1761398315429688
priority_scan,44,142,6,1.1671535968780518,1.839788556098938
priority_scan,44,143,4,0.9776140451431274,1.9487756490707397
priority_scan,44,144,6,1.1824864149093628,2.122130870819092
priority_scan,44,145,4,1.0040309429168701,2.380300760269165
priority_scan,44,146,6,1.1797922849655151,2.36851167678833
priority_scan,44,147,4,1.020046353340149,2.0815587043762207
priority_scan,44,148,6,1.1574294567108154,1.8232396841049194
priority_scan,44,149,4,0.9764055609703064,2.9830451011657715
priority_scan,44,150,6,1.1122796535491943,1.8535386323928833
priority_scan,44,151,4,1.0369367599487305,2.0263187885284424
priority_scan,44,152,6,1.1254030466079712,1.8581353425979614
priority_scan,44,153,4,0.9800786972045898,1.7689138650894165
priority_scan,44,154,6,1.1244865655899048,2.0273611545562744
priority_scan,44,155,4,0.9805985689163208,1.8861684799194336
priority_scan,44,156,6,1.165359377861023,1.6653012037277222
priority_scan,44,157,4,1.032283067703247,1.9061675071716309
priority_scan,44,158,6,1.1987727880477905,1.5824044942855835
priority_scan,44,159,4,0.9576098918914795,1.264866590499878
priority_scan,44,160,6,1.1666896343231201,1.5821913480758667
priority_scan,44,161,4,0.9695537090301514,2.4718751907348633
priority_scan,44,162,6,1.1636629104614258,1.5630186796188354
priority_scan,44,163,4,0.982694685459137,1.6458723545074463
priority_scan,44,164,6,1.2178226709365845,1.7337486743927002
priority_scan,44,165,4,1.0557559728622437,2.672203540802002
priority_scan,44,166,6,1.1318739652633667,1.6274477243423462
priority_scan,44,167,4,1.046984076499939,3.2776029109954834
priority_scan,44,168,6,1.1582077741622925,1.558361291885376
priority_scan,44,169,4,0.9843509793281555,1.8914685249328613
priority_scan,44,170,6,1.0871161222457886,1.0371882915496826
priority_scan,44,171,4,0.95001220703125,3.082881212234497
priority_scan,44,172,6,1.1017752885818481,1.31085205078125
priority_scan,44,173,4,0.9511957764625549,1.4334176778793335
priority_scan,44,174,6,1.1347965002059937,1.3623743057250977
priority_scan,44,175,4,1.0730304718017578,2.502821922302246
priority_scan,44,176,6,1.2535468339920044,1.8272252082824707
priority_scan,44,177,4,1.0136722326278687,3.766629219055176
priority_scan,44,178,6,1.1656635999679565,1.2457010746002197
priority_scan,44,179,4,0.9649405479431152,1.9206500053405762
priority_scan,44,180,6,1.1660023927688599,1.6845886707305908
priority_scan,44,181,4,0.8948961496353149,1.6392254829406738
priority_scan,44,182,6,1.1430000066757202,1.7835066318511963
priority_scan,44,183,4,0.9981535077095032,8.459346771240234
priority_scan,44,184,6,1.2331935167312622,2.200984477996826
priority_scan,44,185,4,0.9280171394348145,1.3614654541015625
priority_scan,44,186,6,1.2023388147354126,1.729610800743103
priority_scan,44,187,4,0.9661375284194946,2.0979204177856445
priority_scan,44,188,6,1.1156831979751587,1.1310100555419922
priority_scan,44,189,4,0.9385473728179932,1.209314227104187
priority_scan,44,190,6,1.1739697456359863,1.311006784439087
priority_scan,44,191,4,0.928638756275177,1.910676121711731
priority_scan,44,192,6,1.2080082893371582,2.8278658390045166
priority_scan,44,193,4,0.9744358062744141,1.3408453464508057
priority_scan,44,194,6,1.1447149515151978,0.9799579381942749
priority_scan,44,195,4,1.0337297916412354,2.3921663761138916
priority_scan,44,196,6,1.1288976669311523,1.3564453125
priority_scan,44,197,4,0.9309272170066833,1.250969648361206
priority_scan,44,198,6,1.1510391235351562,1.5945278406143188
priority_scan,44,199,4,0.902557909488678,1.06937837600708
priority_scan,44,200,6,1.106858491897583,1.0238025188446045
priority_scan,44,201,4,0.9272362589836121,1.3738003969192505
priority_scan,44,202,6,1.0919121503829956,1.0045281648635864
priority_scan,44,203,4,1.0257627964019775,2.131103038787842
priority_scan,44,204,6,1.1805768013000488,1.2954602241516113
priority_scan,44,205,4,1.0125669240951538,1.2469133138656616
priority_scan,44,206,6,1.1394444704055786,1.3301975727081299
priority_scan,44,207,4,0.9582811594009399,3.957233428955078
priority_scan,44,208,6,1.1151134967803955,0.9191331267356873
priority_scan,44,209,4,0.9612349271774292,1.1642788648605347
priority_scan,44,210,6,1.1421010494232178,1.1828840970993042
priority_scan,44,211,4,0.9107973575592041,4.828986167907715
priority_scan,44,212,6,1.1372243165969849,1.2927454710006714
priority_scan,44,213,4,0.9178571105003357,1.8694182634353638
priority_scan,44,214,6,1.1528970003128052,1.3296716213226318
priority_scan,44,215,4,0.9306948184967041,1.138203740119934
priority_scan,44,216,6,1.0760259628295898,1.324466586112976
priority_scan,44,217,4,0.9640988707542419,1.7161281108856201
priority_scan,44,218,6,1.1223708391189575,0.6084110736846924
priority_scan,44,219,4,0.9442279934883118,1.2490899562835693
priority_scan,44,220,6,1.0563031435012817,0.8685272932052612
priority_scan,44,221,4,0.9960460066795349,1.9620888233184814
priority_scan,44,222,6,1.0669469833374023,0.8205366134643555
priority_scan,44,223,4,0.9450348615646362,1.1593282222747803
priority_scan,44,224,6,1.1718915700912476,1.131455421447754
priority_scan,44,225,4,0.9171574711799622,1.0257965326309204
priority_scan,44,226,6,1.1945050954818726,1.0555492639541626
priority_scan,44,227,4,0.8999965786933899,1.8459885120391846
priority_scan,44,228,6,1.1445273160934448,1.276674509048462
priority_scan,44,229,4,0.8571396470069885,1.2957271337509155
priority_scan,44,230,6,1.2368513345718384,1.6063705682754517
priority_scan,44,231,4,0.9602171778678894,1.4317212104797363
priority_scan,44,232,6,1.1006879806518555,1.314763069152832
priority_scan,44,233,4,0.942438542842865,1.6054785251617432
priority_scan,44,234,6,1.1929740905761719,1.061220645904541
priority_scan,44,235,4,0.9791834950447083,1.4584112167358398
priority_scan,44,236,6,1.0563799142837524,1.1310538053512573
priority_scan,44,237,4,1.0063260793685913,1.1881157159805298
priority_scan,44,238,6,1.0971523523330688,1.2909220457077026
priority_scan,44,239,4,0.9397270083427429,1.218337059020996
priority_scan,44,240,6,1.1339153051376343,0.9857721924781799
priority_scan,44,241,4,0.9606677889823914,1.276658535003662
priority_scan,44,242,6,1.1514474153518677,0.8062003254890442
priority_scan,44,243,4,0.9572799205780029,1.481760025024414
priority_scan,44,244,6,1.1426869630813599,1.2400568723678589
priority_scan,44,245,4,0.9253672957420349,1.3395949602127075
priority_scan,44,246,6,1.1149765253067017,1.2358382940292358
priority_scan,44,247,4,0.9996183514595032,2.082841396331787
priority_scan,44,248,6,1.1437815427780151,1.1151283979415894
priority_scan,44,249,4,0.9046850800514221,1.6876076459884644
priority_scan,44,250,6,1.1345633268356323,1.0067682266235352
priority_scan,44,251,4,0.9432395696640015,1.1977516412734985
priority_scan,44,252,6,1.099608302116394,0.9959744215011597
priority_scan,44,253,4,0.9328124523162842,1.625807762145996
priority_scan,44,254,6,1.1294450759887695,1.335747241973877
priority_scan,44,255,4,0.988639235496521,0.7664423584938049
priority_scan,44,256,6,1.2149450778961182,1.388179898262024
priority_scan,44,257,4,0.9633618593215942,1.1773951053619385
priority_scan,44,258,6,1.0781264305114746,1.0425411462783813
priority_scan,44,259,4,0.9048642516136169,1.1823644638061523
priority_scan,44,260,6,1.1085540056228638,1.0023812055587769
priority_scan,44,261,4,0.8811050057411194,2.12538743019104
priority_scan,44,262,6,1.1321167945861816,0.9321693181991577
priority_scan,44,263,4,0.953209400177002,1.052674412727356
priority_scan,44,264,6,1.0795329809188843,0.6617991924285889
priority_scan,44,265,4,1.0226869583129883,3.0512800216674805
priority_scan,44,266,6,1.1304720640182495,1.1231203079223633
priority_scan,44,267,4,0.9111828804016113,1.0825700759887695
priority_scan,44,268,6,1.062631607055664,0.7826991081237793
priority_scan,44,269,4,0.962876558303833,1.39194917678833
priority_scan,44,270,6,1.160291314125061,1.0279772281646729
priority_scan,44,271,4,0.9754582047462463,0.8121029734611511
priority_scan,44,272,6,1.0421515703201294,0.8810828924179077
priority_scan,44,273,4,1.0514990091323853,4.85098934173584
priority_scan,44,274,6,1.1200875043869019,1.0812933444976807
priority_scan,44,275,4,0.9528582692146301,1.5102887153625488
priority_scan,44,276,6,1.0828087329864502,0.6892033815383911
priority_scan,44,277,4,0.9820995330810547,2.2810540199279785
priority_scan,44,278,6,1.1333553791046143,1.0216866731643677
priority_scan,44,279,4,0.9185355305671692,1.2761939764022827
priority_scan,44,280,6,1.1365469694137573,1.2585349082946777
priority_scan,44,281,4,0.9887011051177979,2.1108829975128174
priority_scan,44,282,6,1.1216410398483276,0.7535210251808167
priority_scan,44,283,4,1.003854513168335,1.128170371055603
priority_scan,44,284,6,1.0767568349838257,0.6221796870231628
priority_scan,44,285,4,0.9891710877418518,2.2244765758514404
priority_scan,44,286,6,1.1365383863449097,1.0948328971862793
priority_scan,44,287,4,0.9850484132766724,1.2147033214569092
priority_scan,44,288,6,1.1447763442993164,0.9333963990211487
priority_scan,44,289,4,0.9145219922065735,0.8167272210121155
priority_scan,44,290,6,1.1640905141830444,1.084672451019287
priority_scan,44,291,4,1.0168700218200684,1.7491035461425781
priority_scan,44,292,6,1.0774028301239014,0.5924390554428101
priority_scan,44,293,4,0.9913639426231384,5.8714704513549805
priority_scan,44,294,6,1.1290777921676636,1.0388866662979126
priority_scan,44,295,4,0.9698997735977173,1.3667024374008179
priority_scan,44,296,6,1.1096348762512207,1.018573522567749
priority_scan,44,297,4,0.8556157946586609,0.8996031880378723
priority_scan,44,298,6,1.033983826637268,0.6202191710472107
priority_scan,44,299,4,0.8868532180786133,0.9777963161468506
priority_scan,44,300,6,1.1297904253005981,0.8139706254005432
priority_scan,44,301,4,0.9957230091094971,1.644325852394104
priority_scan,44,302,6,1.1145437955856323,0.7398312091827393
priority_scan,44,303,4,0.9015398621559143,0.8303934931755066
priority_scan,44,304,6,1.1267169713974,0.7036418318748474
priority_scan,44,305,4,0.9156336784362793,0.9936894774436951
priority_scan,44,306,6,1.0743731260299683,0.741133987903595
priority_scan,44,307,4,0.9525365233421326,1.3878915309906006
priority_scan,44,308,6,1.1483145952224731,0.7767149806022644
priority_scan,44,309,4,0.9276711940765381,0.8129464387893677
priority_scan,44,310,6,1.1426706314086914,0.8497644662857056
priority_scan,44,311,4,1.0011649131774902,1.4388542175292969
priority_scan,44,312,6,1.1356027126312256,1.334365725517273
priority_scan,44,313,4,0.9946596026420593,1.3353755474090576
priority_scan,44,314,6,1.0812119245529175,0.6699813604354858
priority_scan,44,315,4,0.965166449546814,1.2388101816177368
priority_scan,44,316,6,1.122206687927246,0.9410404562950134
priority_scan,44,317,4,0.9547844529151917,1.1930387020111084
priority_scan,44,318,6,1.154217004776001,0.7266265153884888
priority_scan,44,319,4,0.9100221991539001,0.8226229548454285
priority_scan,44,320,6,1.1702501773834229,1.416983723640442
priority_scan,44,321,4,0.914298951625824,0.9661612510681152
priority_scan,44,322,6,1.121276617050171,0.6699331998825073
priority_scan,44,323,4,0.9521966576576233,1.4127148389816284
priority_scan,44,324,6,1.2101787328720093,0.9557191133499146
priority_scan,44,325,4,0.8687511086463928,0.8309497237205505
priority_scan,44,326,6,1.036620020866394,0.6524256467819214
priority_scan,44,327,4,0.9264742732048035,0.8021145462989807
priority_scan,44,328,6,1.0399621725082397,0.7293092608451843
priority_scan,44,329,4,0.8921102285385132,0.961025059223175
priority_scan,44,330,6,1.0821369886398315,0.677281379699707
priority_scan,44,331,4,0.9033811092376709,0.6208943724632263
priority_scan,44,332,6,1.1281400918960571,1.1030024290084839
priority_scan,44,333,4,0.9126141667366028,1.3323405981063843
priority_scan,44,334,6,1.0741368532180786,0.6365118622779846
priority_scan,44,335,4,0.9376163482666016,0.9279426336288452
priority_scan,44,336,6,1.1263655424118042,0.9116948246955872
priority_scan,44,337,4,0.9252650737762451,1.039298415184021
priority_scan,44,338,6,1.031327486038208,0.4510115087032318
priority_scan,44,339,4,0.9478970170021057,0.6765193343162537
priority_scan,44,340,6,1.1836256980895996,1.2922837734222412
priority_scan,44,341,4,0.9723646640777588,0.9201875925064087
priority_scan,44,342,6,1.1865133047103882,1.230739951133728
priority_scan,44,343,4,0.9653974175453186,0.9859710931777954
priority_scan,44,344,6,1.0698018074035645,0.7371351718902588
priority_scan,44,345,4,0.9498488306999207,0.8787627816200256
priority_scan,44,346,6,1.135147213935852,1.0623276233673096
priority_scan,44,347,4,0.9364839196205139,1.0572388172149658
priority_scan,44,348,6,1.076683521270752,0.5685824155807495
priority_scan,44,349,4,0.9198959469795227,0.8460296392440796
priority_scan,44,350,6,1.093453288078308,0.6524849534034729
priority_scan,44,351,4,0.8831892609596252,0.783567488193512
priority_scan,44,352,6,1.058746337890625,0.7056458592414856
priority_scan,44,353,4,0.9454073905944824,0.9945407509803772
priority_scan,44,354,6,1.067812442779541,0.6664009690284729
priority_scan,44,355,4,0.9388203024864197,0.953856885433197
priority_scan,44,356,6,1.0955694913864136,0.6403953433036804
priority_scan,44,357,4,0.942248523235321,1.4909734725952148
priority_scan,44,358,6,1.1151679754257202,0.9310302138328552
priority_scan,44,359,4,0.922710657119751,0.7902997732162476
priority_scan,44,360,6,1.101625919342041,0.8830145597457886
priority_scan,44,361,4,0.9875343441963196,1.3122994899749756
priority_scan,44,362,6,1.0927003622055054,0.49117782711982727
priority_scan,44,363,4,0.9612264633178711,1.090097188949585
priority_scan,44,364,6,1.0822052955627441,0.8140969276428223
priority_scan,44,365,4,0.9590585827827454,1.3818410634994507
priority_scan,44,366,6,1.2718465328216553,0.7844094038009644
priority_scan,44,367,4,0.9959436058998108,0.8056980967521667
priority_scan,44,368,6,1.0843771696090698,0.7222123742103577
priority_scan,44,369,4,1.0019111633300781,1.2741798162460327
priority_scan,44,370,6,1.092354416847229,0.7192244529724121
priority_scan,44,371,4,0.9265686273574829,2.435079574584961
priority_scan,44,372,6,1.119958758354187,0.9463093280792236
priority_scan,44,373,4,0.9915245771408081,0.6216273307800293
priority_scan,44,374,6,1.0552256107330322,0.5508624911308289
priority_scan,44,375,4,0.8995488882064819,0.7501298785209656
priority_scan,44,376,6,1.1240376234054565,0.7606683373451233
priority_scan,44,377,4,0.9417666792869568,0.9864646792411804
priority_scan,44,378,6,1.1166192293167114,0.7767012119293213
priority_scan,44,379,4,0.9043086767196655,0.9960176944732666
priority_scan,44,380,6,1.1536929607391357,0.6362711787223816
priority_scan,44,381,4,0.9514940977096558,0.9985018968582153
priority_scan,44,382,6,1.0726107358932495,0.588053822517395
priority_scan,44,383,4,0.9804288744926453,0.9271974563598633
priority_scan,44,384,6,1.0663213729858398,0.603886067867279
priority_scan,44,385,4,0.9266225099563599,1.3571949005126953
priority_scan,44,386,6,1.0969191789627075,0.7287307977676392
priority_scan,44,387,4,0.9419209957122803,0.6783356666564941
priority_scan,44,388,6,1.132494568824768,0.6108309626579285
priority_scan,44,389,4,0.9600602388381958,0.7885591387748718
priority_scan,44,390,6,1.136414647102356,0.840127170085907
priority_scan,44,391,4,0.9305375814437866,0.6146290302276611
priority_scan,44,392,6,1.0793153047561646,0.7357017397880554
priority_scan,44,393,4,0.9887533783912659,1.8794499635696411
priority_scan,44,394,6,1.0954948663711548,0.7039896249771118
priority_scan,44,395,4,0.9253078103065491,0.8510969877243042
priority_scan,44,396,6,1.1300848722457886,0.7230649590492249
priority_scan,44,397,4,0.9559639692306519,1.5830960273742676
priority_scan,44,398,6,1.135832667350769,0.8868029117584229
priority_scan,44,399,4,1.0090430974960327,0.9960185289382935
priority_scan,44,400,6,1.0505316257476807,0.6030611395835876
priority_scan,44,401,4,0.8685740828514099,0.6828226447105408
priority_scan,44,402,6,1.0947943925857544,0.6163541674613953
priority_scan,44,403,4,0.8782545924186707,0.5685529112815857
priority_scan,44,404,6,1.0770193338394165,0.8948378562927246
priority_scan,44,405,4,0.877684473991394,0.7302898168563843
priority_scan,44,406,6,1.070414662361145,0.7050632238388062
priority_scan,44,407,4,0.9610666632652283,0.929477334022522
priority_scan,44,408,6,1.08893620967865,0.6242080330848694
priority_scan,44,409,4,0.8986606001853943,1.2107160091400146
priority_scan,44,410,6,1.108210563659668,0.6390705704689026
priority_scan,44,411,4,0.9143406748771667,0.8742497563362122
priority_scan,44,412,6,1.144692063331604,0.739517092704773
priority_scan,44,413,4,0.9879534244537354,1.0429657697677612
priority_scan,44,414,6,1.1716119050979614,0.7425926327705383
priority_scan,44,415,4,1.0398685932159424,1.69193696975708
priority_scan,44,416,6,1.1169527769088745,0.8827183246612549
priority_scan,44,417,4,0.9180096387863159,1.1608891487121582
priority_scan,44,418,6,1.0937001705169678,0.8149545788764954
priority_scan,44,419,4,0.9627472758293152,1.0632801055908203
priority_scan,44,420,6,1.0679014921188354,0.6666654348373413
priority_scan,44,421,4,0.8986919522285461,3.2729568481445312
priority_scan,44,422,6,1.0704139471054077,0.5310667753219604
priority_scan,44,423,4,0.9614108800888062,1.8588498830795288
priority_scan,44,424,6,1.140950083732605,0.8037741780281067
priority_scan,44,425,4,0.979492723941803,1.0062243938446045
priority_scan,44,426,6,1.1800181865692139,0.8261790871620178
priority_scan,44,427,4,0.888028085231781,1.3082889318466187
priority_scan,44,428,6,1.0753086805343628,0.6658470630645752
priority_scan,44,429,4,0.942057728767395,0.6357113718986511
priority_scan,44,430,6,1.1217036247253418,0.8100624084472656
priority_scan,44,431,4,0.9841456413269043,0.7153540849685669
priority_scan,44,432,6,1.1101340055465698,0.6542584300041199
priority_scan,44,433,4,0.9672479033470154,1.083329677581787
priority_scan,44,434,6,1.1201221942901611,0.712405264377594
priority_scan,44,435,4,0.8913311958312988,0.6601531505584717
priority_scan,44,436,6,1.1146541833877563,0.853622317314148
priority_scan,44,437,4,0.9032475352287292,0.8749837279319763
priority_scan,44,438,6,1.1401170492172241,0.7794393301010132
priority_scan,44,439,4,0.9128463864326477,1.0939902067184448
priority_scan,44,440,6,1.0496268272399902,0.6552987098693848
priority_scan,44,441,4,0.9513404965400696,0.8231871724128723
priority_scan,44,442,6,1.0554441213607788,0.5458318591117859
priority_scan,44,443,4,0.9046125411987305,0.6277409195899963
priority_scan,44,444,6,1.0909069776535034,0.6362364888191223
priority_scan,44,445,4,0.9509915113449097,0.8919506669044495
priority_scan,44,446,6,1.1165612936019897,0.7433397769927979
priority_scan,44,447,4,0.9621082544326782,0.5781412720680237
priority_scan,44,448,6,1.0985366106033325,0.687061071395874
priority_scan,44,449,4,0.9657448530197144,0.7502577900886536
priority_scan,44,450,6,1.1181429624557495,0.6194862127304077
priority_scan,44,451,4,0.9533555507659912,0.9185515642166138
priority_scan,44,452,6,1.112610936164856,0.5952271223068237
priority_scan,44,453,4,0.9280218482017517,0.8560112118721008
priority_scan,44,454,6,1.045011281967163,0.6048684120178223
priority_scan,44,455,4,0.9167929291725159,0.5538610816001892
priority_scan,44,456,6,1.1011990308761597,0.6899515390396118
priority_scan,44,457,4,0.9166617393493652,0.840628445148468
priority_scan,44,458,6,1.09699547290802,0.6225050687789917
priority_scan,44,459,4,0.9199702739715576,1.0522621870040894
priority_scan,44,460,6,1.0930553674697876,0.5274960398674011
priority_scan,44,461,4,0.9520785212516785,0.60242760181427
priority_scan,44,462,6,1.1112098693847656,0.7198975682258606
priority_scan,44,463,4,0.9214128851890564,1.3242911100387573
priority_scan,44,464,6,1.051956295967102,0.6638065576553345
priority_scan,44,465,4,0.9312653541564941,0.5865625143051147
priority_scan,44,466,6,1.094292163848877,0.5888985395431519
priority_scan,44,467,4,0.8887684941291809,0.9842561483383179
priority_scan,44,468,6,1.0547561645507812,0.5642077922821045
priority_scan,44,469,4,0.8992118239402771,0.6722592711448669
priority_scan,44,470,6,1.0606333017349243,0.6151632070541382
priority_scan,44,471,4,0.9314324259757996,0.5692527890205383
priority_scan,44,472,6,1.0712001323699951,0.6662042140960693
priority_scan,44,473,4,0.9446240067481995,0.7839099764823914
priority_scan,44,474,6,1.1165180206298828,0.49683329463005066
priority_scan,44,475,4,0.8971651196479797,1.063167929649353
priority_scan,44,476,6,1.0490655899047852,0.8041058778762817
priority_scan,44,477,4,0.8824889063835144,1.048696756362915
priority_scan,44,478,6,1.0521847009658813,0.464052677154541
priority_scan,44,479,4,0.959280252456665,0.7482624053955078
priority_scan,44,480,6,1.1157375574111938,0.6017228960990906
priority_scan,44,481,4,0.8466858267784119,0.9380731582641602
priority_scan,44,482,6,1.0928703546524048,0.6357303857803345
priority_scan,44,483,4,0.9147337079048157,0.9229595065116882
priority_scan,44,484,6,1.0664576292037964,0.8033788204193115
priority_scan,44,485,4,0.8975673913955688,0.9326330423355103
priority_scan,44,486,6,1.1390191316604614,0.8523126840591431
priority_scan,44,487,4,0.8703526258468628,0.6573938727378845
priority_scan,44,488,6,1.0798202753067017,0.5035484433174133
priority_scan,44,489,4,0.9150329828262329,0.9915308356285095
priority_scan,44,490,6,1.0758497714996338,0.5729853510856628
priority_scan,44,491,4,1.0362216234207153,1.1582766771316528
priority_scan,44,492,6,1.145588994026184,0.6720566749572754
priority_scan,44,493,4,0.9646433591842651,1.0925720930099487
priority_scan,44,494,6,1.0777779817581177,0.5551457405090332
priority_scan,44,495,4,0.9626495838165283,0.7126365900039673
priority_scan,44,496,6,1.0585176944732666,0.5537495017051697
priority_scan,44,497,4,0.9375449419021606,1.1443003416061401
priority_scan,44,498,6,1.135135531425476,0.6940816640853882
priority_scan,44,499,4,0.9415079951286316,0.9887986779212952
priority_scan,44,500,6,1.1314157247543335,0.6356023550033569
priority_scan,44,501,4,0.8972950577735901,0.786350429058075
priority_scan,44,502,6,1.0805912017822266,0.646906316280365
priority_scan,44,503,4,0.8737434148788452,0.601742148399353
priority_scan,44,504,6,1.0933679342269897,0.6916729211807251
priority_scan,44,505,4,0.8936840295791626,1.0080201625823975
priority_scan,44,506,6,1.049530029296875,0.6309830546379089
priority_scan,44,507,4,0.9661587476730347,0.7405869960784912
priority_scan,44,508,6,1.0563929080963135,0.5911324620246887
priority_scan,44,509,4,0.9124433398246765,0.581969678401947
priority_scan,44,510,6,1.0842877626419067,0.7309767007827759
priority_scan,44,511,4,0.9584660530090332,0.9948821067810059
priority_scan,44,512,6,1.1433217525482178,0.8615326285362244
priority_scan,44,513,4,0.9279400706291199,0.7342859506607056
priority_scan,44,514,6,1.0722715854644775,0.5640031099319458
priority_scan,44,515,4,0.9014192223548889,0.8447510600090027
priority_scan,44,516,6,1.0950909852981567,0.8400481343269348
priority_scan,44,517,4,0.9405138492584229,0.634709894657135
priority_scan,44,518,6,1.095068097114563,0.6460272669792175
priority_scan,44,519,4,0.9527274370193481,1.5981847047805786
priority_scan,44,520,6,1.0691988468170166,0.7801500558853149
priority_scan,44,521,4,0.9707472920417786,0.9089818596839905
priority_scan,44,522,6,1.0698139667510986,0.6698395609855652
priority_scan,44,523,4,0.9230672717094421,0.6907095909118652
priority_scan,44,524,6,1.0835107564926147,0.7512509822845459
priority_scan,44,525,4,0.957535982131958,0.8290438652038574
priority_scan,44,526,6,1.106121301651001,0.8439581990242004
priority_scan,44,527,4,0.8510701060295105,0.7868055105209351
priority_scan,44,528,6,1.0799732208251953,0.622483491897583
priority_scan,44,529,4,0.9562732577323914,1.7077958583831787
priority_scan,44,530,6,1.0613640546798706,0.7893743515014648
priority_scan,44,531,4,0.9298727512359619,1.2511709928512573
priority_scan,44,532,6,1.1015888452529907,0.7971561551094055
priority_scan,44,533,4,0.9630428552627563,0.7024729251861572
priority_scan,44,534,6,1.0918017625808716,1.0995354652404785
priority_scan,44,535,4,0.9389761686325073,0.8468427658081055
priority_scan,44,536,6,1.0368252992630005,0.611538290977478
priority_scan,44,537,4,1.004831075668335,1.061600923538208
priority_scan,44,538,6,1.088516354560852,0.7920088171958923
priority_scan,44,539,4,0.9737587571144104,1.236614465713501
priority_scan,44,540,6,1.102580189704895,0.7609502673149109
priority_scan,44,541,4,0.8821914196014404,0.43041762709617615
priority_scan,44,542,6,1.1122627258300781,0.5460265278816223
priority_scan,44,543,4,0.8904737234115601,0.5465296506881714
priority_scan,44,544,6,1.0982012748718262,0.5821794867515564
priority_scan,44,545,4,0.9395359754562378,0.5294389724731445
priority_scan,44,546,6,1.1204466819763184,0.6007092595100403
priority_scan,44,547,4,0.9723752737045288,0.9813512563705444
priority_scan,44,548,6,1.0778123140335083,0.4990085959434509
priority_scan,44,549,4,0.9410234689712524,0.6989105939865112
priority_scan,44,550,6,1.0873982906341553,0.5219604969024658
priority_scan,44,551,4,0.9123418927192688,0.6576226949691772
priority_scan,44,552,6,1.1152799129486084,0.8739842176437378
priority_scan,44,553,4,0.9780790209770203,0.9344285130500793
priority_scan,44,554,6,1.0868651866912842,0.7194197177886963
priority_scan,44,555,4,0.942547619342804,0.9716101288795471
priority_scan,44,556,6,1.1016653776168823,0.6221839785575867
priority_scan,44,557,4,0.9335548281669617,0.865730345249176
priority_scan,44,558,6,1.037150263786316,0.523135244846344
priority_scan,44,559,4,0.9667327404022217,1.1938841342926025
priority_scan,44,560,6,1.0480033159255981,0.5057277679443359
priority_scan,44,561,4,0.9037885069847107,0.5876107215881348
priority_scan,44,562,6,1.1081715822219849,0.6790889501571655
priority_scan,44,563,4,0.9177892208099365,0.9322954416275024
priority_scan,44,564,6,1.0982271432876587,0.5637341141700745
priority_scan,44,565,4,0.9653307199478149,0.6302325129508972
priority_scan,44,566,6,1.0722216367721558,0.5940722823143005
priority_scan,44,567,4,0.9428022503852844,0.7895299792289734
priority_scan,44,568,6,1.100949764251709,0.46166756749153137
priority_scan,44,569,4,0.8931377530097961,0.7640403509140015
priority_scan,44,570,6,1.100638508796692,0.83675217628479
priority_scan,44,571,4,0.9349320530891418,0.8566020131111145
priority_scan,44,572,6,1.0494319200515747,0.5143494009971619
priority_scan,44,573,4,0.9740869402885437,0.6349212527275085
priority_scan,44,574,6,1.0987054109573364,0.8466934561729431
priority_scan,44,575,4,0.891604483127594,0.5969926714897156
priority_scan,44,576,6,1.145033836364746,0.7769163250923157
priority_scan,44,577,4,0.9365237951278687,0.6913437247276306
priority_scan,44,578,6,1.0799424648284912,1.0378086566925049
priority_scan,44,579,4,0.9427071809768677,1.3775513172149658
priority_scan,44,580,6,1.0301461219787598,0.4217633306980133
priority_scan,44,581,4,0.8759172558784485,0.5076319575309753
priority_scan,44,582,6,1.134527564048767,0.5907991528511047
priority_scan,44,583,4,0.9014026522636414,0.6620447635650635
priority_scan,44,584,6,1.0421541929244995,0.4509803354740143
priority_scan,44,585,4,0.9034042358398438,0.7738282680511475
priority_scan,44,586,6,1.1091235876083374,0.6623052358627319
priority_scan,44,587,4,0.8953562378883362,0.48818591237068176
priority_scan,44,588,6,1.0770514011383057,0.644821286201477
priority_scan,44,589,4,0.9527966976165771,1.1374911069869995
priority_scan,44,590,6,1.0654056072235107,0.6310480833053589
priority_scan,44,591,4,0.937430202960968,1.2531591653823853
priority_scan,44,592,6,1.0781619548797607,0.6153945922851562
priority_scan,44,593,4,0.9508888125419617,0.611751914024353
priority_scan,44,594,6,1.0389071702957153,0.3702487349510193
priority_scan,44,595,4,0.9032445549964905,0.5333669781684875
priority_scan,44,596,6,1.0862891674041748,0.6987006068229675
priority_scan,44,597,4,0.8775161504745483,0.6573101282119751
priority_scan,44,598,6,1.05355703830719,0.6801127195358276
priority_scan,44,599,4,0.9963109493255615,1.9315056800842285
priority_scan,44,600,6,1.0368643999099731,0.5015809535980225
priority_scan,44,601,4,0.8612357974052429,0.6315809488296509
priority_scan,44,602,6,1.062172293663025,0.4249162971973419
priority_scan,44,603,4,0.8885075449943542,1.0119003057479858
priority_scan,44,604,6,1.059852957725525,0.4500960409641266
priority_scan,44,605,4,0.8804276585578918,0.43144679069519043
priority_scan,44,606,6,1.1139932870864868,0.8405983448028564
priority_scan,44,607,4,0.8873289227485657,0.49243631958961487
priority_scan,44,608,6,1.0496968030929565,0.49233904480934143
priority_scan,44,609,4,0.9073076844215393,0.5393131375312805
priority_scan,44,610,6,1.0619062185287476,0.35599252581596375
priority_scan,44,611,4,0.9504653215408325,0.9946374893188477
priority_scan,44,612,6,1.0568326711654663,0.7296337485313416
priority_scan,44,613,4,0.8812698721885681,0.5960221886634827
priority_scan,44,614,6,1.069047212600708,0.5735312700271606
priority_scan,44,615,4,0.8570619821548462,0.7861987948417664
priority_scan,44,616,6,1.0789599418640137,0.8043472170829773
priority_scan,44,617,4,0.8950767517089844,0.5305348038673401
priority_scan,44,618,6,1.0758881568908691,0.6675541400909424
priority_scan,44,619,4,0.9378148317337036,1.6277060508728027
priority_scan,44,620,6,1.0887178182601929,0.6357985138893127
priority_scan,44,621,4,0.8850011825561523,0.669057309627533
priority_scan,44,622,6,1.0742758512496948,0.5337966084480286
priority_scan,44,623,4,0.8984689116477966,0.6439262628555298
priority_scan,44,624,6,1.0565178394317627,0.789928674697876
priority_scan,44,625,4,0.8520060181617737,0.4942353665828705
priority_scan,44,626,6,1.0388063192367554,0.40460067987442017
priority_scan,44,627,4,0.9062089323997498,0.6480913162231445
priority_scan,44,628,6,1.0422172546386719,0.588033139705658
priority_scan,44,629,4,0.8880734443664551,0.4632430672645569
priority_scan,44,630,6,1.0217400789260864,0.5497950911521912
priority_scan,44,631,4,0.933857798576355,0.8147639036178589
priority_scan,44,632,6,1.0707448720932007,0.5771985650062561
priority_scan,44,633,4,0.8652855753898621,0.5338291525840759
priority_scan,44,634,6,1.044387936592102,0.46708253026008606
priority_scan,44,635,4,0.931137204170227,0.8900055885314941
priority_scan,44,636,6,1.0403873920440674,0.4430660605430603
priority_scan,44,637,4,0.9406539797782898,0.5981760025024414
priority_scan,44,638,6,1.0574036836624146,0.6481631398200989
priority_scan,44,639,4,0.8699821829795837,0.4792903661727905
priority_scan,44,640,6,1.0318595170974731,0.5182724595069885
priority_scan,44,641,4,0.9149625897407532,0.7401350736618042
priority_scan,44,642,6,1.070694088935852,0.43790197372436523
priority_scan,44,643,4,0.9124293923377991,1.3005406856536865
priority_scan,44,644,6,1.0233638286590576,0.5317553281784058
priority_scan,44,645,4,0.9571031332015991,0.8385835886001587
priority_scan,44,646,6,1.0235661268234253,0.4928654432296753
priority_scan,44,647,4,0.8956878781318665,0.7362777590751648
priority_scan,44,648,6,1.061600685119629,0.4562183618545532
priority_scan,44,649,4,0.8977835178375244,0.5679527521133423
priority_scan,44,650,6,1.0818291902542114,0.8743065595626831
priority_scan,44,651,4,0.9271323680877686,0.7334298491477966
priority_scan,44,652,6,1.0575294494628906,0.6035944223403931
priority_scan,44,653,4,0.9526622891426086,0.7730940580368042
priority_scan,44,654,6,1.0466816425323486,0.5753832459449768
priority_scan,44,655,4,0.9965037107467651,0.783915638923645
priority_scan,44,656,6,1.0528165102005005,0.5456555485725403
priority_scan,44,657,4,0.9081176519393921,0.9640091061592102
priority_scan,44,658,6,1.1015111207962036,0.6396561861038208
priority_scan,44,659,4,0.9092538356781006,0.7810683846473694
priority_scan,44,660,6,1.0975333452224731,1.0156490802764893
priority_scan,44,661,4,0.8958001732826233,0.4650633633136749
priority_scan,44,662,6,1.0804911851882935,0.5079476237297058
priority_scan,44,663,4,0.9725077152252197,0.9927477240562439
priority_scan,44,664,6,1.0675007104873657,0.649758517742157
priority_scan,44,665,4,0.9261494278907776,0.6829392910003662
priority_scan,44,666,6,1.0278981924057007,0.556652307510376
priority_scan,44,667,4,0.9330165982246399,0.6763570308685303
priority_scan,44,668,6,1.046048879623413,0.5502098798751831
priority_scan,44,669,4,0.8583082556724548,0.6238604187965393
priority_scan,44,670,6,1.032944917678833,0.4552740752696991
priority_scan,44,671,4,0.8933894634246826,0.9026613831520081
priority_scan,44,672,6,1.050706386566162,0.8375400304794312
priority_scan,44,673,4,0.938529372215271,0.7328802943229675
priority_scan,44,674,6,1.077275037765503,0.6198157072067261
priority_scan,44,675,4,0.9313576817512512,1.0063912868499756
priority_scan,44,676,6,1.0397346019744873,0.49320778250694275
priority_scan,44,677,4,0.8944644331932068,0.691323459148407
priority_scan,44,678,6,1.0198956727981567,0.5858016610145569
priority_scan,44,679,4,0.9519118666648865,0.8870002031326294
priority_scan,44,680,6,1.0729365348815918,0.5285107493400574
priority_scan,44,681,4,0.8908786177635193,0.5277290940284729
priority_scan,44,682,6,1.0222923755645752,0.38446828722953796
priority_scan,44,683,4,0.8744582533836365,0.45463690161705017
priority_scan,44,684,6,1.0504183769226074,0.7454156279563904
priority_scan,44,685,4,0.9010095000267029,0.8531340956687927
priority_scan,44,686,6,1.083361029624939,0.6700904369354248
priority_scan,44,687,4,0.9234760999679565,0.6138925552368164
priority_scan,44,688,6,1.0630353689193726,0.40084806084632874
priority_scan,44,689,4,0.851003110408783,0.5770384669303894
priority_scan,44,690,6,1.066699743270874,0.5358083844184875
priority_scan,44,691,4,0.9274903535842896,0.6815213561058044
priority_scan,44,692,6,1.0504528284072876,0.5430087447166443
priority_scan,44,693,4,0.8946394920349121,1.3948864936828613
priority_scan,44,694,6,1.0450419187545776,0.7263368964195251
priority_scan,44,695,4,0.8746623992919922,0.8770096302032471
priority_scan,44,696,6,1.018702507019043,0.44297555088996887
priority_scan,44,697,4,0.9837684035301208,1.240693211555481
priority_scan,44,698,6,1.0539947748184204,0.7484853267669678
priority_scan,44,699,4,0.8857907056808472,0.6676483154296875
priority_scan,44,700,6,1.040505290031433,0.5677404403686523
priority_scan,44,701,4,0.8815345168113708,0.7474325299263
priority_scan,44,702,6,1.0617249011993408,0.8503901362419128
priority_scan,44,703,4,0.8900273442268372,0.8529258966445923
priority_scan,44,704,6,1.0551835298538208,0.6608014702796936
priority_scan,44,705,4,0.8961409330368042,0.7045218348503113
priority_scan,44,706,6,1.0578912496566772,1.0362926721572876
priority_scan,44,707,4,0.9164124727249146,0.9774758815765381
priority_scan,44,708,6,1.0326060056686401,0.44835466146469116
priority_scan,44,709,4,0.9033944010734558,0.7872240543365479
priority_scan,44,710,6,1.0016435384750366,0.49450916051864624
priority_scan,44,711,4,0.9262845516204834,1.0287896394729614
priority_scan,44,712,6,1.0394871234893799,0.6877569556236267
priority_scan,44,713,4,0.9441713690757751,0.6154795289039612
priority_scan,44,714,6,1.0991910696029663,0.4770549535751343
priority_scan,44,715,4,0.8833164572715759,0.6569438576698303
priority_scan,44,716,6,1.0616828203201294,0.6687689423561096
priority_scan,44,717,4,0.9265254735946655,0.8824968934059143
priority_scan,44,718,6,1.0528593063354492,0.5585941672325134
priority_scan,44,719,4,0.8989236354827881,0.5462910532951355
priority_scan,44,720,6,1.0585730075836182,0.6138963103294373
priority_scan,44,721,4,0.8386224508285522,0.587462842464447
priority_scan,44,722,6,0.992610514163971,0.34952637553215027
priority_scan,44,723,4,0.8375217318534851,0.46340012550354004
priority_scan,44,724,6,1.022205114364624,0.4179270267486572
priority_scan,44,725,4,0.8815418481826782,0.5693103671073914
priority_scan,44,726,6,1.0384565591812134,0.5331593155860901
priority_scan,44,727,4,0.9043738842010498,0.5946691036224365
priority_scan,44,728,6,1.0278139114379883,0.3935714364051819
priority_scan,44,729,4,0.9103200435638428,0.8565683364868164
priority_scan,44,730,6,1.014792799949646,0.5326029062271118
priority_scan,44,731,4,0.9104389548301697,0.7296547889709473
priority_scan,44,732,6,1.0401904582977295,0.6182106733322144
priority_scan,44,733,4,0.9291113615036011,0.8992004990577698
priority_scan,44,734,6,1.065892219543457,0.5017403364181519
priority_scan,44,735,4,0.887622594833374,0.7148648500442505
priority_scan,44,736,6,1.004787564277649,0.43730953335762024
priority_scan,44,737,4,0.8846458792686462,0.5391348600387573
priority_scan,44,738,6,1.0631060600280762,0.5076181888580322
priority_scan,44,739,4,0.8646258115768433,0.8120198845863342
priority_scan,44,740,6,1.0616921186447144,0.5749883651733398
priority_scan,44,741,4,0.9100551605224609,0.6981736421585083
priority_scan,44,742,6,1.0512183904647827,0.5490148067474365
priority_scan,44,743,4,0.8678693175315857,0.5610039234161377
priority_scan,44,744,6,1.0012269020080566,0.3343014419078827
priority_scan,44,745,4,0.9265773296356201,0.7085452675819397
priority_scan,44,746,6,1.051772117614746,0.48692455887794495
priority_scan,44,747,4,0.9200286865234375,0.9071252942085266
priority_scan,44,748,6,1.0126389265060425,0.4813801646232605
priority_scan,44,749,4,0.8986504673957825,0.7822564840316772
priority_scan,44,750,6,1.0371237993240356,0.6511698365211487
priority_scan,44,751,4,0.8678153157234192,0.7430650591850281
priority_scan,44,752,6,1.0543851852416992,0.554381787776947
priority_scan,44,753,4,0.8019930720329285,0.39429569244384766
priority_scan,44,754,6,1.0413780212402344,0.6754031181335449
priority_scan,44,755,4,0.9479528069496155,1.0566143989562988
priority_scan,44,756,6,1.0506764650344849,0.3898705542087555
priority_scan,44,757,4,0.8633954524993896,0.6504812836647034
priority_scan,44,758,6,1.0679150819778442,0.6970518231391907
priority_scan,44,759,4,0.9111368060112,0.8158765435218811
priority_scan,44,760,6,0.9986959099769592,0.5871558785438538
priority_scan,44,761,4,0.9124528765678406,0.9523782730102539
priority_scan,44,762,6,1.0193545818328857,0.6386328339576721
priority_scan,44,763,4,0.8672919869422913,0.5900771617889404
priority_scan,44,764,6,1.040502905845642,0.5339227914810181
priority_scan,44,765,4,0.8866367936134338,0.6901917457580566
priority_scan,44,766,6,1.0307389497756958,0.49473026394844055
priority_scan,44,767,4,0.8406326174736023,0.5312737822532654
priority_scan,44,768,6,1.0480929613113403,0.6523920893669128
priority_scan,44,769,4,0.8423049449920654,0.6007767915725708
priority_scan,44,770,6,1.00592839717865,0.4059441387653351
priority_scan,44,771,4,0.9242757558822632,0.8038133382797241
priority_scan,44,772,6,1.0162746906280518,0.34607627987861633
priority_scan,44,773,4,0.9064368605613708,0.9266118407249451
priority_scan,44,774,6,1.007219672203064,0.7302634716033936
priority_scan,44,775,4,0.903816819190979,0.6007896661758423
priority_scan,44,776,6,1.0203371047973633,0.5215473771095276
priority_scan,44,777,4,0.9065642356872559,0.7289994359016418
priority_scan,44,778,6,1.0313303470611572,0.6248496770858765
priority_scan,44,779,4,0.8703224062919617,0.4578663408756256
priority_scan,44,780,6,1.0056408643722534,0.6186730265617371
priority_scan,44,781,4,0.8395060896873474,0.45869308710098267
priority_scan,44,782,6,1.0333274602890015,0.475970983505249
priority_scan,44,783,4,0.9422110915184021,0.7791174054145813
priority_scan,44,784,6,1.0494840145111084,0.7164809703826904
priority_scan,44,785,4,0.8463965058326721,0.5358405709266663
priority_scan,44,786,6,0.999553918838501,0.35225924849510193
priority_scan,44,787,4,0.8456922173500061,0.5437917709350586
priority_scan,44,788,6,1.0602614879608154,0.747947096824646
priority_scan,44,789,4,0.8523772954940796,0.6097475290298462
priority_scan,44,790,6,1.007934808731079,0.3975900411605835
priority_scan,44,791,4,0.8258473873138428,0.4248250126838684
priority_scan,44,792,6,1.0341674089431763,0.5508941411972046
priority_scan,44,793,4,0.8533183932304382,0.7185086607933044
priority_scan,44,794,6,1.0194026231765747,0.44490429759025574
priority_scan,44,795,4,0.8525403738021851,0.681824266910553
priority_scan,44,796,6,1.0190904140472412,0.7305681109428406
priority_scan,44,797,4,0.8321593999862671,0.43819987773895264
priority_scan,44,798,6,1.0078920125961304,0.5853031873703003
priority_scan,44,799,4,0.8494187593460083,0.7747153639793396
priority_scan,44,800,6,0.9852727055549622,0.4839836061000824
priority_scan,44,801,4,0.8774889707565308,0.7580100893974304
priority_scan,44,802,6,0.9917499423027039,0.37226465344429016
priority_scan,44,803,4,0.8592733144760132,0.5418113470077515
priority_scan,44,804,6,1.0183337926864624,0.6760541200637817
priority_scan,44,805,4,0.8428554534912109,0.6505747437477112
priority_scan,44,806,6,0.996428906917572,0.3339499533176422
priority_scan,44,807,4,0.8699836134910583,0.6766453981399536
priority_scan,44,808,6,1.0452094078063965,0.46970486640930176
priority_scan,44,809,4,0.9198846817016602,1.249611258506775
priority_scan,44,810,6,1.0166964530944824,0.7580234408378601
priority_scan,44,811,4,0.869502067565918,0.8157678246498108
priority_scan,44,812,6,0.9931206703186035,0.744295060634613
priority_scan,44,813,4,0.8873112797737122,1.0041085481643677
priority_scan,44,814,6,0.9757720828056335,0.34461477398872375
priority_scan,44,815,4,0.8534098863601685,0.5375226736068726
priority_scan,44,816,6,1.0277934074401855,0.9619321823120117
priority_scan,44,817,4,0.8383819460868835,0.6350017786026001
priority_scan,44,818,6,0.995907723903656,0.6640677452087402
priority_scan,44,819,4,0.8200128674507141,0.6283547282218933
priority_scan,44,820,6,0.9852195382118225,0.4262375831604004
priority_scan,44,821,4,0.8613459467887878,0.9074844717979431
priority_scan,44,822,6,1.001044511795044,0.4828470051288605
priority_scan,44,823,4,0.8564742207527161,0.8600199222564697
priority_scan,44,824,6,1.0320922136306763,0.6217333078384399
priority_scan,44,825,4,0.8427990078926086,0.5851492285728455
priority_scan,44,826,6,1.0031917095184326,0.5378772616386414
priority_scan,44,827,4,0.8564886450767517,0.6719122529029846
priority_scan,44,828,6,1.00350022315979,0.4835819602012634
priority_scan,44,829,4,0.8536319732666016,0.6895409226417542
priority_scan,44,830,6,0.9845355153083801,0.48683831095695496
priority_scan,44,831,4,0.9041814208030701,0.7297758460044861
priority_scan,44,832,6,0.9946885704994202,0.422334223985672
priority_scan,44,833,4,0.8642827272415161,0.817332923412323
priority_scan,44,834,6,1.021931767463684,0.43751195073127747
priority_scan,44,835,4,0.8762180209159851,0.6806300282478333
priority_scan,44,836,6,0.9854781627655029,0.37302711606025696
priority_scan,44,837,4,0.8986276984214783,1.0604259967803955
priority_scan,44,838,6,1.0230363607406616,0.5051101446151733
priority_scan,44,839,4,0.8968635201454163,0.8802420496940613
priority_scan,44,840,6,1.0022915601730347,0.6985740661621094
priority_scan,44,841,4,0.8052825927734375,0.5023007392883301
priority_scan,44,842,6,0.9872946739196777,0.6829102039337158
priority_scan,44,843,4,0.8615331649780273,0.7265682220458984
priority_scan,44,844,6,0.9973783493041992,0.5214716196060181
priority_scan,44,845,4,0.8892658352851868,0.7859053015708923
priority_scan,44,846,6,0.9914692044258118,0.7896170616149902
priority_scan,44,847,4,0.7964053153991699,0.6210171580314636
priority_scan,44,848,6,0.9970424771308899,0.5713025331497192
priority_scan,44,849,4,0.8591964840888977,0.6899339556694031
priority_scan,44,850,6,1.005317211151123,0.7442755699157715
priority_scan,44,851,4,0.8097834587097168,0.7015706300735474
priority_scan,44,852,6,0.9799813628196716,0.8191272020339966
priority_scan,44,853,4,0.8329739570617676,0.7137085795402527
priority_scan,44,854,6,0.9937889575958252,0.5502419471740723
priority_scan,44,855,4,0.8564547896385193,0.8551874160766602
priority_scan,44,856,6,0.9831767082214355,0.39809462428092957
priority_scan,44,857,4,0.8350061178207397,0.6479861736297607
priority_scan,44,858,6,0.9941060543060303,0.563874363899231
priority_scan,44,859,4,0.8388931155204773,0.8274227380752563
priority_scan,44,860,6,1.0005179643630981,0.9850280284881592
priority_scan,44,861,4,0.86029452085495,1.146884799003601
priority_scan,44,862,6,0.9765541553497314,0.9435361623764038
priority_scan,44,863,4,0.8101457953453064,0.6642664074897766
priority_scan,44,864,6,0.9911872744560242,0.5258880853652954
priority_scan,44,865,4,0.8855555653572083,0.6802850961685181
priority_scan,44,866,6,0.9812407493591309,0.5593968629837036
priority_scan,44,867,4,0.8993110656738281,0.6878520250320435
priority_scan,44,868,6,1.0049458742141724,0.592803955078125
priority_scan,44,869,4,0.8696961998939514,0.529525101184845
priority_scan,44,870,6,1.0007392168045044,0.6173959970474243
priority_scan,44,871,4,0.776911199092865,0.3876313865184784
priority_scan,44,872,6,1.0134750604629517,0.460787832736969
priority_scan,44,873,4,0.807602047920227,0.5106889605522156
priority_scan,44,874,6,0.9985275864601135,0.5377935171127319
priority_scan,44,875,4,0.8150815367698669,1.0793249607086182
priority_scan,44,876,6,0.9814741015434265,0.639537513256073
priority_scan,44,877,4,0.840948224067688,0.8427022695541382
priority_scan,44,878,6,0.9682313799858093,0.5539382696151733
priority_scan,44,879,4,0.8219751715660095,0.5731709003448486
priority_scan,44,880,6,0.9720973372459412,0.5587224364280701
priority_scan,44,881,4,0.8282845616340637,0.5555367469787598
priority_scan,44,882,6,0.9599149823188782,0.36109957098960876
priority_scan,44,883,4,0.8221530318260193,0.5591025352478027
priority_scan,44,884,6,0.9873824119567871,0.4216172993183136
priority_scan,44,885,4,0.8403299450874329,0.6784948110580444
priority_scan,44,886,6,0.9839527010917664,0.46735402941703796
priority_scan,44,887,4,0.8344120383262634,1.0071302652359009
priority_scan,44,888,6,0.9792222380638123,0.5679996609687805
priority_scan,44,889,4,0.8372645378112793,0.6209986805915833
priority_scan,44,890,6,0.9889823794364929,0.5262736082077026
priority_scan,44,891,4,0.8069456219673157,0.5516101121902466
priority_scan,44,892,6,0.971256673336029,0.5042284727096558
priority_scan,44,893,4,0.8233603239059448,0.681892454624176
priority_scan,44,894,6,0.9983091950416565,0.7643516063690186
priority_scan,44,895,4,0.7952550053596497,0.3442654013633728
priority_scan,44,896,6,0.9620084166526794,0.2912141978740692
priority_scan,44,897,4,0.7999017834663391,0.5168805122375488
priority_scan,44,898,6,0.963275134563446,0.5385007262229919
priority_scan,44,899,4,0.8219834566116333,0.48160138726234436
priority_scan,44,900,6,0.984700620174408,0.8003891706466675
position_scan,11,1,4,1.8921724557876587,3.426879405975342
position_scan,11,2,6,2.2276108264923096,7.369851589202881
position_scan,11,3,4,1.8611414432525635,5.062992572784424
position_scan,11,4,6,2.0261871814727783,1.7606161832809448
position_scan,11,5,4,1.7925283908843994,2.8702070713043213
position_scan,11,6,6,1.972068428993225,1.5732066631317139
position_scan,11,7,4,1.7526342868804932,2.2606661319732666
position_scan,11,8,6,1.994289755821228,2.668163776397705
position_scan,11,9,4,1.7040029764175415,1.3850669860839844
position_scan,11,10,6,2.0334389209747314,2.38324236869812
position_scan,11,11,4,1.7936410903930664,2.5333921909332275
position_scan,11,12,6,1.8297148942947388,1.1365453004837036
position_scan,11,13,4,1.6276779174804688,2.5144810676574707
position_scan,11,14,6,1.8926920890808105,1.551766037940979
position_scan,11,15,4,1.6191120147705078,1.961120367050171
position_scan,11,16,6,1.777483582496643,2.011673927307129
position_scan,11,17,4,1.5491341352462769,2.051473379135132
position_scan,11,18,6,1.7529889345169067,1.5102030038833618
position_scan,11,19,4,1.5520226955413818,1.5174767971038818
position_scan,11,20,6,1.6912823915481567,1.6964401006698608
position_scan,11,21,4,1.4909266233444214,2.0544323921203613
position_scan,11,22,6,1.623098373413086,2.0899906158447266
position_scan,11,23,4,1.415693759918213,1.952196717262268
position_scan,11,24,6,1.6179308891296387,5.384847640991211
position_scan,11,25,4,1.3955703973770142,3.8914191722869873
position_scan,11,26,6,1.518887996673584,1.7545846700668335
position_scan,11,27,4,1.3612335920333862,2.065502643585205
position_scan,11,28,6,1.462908387184143,3.4257473945617676
position_scan,11,29,4,1.2314274311065674,2.3854496479034424
position_scan,11,30,6,1.3635605573654175,3.8200931549072266
position_scan,11,31,4,1.286658763885498,7.86970853805542
position_scan,11,32,6,1.3685088157653809,3.1900291442871094
position_scan,11,33,4,1.2183547019958496,6.386512756347656
position_scan,11,34,6,1.4361310005187988,7.331331729888916
position_scan,11,35,4,1.1917489767074585,3.1550116539001465
position_scan,11,36,6,1.3682513236999512,2.6000115871429443
position_scan,11,37,4,1.1906105279922485,7.320053577423096
position_scan,11,38,6,1.1617265939712524,2.4701087474823
position_scan,11,39,4,1.0205029249191284,1.265987753868103
position_scan,11,40,6,1.158010482788086,4.237443447113037
position_scan,11,41,4,1.0626027584075928,2.2608609199523926
position_scan,11,42,6,1.2273980379104614,1.6601157188415527
position_scan,11,43,4,1.034749984741211,6.000019073486328
position_scan,11,44,6,1.2542589902877808,7.745995044708252
position_scan,11,45,4,1.086805820465088,3.2250237464904785
position_scan,11,46,6,1.21336030960083,5.5033464431762695
position_scan,11,47,4,1.013098955154419,5.6368021965026855
position_scan,11,48,6,1.2345402240753174,5.104664325714111
position_scan,11,49,4,1.0927841663360596,5.232450485229492
position_scan,11,50,6,1.1690527200698853,4.712648391723633
position_scan,11,51,4,1.021710753440857,3.515928268432617
position_scan,11,52,6,1.1668659448623657,4.413074970245361
position_scan,11,53,4,1.0417656898498535,2.5236148834228516
position_scan,11,54,6,1.1530522108078003,3.1602487564086914
position_scan,11,55,4,0.9962261319160461,5.513640403747559
position_scan,11,56,6,1.1304351091384888,6.766764163970947
position_scan,11,57,4,0.9600266814231873,4.938595771789551
position_scan,11,58,6,1.0985304117202759,1.5576741695404053
position_scan,11,59,4,1.0242516994476318,4.242732048034668
position_scan,11,60,6,1.068420171737671,2.6715829372406006
position_scan,11,61,4,0.9432085156440735,1.2321546077728271
position_scan,11,62,6,1.1073580980300903,1.8644400835037231
position_scan,11,63,4,0.9750783443450928,7.322151184082031
position_scan,11,64,6,1.0786925554275513,2.747140884399414
position_scan,11,65,4,0.9182664155960083,1.7427136898040771
position_scan,11,66,6,1.1197153329849243,6.412113666534424
position_scan,11,67,4,0.9416208267211914,1.5383557081222534
position_scan,11,68,6,1.0779505968093872,1.3897387981414795
position_scan,11,69,4,0.8976858854293823,1.3040663003921509
position_scan,11,70,6,1.0576236248016357,1.4432661533355713
position_scan,11,71,4,0.9452878832817078,1.871229648590088
position_scan,11,72,6,1.0750833749771118,3.345659017562866
position_scan,11,73,4,1.0219841003417969,7.5060811042785645
position_scan,11,74,6,1.1276994943618774,5.467772483825684
position_scan,11,75,4,0.9664641618728638,1.539791464805603
position_scan,11,76,6,1.1324995756149292,4.811277389526367
position_scan,11,77,4,0.968050479888916,4.966226577758789
position_scan,11,78,6,1.1129478216171265,1.2749189138412476
position_scan,11,79,4,0.9722490310668945,5.91815185546875
position_scan,11,80,6,1.1534820795059204,4.577831745147705
position_scan,11,81,4,0.9719088673591614,2.766639471054077
position_scan,11,82,6,1.171041488647461,6.967216968536377
position_scan,11,83,4,1.0517170429229736,9.329960823059082
position_scan,11,84,6,1.1586588621139526,7.669570446014404
position_scan,11,85,4,0.8870041966438293,1.1681878566741943
position_scan,11,86,6,1.1262770891189575,5.083545207977295
position_scan,11,87,4,0.9966611266136169,5.4310431480407715
position_scan,11,88,6,1.103690266609192,1.6660436391830444
position_scan,11,89,4,0.9947782754898071,1.4062409400939941
position_scan,11,90,6,1.0704253911972046,1.375421404838562
position_scan,11,91,4,0.9435684084892273,2.114758014678955
position_scan,11,92,6,1.0514588356018066,1.4552215337753296
position_scan,11,93,4,0.9529917240142822,1.4039490222930908
position_scan,11,94,6,1.109521508216858,4.543334484100342
position_scan,11,95,4,0.9021658301353455,1.3624634742736816
position_scan,11,96,6,1.0491178035736084,1.4119582176208496
position_scan,11,97,4,0.9619386196136475,3.0952258110046387
position_scan,11,98,6,1.0591678619384766,2.370931386947632
position_scan,11,99,4,0.9626779556274414,1.4293668270111084
position_scan,11,100,6,1.1279629468917847,6.179050922393799
position_scan,11,101,4,0.9719740152359009,5.057274341583252
position_scan,11,102,6,1.0576952695846558,2.861218214035034
position_scan,11,103,4,0.9280841946601868,4.922250270843506
position_scan,11,104,6,1.214874505996704,8.40762710571289
position_scan,11,105,4,0.955019474029541,4.808643341064453
position_scan,11,106,6,1.1058241128921509,1.7883484363555908
position_scan,11,107,4,0.9616854786872864,1.38193678855896
position_scan,11,108,6,1.0994855165481567,3.1796929836273193
position_scan,11,109,4,0.9177953600883484,1.9892996549606323
position_scan,11,110,6,1.0974305868148804,1.4546643495559692
position_scan,11,111,4,0.8927667737007141,1.2462362051010132
position_scan,11,112,6,1.0266469717025757,1.2738529443740845
position_scan,11,113,4,0.9394440650939941,2.0191714763641357
position_scan,11,114,6,1.0642133951187134,0.9465842247009277
position_scan,11,115,4,0.9595788717269897,1.5164756774902344
position_scan,11,116,6,1.0994462966918945,4.021714687347412
position_scan,11,117,4,0.9878346920013428,1.9706698656082153
position_scan,11,118,6,1.0885288715362549,1.1353302001953125
position_scan,11,119,4,0.8692651391029358,0.8238547444343567
position_scan,11,120,6,1.0098878145217896,1.5245648622512817
position_scan,11,121,4,0.8967896103858948,2.8026788234710693
position_scan,11,122,6,1.0961395502090454,2.458979845046997
position_scan,11,123,4,0.904259204864502,1.3443384170532227
position_scan,11,124,6,1.0619336366653442,2.9897301197052
position_scan,11,125,4,0.9014994502067566,1.6161543130874634
position_scan,11,126,6,1.099613070487976,1.6152156591415405
position_scan,11,127,4,0.9859030842781067,2.757092237472534
position_scan,11,128,6,1.0824369192123413,1.8017221689224243
position_scan,11,129,4,0.9260693788528442,1.824143886566162
position_scan,11,130,6,1.0642224550247192,2.441006898880005
position_scan,11,131,4,0.9190208911895752,1.9884477853775024
position_scan,11,132,6,1.0264085531234741,0.9422553777694702
position_scan,11,133,4,0.8912607431411743,2.1095337867736816
position_scan,11,134,6,1.0529223680496216,0.8161725401878357
position_scan,11,135,4,0.9088594913482666,1.0686352252960205
position_scan,11,136,6,1.0544816255569458,2.0752594470977783
position_scan,11,137,4,0.8817225694656372,1.5111349821090698
position_scan,11,138,6,1.061547875404358,0.8828273415565491
position_scan,11,139,4,0.9271438717842102,2.226989269256592
position_scan,11,140,6,1.0527883768081665,1.615609049797058
position_scan,11,141,4,0.8723310828208923,0.8809263110160828
position_scan,11,142,6,1.0636839866638184,1.073728322982788
position_scan,11,143,4,0.9201366901397705,1.7901921272277832
position_scan,11,144,6,1.0469145774841309,1.0210120677947998
position_scan,11,145,4,0.9403550624847412,1.7314481735229492
position_scan,11,146,6,1.0505238771438599,1.3665269613265991
position_scan,11,147,4,0.9614177346229553,2.2632641792297363
position_scan,11,148,6,1.062017798423767,1.1482574939727783
position_scan,11,149,4,0.881629467010498,0.9122825264930725
position_scan,11,150,6,1.0779176950454712,1.2303540706634521
position_scan,11,151,4,0.9322264790534973,1.1262812614440918
position_scan,11,152,6,1.01548433303833,0.7821319699287415
position_scan,11,153,4,0.8841614723205566,1.3766005039215088
position_scan,11,154,6,1.0014430284500122,2.231858968734741
position_scan,11,155,4,0.8967377543449402,1.0414988994598389
position_scan,11,156,6,1.0546233654022217,1.3408613204956055
position_scan,11,157,4,0.9529033303260803,1.387300968170166
position_scan,11,158,6,1.0875115394592285,1.7890729904174805
position_scan,11,159,4,0.8852212429046631,1.6423466205596924
position_scan,11,160,6,1.0613772869110107,0.6776424050331116
position_scan,11,161,4,0.9084673523902893,1.125341773033142
position_scan,11,162,6,1.0509828329086304,1.3847668170928955
position_scan,11,163,4,0.9813144207000732,3.5848488807678223
position_scan,11,164,6,1.0432010889053345,1.1035748720169067
position_scan,11,165,4,0.9352049827575684,1.4818795919418335
position_scan,11,166,6,1.062331199645996,1.8799022436141968
position_scan,11,167,4,0.8751684427261353,1.0731940269470215
position_scan,11,168,6,1.051371693611145,1.5673292875289917
position_scan,11,169,4,0.8981865048408508,3.0799083709716797
position_scan,11,170,6,1.0205336809158325,1.0479446649551392
position_scan,11,171,4,0.9226946234703064,1.2922636270523071
position_scan,11,172,6,1.113416314125061,4.760213375091553
position_scan,11,173,4,0.9256319403648376,3.1046106815338135
position_scan,11,174,6,1.0645956993103027,2.138855218887329
position_scan,11,175,4,1.0000618696212769,5.4311957359313965
position_scan,11,176,6,1.1181339025497437,5.338615417480469
position_scan,11,177,4,1.0198873281478882,6.685087203979492
position_scan,11,178,6,1.038709044456482,0.735336422920227
position_scan,11,179,4,0.9258202314376831,2.231919765472412
position_scan,11,180,6,1.063792109489441,3.3671038150787354
position_scan,11,181,4,0.888628363609314,0.9560222029685974
position_scan,11,182,6,1.0388872623443604,0.7136162519454956
position_scan,11,183,4,0.8631611466407776,2.270188808441162
position_scan,11,184,6,1.0386601686477661,1.665946364402771
position_scan,11,185,4,0.8887268304824829,1.054347276687622
position_scan,11,186,6,1.027455449104309,1.9301013946533203
position_scan,11,187,4,0.9255190491676331,1.411329984664917
position_scan,11,188,6,1.0454851388931274,1.0008306503295898
position_scan,11,189,4,0.9047078490257263,1.9424337148666382
position_scan,11,190,6,1.0232921838760376,0.9784210920333862
position_scan,11,191,4,0.8469161987304688,0.6111420392990112
position_scan,11,192,6,1.0577126741409302,1.5549372434616089
position_scan,11,193,4,0.8781186938285828,0.8639516830444336
position_scan,11,194,6,1.0586897134780884,3.1212363243103027
position_scan,11,195,4,0.8577772378921509,1.6165704727172852
position_scan,11,196,6,1.0703364610671997,1.7773816585540771
position_scan,11,197,4,0.8897427916526794,3.9455604553222656
position_scan,11,198,6,1.0405935049057007,1.151801347732544
position_scan,11,199,4,0.846274733543396,0.7051528692245483
position_scan,11,200,6,1.0294326543807983,3.948941707611084
position_scan,11,201,4,0.8874464631080627,3.082838773727417
position_scan,11,202,6,1.0538263320922852,0.9014453887939453
position_scan,11,203,4,0.948072612285614,4.617218017578125
position_scan,11,204,6,1.1141510009765625,5.658087253570557
position_scan,11,205,4,0.9017815589904785,3.5761947631835938
position_scan,11,206,6,1.0322798490524292,0.8883610963821411
position_scan,11,207,4,0.9304904341697693,2.4510128498077393
position_scan,11,208,6,1.0390753746032715,3.1797633171081543
position_scan,11,209,4,0.9386690855026245,1.4757664203643799
position_scan,11,210,6,1.02133309841156,1.474387288093567
position_scan,11,211,4,0.8993623852729797,2.745331048965454
position_scan,11,212,6,1.0297187566757202,1.2685256004333496
position_scan,11,213,4,0.933506429195404,1.735181212425232
position_scan,11,214,6,1.0066990852355957,0.749024510383606
position_scan,11,215,4,0.8934598565101624,1.3866196870803833
position_scan,11,216,6,1.031006932258606,1.4722521305084229
position_scan,11,217,4,0.8477893471717834,1.2705190181732178
position_scan,11,218,6,1.039352536201477,1.8284826278686523
position_scan,11,219,4,0.8424186110496521,0.7906093597412109
position_scan,11,220,6,1.0192945003509521,0.9249988198280334
position_scan,11,221,4,0.8591505885124207,1.7448234558105469
position_scan,11,222,6,1.030501127243042,2.5405161380767822
position_scan,11,223,4,0.8705641627311707,1.0874149799346924
position_scan,11,224,6,1.0307055711746216,0.9444160461425781
position_scan,11,225,4,0.8533560037612915,1.1454198360443115
position_scan,11,226,6,0.9819195866584778,0.766136646270752
position_scan,11,227,4,0.8368096947669983,1.119966745376587
position_scan,11,228,6,1.0039935111999512,0.7992135882377625
position_scan,11,229,4,0.8508431911468506,1.7828792333602905
position_scan,11,230,6,1.0379325151443481,2.561283826828003
position_scan,11,231,4,0.8580817580223083,2.143688440322876
position_scan,11,232,6,1.0129674673080444,0.9503989219665527
position_scan,11,233,4,0.8628964424133301,2.8219873905181885
position_scan,11,234,6,1.0062593221664429,2.4345459938049316
position_scan,11,235,4,0.8701555132865906,0.9312110543251038
position_scan,11,236,6,1.002137303352356,2.6888601779937744
position_scan,11,237,4,0.858415961265564,1.761124610900879
position_scan,11,238,6,1.0361782312393188,1.3688172101974487
position_scan,11,239,4,0.856990396976471,2.7969255447387695
position_scan,11,240,6,1.0640121698379517,4.3055853843688965
position_scan,11,241,4,0.8669991493225098,2.97003173828125
position_scan,11,242,6,1.01497483253479,1.3506779670715332
position_scan,11,243,4,0.853962779045105,0.816219687461853
position_scan,11,244,6,1.0228397846221924,1.058518409729004
position_scan,11,245,4,0.8395522236824036,1.3749507665634155
position_scan,11,246,6,0.9950439929962158,1.067046880722046
position_scan,11,247,4,0.836531937122345,1.374965786933899
position_scan,11,248,6,1.0237303972244263,1.854508399963379
position_scan,11,249,4,0.8822726607322693,1.5276676416397095
position_scan,11,250,6,1.0145347118377686,1.1580404043197632
position_scan,11,251,4,0.8348836302757263,1.23599374294281
position_scan,11,252,6,0.9932488799095154,1.2913459539413452
position_scan,11,253,4,0.856375515460968,1.161798357963562
position_scan,11,254,6,1.0363234281539917,1.1227933168411255
position_scan,11,255,4,0.854054868221283,1.0521949529647827
position_scan,11,256,6,0.9923092722892761,1.1571905612945557
position_scan,11,257,4,0.8470649123191833,1.3845964670181274
position_scan,11,258,6,1.011101484298706,1.282717227935791
position_scan,11,259,4,0.8551085591316223,1.2662076950073242
position_scan,11,260,6,1.0275713205337524,2.9973368644714355
position_scan,11,261,4,0.8770646452903748,2.6852409839630127
position_scan,11,262,6,1.0447109937667847,2.6796224117279053
position_scan,11,263,4,0.8449119925498962,2.2794315814971924
position_scan,11,264,6,1.027105450630188,2.8843657970428467
position_scan,11,265,4,0.8648850321769714,2.129034996032715
position_scan,11,266,6,0.9963988661766052,1.508958101272583
position_scan,11,267,4,0.8508671522140503,1.445827603340149
position_scan,11,268,6,1.015995979309082,1.1978334188461304
position_scan,11,269,4,0.8753331303596497,1.9545198678970337
position_scan,11,270,6,1.019728660583496,1.599898338317871
position_scan,11,271,4,0.8657916188240051,1.446948528289795
position_scan,11,272,6,1.0139862298965454,2.9418985843658447
position_scan,11,273,4,0.8814291954040527,2.8704264163970947
position_scan,11,274,6,1.0349282026290894,1.5999261140823364
position_scan,11,275,4,0.8711456060409546,1.429923415184021
position_scan,11,276,6,1.0058703422546387,1.1151468753814697
position_scan,11,277,4,0.8544510006904602,1.717802882194519
position_scan,11,278,6,1.002267599105835,1.7981054782867432
position_scan,11,279,4,0.8440052270889282,1.1328377723693848
position_scan,11,280,6,1.0122087001800537,0.9286025762557983
position_scan,11,281,4,0.8018246293067932,0.9694855213165283
position_scan,11,282,6,0.9902322888374329,1.889972448348999
position_scan,11,283,4,0.8384274840354919,0.7582154273986816
position_scan,11,284,6,0.9807705283164978,0.6881441473960876
position_scan,11,285,4,0.8588897585868835,1.499527096748352
position_scan,11,286,6,1.0190037488937378,1.4799684286117554
position_scan,11,287,4,0.8793870210647583,1.412284255027771
position_scan,11,288,6,0.9713749289512634,0.7694442868232727
position_scan,11,289,4,0.8282857537269592,1.4814372062683105
position_scan,11,290,6,1.0021849870681763,0.8114928603172302
position_scan,11,291,4,0.8369725346565247,0.8742527365684509
position_scan,11,292,6,0.9909601807594299,1.7412854433059692
position_scan,11,293,4,0.8103783130645752,0.9098101854324341
position_scan,11,294,6,1.0107091665267944,1.9278974533081055
position_scan,11,295,4,0.8628863096237183,2.754866361618042
position_scan,11,296,6,1.0153851509094238,0.9185808300971985
position_scan,11,297,4,0.8182047009468079,1.3220219612121582
position_scan,11,298,6,0.987697184085846,2.015472888946533
position_scan,11,299,4,0.8354172706604004,1.4252291917800903
position_scan,11,300,6,0.9992517828941345,0.7663413882255554
position_scan,11,301,4,0.8284273743629456,0.7378409504890442
position_scan,11,302,6,1.0146232843399048,0.8018034100532532
position_scan,11,303,4,0.8558598756790161,1.3742921352386475
position_scan,11,304,6,0.9978751540184021,2.2041568756103516
position_scan,11,305,4,0.8535473346710205,1.4265776872634888
position_scan,11,306,6,1.006079077720642,0.7182611227035522
position_scan,11,307,4,0.8317272663116455,2.448375940322876
position_scan,11,308,6,1.016355276107788,1.7158721685409546
position_scan,11,309,4,0.8363515138626099,0.9090772271156311
position_scan,11,310,6,1.0206103324890137,2.2141926288604736
position_scan,11,311,4,0.8463554382324219,2.3637661933898926
position_scan,11,312,6,1.007940411567688,2.2044389247894287
position_scan,11,313,4,0.8413203358650208,1.4308329820632935
position_scan,11,314,6,0.9994046688079834,2.499121904373169
position_scan,11,315,4,0.849904477596283,0.8012397289276123
position_scan,11,316,6,1.0192534923553467,0.7391012907028198
position_scan,11,317,4,0.8452495336532593,1.0905523300170898
position_scan,11,318,6,1.0209239721298218,2.5066750049591064
position_scan,11,319,4,0.8372811675071716,1.232068419456482
position_scan,11,320,6,0.9807754158973694,0.8365153670310974
position_scan,11,321,4,0.8725454807281494,2.082608938217163
position_scan,11,322,6,0.9888560175895691,1.6975020170211792
position_scan,11,323,4,0.8312479853630066,1.0158003568649292
position_scan,11,324,6,0.9987340569496155,2.5844650268554688
position_scan,11,325,4,0.835436999797821,2.6241190433502197
position_scan,11,326,6,1.0007781982421875,2.517507314682007
position_scan,11,327,4,0.8543455004692078,0.9827531576156616
position_scan,11,328,6,0.9873523116111755,1.2292823791503906
position_scan,11,329,4,0.8524724245071411,1.9019242525100708
position_scan,11,330,6,0.9978542327880859,1.0763020515441895
position_scan,11,331,4,0.851508378982544,1.3357197046279907
position_scan,11,332,6,0.9761973023414612,1.05354642868042
position_scan,11,333,4,0.8083823919296265,2.314955711364746
position_scan,11,334,6,1.013563632965088,1.7857345342636108
position_scan,11,335,4,0.8500446677207947,1.1410541534423828
position_scan,11,336,6,1.0224547386169434,2.8217062950134277
position_scan,11,337,4,0.896000862121582,2.856809377670288
position_scan,11,338,6,0.9917853474617004,2.570098876953125
position_scan,11,339,4,0.8693181872367859,1.704830288887024
position_scan,11,340,6,0.9855220317840576,0.8828625679016113
position_scan,11,341,4,0.850020170211792,1.5815023183822632
position_scan,11,342,6,0.9779224991798401,1.02121901512146
position_scan,11,343,4,0.8085063695907593,1.45803964138031
position_scan,11,344,6,0.976402997970581,0.7743092775344849
position_scan,11,345,4,0.8067145943641663,0.8505402207374573
position_scan,11,346,6,0.9984259605407715,0.6615855097770691
position_scan,11,347,4,0.8395012617111206,1.5188592672348022
position_scan,11,348,6,0.9743268489837646,0.6372436285018921
position_scan,11,349,4,0.8293591141700745,0.9548782110214233
position_scan,11,350,6,0.9968556761741638,1.573798418045044
position_scan,11,351,4,0.8319776654243469,0.7228984832763672
position_scan,11,352,6,0.9900028109550476,1.1420387029647827
position_scan,11,353,4,0.8360282182693481,1.3726623058319092
position_scan,11,354,6,0.9797521233558655,1.0025029182434082
position_scan,11,355,4,0.8335574269294739,1.005398154258728
position_scan,11,356,6,1.0001118183135986,2.4852681159973145
position_scan,11,357,4,0.8125743269920349,0.9174465537071228
position_scan,11,358,6,1.009676218032837,1.8443806171417236
position_scan,11,359,4,0.8899921178817749,2.3550288677215576
position_scan,11,360,6,0.9976499080657959,2.101414442062378
position_scan,11,361,4,0.8240182995796204,1.4003703594207764
position_scan,11,362,6,1.0043187141418457,1.8395625352859497
position_scan,11,363,4,0.8494580984115601,1.279984474182129
position_scan,11,364,6,1.0070031881332397,1.9495632648468018
position_scan,11,365,4,0.8259293437004089,1.4678189754486084
position_scan,11,366,6,1.0159754753112793,2.003643274307251
position_scan,11,367,4,0.8649364709854126,1.929821491241455
position_scan,11,368,6,0.9798639416694641,0.8290963768959045
position_scan,11,369,4,0.8148846626281738,0.9585192799568176
position_scan,11,370,6,0.9799888134002686,1.5544781684875488
position_scan,11,371,4,0.8522530198097229,1.4910194873809814
position_scan,11,372,6,0.985072135925293,1.0574971437454224
position_scan,11,373,4,0.8410813212394714,0.7374230027198792
position_scan,11,374,6,0.9842126369476318,1.8322288990020752
position_scan,11,375,4,0.839540421962738,0.9218078255653381
position_scan,11,376,6,0.9928925633430481,0.7228594422340393
position_scan,11,377,4,0.8499242663383484,2.0634398460388184
position_scan,11,378,6,0.9747238755226135,0.9582910537719727
position_scan,11,379,4,0.8328456878662109,0.8338330984115601
position_scan,11,380,6,0.9816842079162598,1.7679446935653687
position_scan,11,381,4,0.8393146991729736,1.0851269960403442
position_scan,11,382,6,0.9882512092590332,1.6441476345062256
position_scan,11,383,4,0.8519633412361145,2.39787220954895
position_scan,11,384,6,0.9923309683799744,1.891785740852356
position_scan,11,385,4,0.8414288759231567,1.8993606567382812
position_scan,11,386,6,1.0065323114395142,1.4391944408416748
position_scan,11,387,4,0.8580510020256042,1.2922581434249878
position_scan,11,388,6,1.016823172569275,0.9989784955978394
position_scan,11,389,4,0.8311334848403931,1.417294979095459
position_scan,11,390,6,0.9826861023902893,0.6045562028884888
position_scan,11,391,4,0.8068351745605469,1.0962039232254028
position_scan,11,392,6,0.9780341982841492,1.5820388793945312
position_scan,11,393,4,0.8298376202583313,1.0173344612121582
position_scan,11,394,6,0.9928869605064392,1.1038450002670288
position_scan,11,395,4,0.8620330095291138,1.4200550317764282
position_scan,11,396,6,1.0061521530151367,2.704322576522827
position_scan,11,397,4,0.8555127382278442,1.741822600364685
position_scan,11,398,6,0.968235433101654,0.43477270007133484
position_scan,11,399,4,0.8118573427200317,0.8165276050567627
position_scan,11,400,6,1.015709400177002,2.6524856090545654
position_scan,11,401,4,0.8228933811187744,1.1279380321502686
position_scan,11,402,6,0.9740579128265381,0.7429447770118713
position_scan,11,403,4,0.8876025676727295,2.195272922515869
position_scan,11,404,6,1.0254448652267456,2.7106869220733643
position_scan,11,405,4,0.8939222693443298,2.537203550338745
position_scan,11,406,6,0.9701645970344543,0.7108114957809448
position_scan,11,407,4,0.8030345439910889,1.353868842124939
position_scan,11,408,6,1.012624740600586,2.910409927368164
position_scan,11,409,4,0.8268517255783081,1.9187525510787964
position_scan,11,410,6,0.9664595723152161,1.1363389492034912
position_scan,11,411,4,0.8294345140457153,1.7212131023406982
position_scan,11,412,6,0.9934238791465759,2.511932373046875
position_scan,11,413,4,0.852706253528595,2.3402957916259766
position_scan,11,414,6,0.9760045409202576,1.2961783409118652
position_scan,11,415,4,0.8031521439552307,0.8679340481758118
position_scan,11,416,6,0.9808103442192078,1.8368442058563232
position_scan,11,417,4,0.8601309061050415,1.8329066038131714
position_scan,11,418,6,1.0244754552841187,1.2973594665527344
position_scan,11,419,4,0.8093823194503784,0.6428389549255371
position_scan,11,420,6,0.962348461151123,0.5431936979293823
position_scan,11,421,4,0.8256220817565918,2.0792672634124756
position_scan,11,422,6,0.9681170582771301,1.8999630212783813
position_scan,11,423,4,0.8200081586837769,1.2192819118499756
position_scan,11,424,6,1.0124410390853882,2.0689549446105957
position_scan,11,425,4,0.8556322455406189,1.829863429069519
position_scan,11,426,6,0.9895209670066833,2.1476757526397705
position_scan,11,427,4,0.8464310169219971,0.9644717574119568
position_scan,11,428,6,0.978538990020752,0.5614768862724304
position_scan,11,429,4,0.8397287726402283,1.5885940790176392
position_scan,11,430,6,0.9705071449279785,1.1709318161010742
position_scan,11,431,4,0.8209884762763977,1.1019033193588257
position_scan,11,432,6,0.977113664150238,1.6219112873077393
position_scan,11,433,4,0.8126745223999023,2.2065799236297607
position_scan,11,434,6,1.0020333528518677,2.0791478157043457
position_scan,11,435,4,0.8074690699577332,0.7469221353530884
position_scan,11,436,6,0.9915650486946106,1.1939858198165894
position_scan,11,437,4,0.8119004964828491,1.9858760833740234
position_scan,11,438,6,0.9753574728965759,1.5522805452346802
position_scan,11,439,4,0.7963703870773315,0.7439624071121216
position_scan,11,440,6,1.00679612159729,1.589156150817871
position_scan,11,441,4,0.8400864005088806,1.2683584690093994
position_scan,11,442,6,0.9946386814117432,1.597544550895691
position_scan,11,443,4,0.8042752742767334,0.6759390234947205
position_scan,11,444,6,0.9618868827819824,1.1936790943145752
position_scan,11,445,4,0.7922129034996033,1.1749849319458008
position_scan,11,446,6,0.9517219066619873,0.3982241451740265
position_scan,11,447,4,0.7928006649017334,0.47663089632987976
position_scan,11,448,6,0.9781877398490906,0.9855481386184692
position_scan,11,449,4,0.8135503530502319,0.6524158716201782
position_scan,11,450,6,0.950179398059845,0.8364395499229431
position_scan,11,451,4,0.8276313543319702,0.7763442993164062
position_scan,11,452,6,0.9834370613098145,0.774308443069458
position_scan,11,453,4,0.8225721716880798,1.1476500034332275
position_scan,11,454,6,0.9636107087135315,0.6846893429756165
position_scan,11,455,4,0.8084327578544617,0.8637050986289978
position_scan,11,456,6,0.9606130123138428,1.1714224815368652
position_scan,11,457,4,0.7880312204360962,1.1496174335479736
position_scan,11,458,6,0.9623970985412598,0.7523738741874695
position_scan,11,459,4,0.7930715680122375,0.8460935354232788
position_scan,11,460,6,0.9599511027336121,1.009814739227295
position_scan,11,461,4,0.7916480302810669,0.5285128355026245
position_scan,11,462,6,0.9554281830787659,0.8273172974586487
position_scan,11,463,4,0.8166146278381348,0.7546552419662476
position_scan,11,464,6,0.9496128559112549,0.339778333902359
position_scan,11,465,4,0.7844642996788025,0.7658703327178955
position_scan,11,466,6,0.9587869644165039,0.5295888185501099
position_scan,11,467,4,0.7964561581611633,0.5818061232566833
position_scan,11,468,6,0.9445344805717468,0.6744241118431091
position_scan,11,469,4,0.7909693717956543,0.6033720374107361
position_scan,11,470,6,0.9595265984535217,0.4778408408164978
position_scan,11,471,4,0.8192825317382812,0.938132107257843
position_scan,11,472,6,0.9679739475250244,0.6195582747459412
position_scan,11,473,4,0.8026629686355591,0.7066558599472046
position_scan,11,474,6,0.9483190178871155,0.6005295515060425
position_scan,11,475,4,0.7985435128211975,0.6946491003036499
position_scan,11,476,6,0.9666977524757385,0.7873404622077942
position_scan,11,477,4,0.7710829973220825,0.6130853295326233
position_scan,11,478,6,0.9807824492454529,0.9499526619911194
position_scan,11,479,4,0.8148909211158752,0.8085810542106628
position_scan,11,480,6,0.9591959118843079,1.0967187881469727
position_scan,11,481,4,0.806339681148529,0.5972768664360046
position_scan,11,482,6,0.9828813076019287,0.6412174701690674
position_scan,11,483,4,0.8039829730987549,1.284569263458252
position_scan,11,484,6,0.9514713287353516,0.5167613625526428
position_scan,11,485,4,0.8054190278053284,0.7041131854057312
position_scan,11,486,6,0.943851888179779,1.2846109867095947
position_scan,11,487,4,0.7915134429931641,0.671875536441803
position_scan,11,488,6,0.9482349753379822,0.6446355581283569
position_scan,11,489,4,0.8229736089706421,1.153738260269165
position_scan,11,490,6,0.9452905058860779,0.6651363968849182
position_scan,11,491,4,0.8132604956626892,0.9086716771125793
position_scan,11,492,6,0.949946939945221,0.9127524495124817
position_scan,11,493,4,0.8154228925704956,0.9061914086341858
position_scan,11,494,6,0.9768557548522949,0.6792747974395752
position_scan,11,495,4,0.7969018816947937,0.8160843253135681
position_scan,11,496,6,0.9394598007202148,0.6647579669952393
position_scan,11,497,4,0.7839251756668091,0.5361327528953552
position_scan,11,498,6,0.9539324641227722,0.46138328313827515
position_scan,11,499,4,0.7971697449684143,0.7405346632003784
position_scan,11,500,6,0.9653710722923279,0.6633154153823853
position_scan,11,501,4,0.8260735273361206,1.3386311531066895
position_scan,11,502,6,0.9677515029907227,0.9852520227432251
position_scan,11,503,4,0.8064413070678711,0.8182833194732666
position_scan,11,504,6,0.9610942006111145,0.7723376750946045
position_scan,11,505,4,0.7758194208145142,0.6587458848953247
position_scan,11,506,6,0.9622621536254883,0.6292334794998169
position_scan,11,507,4,0.8087480068206787,0.7350822687149048
position_scan,11,508,6,0.9573028683662415,0.60325688123703
position_scan,11,509,4,0.8101820349693298,0.6938135623931885
position_scan,11,510,6,0.9567505717277527,0.7347609996795654
position_scan,11,511,4,0.7882236838340759,1.2889983654022217
position_scan,11,512,6,0.9662477374076843,0.7379321455955505
position_scan,11,513,4,0.8127501010894775,0.5887483358383179
position_scan,11,514,6,0.9653332829475403,1.7013665437698364
position_scan,11,515,4,0.7995652556419373,0.8002665042877197
position_scan,11,516,6,0.9588536620140076,0.566321611404419
position_scan,11,517,4,0.813657283782959,1.8359333276748657
position_scan,11,518,6,0.9624097347259521,0.9162254333496094
position_scan,11,519,4,0.7790981531143188,0.7767691612243652
position_scan,11,520,6,0.9607860445976257,1.9465938806533813
position_scan,11,521,4,0.794714629650116,0.887231707572937
position_scan,11,522,6,0.9918365478515625,1.180709958076477
position_scan,11,523,4,0.8290719985961914,1.7505502700805664
position_scan,11,524,6,0.9661708474159241,0.6635344624519348
position_scan,11,525,4,0.8165311217308044,0.8003478646278381
position_scan,11,526,6,0.9438113570213318,0.8434243202209473
position_scan,11,527,4,0.7935308814048767,0.7473570108413696
position_scan,11,528,6,0.9510774612426758,0.3465452790260315
position_scan,11,529,4,0.7898828983306885,0.7680972218513489
position_scan,11,530,6,0.972042977809906,0.8100095391273499
position_scan,11,531,4,0.772448718547821,0.4558337926864624
position_scan,11,532,6,0.9588413834571838,0.6467196345329285
position_scan,11,533,4,0.8324423432350159,1.567133903503418
position_scan,11,534,6,0.9601127505302429,0.5792450308799744
position_scan,11,535,4,0.7932512760162354,0.6278723478317261
position_scan,11,536,6,0.9417593479156494,0.6151131391525269
position_scan,11,537,4,0.8034901022911072,0.611758828163147
position_scan,11,538,6,0.9432212710380554,0.47642314434051514
position_scan,11,539,4,0.8151495456695557,1.1963505744934082
position_scan,11,540,6,0.9554221034049988,0.6537336111068726
position_scan,11,541,4,0.7909058928489685,0.6675247550010681
position_scan,11,542,6,0.9502608776092529,0.7303460836410522
position_scan,11,543,4,0.8072369694709778,1.250333309173584
position_scan,11,544,6,0.9444125294685364,0.5290154814720154
position_scan,11,545,4,0.7820428013801575,0.6461359858512878
position_scan,11,546,6,0.9480306506156921,0.8766234517097473
position_scan,11,547,4,0.7741430997848511,1.059047818183899
position_scan,11,548,6,0.9471085667610168,0.6987026333808899
position_scan,11,549,4,0.789542019367218,0.7248297929763794
position_scan,11,550,6,0.9495515823364258,0.668594479560852
position_scan,11,551,4,0.8105943202972412,1.4415984153747559
position_scan,11,552,6,0.9420079588890076,0.39859288930892944
position_scan,11,553,4,0.8248445987701416,1.1726441383361816
position_scan,11,554,6,0.947709321975708,1.0781099796295166
position_scan,11,555,4,0.7920423150062561,0.6759174466133118
position_scan,11,556,6,0.9429273009300232,0.4129652976989746
position_scan,11,557,4,0.8318489789962769,1.4626240730285645
position_scan,11,558,6,0.9448208808898926,0.6383374929428101
position_scan,11,559,4,0.7995798587799072,0.6770318150520325
position_scan,11,560,6,0.9695789813995361,1.4125474691390991
position_scan,11,561,4,0.7900970578193665,0.632165789604187
position_scan,11,562,6,0.9427738189697266,0.35644271969795227
position_scan,11,563,4,0.7890781760215759,0.8004855513572693
position_scan,11,564,6,0.945540189743042,1.2064383029937744
position_scan,11,565,4,0.8288072943687439,1.0145325660705566
position_scan,11,566,6,0.9480132460594177,0.5675967335700989
position_scan,11,567,4,0.7788673639297485,0.43593987822532654
position_scan,11,568,6,0.9598395228385925,0.42124834656715393
position_scan,11,569,4,0.8008200526237488,0.9723365306854248
position_scan,11,570,6,0.9519879221916199,1.07781982421875
position_scan,11,571,4,0.8110873699188232,0.7549152374267578
position_scan,11,572,6,0.9545135498046875,0.9017921090126038
position_scan,11,573,4,0.8111922740936279,0.965100109577179
position_scan,11,574,6,0.9577096104621887,0.526082456111908
position_scan,11,575,4,0.7855998873710632,0.7866623997688293
position_scan,11,576,6,0.9661076664924622,1.2331575155258179
position_scan,11,577,4,0.7958248853683472,0.6233246326446533
position_scan,11,578,6,0.9479761123657227,0.5415723323822021
position_scan,11,579,4,0.7812371253967285,0.8548106551170349
position_scan,11,580,6,0.939567506313324,0.4553275406360626
position_scan,11,581,4,0.7955721616744995,0.6886326670646667
position_scan,11,582,6,0.9501840472221375,1.0742547512054443
position_scan,11,583,4,0.7795253992080688,0.8369057774543762
position_scan,11,584,6,0.9578436017036438,0.6413978338241577
position_scan,11,585,4,0.7842671275138855,0.6492012143135071
position_scan,11,586,6,0.9426578879356384,1.0284709930419922
position_scan,11,587,4,0.7675046920776367,0.5992615222930908
position_scan,11,588,6,0.9414687752723694,0.9225180149078369
position_scan,11,589,4,0.798339307308197,1.2795073986053467
position_scan,11,590,6,0.9554142951965332,0.888874888420105
position_scan,11,591,4,0.8128015398979187,0.8229414224624634
position_scan,11,592,6,0.9313303828239441,0.723196268081665
position_scan,11,593,4,0.823421835899353,1.5320765972137451
position_scan,11,594,6,0.9464390277862549,0.8017646670341492
position_scan,11,595,4,0.776260256767273,0.4857155382633209
position_scan,11,596,6,0.9386999011039734,1.3620537519454956
position_scan,11,597,4,0.795880138874054,0.7379229664802551
position_scan,11,598,6,0.9514877200126648,0.4813670814037323
position_scan,11,599,4,0.7933899760246277,1.154297947883606
position_scan,11,600,6,0.9498293995857239,0.5129153728485107
position_scan,11,601,4,0.7716953158378601,0.4458753168582916
position_scan,11,602,6,0.944603681564331,0.7713534235954285
position_scan,11,603,4,0.7786809206008911,0.6093111038208008
position_scan,11,604,6,0.94815593957901,0.5642527341842651
position_scan,11,605,4,0.7724295854568481,0.8992225527763367
position_scan,11,606,6,0.9566885828971863,1.0621339082717896
position_scan,11,607,4,0.7620392441749573,0.6261975765228271
position_scan,11,608,6,0.9457536339759827,0.45169875025749207
position_scan,11,609,4,0.7795920372009277,1.5187175273895264
position_scan,11,610,6,0.9369428157806396,0.9291526675224304
position_scan,11,611,4,0.7821834087371826,0.620118260383606
position_scan,11,612,6,0.9416725039482117,1.690266489982605
position_scan,11,613,4,0.7875912189483643,0.8340166807174683
position_scan,11,614,6,0.9556469321250916,0.6116562485694885
position_scan,11,615,4,0.7925212383270264,1.2511392831802368
position_scan,11,616,6,0.9334371089935303,0.5956643223762512
position_scan,11,617,4,0.771533191204071,0.8707581758499146
position_scan,11,618,6,0.9269126057624817,0.3444425165653229
position_scan,11,619,4,0.7907472848892212,1.3835458755493164
position_scan,11,620,6,0.9484325051307678,0.5318573117256165
position_scan,11,621,4,0.7683348655700684,0.5459235310554504
position_scan,11,622,6,0.9495939612388611,1.406625509262085
position_scan,11,623,4,0.7645314335823059,0.473119854927063
position_scan,11,624,6,0.957707405090332,0.854968249797821
position_scan,11,625,4,0.7625789046287537,1.1496450901031494
position_scan,11,626,6,0.934248685836792,0.7344710230827332
position_scan,11,627,4,0.7778078317642212,0.9016857147216797
position_scan,11,628,6,0.9389724135398865,0.6665309071540833
position_scan,11,629,4,0.7932235598564148,1.7182948589324951
position_scan,11,630,6,0.9523096084594727,1.2693699598312378
position_scan,11,631,4,0.7799803614616394,0.7098460793495178
position_scan,11,632,6,0.9636046886444092,2.2319538593292236
position_scan,11,633,4,0.7993754744529724,2.1514689922332764
position_scan,11,634,6,0.9430565237998962,1.3699369430541992
position_scan,11,635,4,0.8120903372764587,2.2828104496002197
position_scan,11,636,6,0.9610814452171326,2.136559247970581
position_scan,11,637,4,0.7931666374206543,1.2648372650146484
position_scan,11,638,6,0.9540302753448486,1.1615132093429565
position_scan,11,639,4,0.7884026169776917,1.0840648412704468
position_scan,11,640,6,0.9421277046203613,0.9880654811859131
position_scan,11,641,4,0.77988600730896,1.5636837482452393
position_scan,11,642,6,0.9454317092895508,1.3854337930679321
position_scan,11,643,4,0.7841399312019348,1.1978015899658203
position_scan,11,644,6,0.9440193772315979,1.4174963235855103
position_scan,11,645,4,0.7674394249916077,0.9701458811759949
position_scan,11,646,6,0.9592906832695007,0.9362581968307495
position_scan,11,647,4,0.808791995048523,1.5095407962799072
position_scan,11,648,6,0.9483068585395813,1.2635014057159424
position_scan,11,649,4,0.7754102349281311,0.6653206944465637
position_scan,11,650,6,0.9565052390098572,1.9869037866592407
position_scan,11,651,4,0.7881736755371094,1.3990784883499146
position_scan,11,652,6,0.9512012600898743,0.8840658664703369
position_scan,11,653,4,0.7924795150756836,1.8675274848937988
position_scan,11,654,6,0.9772698283195496,2.4631001949310303
position_scan,11,655,4,0.7971097826957703,1.8926653861999512
position_scan,11,656,6,0.9152838587760925,0.6442596912384033
position_scan,11,657,4,0.779830813407898,1.1955592632293701
position_scan,11,658,6,0.9554713368415833,1.2749755382537842
position_scan,11,659,4,0.7896319627761841,0.8056225776672363
position_scan,11,660,6,0.9257669448852539,1.290507197380066
position_scan,11,661,4,0.7710345983505249,1.0516008138656616
position_scan,11,662,6,0.9490728378295898,1.5184332132339478
position_scan,11,663,4,0.7535712718963623,1.4084112644195557
position_scan,11,664,6,0.9409174919128418,0.8978316783905029
position_scan,11,665,4,0.7863569259643555,1.5516163110733032
position_scan,11,666,6,0.9502127170562744,1.538325309753418
position_scan,11,667,4,0.7783552408218384,0.7938272953033447
position_scan,11,668,6,0.9465882778167725,1.1429191827774048
position_scan,11,669,4,0.769797146320343,0.8104273080825806
position_scan,11,670,6,0.9420015215873718,0.6984285712242126
position_scan,11,671,4,0.7872986793518066,1.2828739881515503
position_scan,11,672,6,0.9348475933074951,0.6294482946395874
position_scan,11,673,4,0.7877185344696045,0.8727607131004333
position_scan,11,674,6,0.9304782748222351,1.234846591949463
position_scan,11,675,4,0.7871198654174805,0.890039324760437
position_scan,11,676,6,0.9312717914581299,0.6876838207244873
position_scan,11,677,4,0.7579111456871033,1.1722838878631592
position_scan,11,678,6,0.9331708550453186,0.48417097330093384
position_scan,11,679,4,0.7559338808059692,0.6423298120498657
position_scan,11,680,6,0.9456166625022888,1.0347663164138794
position_scan,11,681,4,0.7596701383590698,0.5861485600471497
position_scan,11,682,6,0.9317001700401306,0.4873791038990021
position_scan,11,683,4,0.7780548930168152,1.1031930446624756
position_scan,11,684,6,0.936164379119873,0.5332968831062317
position_scan,11,685,4,0.7655035853385925,0.3924967050552368
position_scan,11,686,6,0.9316698908805847,1.3861358165740967
position_scan,11,687,4,0.7807247042655945,0.7135462164878845
position_scan,11,688,6,0.9357505440711975,0.4715244770050049
position_scan,11,689,4,0.7596792578697205,0.8166074156761169
position_scan,11,690,6,0.9528139233589172,0.6650755405426025
position_scan,11,691,4,0.7687714695930481,0.3928511142730713
position_scan,11,692,6,0.9496197700500488,1.436983585357666
position_scan,11,693,4,0.7889838218688965,0.7355791926383972
position_scan,11,694,6,0.9338536262512207,0.4256061911582947
position_scan,11,695,4,0.7573180794715881,0.7113234996795654
position_scan,11,696,6,0.951404333114624,0.5680429339408875
position_scan,11,697,4,0.7738732099533081,0.45683297514915466
position_scan,11,698,6,0.9389028549194336,0.8543187975883484
position_scan,11,699,4,0.7974873781204224,1.0307577848434448
position_scan,11,700,6,0.9248858094215393,0.3638874888420105
position_scan,11,701,4,0.8032577037811279,0.8732154369354248
position_scan,11,702,6,0.9274994730949402,0.9510666131973267
position_scan,11,703,4,0.7439133524894714,0.5149965286254883
position_scan,11,704,6,0.94024258852005,0.7678366303443909
position_scan,11,705,4,0.7570749521255493,0.85884690284729
position_scan,11,706,6,0.9350839257240295,1.6797040700912476
position_scan,11,707,4,0.7735440135002136,1.2202625274658203
position_scan,11,708,6,0.9457624554634094,0.6802467107772827
position_scan,11,709,4,0.7854949831962585,1.0973180532455444
position_scan,11,710,6,0.948828935623169,0.7939086556434631
position_scan,11,711,4,0.7759924530982971,0.5575577616691589
position_scan,11,712,6,0.9449408054351807,0.9418503642082214
position_scan,11,713,4,0.7699517607688904,1.0119354724884033
position_scan,11,714,6,0.9337483048439026,0.722212553024292
position_scan,11,715,4,0.7548694014549255,0.6553028225898743
position_scan,11,716,6,0.9205794334411621,0.797181248664856
position_scan,11,717,4,0.7803286910057068,0.7314638495445251
position_scan,11,718,6,0.927454948425293,0.3381480872631073
position_scan,11,719,4,0.7575599551200867,0.8668308854103088
position_scan,11,720,6,0.9498180747032166,0.9123020768165588
position_scan,11,721,4,0.7481361031532288,0.41547301411628723
position_scan,11,722,6,0.9216187596321106,0.5643693208694458
position_scan,11,723,4,0.7843185067176819,0.9304335713386536
position_scan,11,724,6,0.9509081244468689,0.7447492480278015
position_scan,11,725,4,0.7556198835372925,0.41192951798439026
position_scan,11,726,6,0.9344969391822815,0.8913456201553345
position_scan,11,727,4,0.7655057311058044,0.772564709186554
position_scan,11,728,6,0.9192739129066467,0.4006950259208679
position_scan,11,729,4,0.7529916763305664,0.7626539468765259
position_scan,11,730,6,0.9216070771217346,0.5299326181411743
position_scan,11,731,4,0.7559837102890015,0.48930543661117554
position_scan,11,732,6,0.923600971698761,0.6325400471687317
position_scan,11,733,4,0.7631455659866333,0.5453097820281982
position_scan,11,734,6,0.935691773891449,0.7500144839286804
position_scan,11,735,4,0.7899125218391418,1.4546616077423096
position_scan,11,736,6,0.9293534755706787,0.31378310918807983
position_scan,11,737,4,0.7624610066413879,0.5843667984008789
position_scan,11,738,6,0.9352744221687317,1.3264663219451904
position_scan,11,739,4,0.7555755972862244,0.4495600759983063
position_scan,11,740,6,0.9622306823730469,0.8832310438156128
position_scan,11,741,4,0.7790887355804443,0.9336612224578857
position_scan,11,742,6,0.9371998310089111,1.2844280004501343
position_scan,11,743,4,0.7950923442840576,1.1715490818023682
position_scan,11,744,6,0.9251549243927002,0.572613537311554
position_scan,11,745,4,0.7862256765365601,1.7722840309143066
position_scan,11,746,6,0.9204268455505371,1.0324660539627075
position_scan,11,747,4,0.7429958581924438,0.35280707478523254
position_scan,11,748,6,0.9324360489845276,1.6681710481643677
position_scan,11,749,4,0.7637624144554138,0.907459020614624
position_scan,11,750,6,0.948188066482544,0.8003374338150024
position_scan,11,751,4,0.8079376816749573,1.741832971572876
position_scan,11,752,6,0.9474919438362122,1.1513469219207764
position_scan,11,753,4,0.7441412806510925,0.8668825626373291
position_scan,11,754,6,0.9373586177825928,1.6818208694458008
position_scan,11,755,4,0.7861627340316772,1.104139804840088
position_scan,11,756,6,0.9508323669433594,0.8586323857307434
position_scan,11,757,4,0.7578909993171692,1.0471998453140259
position_scan,11,758,6,0.9335639476776123,1.1584994792938232
position_scan,11,759,4,0.787204384803772,1.3334866762161255
position_scan,11,760,6,0.9460061192512512,1.2574143409729004
position_scan,11,761,4,0.7599555253982544,0.7422481179237366
position_scan,11,762,6,0.9464417099952698,2.003737449645996
position_scan,11,763,4,0.7893641591072083,1.7137304544448853
position_scan,11,764,6,0.9642646312713623,1.6916149854660034
position_scan,11,765,4,0.7611798048019409,0.815834641456604
position_scan,11,766,6,0.9321025013923645,1.1288635730743408
position_scan,11,767,4,0.7589291334152222,0.8590295314788818
position_scan,11,768,6,0.9418361186981201,1.3959490060806274
position_scan,11,769,4,0.784304678440094,0.9319669008255005
position_scan,11,770,6,0.9237675070762634,0.6417438983917236
position_scan,11,771,4,0.7749098539352417,1.4578824043273926
position_scan,11,772,6,0.9440177083015442,0.7826367020606995
position_scan,11,773,4,0.7813993692398071,0.8231961131095886
position_scan,11,774,6,0.9348800778388977,1.1196624040603638
position_scan,11,775,4,0.7736424207687378,0.686066746711731
position_scan,11,776,6,0.9209582209587097,0.6289767622947693
position_scan,11,777,4,0.7646687626838684,0.8430997133255005
position_scan,11,778,6,0.9450328350067139,0.5038288831710815
position_scan,11,779,4,0.7517015933990479,0.7072361707687378
position_scan,11,780,6,0.9196085333824158,0.7050048112869263
position_scan,11,781,4,0.7808395624160767,0.7431218028068542
position_scan,11,782,6,0.9231760501861572,0.5979785919189453
position_scan,11,783,4,0.7637669444084167,0.7241342067718506
position_scan,11,784,6,0.9274410605430603,0.4910277724266052
position_scan,11,785,4,0.8067098259925842,0.9059147834777832
position_scan,11,786,6,0.9369279742240906,1.2469639778137207
position_scan,11,787,4,0.768372118473053,0.9961613416671753
position_scan,11,788,6,0.9262897968292236,0.4699247479438782
position_scan,11,789,4,0.7515435218811035,0.47954854369163513
position_scan,11,790,6,0.9264159202575684,0.9059682488441467
position_scan,11,791,4,0.7710278034210205,0.8399730920791626
position_scan,11,792,6,0.926954984664917,0.3981448709964752
position_scan,11,793,4,0.761929988861084,0.9268233180046082
position_scan,11,794,6,0.9335688948631287,0.6693178415298462
position_scan,11,795,4,0.7457342147827148,0.6997566223144531
position_scan,11,796,6,0.9208438992500305,0.6278047561645508
position_scan,11,797,4,0.7621327042579651,0.8186719417572021
position_scan,11,798,6,0.9336214661598206,0.7002789378166199
position_scan,11,799,4,0.7671553492546082,0.6450484395027161
position_scan,11,800,6,0.9157264232635498,0.7265369296073914
position_scan,11,801,4,0.7533189654350281,0.6859835386276245
position_scan,11,802,6,0.918611466884613,0.9048873782157898
position_scan,11,803,4,0.7660760879516602,0.6548742651939392
position_scan,11,804,6,0.9443910717964172,1.0889347791671753
position_scan,11,805,4,0.7742986679077148,1.110455870628357
position_scan,11,806,6,0.9131057858467102,0.8215219378471375
position_scan,11,807,4,0.7637405395507812,0.5562120079994202
position_scan,11,808,6,0.9382109045982361,1.560425043106079
position_scan,11,809,4,0.7885361909866333,0.7577186822891235
position_scan,11,810,6,0.9213109016418457,0.4074239432811737
position_scan,11,811,4,0.7644147276878357,1.0257622003555298
position_scan,11,812,6,0.9324291348457336,0.4630507528781891
position_scan,11,813,4,0.7530504465103149,0.5247921347618103
position_scan,11,814,6,0.949793815612793,1.498262882232666
position_scan,11,815,4,0.7536405324935913,0.45212480425834656
position_scan,11,816,6,0.9187279343605042,0.6137521266937256
position_scan,11,817,4,0.7698100805282593,0.8724855780601501
position_scan,11,818,6,0.9489164352416992,0.9674617648124695
position_scan,11,819,4,0.761729896068573,0.5483216047286987
position_scan,11,820,6,0.9245572686195374,0.4238542914390564
position_scan,11,821,4,0.7777770161628723,1.4429818391799927
position_scan,11,822,6,0.946069061756134,0.6098326444625854
position_scan,11,823,4,0.7426449656486511,0.6584367752075195
position_scan,11,824,6,0.9205592274665833,0.8002935647964478
position_scan,11,825,4,0.7605590224266052,0.679876983165741
position_scan,11,826,6,0.9268948435783386,0.6064456105232239
position_scan,11,827,4,0.7578549385070801,0.4319235384464264
position_scan,11,828,6,0.9410951137542725,0.7936140298843384
position_scan,11,829,4,0.7512080669403076,0.5899825692176819
position_scan,11,830,6,0.9236738085746765,0.5500833988189697
position_scan,11,831,4,0.7760756611824036,0.7964768409729004
position_scan,11,832,6,0.9204517006874084,1.0748672485351562
position_scan,11,833,4,0.7615974545478821,0.5992156863212585
position_scan,11,834,6,0.9276692271232605,0.9810872077941895
position_scan,11,835,4,0.7484174370765686,0.6222401261329651
position_scan,11,836,6,0.927992582321167,1.3760558366775513
position_scan,11,837,4,0.7401852607727051,0.5998668670654297
position_scan,11,838,6,0.9254811406135559,0.5426437258720398
position_scan,11,839,4,0.7668424844741821,1.3270106315612793
position_scan,11,840,6,0.9205300211906433,0.4505517780780792
position_scan,11,841,4,0.7532973885536194,0.5928559303283691
position_scan,11,842,6,0.9241899847984314,0.6859130263328552
position_scan,11,843,4,0.771705150604248,0.8341217041015625
position_scan,11,844,6,0.9209945201873779,1.1171910762786865
position_scan,11,845,4,0.7738744020462036,0.9585509300231934
position_scan,11,846,6,0.9258822798728943,1.1088132858276367
position_scan,11,847,4,0.7481420040130615,0.39543306827545166
position_scan,11,848,6,0.9119150042533875,0.48336946964263916
position_scan,11,849,4,0.7937883734703064,1.274521827697754
position_scan,11,850,6,0.9289053082466125,1.3041212558746338
position_scan,11,851,4,0.7596541047096252,0.5408987998962402
position_scan,11,852,6,0.9134777188301086,0.747795045375824
position_scan,11,853,4,0.7705230116844177,1.343225359916687
position_scan,11,854,6,0.9127480387687683,0.592833399772644
position_scan,11,855,4,0.7359715104103088,0.5028209686279297
position_scan,11,856,6,0.930497407913208,1.6477925777435303
position_scan,11,857,4,0.7563350200653076,0.5292567610740662
position_scan,11,858,6,0.918425977230072,0.33095040917396545
position_scan,11,859,4,0.7592521905899048,1.3463308811187744
position_scan,11,860,6,0.9292709231376648,0.7682703733444214
position_scan,11,861,4,0.754797637462616,0.6212921142578125
position_scan,11,862,6,0.9274589419364929,1.4850610494613647
position_scan,11,863,4,0.7444655895233154,0.4903047978878021
position_scan,11,864,6,0.9156494736671448,0.5606268644332886
position_scan,11,865,4,0.7449002265930176,0.976594090461731
position_scan,11,866,6,0.9171356558799744,1.1139346361160278
position_scan,11,867,4,0.7388489842414856,0.5826241970062256
position_scan,11,868,6,0.9151287078857422,0.7151062488555908
position_scan,11,869,4,0.7804115414619446,1.4992566108703613
position_scan,11,870,6,0.927086591720581,0.5072118043899536
position_scan,11,871,4,0.7444121241569519,0.5408936738967896
position_scan,11,872,6,0.9208653569221497,1.1725739240646362
position_scan,11,873,4,0.7529667019844055,0.4770107865333557
position_scan,11,874,6,0.9271720051765442,0.760130763053894
position_scan,11,875,4,0.7680205702781677,0.8923333287239075
position_scan,11,876,6,0.927701473236084,1.1237585544586182
position_scan,11,877,4,0.7511292695999146,0.4839114844799042
position_scan,11,878,6,0.9196786880493164,0.4120692312717438
position_scan,11,879,4,0.780142068862915,0.927313506603241
position_scan,11,880,6,0.9148818850517273,0.5350368618965149
position_scan,11,881,4,0.7491399049758911,0.5709149241447449
position_scan,11,882,6,0.914137601852417,0.6151537299156189
position_scan,11,883,4,0.7350926995277405,0.6312800049781799
position_scan,11,884,6,0.9223067164421082,0.3618506193161011
position_scan,11,885,4,0.7501344084739685,0.5190855860710144
position_scan,11,886,6,0.9192621111869812,0.75327467918396
position_scan,11,887,4,0.752422034740448,0.6959176659584045
position_scan,11,888,6,0.9183154106140137,0.35149919986724854
position_scan,11,889,4,0.7497118711471558,0.4505983591079712
position_scan,11,890,6,0.9288619160652161,0.8648332357406616
position_scan,11,891,4,0.7294797301292419,0.49705713987350464
position_scan,11,892,6,0.930866539478302,0.6862537860870361
position_scan,11,893,4,0.7480371594429016,0.589775562286377
position_scan,11,894,6,0.9237964749336243,0.8670367002487183
position_scan,11,895,4,0.7564312815666199,0.7724047899246216
position_scan,11,896,6,0.9126007556915283,0.7123045325279236
position_scan,11,897,4,0.7518033981323242,0.5386317372322083
position_scan,11,898,6,0.9168350696563721,0.6336709260940552
position_scan,11,899,4,0.7637684941291809,0.752036452293396
position_scan,11,900,6,0.9449834823608398,0.6617603302001953
position_scan,22,1,4,2.101924180984497,7.3857340812683105
position_scan,22,2,6,2.129488945007324,4.405453681945801
position_scan,22,3,4,1.8657615184783936,3.768003225326538
position_scan,22,4,6,1.9882217645645142,1.3803610801696777
position_scan,22,5,4,1.7644727230072021,2.6191844940185547
position_scan,22,6,6,1.99527108669281,2.0145370960235596
position_scan,22,7,4,1.7861864566802979,1.4520615339279175
position_scan,22,8,6,1.9694265127182007,1.4833191633224487
position_scan,22,9,4,1.7010140419006348,1.957687497138977
position_scan,22,10,6,1.9633809328079224,1.3045645952224731
position_scan,22,11,4,1.6761316061019897,2.3797645568847656
position_scan,22,12,6,1.9356803894042969,2.0874288082122803
position_scan,22,13,4,1.670284628868103,1.6388275623321533
position_scan,22,14,6,1.8802982568740845,2.169996738433838
position_scan,22,15,4,1.6192317008972168,2.1442768573760986
position_scan,22,16,6,1.8059688806533813,1.3594753742218018
position_scan,22,17,4,1.6018710136413574,2.4197838306427
position_scan,22,18,6,1.8003658056259155,2.594088315963745
position_scan,22,19,4,1.530381441116333,2.1873209476470947
position_scan,22,20,6,1.753072738647461,2.730729103088379
position_scan,22,21,4,1.483860969543457,1.6141196489334106
position_scan,22,22,6,1.7579392194747925,3.8295109272003174
position_scan,22,23,4,1.5434424877166748,2.51377534866333
position_scan,22,24,6,1.657467007637024,1.7013598680496216
position_scan,22,25,4,1.482181191444397,4.975250720977783
position_scan,22,26,6,1.629468560218811,2.9195799827575684
position_scan,22,27,4,1.462083101272583,4.0149407386779785
position_scan,22,28,6,1.5498822927474976,4.630801200866699
position_scan,22,29,4,1.3092163801193237,1.9488232135772705
position_scan,22,30,6,1.5720577239990234,5.97341775894165
position_scan,22,31,4,1.4220894575119019,7.7843852043151855
position_scan,22,32,6,1.478721261024475,2.228572130203247
position_scan,22,33,4,1.2867908477783203,4.591146945953369
position_scan,22,34,6,1.4129685163497925,2.1520652770996094
position_scan,22,35,4,1.4235581159591675,9.689604759216309
position_scan,22,36,6,1.4795807600021362,6.979775905609131
position_scan,22,37,4,1.166047215461731,1.8697271347045898
position_scan,22,38,6,1.584894061088562,12.487910270690918
position_scan,22,39,4,1.3760488033294678,12.624611854553223
position_scan,22,40,6,1.2600406408309937,6.197707653045654
position_scan,22,41,4,1.2674920558929443,12.27878475189209
position_scan,22,42,6,1.6184500455856323,17.565826416015625
position_scan,22,43,4,1.4010783433914185,14.560968399047852
position_scan,22,44,6,1.2083642482757568,1.1282474994659424
position_scan,22,45,4,1.2580450773239136,10.597089767456055
position_scan,22,46,6,1.5796798467636108,15.39402961730957
position_scan,22,47,4,1.2399245500564575,10.683009147644043
position_scan,22,48,6,1.3691539764404297,3.9626517295837402
position_scan,22,49,4,1.157142996788025,8.239142417907715
position_scan,22,50,6,1.3262947797775269,5.252626895904541
position_scan,22,51,4,1.1244196891784668,9.56156063079834
position_scan,22,52,6,1.2882068157196045,8.641554832458496
position_scan,22,53,4,1.0644150972366333,1.6356784105300903
position_scan,22,54,6,1.1832520961761475,4.614571571350098
position_scan,22,55,4,0.9891867637634277,2.450950860977173
position_scan,22,56,6,1.2308810949325562,6.335014343261719
position_scan,22,57,4,1.129447340965271,7.633679389953613
position_scan,22,58,6,1.1892166137695312,2.219296455383301
position_scan,22,59,4,1.0379486083984375,6.082021713256836
position_scan,22,60,6,1.2168982028961182,4.456259250640869
position_scan,22,61,4,0.9820404648780823,3.8776490688323975
position_scan,22,62,6,1.2120697498321533,6.45513391494751
position_scan,22,63,4,1.119864821434021,5.141057014465332
position_scan,22,64,6,1.2271771430969238,5.6507086753845215
position_scan,22,65,4,1.1445099115371704,8.328353881835938
position_scan,22,66,6,1.1759775876998901,2.3301403522491455
position_scan,22,67,4,0.9753425717353821,5.533962249755859
position_scan,22,68,6,1.235242247581482,8.152905464172363
position_scan,22,69,4,0.9797454476356506,5.092719554901123
position_scan,22,70,6,1.124170184135437,1.6675246953964233
position_scan,22,71,4,1.015258550643921,7.311185836791992
position_scan,22,72,6,1.1016870737075806,4.563244819641113
position_scan,22,73,4,0.9551010131835938,1.8792812824249268
position_scan,22,74,6,1.1022734642028809,4.02496337890625
position_scan,22,75,4,0.9395346641540527,2.169666290283203
position_scan,22,76,6,1.1688867807388306,4.63544225692749
position_scan,22,77,4,0.9936758875846863,5.679413318634033
position_scan,22,78,6,1.0730171203613281,2.00308895111084
position_scan,22,79,4,0.9415407180786133,3.308590888977051
position_scan,22,80,6,1.2081314325332642,6.493612289428711
position_scan,22,81,4,0.9897336959838867,5.464048862457275
position_scan,22,82,6,1.0820155143737793,0.9301621913909912
position_scan,22,83,4,0.9663009643554688,5.486120700836182
position_scan,22,84,6,1.08771550655365,2.3581383228302
position_scan,22,85,4,0.9605681300163269,2.163815975189209
position_scan,22,86,6,1.0553706884384155,1.87982177734375
position_scan,22,87,4,0.9354625344276428,1.4800541400909424
position_scan,22,88,6,1.0517328977584839,1.13828706741333
position_scan,22,89,4,0.9303917288780212,2.2570390701293945
position_scan,22,90,6,1.0592198371887207,1.0089956521987915
position_scan,22,91,4,0.9668030738830566,1.909605622291565
position_scan,22,92,6,1.067824125289917,1.1386922597885132
position_scan,22,93,4,0.9584174156188965,3.482337474822998
position_scan,22,94,6,1.0833473205566406,1.2634268999099731
position_scan,22,95,4,0.8949573040008545,1.997262954711914
position_scan,22,96,6,1.0827046632766724,2.046034812927246
position_scan,22,97,4,0.990691602230072,2.9534924030303955
position_scan,22,98,6,1.0261752605438232,0.8502234220504761
position_scan,22,99,4,0.9065535068511963,3.2622203826904297
position_scan,22,100,6,1.0814558267593384,2.2274906635284424
position_scan,22,101,4,0.9560366272926331,1.8013941049575806
position_scan,22,102,6,1.1264891624450684,1.9442622661590576
position_scan,22,103,4,0.8969710469245911,1.3585773706436157
position_scan,22,104,6,1.0727182626724243,1.0945488214492798
position_scan,22,105,4,0.8712784647941589,1.1399223804473877
position_scan,22,106,6,1.0766111612319946,3.598759412765503
position_scan,22,107,4,0.8874932527542114,2.4539682865142822
position_scan,22,108,6,1.1059237718582153,1.3393065929412842
position_scan,22,109,4,0.9999783635139465,4.396742343902588
position_scan,22,110,6,1.1443675756454468,2.7118494510650635
position_scan,22,111,4,0.9480423331260681,2.041883945465088
position_scan,22,112,6,1.0955966711044312,2.8523099422454834
position_scan,22,113,4,0.9500600099563599,1.8489021062850952
position_scan,22,114,6,1.0701361894607544,0.8925444483757019
position_scan,22,115,4,0.8887988328933716,1.4382556676864624
position_scan,22,116,6,1.0774526596069336,2.0485122203826904
position_scan,22,117,4,0.9530330300331116,1.9724323749542236
position_scan,22,118,6,1.078673243522644,2.0751051902770996
position_scan,22,119,4,0.9213502407073975,1.1958966255187988
position_scan,22,120,6,1.0384196043014526,1.5523420572280884
position_scan,22,121,4,0.8808399438858032,1.95481538772583
position_scan,22,122,6,1.113472580909729,4.347699165344238
position_scan,22,123,4,0.962906002998352,4.59631872177124
position_scan,22,124,6,1.088175892829895,2.677610397338867
position_scan,22,125,4,1.0280275344848633,3.0698235034942627
position_scan,22,126,6,1.089828610420227,3.457186460494995
position_scan,22,127,4,0.986011266708374,2.658795118331909
position_scan,22,128,6,1.11066734790802,2.222407817840576
position_scan,22,129,4,0.9494233131408691,3.150745391845703
position_scan,22,130,6,1.0726094245910645,1.3552048206329346
position_scan,22,131,4,0.9893875122070312,3.8208200931549072
position_scan,22,132,6,1.0627905130386353,3.3167762756347656
position_scan,22,133,4,0.8382400870323181,1.40902841091156
position_scan,22,134,6,1.0866397619247437,3.3998663425445557
position_scan,22,135,4,0.928028404712677,2.8283238410949707
position_scan,22,136,6,1.0620609521865845,2.6265058517456055
position_scan,22,137,4,0.9390634298324585,3.2795979976654053
position_scan,22,138,6,1.0482088327407837,2.6896462440490723
position_scan,22,139,4,0.8877803683280945,1.9581438302993774
position_scan,22,140,6,1.0881582498550415,2.6086063385009766
position_scan,22,141,4,0.9300338625907898,2.733304500579834
position_scan,22,142,6,1.0565106868743896,2.053649425506592
position_scan,22,143,4,0.9226177334785461,2.19858980178833
position_scan,22,144,6,1.0411559343338013,1.5748529434204102
position_scan,22,145,4,0.8823480010032654,1.7988277673721313
position_scan,22,146,6,1.0456572771072388,1.9419331550598145
position_scan,22,147,4,0.8951476216316223,1.4089946746826172
position_scan,22,148,6,1.007060170173645,0.6588326692581177
position_scan,22,149,4,0.899750292301178,2.3547277450561523
position_scan,22,150,6,1.0474032163619995,0.9974666237831116
position_scan,22,151,4,0.9107441306114197,0.9950552582740784
position_scan,22,152,6,1.1054733991622925,2.519303321838379
position_scan,22,153,4,0.9114171266555786,2.354478120803833
position_scan,22,154,6,1.0692342519760132,0.8365078568458557
position_scan,22,155,4,0.9667029976844788,3.6309962272644043
position_scan,22,156,6,1.061703085899353,2.2447524070739746
position_scan,22,157,4,0.9592717885971069,2.519850015640259
position_scan,22,158,6,1.0787360668182373,1.6941990852355957
position_scan,22,159,4,0.9145063161849976,2.4672136306762695
position_scan,22,160,6,1.0695269107818604,2.198779582977295
position_scan,22,161,4,0.8707295060157776,0.9790602326393127
position_scan,22,162,6,1.043171763420105,1.7200080156326294
position_scan,22,163,4,0.9029466509819031,1.6281449794769287
position_scan,22,164,6,1.057692050933838,1.8516807556152344
position_scan,22,165,4,0.8953807950019836,1.2346833944320679
position_scan,22,166,6,1.0639162063598633,0.8449199199676514
position_scan,22,167,4,0.8996810913085938,1.9896798133850098
position_scan,22,168,6,1.042942762374878,1.1036063432693481
position_scan,22,169,4,0.9366275072097778,0.9181894063949585
position_scan,22,170,6,1.0253132581710815,0.7313419580459595
position_scan,22,171,4,0.8573104739189148,0.8789159655570984
position_scan,22,172,6,1.0566970109939575,1.0098731517791748
position_scan,22,173,4,0.9142257571220398,1.3178373575210571
position_scan,22,174,6,1.038918137550354,1.0023038387298584
position_scan,22,175,4,0.8538410067558289,0.6233855485916138
position_scan,22,176,6,1.0150184631347656,1.0477659702301025
position_scan,22,177,4,0.8775421380996704,1.3454371690750122
position_scan,22,178,6,1.0008596181869507,0.5897440314292908
position_scan,22,179,4,0.9240051507949829,2.0205936431884766
position_scan,22,180,6,1.042443871498108,1.6500118970870972
position_scan,22,181,4,0.9118673801422119,2.0107483863830566
position_scan,22,182,6,1.0258208513259888,0.7446157336235046
position_scan,22,183,4,0.8910846710205078,1.7437201738357544
position_scan,22,184,6,1.027686357498169,0.8132545351982117
position_scan,22,185,4,0.8526853322982788,0.9446393251419067
position_scan,22,186,6,1.0601543188095093,1.1695271730422974
position_scan,22,187,4,0.8776866793632507,0.9158386588096619
position_scan,22,188,6,1.0668712854385376,0.8638947010040283
position_scan,22,189,4,0.8961843848228455,2.138249635696411
position_scan,22,190,6,1.015118956565857,0.6992347836494446
position_scan,22,191,4,0.926588773727417,1.1795287132263184
position_scan,22,192,6,1.049036979675293,2.052194356918335
position_scan,22,193,4,0.8606832027435303,0.9949831366539001
position_scan,22,194,6,1.0371640920639038,1.331845760345459
position_scan,22,195,4,0.9088831543922424,1.575618863105774
position_scan,22,196,6,1.0304161310195923,1.1791763305664062
position_scan,22,197,4,0.8463256359100342,1.441868543624878
position_scan,22,198,6,1.0461066961288452,1.5012966394424438
position_scan,22,199,4,0.8664537668228149,0.954449474811554
position_scan,22,200,6,1.0257512331008911,0.8238313794136047
position_scan,22,201,4,0.9128921627998352,1.4417146444320679
position_scan,22,202,6,1.0771815776824951,2.0429747104644775
position_scan,22,203,4,0.8841790556907654,1.4074066877365112
position_scan,22,204,6,1.0255299806594849,1.2736529111862183
position_scan,22,205,4,0.9228733777999878,2.198434352874756
position_scan,22,206,6,1.0504144430160522,1.2027511596679688
position_scan,22,207,4,0.8929216861724854,1.6957731246948242
position_scan,22,208,6,1.028269648551941,2.1530230045318604
position_scan,22,209,4,0.8299557566642761,0.8406546115875244
position_scan,22,210,6,1.023745059967041,0.9176909923553467
position_scan,22,211,4,0.8822790384292603,1.9102298021316528
position_scan,22,212,6,1.0414493083953857,1.2792044878005981
position_scan,22,213,4,0.8505522608757019,0.9566993713378906
position_scan,22,214,6,1.052415132522583,3.459451913833618
position_scan,22,215,4,0.8816410303115845,2.7646710872650146
position_scan,22,216,6,1.0328588485717773,2.5005784034729004
position_scan,22,217,4,0.8757003545761108,1.3482428789138794
position_scan,22,218,6,1.0571237802505493,3.165684223175049
position_scan,22,219,4,0.8607936501502991,1.6582194566726685
position_scan,22,220,6,1.0217071771621704,0.8398624658584595
position_scan,22,221,4,0.866207480430603,1.508859634399414
position_scan,22,222,6,1.102898120880127,3.1927249431610107
position_scan,22,223,4,0.9507662057876587,2.1054842472076416
position_scan,22,224,6,1.0027430057525635,1.1599435806274414
position_scan,22,225,4,0.9454774260520935,3.2540295124053955
position_scan,22,226,6,1.093027114868164,3.5384676456451416
position_scan,22,227,4,0.9438773989677429,3.8519492149353027
position_scan,22,228,6,1.0209141969680786,2.133849859237671
position_scan,22,229,4,0.8730473518371582,1.263560175895691
position_scan,22,230,6,1.0660338401794434,3.4887795448303223
position_scan,22,231,4,0.9708037972450256,4.605708122253418
position_scan,22,232,6,1.1362966299057007,4.531047344207764
position_scan,22,233,4,0.8968747854232788,2.963296890258789
position_scan,22,234,6,1.046301007270813,1.2940468788146973
position_scan,22,235,4,0.9146322011947632,2.633195400238037
position_scan,22,236,6,1.0832034349441528,3.2264764308929443
position_scan,22,237,4,0.956173300743103,3.211205005645752
position_scan,22,238,6,1.0073961019515991,1.812636375427246
position_scan,22,239,4,0.8343034982681274,0.7155405879020691
position_scan,22,240,6,1.0281869173049927,2.2383956909179688
position_scan,22,241,4,0.8943175673484802,1.4291696548461914
position_scan,22,242,6,1.0492476224899292,1.8566640615463257
position_scan,22,243,4,0.936089277267456,2.0436441898345947
position_scan,22,244,6,1.0298845767974854,0.7709292769432068
position_scan,22,245,4,0.9069415926933289,2.12479829788208
position_scan,22,246,6,1.0194324254989624,1.2184174060821533
position_scan,22,247,4,0.8745665550231934,1.3680731058120728
position_scan,22,248,6,0.9872679114341736,0.8412508368492126
position_scan,22,249,4,0.8384010791778564,1.1139503717422485
position_scan,22,250,6,1.0135056972503662,1.5340813398361206
position_scan,22,251,4,0.8661040663719177,0.8395474553108215
position_scan,22,252,6,1.0024398565292358,1.5252442359924316
position_scan,22,253,4,0.8533552289009094,1.2539106607437134
position_scan,22,254,6,0.9916269779205322,0.5384312868118286
position_scan,22,255,4,0.829962968826294,0.81816565990448
position_scan,22,256,6,0.9978250861167908,0.9349497556686401
position_scan,22,257,4,0.8263642191886902,1.1847177743911743
position_scan,22,258,6,1.0233136415481567,0.7982558608055115
position_scan,22,259,4,0.8818762302398682,1.5346506834030151
position_scan,22,260,6,1.0273600816726685,0.8784452080726624
position_scan,22,261,4,0.8247994780540466,1.0098607540130615
position_scan,22,262,6,1.0396168231964111,2.7976582050323486
position_scan,22,263,4,0.8581786155700684,1.3686145544052124
position_scan,22,264,6,1.001662254333496,0.69352126121521
position_scan,22,265,4,0.8522871732711792,1.5977544784545898
position_scan,22,266,6,1.0120536088943481,1.831802487373352
position_scan,22,267,4,0.8694247007369995,1.222409725189209
position_scan,22,268,6,1.004409670829773,1.3446887731552124
position_scan,22,269,4,0.8314420580863953,0.8966317772865295
position_scan,22,270,6,1.0003849267959595,0.617994487285614
position_scan,22,271,4,0.873855471611023,1.4665765762329102
position_scan,22,272,6,1.0070468187332153,0.6891598105430603
position_scan,22,273,4,0.8732412457466125,1.0429543256759644
position_scan,22,274,6,1.0103464126586914,1.0889744758605957
position_scan,22,275,4,0.8611345887184143,0.8648147583007812
position_scan,22,276,6,1.0013668537139893,0.7837017774581909
position_scan,22,277,4,0.8571044206619263,1.4169267416000366
position_scan,22,278,6,0.9953625202178955,0.7111279368400574
position_scan,22,279,4,0.8512975573539734,1.4434757232666016
position_scan,22,280,6,1.009199619293213,1.3075753450393677
position_scan,22,281,4,0.8227151036262512,0.8929628729820251
position_scan,22,282,6,1.0053763389587402,0.7302977442741394
position_scan,22,283,4,0.8644656538963318,1.5521819591522217
position_scan,22,284,6,1.0211151838302612,0.9337881207466125
position_scan,22,285,4,0.8530029058456421,0.911289393901825
position_scan,22,286,6,1.050406813621521,1.6288450956344604
position_scan,22,287,4,0.8529937267303467,1.6516684293746948
position_scan,22,288,6,1.0229796171188354,1.3609920740127563
position_scan,22,289,4,0.8687410950660706,1.1228145360946655
position_scan,22,290,6,0.9775529503822327,0.7692883610725403
position_scan,22,291,4,0.8765674829483032,2.4807498455047607
position_scan,22,292,6,0.9936974048614502,1.0124616622924805
position_scan,22,293,4,0.8203635215759277,0.85428786277771
position_scan,22,294,6,1.032218098640442,2.2301154136657715
position_scan,22,295,4,0.8751604557037354,1.0105445384979248
position_scan,22,296,6,1.0051580667495728,1.154737949371338
position_scan,22,297,4,0.860073447227478,1.1879286766052246
position_scan,22,298,6,1.0065933465957642,1.3556197881698608
position_scan,22,299,4,0.8516775369644165,1.8493715524673462
position_scan,22,300,6,0.9929800033569336,0.9858537912368774
position_scan,22,301,4,0.8553764224052429,1.0437960624694824
position_scan,22,302,6,1.0225822925567627,2.010110855102539
position_scan,22,303,4,0.847882091999054,1.2984308004379272
position_scan,22,304,6,1.0041817426681519,1.0758557319641113
position_scan,22,305,4,0.8386282920837402,1.5146805047988892
position_scan,22,306,6,1.0424541234970093,1.7815766334533691
position_scan,22,307,4,0.8723145723342896,1.6678708791732788
position_scan,22,308,6,1.0451070070266724,1.0686008930206299
position_scan,22,309,4,0.8498381972312927,0.8833184838294983
position_scan,22,310,6,1.0006505250930786,1.8449920415878296
position_scan,22,311,4,0.825589656829834,1.34996497631073
position_scan,22,312,6,1.0317695140838623,1.6057987213134766
position_scan,22,313,4,0.8436796069145203,1.0908079147338867
position_scan,22,314,6,0.991541862487793,0.8033419251441956
position_scan,22,315,4,0.8578162789344788,1.9679733514785767
position_scan,22,316,6,1.00407075881958,1.1468594074249268
position_scan,22,317,4,0.8361712098121643,0.9899603128433228
position_scan,22,318,6,0.9735857844352722,0.9165701270103455
position_scan,22,319,4,0.8612647652626038,0.9708905220031738
position_scan,22,320,6,1.0032914876937866,0.8231523633003235
position_scan,22,321,4,0.8273031711578369,0.8600512742996216
position_scan,22,322,6,1.0023177862167358,0.7947011590003967
position_scan,22,323,4,0.8469477891921997,0.964448869228363
position_scan,22,324,6,0.9813520312309265,0.4749842584133148
position_scan,22,325,4,0.8260347247123718,0.6619240641593933
position_scan,22,326,6,0.9888315200805664,1.1313759088516235
position_scan,22,327,4,0.8363140225410461,0.7872018218040466
position_scan,22,328,6,0.9879139065742493,0.631956934928894
position_scan,22,329,4,0.8408306241035461,1.424556851387024
position_scan,22,330,6,0.9807533621788025,0.7343186140060425
position_scan,22,331,4,0.8145998120307922,0.6780548095703125
position_scan,22,332,6,0.9908514618873596,0.8702897429466248
position_scan,22,333,4,0.8177948594093323,1.0806485414505005
position_scan,22,334,6,1.012879729270935,2.097970962524414
position_scan,22,335,4,0.8476222157478333,1.5513771772384644
position_scan,22,336,6,1.0101861953735352,1.6111301183700562
position_scan,22,337,4,0.836281418800354,1.1419402360916138
position_scan,22,338,6,0.9953113198280334,1.0959519147872925
position_scan,22,339,4,0.8467899560928345,0.9257007241249084
position_scan,22,340,6,0.9896842837333679,0.7031970024108887
position_scan,22,341,4,0.8393875360488892,0.9592090845108032
position_scan,22,342,6,0.9828550219535828,1.1191880702972412
position_scan,22,343,4,0.837472677230835,0.7929397225379944
position_scan,22,344,6,0.9865641593933105,0.993840754032135
position_scan,22,345,4,0.8538864850997925,1.4782931804656982
position_scan,22,346,6,1.0024845600128174,1.0775446891784668
position_scan,22,347,4,0.8281027674674988,1.0604208707809448
position_scan,22,348,6,1.0259495973587036,0.8034709692001343
position_scan,22,349,4,0.818829357624054,1.0695717334747314
position_scan,22,350,6,0.9916166663169861,1.3905991315841675
position_scan,22,351,4,0.8215332627296448,0.6773337125778198
position_scan,22,352,6,1.0164510011672974,0.7055630087852478
position_scan,22,353,4,0.8069226145744324,1.369058609008789
position_scan,22,354,6,0.9941132068634033,0.7836840748786926
position_scan,22,355,4,0.822204053401947,0.6300134062767029
position_scan,22,356,6,0.9886900782585144,1.0632163286209106
position_scan,22,357,4,0.814759373664856,0.6182776093482971
position_scan,22,358,6,0.9671646952629089,0.6089303493499756
position_scan,22,359,4,0.8109633922576904,0.9464893937110901
position_scan,22,360,6,0.9940378069877625,0.6466206908226013
position_scan,22,361,4,0.8125561475753784,0.6972789168357849
position_scan,22,362,6,0.9688625931739807,0.7522478699684143
position_scan,22,363,4,0.8263990879058838,0.7711237668991089
position_scan,22,364,6,0.9805243611335754,1.130760669708252
position_scan,22,365,4,0.8313266634941101,0.9467652440071106
position_scan,22,366,6,0.9566720128059387,0.4220561385154724
position_scan,22,367,4,0.8470578193664551,1.2738429307937622
position_scan,22,368,6,0.9744353890419006,0.522724449634552
position_scan,22,369,4,0.8202973008155823,0.7497903108596802
position_scan,22,370,6,0.9934039115905762,1.040819764137268
position_scan,22,371,4,0.8152074217796326,0.5893666744232178
position_scan,22,372,6,0.967897355556488,0.5692508816719055
position_scan,22,373,4,0.8331387042999268,1.6504825353622437
position_scan,22,374,6,0.9433268904685974,0.5144866108894348
position_scan,22,375,4,0.866350531578064,0.8908870816230774
position_scan,22,376,6,0.9553313255310059,0.7353654503822327
position_scan,22,377,4,0.7986818552017212,0.7449727654457092
position_scan,22,378,6,1.0041452646255493,1.0372790098190308
position_scan,22,379,4,0.8373673558235168,1.039260983467102
position_scan,22,380,6,0.9823973178863525,0.7226306200027466
position_scan,22,381,4,0.8225197196006775,0.8561204075813293
position_scan,22,382,6,1.000446081161499,0.6377813816070557
position_scan,22,383,4,0.7972370386123657,0.5834750533103943
position_scan,22,384,6,0.996386706829071,0.9919478297233582
position_scan,22,385,4,0.8129132390022278,0.9658608436584473
position_scan,22,386,6,1.0095394849777222,0.8175238966941833
position_scan,22,387,4,0.788165807723999,0.6855672597885132
position_scan,22,388,6,0.9712455868721008,0.5049293041229248
position_scan,22,389,4,0.7953993678092957,0.7812346816062927
position_scan,22,390,6,0.9618528485298157,0.7767768502235413
position_scan,22,391,4,0.8216832280158997,0.5459594130516052
position_scan,22,392,6,0.9856254458427429,0.6094285249710083
position_scan,22,393,4,0.8314003348350525,1.0564786195755005
position_scan,22,394,6,0.9680026173591614,0.5250131487846375
position_scan,22,395,4,0.8144834041595459,0.6024552583694458
position_scan,22,396,6,0.9606631398200989,0.6279637217521667
position_scan,22,397,4,0.8163308501243591,0.9211023449897766
position_scan,22,398,6,0.9580764770507812,0.6252008676528931
position_scan,22,399,4,0.7909839153289795,0.5054481625556946
position_scan,22,400,6,0.977717936038971,0.8413836359977722
position_scan,22,401,4,0.8254672288894653,0.8152002692222595
position_scan,22,402,6,0.9920399785041809,0.7390349507331848
position_scan,22,403,4,0.8675147891044617,1.0066959857940674
position_scan,22,404,6,0.963785707950592,0.562100350856781
position_scan,22,405,4,0.777776837348938,0.43758487701416016
position_scan,22,406,6,0.9793611168861389,0.5699437856674194
position_scan,22,407,4,0.8211286664009094,1.1668754816055298
position_scan,22,408,6,0.9586639404296875,0.7524307370185852
position_scan,22,409,4,0.7955685257911682,0.9507171511650085
position_scan,22,410,6,0.9603578448295593,0.6258444786071777
position_scan,22,411,4,0.7981716394424438,1.087260127067566
position_scan,22,412,6,0.9932472109794617,0.7673059701919556
position_scan,22,413,4,0.8034380674362183,0.9232993125915527
position_scan,22,414,6,1.0025296211242676,1.4500997066497803
position_scan,22,415,4,0.7805466055870056,0.7881138324737549
position_scan,22,416,6,0.9807486534118652,1.092401146888733
position_scan,22,417,4,0.8259834051132202,0.8184811472892761
position_scan,22,418,6,0.9806246757507324,1.0690501928329468
position_scan,22,419,4,0.8288668394088745,1.3153879642486572
position_scan,22,420,6,0.9583153128623962,0.9268297553062439
position_scan,22,421,4,0.7784839272499084,0.7466073632240295
position_scan,22,422,6,0.9609332084655762,0.8400123715400696
position_scan,22,423,4,0.8120246529579163,1.0258454084396362
position_scan,22,424,6,0.9600911736488342,0.6764317750930786
position_scan,22,425,4,0.791601300239563,0.7148526310920715
position_scan,22,426,6,0.9864030480384827,0.7191683053970337
position_scan,22,427,4,0.8052550554275513,0.8413774371147156
position_scan,22,428,6,0.9597694873809814,0.9320605993270874
position_scan,22,429,4,0.8348193168640137,1.3155039548873901
position_scan,22,430,6,0.961948812007904,1.0353975296020508
position_scan,22,431,4,0.7951210141181946,0.8100415468215942
position_scan,22,432,6,0.9717759490013123,1.7022870779037476
position_scan,22,433,4,0.818045437335968,1.1909207105636597
position_scan,22,434,6,0.957749605178833,1.3911614418029785
position_scan,22,435,4,0.8139646649360657,0.9213815331459045
position_scan,22,436,6,0.9591421484947205,1.3057345151901245
position_scan,22,437,4,0.8186985850334167,1.2257373332977295
position_scan,22,438,6,0.9603624939918518,0.6122812628746033
position_scan,22,439,4,0.7885042428970337,0.8390256762504578
position_scan,22,440,6,0.9708877205848694,1.388230323791504
position_scan,22,441,4,0.7953712344169617,0.5939047932624817
position_scan,22,442,6,0.9597558379173279,0.7238895297050476
position_scan,22,443,4,0.7908939123153687,1.0375722646713257
position_scan,22,444,6,0.9612190127372742,0.6531490683555603
position_scan,22,445,4,0.8066658973693848,0.7770861983299255
position_scan,22,446,6,0.9543311595916748,0.7317537665367126
position_scan,22,447,4,0.7977967262268066,0.76446133852005
position_scan,22,448,6,0.9517049789428711,0.6773136258125305
position_scan,22,449,4,0.8122826814651489,1.2529747486114502
position_scan,22,450,6,0.9484009146690369,0.5781948566436768
position_scan,22,451,4,0.8223832249641418,0.7955874800682068
position_scan,22,452,6,0.9668307900428772,0.694489061832428
position_scan,22,453,4,0.7804070711135864,0.776787281036377
position_scan,22,454,6,0.9579564929008484,0.7714642286300659
position_scan,22,455,4,0.7849550843238831,1.065402626991272
position_scan,22,456,6,0.9622717499732971,0.6792633533477783
position_scan,22,457,4,0.7846457362174988,0.8598114252090454
position_scan,22,458,6,0.959247350692749,1.2363429069519043
position_scan,22,459,4,0.8043974041938782,0.9020272493362427
position_scan,22,460,6,0.9996626377105713,0.7109858989715576
position_scan,22,461,4,0.8031807541847229,1.000261664390564
position_scan,22,462,6,0.9548779129981995,0.7321771383285522
position_scan,22,463,4,0.8356005549430847,1.1062242984771729
position_scan,22,464,6,0.968170166015625,1.0034480094909668
position_scan,22,465,4,0.7810934782028198,0.5415003895759583
position_scan,22,466,6,0.9709732532501221,1.1931018829345703
position_scan,22,467,4,0.7860177755355835,0.8752194046974182
position_scan,22,468,6,0.9623698592185974,0.6250597238540649
position_scan,22,469,4,0.7977208495140076,0.6591616868972778
position_scan,22,470,6,0.9612074494361877,0.6660189628601074
position_scan,22,471,4,0.8018938302993774,0.7514684796333313
position_scan,22,472,6,0.9466801285743713,0.5613322854042053
position_scan,22,473,4,0.7780243754386902,0.7325830459594727
position_scan,22,474,6,0.957142174243927,0.49745747447013855
position_scan,22,475,4,0.8337275981903076,1.2189916372299194
position_scan,22,476,6,0.950598418712616,0.7815290093421936
position_scan,22,477,4,0.8153316974639893,0.5874946713447571
position_scan,22,478,6,0.9724995493888855,0.7794793248176575
position_scan,22,479,4,0.7754844427108765,1.0678719282150269
position_scan,22,480,6,0.9654617309570312,0.558091938495636
position_scan,22,481,4,0.7896618843078613,0.48217490315437317
position_scan,22,482,6,0.9510584473609924,0.7270612120628357
position_scan,22,483,4,0.7878010272979736,0.6237213015556335
position_scan,22,484,6,0.9604465365409851,0.3801051080226898
position_scan,22,485,4,0.7939661741256714,1.1025145053863525
position_scan,22,486,6,0.951410710811615,0.5273626446723938
position_scan,22,487,4,0.7849446535110474,0.5729748606681824
position_scan,22,488,6,0.9583263993263245,1.0859119892120361
position_scan,22,489,4,0.826325535774231,0.9068019986152649
position_scan,22,490,6,0.9477565884590149,0.4470011293888092
position_scan,22,491,4,0.8028421998023987,0.8824918866157532
position_scan,22,492,6,0.9487801194190979,0.4035652279853821
position_scan,22,493,4,0.8024066090583801,0.7312337160110474
position_scan,22,494,6,0.9596995711326599,1.0863851308822632
position_scan,22,495,4,0.7991709113121033,0.6294242143630981
position_scan,22,496,6,0.936012327671051,0.33255237340927124
position_scan,22,497,4,0.8035972118377686,0.9409028887748718
position_scan,22,498,6,0.9390255808830261,0.44009602069854736
position_scan,22,499,4,0.7975306510925293,0.5823899507522583
position_scan,22,500,6,0.9543288350105286,0.784146249294281
position_scan,22,501,4,0.8005368709564209,0.8013585805892944
position_scan,22,502,6,0.9580154418945312,0.6909501552581787
position_scan,22,503,4,0.7836353778839111,0.7166129350662231
position_scan,22,504,6,0.9432191848754883,0.45065510272979736
position_scan,22,505,4,0.7616981267929077,0.5265417098999023
position_scan,22,506,6,0.9801788926124573,0.8998578190803528
position_scan,22,507,4,0.7800433039665222,0.482084184885025
position_scan,22,508,6,0.9461774230003357,0.49719738960266113
position_scan,22,509,4,0.7965616583824158,1.1396631002426147
position_scan,22,510,6,0.9471508860588074,0.5747211575508118
position_scan,22,511,4,0.7657089233398438,0.3983466327190399
position_scan,22,512,6,0.9506440162658691,0.5934066772460938
position_scan,22,513,4,0.7798346877098083,0.645026683807373
position_scan,22,514,6,0.9553754925727844,0.43601739406585693
position_scan,22,515,4,0.7777520418167114,0.5106679201126099
position_scan,22,516,6,0.9793654084205627,0.6887709498405457
position_scan,22,517,4,0.7735354900360107,0.4729464054107666
position_scan,22,518,6,0.9527155756950378,0.6309714913368225
position_scan,22,519,4,0.7740232348442078,0.6962578296661377
position_scan,22,520,6,0.9478878974914551,0.4354909360408783
position_scan,22,521,4,0.8013244271278381,0.754438579082489
position_scan,22,522,6,0.9478855133056641,0.6939712166786194
position_scan,22,523,4,0.8187397122383118,1.1874284744262695
position_scan,22,524,6,0.9384248852729797,0.6005249619483948
position_scan,22,525,4,0.7995305061340332,0.6566962599754333
position_scan,22,526,6,0.9587121605873108,0.8881703615188599
position_scan,22,527,4,0.7783541083335876,0.4079066514968872
position_scan,22,528,6,0.9293497204780579,0.5128751993179321
position_scan,22,529,4,0.7936180233955383,0.9342937469482422
position_scan,22,530,6,0.9322909712791443,0.6288353800773621
position_scan,22,531,4,0.804865300655365,0.74968421459198
position_scan,22,532,6,0.951383113861084,0.8863723278045654
position_scan,22,533,4,0.7758582830429077,0.6988957524299622
position_scan,22,534,6,0.9479644298553467,0.6096150279045105
position_scan,22,535,4,0.7910054922103882,0.7537279725074768
position_scan,22,536,6,0.9503304362297058,0.4633990228176117
position_scan,22,537,4,0.7814059257507324,0.8026224970817566
position_scan,22,538,6,0.9552353024482727,1.0534883737564087
position_scan,22,539,4,0.7926777601242065,0.5915659666061401
position_scan,22,540,6,0.9499576687812805,0.4539179801940918
position_scan,22,541,4,0.8336871862411499,1.2415494918823242
position_scan,22,542,6,0.9402156472206116,0.5096501708030701
position_scan,22,543,4,0.7762103080749512,0.49788686633110046
position_scan,22,544,6,0.9602952599525452,0.8396048545837402
position_scan,22,545,4,0.7748566269874573,0.5712847709655762
position_scan,22,546,6,0.9512327313423157,0.5305393934249878
position_scan,22,547,4,0.775806725025177,0.806563675403595
position_scan,22,548,6,0.9402939677238464,0.4044019877910614
position_scan,22,549,4,0.7915186285972595,0.5653921365737915
position_scan,22,550,6,0.9725999236106873,0.897741973400116
position_scan,22,551,4,0.7731901407241821,0.8215461373329163
position_scan,22,552,6,0.9399299025535583,0.37177756428718567
position_scan,22,553,4,0.7859947085380554,0.7871000170707703
position_scan,22,554,6,0.9718787670135498,1.0035688877105713
position_scan,22,555,4,0.7926880121231079,0.6418928503990173
position_scan,22,556,6,0.9377723336219788,0.6291764974594116
position_scan,22,557,4,0.7553465962409973,0.5663108229637146
position_scan,22,558,6,0.966848611831665,0.5702301859855652
position_scan,22,559,4,0.7911348938941956,0.5243272185325623
position_scan,22,560,6,0.971153199672699,1.1045979261398315
position_scan,22,561,4,0.8052150011062622,0.9315850138664246
position_scan,22,562,6,0.9384261965751648,0.4190632700920105
position_scan,22,563,4,0.771952748298645,0.5768078565597534
position_scan,22,564,6,0.9580872058868408,0.8748172521591187
position_scan,22,565,4,0.7672163248062134,0.3830510377883911
position_scan,22,566,6,0.9332241415977478,0.45281538367271423
position_scan,22,567,4,0.7934435606002808,0.7135075926780701
position_scan,22,568,6,0.9409077167510986,0.679121196269989
position_scan,22,569,4,0.7814211249351501,0.6575500965118408
position_scan,22,570,6,0.9535029530525208,0.48775291442871094
position_scan,22,571,4,0.7702786922454834,0.5866169929504395
position_scan,22,572,6,0.9487770199775696,0.4824218153953552
position_scan,22,573,4,0.7517454624176025,0.3839464485645294
position_scan,22,574,6,0.9407234191894531,0.5491970777511597
position_scan,22,575,4,0.7688674330711365,0.5827603340148926
position_scan,22,576,6,0.9428892135620117,0.42422041296958923
position_scan,22,577,4,0.7717869281768799,0.48080769181251526
position_scan,22,578,6,0.9313835501670837,0.7043558359146118
position_scan,22,579,4,0.7642768621444702,0.7106418609619141
position_scan,22,580,6,0.9541488289833069,0.6101285815238953
position_scan,22,581,4,0.7823498249053955,0.9441847205162048
position_scan,22,582,6,0.9433016777038574,0.9079465866088867
position_scan,22,583,4,0.8014401197433472,0.7325991988182068
position_scan,22,584,6,0.9354395866394043,0.4916802942752838
position_scan,22,585,4,0.7700358629226685,0.6532951593399048
position_scan,22,586,6,0.9463135600090027,0.6176962852478027
position_scan,22,587,4,0.8103371262550354,0.8271015882492065
position_scan,22,588,6,0.9490678906440735,0.8851243257522583
position_scan,22,589,4,0.7821263074874878,0.9629471898078918
position_scan,22,590,6,0.9347684979438782,0.6415623426437378
position_scan,22,591,4,0.7566496729850769,0.5580905079841614
position_scan,22,592,6,0.9495140910148621,0.6539444327354431
position_scan,22,593,4,0.791807234287262,0.7989637851715088
position_scan,22,594,6,0.9306862950325012,0.9565356373786926
position_scan,22,595,4,0.7727934718132019,0.7332144379615784
position_scan,22,596,6,0.9390513896942139,0.47324642539024353
position_scan,22,597,4,0.7542099952697754,0.43367260694503784
position_scan,22,598,6,0.926824152469635,0.6124604344367981
position_scan,22,599,4,0.7693103551864624,0.719169020652771
position_scan,22,600,6,0.9324302673339844,0.32545650005340576
position_scan,22,601,4,0.7783382534980774,0.48857176303863525
position_scan,22,602,6,0.9454742074012756,0.8786867260932922
position_scan,22,603,4,0.776750922203064,0.5631424188613892
position_scan,22,604,6,0.9510958194732666,0.4818015694618225
position_scan,22,605,4,0.7870362997055054,1.141979694366455
position_scan,22,606,6,0.9368749260902405,0.7348846793174744
position_scan,22,607,4,0.7680454850196838,0.35216856002807617
position_scan,22,608,6,0.9337522387504578,0.611871063709259
position_scan,22,609,4,0.777967095375061,1.1295822858810425
position_scan,22,610,6,0.9345435500144958,0.39773029088974
position_scan,22,611,4,0.7694902420043945,0.5655584931373596
position_scan,22,612,6,0.9279378056526184,1.280854344367981
position_scan,22,613,4,0.7822661995887756,0.713035523891449
position_scan,22,614,6,0.9372985363006592,0.6716736555099487
position_scan,22,615,4,0.7898523807525635,1.0587735176086426
position_scan,22,616,6,0.946718692779541,1.2566269636154175
position_scan,22,617,4,0.7915292978286743,0.734428346157074
position_scan,22,618,6,0.9409590363502502,0.5130491852760315
position_scan,22,619,4,0.7770916223526001,1.3081852197647095
position_scan,22,620,6,0.9286708235740662,0.3994521200656891
position_scan,22,621,4,0.7777303457260132,0.5455803275108337
position_scan,22,622,6,0.9698734283447266,1.3696374893188477
position_scan,22,623,4,0.7794086337089539,0.5617882013320923
position_scan,22,624,6,0.9308080077171326,0.39626345038414
position_scan,22,625,4,0.8135966658592224,1.6331076622009277
position_scan,22,626,6,0.9317202568054199,0.6095364093780518
position_scan,22,627,4,0.791043221950531,0.758507490158081
position_scan,22,628,6,0.947171151638031,1.7934612035751343
position_scan,22,629,4,0.8001711368560791,0.7523697018623352
position_scan,22,630,6,0.934382975101471,0.6981208920478821
position_scan,22,631,4,0.7669820785522461,1.072871208190918
position_scan,22,632,6,0.9516144394874573,1.3616770505905151
position_scan,22,633,4,0.7814610600471497,0.7557188272476196
position_scan,22,634,6,0.9229404330253601,0.6487070322036743
position_scan,22,635,4,0.7564331293106079,0.566158652305603
position_scan,22,636,6,0.955115556716919,0.9483527541160583
position_scan,22,637,4,0.8353663682937622,1.1042547225952148
position_scan,22,638,6,0.9549102187156677,1.6212749481201172
position_scan,22,639,4,0.7761916518211365,0.8730000853538513
position_scan,22,640,6,0.9463685154914856,0.6839045882225037
position_scan,22,641,4,0.7791407704353333,1.5542014837265015
position_scan,22,642,6,0.9185903668403625,0.806753933429718
position_scan,22,643,4,0.770291805267334,0.9197754859924316
position_scan,22,644,6,0.9468688368797302,1.1471019983291626
position_scan,22,645,4,0.7701232433319092,1.0927537679672241
position_scan,22,646,6,0.9508406519889832,1.2352157831192017
position_scan,22,647,4,0.7604948878288269,0.6608851552009583
position_scan,22,648,6,0.9434460997581482,1.2379043102264404
position_scan,22,649,4,0.7747931480407715,0.7785167694091797
position_scan,22,650,6,0.951354444026947,0.9441187381744385
position_scan,22,651,4,0.7599032521247864,0.4491514265537262
position_scan,22,652,6,0.9566791653633118,1.377885103225708
position_scan,22,653,4,0.7893852591514587,1.1316229104995728
position_scan,22,654,6,0.9396689534187317,0.6227484941482544
position_scan,22,655,4,0.8004600405693054,0.9553840160369873
position_scan,22,656,6,0.943570613861084,1.346476435661316
position_scan,22,657,4,0.7804187536239624,0.8457953333854675
position_scan,22,658,6,0.9198413491249084,0.46752673387527466
position_scan,22,659,4,0.7977650761604309,0.8958736658096313
position_scan,22,660,6,0.9353662133216858,0.8249291181564331
position_scan,22,661,4,0.7827052474021912,0.6923993825912476
position_scan,22,662,6,0.926957368850708,0.38229790329933167
position_scan,22,663,4,0.7978967428207397,0.9049190282821655
position_scan,22,664,6,0.9362302422523499,0.953997015953064
position_scan,22,665,4,0.781929075717926,0.6434542536735535
position_scan,22,666,6,0.9213550686836243,0.31304001808166504
position_scan,22,667,4,0.7841624021530151,1.4500519037246704
position_scan,22,668,6,0.9232744574546814,0.6313799023628235
position_scan,22,669,4,0.7929868698120117,1.0135847330093384
position_scan,22,670,6,0.9301601052284241,1.0991569757461548
position_scan,22,671,4,0.7738525867462158,0.6242596507072449
position_scan,22,672,6,0.9305124878883362,0.3423425853252411
position_scan,22,673,4,0.7843565940856934,0.8523872494697571
position_scan,22,674,6,0.9201039671897888,0.6687215566635132
position_scan,22,675,4,0.773174524307251,0.4804701507091522
position_scan,22,676,6,0.9405007362365723,0.5894492268562317
position_scan,22,677,4,0.775422990322113,0.9129077792167664
position_scan,22,678,6,0.9334866404533386,0.4930247366428375
position_scan,22,679,4,0.7675337791442871,0.6209416389465332
position_scan,22,680,6,0.9231862425804138,0.8252279758453369
position_scan,22,681,4,0.7516317963600159,0.6661454439163208
position_scan,22,682,6,0.9300410747528076,0.3974445164203644
position_scan,22,683,4,0.8084330558776855,0.6670413017272949
position_scan,22,684,6,0.9291064143180847,0.6602864861488342
position_scan,22,685,4,0.7737841606140137,0.4258723258972168
position_scan,22,686,6,0.9250702261924744,0.4305441379547119
position_scan,22,687,4,0.7680481672286987,1.2792404890060425
position_scan,22,688,6,0.909392774105072,0.4507392644882202
position_scan,22,689,4,0.7491665482521057,0.4305882155895233
position_scan,22,690,6,0.9268246293067932,0.9106701612472534
position_scan,22,691,4,0.7633201479911804,0.892782986164093
position_scan,22,692,6,0.9265782237052917,0.3809972405433655
position_scan,22,693,4,0.7773274183273315,0.7507916688919067
position_scan,22,694,6,0.9154532551765442,0.4529438018798828
position_scan,22,695,4,0.7576887011528015,0.8172441720962524
position_scan,22,696,6,0.9236103892326355,0.3726452589035034
position_scan,22,697,4,0.7567040920257568,0.4205925464630127
position_scan,22,698,6,0.9330384135246277,0.5149213075637817
position_scan,22,699,4,0.7544634938240051,0.6226487755775452
position_scan,22,700,6,0.9164354205131531,0.34435003995895386
position_scan,22,701,4,0.7464592456817627,0.6412954926490784
position_scan,22,702,6,0.9307682514190674,0.9314269423484802
position_scan,22,703,4,0.7465952634811401,0.5483102798461914
position_scan,22,704,6,0.9250773787498474,0.40369346737861633
position_scan,22,705,4,0.7457117438316345,0.4345727562904358
position_scan,22,706,6,0.9267265200614929,0.4479988217353821
position_scan,22,707,4,0.8084867000579834,0.8894504904747009
position_scan,22,708,6,0.9324424862861633,0.5843748450279236
position_scan,22,709,4,0.7760190963745117,0.9685691595077515
position_scan,22,710,6,0.9110223650932312,0.5646507143974304
position_scan,22,711,4,0.7509996294975281,0.5444546937942505
position_scan,22,712,6,0.9293456077575684,0.418809711933136
position_scan,22,713,4,0.7600840330123901,1.2329505681991577
position_scan,22,714,6,0.9252469539642334,0.5741932392120361
position_scan,22,715,4,0.7852128148078918,0.6700312495231628
position_scan,22,716,6,0.937936007976532,0.6591627597808838
position_scan,22,717,4,0.7756757736206055,0.644774317741394
position_scan,22,718,6,0.9328845143318176,0.49754858016967773
position_scan,22,719,4,0.7812045812606812,0.6897910237312317
position_scan,22,720,6,0.9292476773262024,0.4940853416919708
position_scan,22,721,4,0.7648912668228149,0.6948931217193604
position_scan,22,722,6,0.9254036545753479,0.7012903690338135
position_scan,22,723,4,0.7771441340446472,0.6394548416137695
position_scan,22,724,6,0.9212859272956848,0.5775003433227539
position_scan,22,725,4,0.7767859101295471,0.9808204174041748
position_scan,22,726,6,0.9222829341888428,0.5801973342895508
position_scan,22,727,4,0.7640978693962097,0.470703661441803
position_scan,22,728,6,0.9174966812133789,0.4785422682762146
position_scan,22,729,4,0.7549604773521423,0.7443565130233765
position_scan,22,730,6,0.926297128200531,0.5535731911659241
position_scan,22,731,4,0.8192440271377563,1.0692965984344482
position_scan,22,732,6,0.9435269832611084,0.9321718811988831
position_scan,22,733,4,0.7622208595275879,0.634704053401947
position_scan,22,734,6,0.9209674000740051,0.5007028579711914
position_scan,22,735,4,0.7504510879516602,0.612992525100708
position_scan,22,736,6,0.9346158504486084,0.6064303517341614
position_scan,22,737,4,0.7609485983848572,0.8712310194969177
position_scan,22,738,6,0.9185361862182617,0.6619597673416138
position_scan,22,739,4,0.7770766615867615,1.0250710248947144
position_scan,22,740,6,0.9309799671173096,1.1490284204483032
position_scan,22,741,4,0.768064022064209,0.8457543253898621
position_scan,22,742,6,0.9209713339805603,0.3859309256076813
position_scan,22,743,4,0.7802778482437134,0.5713003277778625
position_scan,22,744,6,0.9212927222251892,1.0909537076950073
position_scan,22,745,4,0.762667179107666,1.1276825666427612
position_scan,22,746,6,0.9285528659820557,0.506460428237915
position_scan,22,747,4,0.7546594142913818,0.6130192279815674
position_scan,22,748,6,0.9325610995292664,1.3018568754196167
position_scan,22,749,4,0.7532608509063721,0.5586486458778381
position_scan,22,750,6,0.9178932309150696,1.0658906698226929
position_scan,22,751,4,0.750386655330658,0.4080359637737274
position_scan,22,752,6,0.9519938826560974,1.5017846822738647
position_scan,22,753,4,0.7756950259208679,0.5816379189491272
position_scan,22,754,6,0.9190290570259094,0.43715324997901917
position_scan,22,755,4,0.774384081363678,1.5155266523361206
position_scan,22,756,6,0.9374670386314392,0.6174200773239136
position_scan,22,757,4,0.7694315314292908,0.6379556655883789
position_scan,22,758,6,0.9335684776306152,1.3102821111679077
position_scan,22,759,4,0.7690989375114441,0.819342315196991
position_scan,22,760,6,0.9398787617683411,0.7823418974876404
position_scan,22,761,4,0.7732093334197998,1.0848766565322876
position_scan,22,762,6,0.9550022482872009,1.0380569696426392
position_scan,22,763,4,0.7616547346115112,0.8383339643478394
position_scan,22,764,6,0.9303542971611023,1.3460428714752197
position_scan,22,765,4,0.7531093955039978,0.902367889881134
position_scan,22,766,6,0.9376096129417419,0.6680799722671509
position_scan,22,767,4,0.7626790404319763,0.7101961970329285
position_scan,22,768,6,0.9202657341957092,0.5822750329971313
position_scan,22,769,4,0.7734326124191284,0.7221105098724365
position_scan,22,770,6,0.9512427449226379,0.8801397681236267
position_scan,22,771,4,0.763386607170105,0.6732665300369263
position_scan,22,772,6,0.9122607111930847,0.7993312478065491
position_scan,22,773,4,0.7618709206581116,0.8052927851676941
position_scan,22,774,6,0.9135608673095703,0.4451671242713928
position_scan,22,775,4,0.7484804391860962,0.8131629228591919
position_scan,22,776,6,0.9377829432487488,1.0561552047729492
position_scan,22,777,4,0.7698103189468384,0.7734636664390564
position_scan,22,778,6,0.9368412494659424,0.5576290488243103
position_scan,22,779,4,0.7729041576385498,1.278781771659851
position_scan,22,780,6,0.9417622089385986,0.8283882737159729
position_scan,22,781,4,0.7888743877410889,0.8188499212265015
position_scan,22,782,6,0.9301401972770691,0.5073817372322083
position_scan,22,783,4,0.7657028436660767,0.8389772772789001
position_scan,22,784,6,0.922264575958252,0.48860451579093933
position_scan,22,785,4,0.7589937448501587,0.4656939208507538
position_scan,22,786,6,0.9190203547477722,0.7898316979408264
position_scan,22,787,4,0.7755913138389587,1.6630363464355469
position_scan,22,788,6,0.9304444789886475,0.6280801296234131
position_scan,22,789,4,0.7732282280921936,1.018536925315857
position_scan,22,790,6,0.9405228495597839,0.729579508304596
position_scan,22,791,4,0.7706896066665649,0.7580965757369995
position_scan,22,792,6,0.9311466217041016,0.917698323726654
position_scan,22,793,4,0.7728561162948608,1.2943912744522095
position_scan,22,794,6,0.9208646416664124,0.5454307198524475
position_scan,22,795,4,0.7706552147865295,0.5915154814720154
position_scan,22,796,6,0.9397084712982178,1.5397857427597046
position_scan,22,797,4,0.783951997756958,0.8192195296287537
position_scan,22,798,6,0.9386186003684998,0.6361290812492371
position_scan,22,799,4,0.7679979801177979,0.8232965469360352
position_scan,22,800,6,0.9274366497993469,1.921283483505249
position_scan,22,801,4,0.7663779854774475,0.8474663496017456
position_scan,22,802,6,0.9197065234184265,0.742945671081543
position_scan,22,803,4,0.7781579494476318,1.3319461345672607
position_scan,22,804,6,0.9241334795951843,0.7137652039527893
position_scan,22,805,4,0.7902043461799622,0.8969266414642334
position_scan,22,806,6,0.9403741359710693,0.6076391339302063
position_scan,22,807,4,0.7757822871208191,0.8330159187316895
position_scan,22,808,6,0.9322609305381775,1.017742395401001
position_scan,22,809,4,0.7459386587142944,0.8043262362480164
position_scan,22,810,6,0.9254932999610901,0.4584982097148895
position_scan,22,811,4,0.768570601940155,0.7393760681152344
position_scan,22,812,6,0.9207040667533875,1.3871920108795166
position_scan,22,813,4,0.7510553002357483,0.6212996244430542
position_scan,22,814,6,0.9119852185249329,0.369402140378952
position_scan,22,815,4,0.7682865262031555,1.1063058376312256
position_scan,22,816,6,0.9270889759063721,1.2694792747497559
position_scan,22,817,4,0.7650654315948486,0.6333130598068237
position_scan,22,818,6,0.9433647990226746,0.7323583364486694
position_scan,22,819,4,0.7545953392982483,0.9012972116470337
position_scan,22,820,6,0.9214112162590027,0.7878047227859497
position_scan,22,821,4,0.7532029151916504,0.489165723323822
position_scan,22,822,6,0.9187142848968506,0.5894489884376526
position_scan,22,823,4,0.7502408027648926,0.9420588612556458
position_scan,22,824,6,0.9129607081413269,0.44985970854759216
position_scan,22,825,4,0.7581222057342529,0.5645537972450256
position_scan,22,826,6,0.9309406280517578,0.651064395904541
position_scan,22,827,4,0.7421076893806458,0.6921209692955017
position_scan,22,828,6,0.9210543632507324,0.4510602653026581
position_scan,22,829,4,0.7454230189323425,0.5686073899269104
position_scan,22,830,6,0.9439654350280762,0.70637047290802
position_scan,22,831,4,0.750712513923645,0.5354185700416565
position_scan,22,832,6,0.9207789897918701,0.6131638884544373
position_scan,22,833,4,0.7366039752960205,0.488782674074173
position_scan,22,834,6,0.9195532202720642,0.3988499939441681
position_scan,22,835,4,0.7716184258460999,1.0460128784179688
position_scan,22,836,6,0.920271635055542,1.0111206769943237
position_scan,22,837,4,0.7562498450279236,0.49929508566856384
position_scan,22,838,6,0.920734167098999,0.5788201689720154
position_scan,22,839,4,0.7352267503738403,0.4449205994606018
position_scan,22,840,6,0.9241049289703369,0.9392150640487671
position_scan,22,841,4,0.7837726473808289,0.8538970947265625
position_scan,22,842,6,0.9222021102905273,0.5334082245826721
position_scan,22,843,4,0.7518226504325867,0.6580928564071655
position_scan,22,844,6,0.9255228042602539,0.7268555164337158
position_scan,22,845,4,0.7615644335746765,0.8215339183807373
position_scan,22,846,6,0.9115554690361023,0.8381365537643433
position_scan,22,847,4,0.7747849822044373,1.3061645030975342
position_scan,22,848,6,0.9156067967414856,0.5800638198852539
position_scan,22,849,4,0.7542630434036255,0.6041544079780579
position_scan,22,850,6,0.9180989265441895,1.0416674613952637
position_scan,22,851,4,0.7508295178413391,0.9287305474281311
position_scan,22,852,6,0.9165778756141663,0.7974750995635986
position_scan,22,853,4,0.7403641939163208,0.4249124825000763
position_scan,22,854,6,0.9095506072044373,0.8203256130218506
position_scan,22,855,4,0.74673992395401,1.060762882232666
position_scan,22,856,6,0.9224997162818909,0.4583067297935486
position_scan,22,857,4,0.7387566566467285,0.4205086827278137
position_scan,22,858,6,0.9106628894805908,0.4868239462375641
position_scan,22,859,4,0.745703399181366,0.7570341229438782
position_scan,22,860,6,0.9279454350471497,0.7984877824783325
position_scan,22,861,4,0.8169840574264526,1.0655262470245361
position_scan,22,862,6,0.9164173007011414,0.7634890079498291
position_scan,22,863,4,0.7520828247070312,0.9109671711921692
position_scan,22,864,6,0.9060210585594177,0.48748382925987244
position_scan,22,865,4,0.7505487203598022,0.5939444899559021
position_scan,22,866,6,0.9095166325569153,0.5822538137435913
position_scan,22,867,4,0.7396732568740845,0.4671211242675781
position_scan,22,868,6,0.9152992367744446,0.8126013875007629
position_scan,22,869,4,0.7462247014045715,0.8748651742935181
position_scan,22,870,6,0.9187847971916199,0.431048184633255
position_scan,22,871,4,0.7504009008407593,0.5539366006851196
position_scan,22,872,6,0.9334040284156799,0.8863315582275391
position_scan,22,873,4,0.7609217762947083,1.2269004583358765
position_scan,22,874,6,0.9333413243293762,0.6073594093322754
position_scan,22,875,4,0.7499709129333496,0.5869324207305908
position_scan,22,876,6,0.9252637028694153,1.0459563732147217
position_scan,22,877,4,0.7510424852371216,1.2276474237442017
position_scan,22,878,6,0.9014682173728943,0.5231406092643738
position_scan,22,879,4,0.7602353096008301,0.5539851784706116
position_scan,22,880,6,0.9359647631645203,1.7324858903884888
position_scan,22,881,4,0.7542579770088196,0.9518910050392151
position_scan,22,882,6,0.9083477854728699,0.8452326655387878
position_scan,22,883,4,0.7612054347991943,1.6398793458938599
position_scan,22,884,6,0.9321096539497375,0.9002020359039307
position_scan,22,885,4,0.7422888278961182,0.47702324390411377
position_scan,22,886,6,0.91475510597229,0.813779354095459
position_scan,22,887,4,0.777043342590332,1.1622358560562134
position_scan,22,888,6,0.9220876693725586,0.48570072650909424
position_scan,22,889,4,0.7671691179275513,0.5186036825180054
position_scan,22,890,6,0.9144222736358643,0.6478275656700134
position_scan,22,891,4,0.7647144198417664,1.238397240638733
position_scan,22,892,6,0.9024439454078674,0.5245344042778015
position_scan,22,893,4,0.7475547790527344,0.5226452350616455
position_scan,22,894,6,0.9073877334594727,0.6431569457054138
position_scan,22,895,4,0.7592198252677917,1.009045124053955
position_scan,22,896,6,0.919199526309967,0.8915945291519165
position_scan,22,897,4,0.7491676807403564,0.6820482611656189
position_scan,22,898,6,0.906914472579956,0.7133020758628845
position_scan,22,899,4,0.7592201232910156,0.8790342211723328
position_scan,22,900,6,0.9199619889259338,0.44525548815727234
position_scan,33,1,4,1.8815656900405884,1.9736911058425903
position_scan,33,2,6,2.166801691055298,4.609006881713867
position_scan,33,3,4,1.8306175470352173,2.488431930541992
position_scan,33,4,6,2.1920924186706543,3.667212963104248
position_scan,33,5,4,1.8174127340316772,3.710782051086426
position_scan,33,6,6,2.027114152908325,1.7526742219924927
position_scan,33,7,4,1.7561479806900024,3.152587652206421
position_scan,33,8,6,2.015711784362793,2.9957001209259033
position_scan,33,9,4,1.753702163696289,1.9730526208877563
position_scan,33,10,6,1.9716320037841797,1.4393504858016968
position_scan,33,11,4,1.7115345001220703,2.463209629058838
position_scan,33,12,6,1.95658540725708,2.528329610824585
position_scan,33,13,4,1.7288976907730103,1.6532858610153198
position_scan,33,14,6,1.8760766983032227,1.9342877864837646
position_scan,33,15,4,1.7201005220413208,2.801539659500122
position_scan,33,16,6,1.8903230428695679,1.4852710962295532
position_scan,33,17,4,1.651841402053833,2.0057294368743896
position_scan,33,18,6,1.9451197385787964,2.4718616008758545
position_scan,33,19,4,1.556800127029419,1.167771577835083
position_scan,33,20,6,1.8854979276657104,2.6348378658294678
position_scan,33,21,4,1.6239432096481323,3.456136465072632
position_scan,33,22,6,1.763102650642395,1.2393903732299805
position_scan,33,23,4,1.6000679731369019,3.2398173809051514
position_scan,33,24,6,1.792309284210205,5.211869239807129
position_scan,33,25,4,1.4777307510375977,1.8532660007476807
position_scan,33,26,6,1.7492212057113647,3.8247480392456055
position_scan,33,27,4,1.4909647703170776,5.835312366485596
position_scan,33,28,6,1.7190452814102173,3.4779255390167236
position_scan,33,29,4,1.4828236103057861,3.303083896636963
position_scan,33,30,6,1.5964466333389282,4.28899621963501
position_scan,33,31,4,1.3754290342330933,1.492850422859192
position_scan,33,32,6,1.591575026512146,3.132050037384033
position_scan,33,33,4,1.3815559148788452,2.053417205810547
position_scan,33,34,6,1.5576897859573364,6.2649760246276855
position_scan,33,35,4,1.3696436882019043,3.4748141765594482
position_scan,33,36,6,1.4673128128051758,1.6372812986373901
position_scan,33,37,4,1.3338720798492432,5.114449501037598
position_scan,33,38,6,1.3443962335586548,3.3323333263397217
position_scan,33,39,4,1.2529034614562988,5.482927322387695
position_scan,33,40,6,1.4753729104995728,6.479270935058594
position_scan,33,41,4,1.1973193883895874,2.096806287765503
position_scan,33,42,6,1.317389965057373,1.5202903747558594
position_scan,33,43,4,1.188637375831604,2.0878639221191406
position_scan,33,44,6,1.2328734397888184,1.1021764278411865
position_scan,33,45,4,1.0893193483352661,2.555516242980957
position_scan,33,46,6,1.3268803358078003,7.328608989715576
position_scan,33,47,4,0.9947848320007324,3.8865742683410645
position_scan,33,48,6,1.3094383478164673,6.712791919708252
position_scan,33,49,4,1.251944899559021,9.27076530456543
position_scan,33,50,6,1.2323538064956665,3.185884952545166
position_scan,33,51,4,1.4574406147003174,14.552684783935547
position_scan,33,52,6,1.660605788230896,16.2736873626709
position_scan,33,53,4,1.4146084785461426,14.11430549621582
position_scan,33,54,6,1.2522259950637817,3.8627870082855225
position_scan,33,55,4,1.1177799701690674,2.6778078079223633
position_scan,33,56,6,1.2373560667037964,3.209472894668579
position_scan,33,57,4,1.036194920539856,6.796562194824219
position_scan,33,58,6,1.1604764461517334,5.103386878967285
position_scan,33,59,4,1.0869790315628052,2.083148241043091
position_scan,33,60,6,1.151591181755066,6.9976677894592285
position_scan,33,61,4,1.1469640731811523,4.735907077789307
position_scan,33,62,6,1.1350826025009155,1.974028468132019
position_scan,33,63,4,1.0012236833572388,3.365628719329834
position_scan,33,64,6,1.1171733140945435,1.5437761545181274
position_scan,33,65,4,0.999967634677887,2.259986639022827
position_scan,33,66,6,1.1600176095962524,4.502669334411621
position_scan,33,67,4,0.9879200458526611,3.8789427280426025
position_scan,33,68,6,1.0709441900253296,1.6132060289382935
position_scan,33,69,4,0.981361985206604,6.173710346221924
position_scan,33,70,6,1.163619875907898,2.4675252437591553
position_scan,33,71,4,0.9309395551681519,1.3007054328918457
position_scan,33,72,6,1.0832295417785645,1.5983381271362305
position_scan,33,73,4,0.9898295402526855,2.8707544803619385
position_scan,33,74,6,1.0982552766799927,3.489100694656372
position_scan,33,75,4,0.9734287858009338,1.5013655424118042
position_scan,33,76,6,1.043546199798584,1.2719630002975464
position_scan,33,77,4,0.9751785397529602,1.8434284925460815
position_scan,33,78,6,1.1018482446670532,2.5144455432891846
position_scan,33,79,4,0.9342211484909058,1.5007076263427734
position_scan,33,80,6,1.0892974138259888,2.3241214752197266
position_scan,33,81,4,0.8733382821083069,0.827748715877533
position_scan,33,82,6,1.0497032403945923,1.2929539680480957
position_scan,33,83,4,1.0099114179611206,2.1819074153900146
position_scan,33,84,6,1.1442046165466309,5.039783000946045
position_scan,33,85,4,0.9783290028572083,5.362074851989746
position_scan,33,86,6,1.0893586874008179,1.194584846496582
position_scan,33,87,4,1.0871784687042236,8.357023239135742
position_scan,33,88,6,1.2427557706832886,7.664904594421387
position_scan,33,89,4,1.0139857530593872,7.276107311248779
position_scan,33,90,6,1.0988811254501343,1.4562983512878418
position_scan,33,91,4,0.9648752808570862,4.755801200866699
position_scan,33,92,6,1.109079360961914,3.168492317199707
position_scan,33,93,4,0.9485161304473877,2.566779851913452
position_scan,33,94,6,1.1208966970443726,1.697953462600708
position_scan,33,95,4,0.9725198745727539,1.577237606048584
position_scan,33,96,6,1.0812382698059082,4.7159318923950195
position_scan,33,97,4,1.002925157546997,4.708319187164307
position_scan,33,98,6,1.1084212064743042,3.520381212234497
position_scan,33,99,4,0.9964540004730225,4.608264923095703
position_scan,33,100,6,1.191589117050171,5.668338298797607
position_scan,33,101,4,0.9824237823486328,3.917905330657959
position_scan,33,102,6,1.137965202331543,1.488872766494751
position_scan,33,103,4,1.0267282724380493,2.4541168212890625
position_scan,33,104,6,1.153798222541809,3.3671977519989014
position_scan,33,105,4,0.9744206070899963,1.297817587852478
position_scan,33,106,6,1.1051665544509888,1.820670247077942
position_scan,33,107,4,0.9243977069854736,2.7838499546051025
position_scan,33,108,6,1.0911287069320679,2.3773980140686035
position_scan,33,109,4,0.9408814311027527,1.591500163078308
position_scan,33,110,6,1.0579965114593506,1.066025972366333
position_scan,33,111,4,0.9383816719055176,3.0958290100097656
position_scan,33,112,6,1.102392315864563,1.5443607568740845
position_scan,33,113,4,0.921477198600769,1.4924997091293335
position_scan,33,114,6,1.0607469081878662,3.2634451389312744
position_scan,33,115,4,0.9096118807792664,1.8039425611495972
position_scan,33,116,6,1.1223315000534058,3.051262617111206
position_scan,33,117,4,0.9216510653495789,3.0096280574798584
position_scan,33,118,6,1.0553441047668457,1.254656434059143
position_scan,33,119,4,0.9260995984077454,2.293869733810425
position_scan,33,120,6,1.0787893533706665,3.3387722969055176
position_scan,33,121,4,0.8908297419548035,0.7574312686920166
position_scan,33,122,6,1.072862982749939,1.3003883361816406
position_scan,33,123,4,0.9504523277282715,2.767789840698242
position_scan,33,124,6,1.0477193593978882,1.5916748046875
position_scan,33,125,4,0.9182882308959961,1.837775707244873
position_scan,33,126,6,1.0391358137130737,0.8159564137458801
position_scan,33,127,4,1.0073134899139404,2.738222122192383
position_scan,33,128,6,1.0761138200759888,1.2495568990707397
position_scan,33,129,4,0.889488160610199,0.9722029566764832
position_scan,33,130,6,1.0796319246292114,1.7432624101638794
position_scan,33,131,4,0.9175398945808411,1.0311391353607178
position_scan,33,132,6,1.0406453609466553,0.8395459055900574
position_scan,33,133,4,0.8821304440498352,1.417097806930542
position_scan,33,134,6,1.0713801383972168,0.9249007105827332
position_scan,33,135,4,0.9245572686195374,2.4985032081604004
position_scan,33,136,6,1.0615774393081665,1.0247215032577515
position_scan,33,137,4,0.9172552824020386,1.1677372455596924
position_scan,33,138,6,1.028971552848816,1.683565378189087
position_scan,33,139,4,0.9169819951057434,1.0038883686065674
position_scan,33,140,6,1.0560150146484375,0.9135763645172119
position_scan,33,141,4,0.9057408571243286,2.630957841873169
position_scan,33,142,6,1.0791844129562378,1.1269688606262207
position_scan,33,143,4,0.9124842286109924,1.3800723552703857
position_scan,33,144,6,1.0783075094223022,2.8261728286743164
position_scan,33,145,4,0.9588801860809326,3.598438024520874
position_scan,33,146,6,1.0741792917251587,2.424931526184082
position_scan,33,147,4,0.9199892282485962,3.033418655395508
position_scan,33,148,6,1.1000192165374756,3.6839780807495117
position_scan,33,149,4,0.9795817732810974,2.7943365573883057
position_scan,33,150,6,1.0153907537460327,0.594656229019165
position_scan,33,151,4,0.9454663991928101,2.5235037803649902
position_scan,33,152,6,1.0785423517227173,2.026998519897461
position_scan,33,153,4,0.9375548958778381,1.0549185276031494
position_scan,33,154,6,1.0762377977371216,1.5287188291549683
position_scan,33,155,4,0.8680775761604309,1.0813469886779785
position_scan,33,156,6,1.0574928522109985,2.2256534099578857
position_scan,33,157,4,0.8846380114555359,1.1724525690078735
position_scan,33,158,6,1.061450481414795,0.6878591179847717
position_scan,33,159,4,0.871042013168335,0.7963071465492249
position_scan,33,160,6,1.0658947229385376,1.0013552904129028
position_scan,33,161,4,0.9487741589546204,2.4368340969085693
position_scan,33,162,6,1.0576637983322144,0.6617408990859985
position_scan,33,163,4,0.9079654812812805,1.0498842000961304
position_scan,33,164,6,1.0640827417373657,1.5083614587783813
position_scan,33,165,4,0.9004608988761902,1.125582218170166
position_scan,33,166,6,1.0332236289978027,0.980507493019104
position_scan,33,167,4,0.9117927551269531,2.03791880607605
position_scan,33,168,6,1.0640250444412231,0.9367102384567261
position_scan,33,169,4,0.9289754033088684,0.8158251047134399
position_scan,33,170,6,1.0600712299346924,2.0135180950164795
position_scan,33,171,4,0.9439374208450317,1.056714415550232
position_scan,33,172,6,1.0706185102462769,0.9947906136512756
position_scan,33,173,4,0.890317440032959,1.3473364114761353
position_scan,33,174,6,1.061860203742981,2.078784465789795
position_scan,33,175,4,0.8901405334472656,0.8394143581390381
position_scan,33,176,6,1.0217995643615723,1.1197761297225952
position_scan,33,177,4,0.8901767134666443,2.492810010910034
position_scan,33,178,6,1.0761343240737915,1.3063002824783325
position_scan,33,179,4,0.9041946530342102,0.9638720750808716
position_scan,33,180,6,1.0601304769515991,1.1952601671218872
position_scan,33,181,4,0.8747794032096863,0.8155673146247864
position_scan,33,182,6,1.0286251306533813,1.1592962741851807
position_scan,33,183,4,0.9243549108505249,2.4884190559387207
position_scan,33,184,6,1.041751503944397,1.461417555809021
position_scan,33,185,4,0.8635579943656921,1.1224236488342285
position_scan,33,186,6,1.0725420713424683,2.2849299907684326
position_scan,33,187,4,0.865625262260437,1.9138293266296387
position_scan,33,188,6,1.0298599004745483,1.3365118503570557
position_scan,33,189,4,0.9112396240234375,2.459157943725586
position_scan,33,190,6,1.0529710054397583,2.6530888080596924
position_scan,33,191,4,0.8870933651924133,2.7484898567199707
position_scan,33,192,6,1.0099581480026245,0.6866493821144104
position_scan,33,193,4,0.8719983696937561,1.9451453685760498
position_scan,33,194,6,1.0330638885498047,2.1588547229766846
position_scan,33,195,4,0.8714292049407959,1.0343822240829468
position_scan,33,196,6,1.037039875984192,1.0129187107086182
position_scan,33,197,4,0.8483626842498779,0.8619869947433472
position_scan,33,198,6,0.9974310994148254,1.012987732887268
position_scan,33,199,4,0.8866978287696838,0.915897786617279
position_scan,33,200,6,1.0285886526107788,1.06956148147583
position_scan,33,201,4,0.8962525725364685,1.26409912109375
position_scan,33,202,6,1.0390623807907104,2.134314775466919
position_scan,33,203,4,0.9132320284843445,2.176096200942993
position_scan,33,204,6,1.0612603425979614,0.9123513102531433
position_scan,33,205,4,0.8751187324523926,1.6297416687011719
position_scan,33,206,6,1.0027365684509277,0.6461191177368164
position_scan,33,207,4,0.8898448348045349,1.2103747129440308
position_scan,33,208,6,1.0171622037887573,2.07330584526062
position_scan,33,209,4,0.8806237578392029,1.0874371528625488
position_scan,33,210,6,0.9994838833808899,0.7380717396736145
position_scan,33,211,4,0.8929571509361267,2.148618698120117
position_scan,33,212,6,1.030807614326477,1.2839646339416504
position_scan,33,213,4,0.8774797916412354,1.0895136594772339
position_scan,33,214,6,1.001231074333191,1.7781175374984741
position_scan,33,215,4,0.8698593378067017,1.198167324066162
position_scan,33,216,6,1.017561912536621,0.7368000745773315
position_scan,33,217,4,0.8548644781112671,1.0998338460922241
position_scan,33,218,6,1.0179063081741333,0.654715895652771
position_scan,33,219,4,0.8323530554771423,1.5042341947555542
position_scan,33,220,6,0.9925177693367004,1.181937575340271
position_scan,33,221,4,0.8442078828811646,0.831656813621521
position_scan,33,222,6,1.0613536834716797,1.001401424407959
position_scan,33,223,4,0.847504198551178,0.9503555297851562
position_scan,33,224,6,1.0097551345825195,0.7161691784858704
position_scan,33,225,4,0.849854052066803,1.268148422241211
position_scan,33,226,6,1.0458296537399292,3.510291814804077
position_scan,33,227,4,0.8566725254058838,1.9748995304107666
position_scan,33,228,6,1.0218814611434937,1.402783751487732
position_scan,33,229,4,0.8973526358604431,2.7602808475494385
position_scan,33,230,6,1.041599154472351,3.402495861053467
position_scan,33,231,4,0.8819101452827454,2.7854537963867188
position_scan,33,232,6,1.0157666206359863,1.2080693244934082
position_scan,33,233,4,0.9216407537460327,2.3957908153533936
position_scan,33,234,6,1.036237120628357,2.2645740509033203
position_scan,33,235,4,0.8660948276519775,1.811498999595642
position_scan,33,236,6,1.000258445739746,0.7339460849761963
position_scan,33,237,4,0.8635777831077576,2.076345920562744
position_scan,33,238,6,1.0298471450805664,1.2052944898605347
position_scan,33,239,4,0.8408695459365845,0.9556321501731873
position_scan,33,240,6,1.0024237632751465,0.9143527746200562
position_scan,33,241,4,0.846810519695282,1.5276615619659424
position_scan,33,242,6,0.9989816546440125,0.6892518997192383
position_scan,33,243,4,0.8510679602622986,1.0183393955230713
position_scan,33,244,6,1.044068694114685,2.165571451187134
position_scan,33,245,4,0.8858081102371216,1.1570885181427002
position_scan,33,246,6,1.0216493606567383,1.0564930438995361
position_scan,33,247,4,0.8588750958442688,2.023822069168091
position_scan,33,248,6,1.0000730752944946,1.1403216123580933
position_scan,33,249,4,0.84112149477005,0.7988099455833435
position_scan,33,250,6,1.0193740129470825,2.3374290466308594
position_scan,33,251,4,0.8330956697463989,0.7627324461936951
position_scan,33,252,6,0.9974947571754456,0.979051411151886
position_scan,33,253,4,0.851384699344635,1.2847093343734741
position_scan,33,254,6,0.9841029047966003,0.9846649765968323
position_scan,33,255,4,0.8516061305999756,2.2697322368621826
position_scan,33,256,6,0.9675878882408142,0.6334479451179504
position_scan,33,257,4,0.873105525970459,1.4181090593338013
position_scan,33,258,6,0.9955700039863586,1.0321329832077026
position_scan,33,259,4,0.8453912138938904,0.8786095380783081
position_scan,33,260,6,0.9982665181159973,1.572824478149414
position_scan,33,261,4,0.8509988784790039,1.6825706958770752
position_scan,33,262,6,0.9916539192199707,1.3432365655899048
position_scan,33,263,4,0.8310546875,1.2415215969085693
position_scan,33,264,6,1.021645188331604,2.201144218444824
position_scan,33,265,4,0.8729388117790222,1.3403104543685913
position_scan,33,266,6,1.0374215841293335,0.815995454788208
position_scan,33,267,4,0.8327637314796448,1.2691049575805664
position_scan,33,268,6,1.0129234790802002,0.9582164883613586
position_scan,33,269,4,0.8214263916015625,0.7144126892089844
position_scan,33,270,6,0.9976637959480286,1.538689136505127
position_scan,33,271,4,0.8457458019256592,0.8803510069847107
position_scan,33,272,6,1.0132237672805786,1.6787930727005005
position_scan,33,273,4,0.8408190011978149,0.8482959270477295
position_scan,33,274,6,0.9931690692901611,0.5530441403388977
position_scan,33,275,4,0.833459734916687,1.2122087478637695
position_scan,33,276,6,0.9928674101829529,1.324367880821228
position_scan,33,277,4,0.8464264273643494,1.3524521589279175
position_scan,33,278,6,0.9941999316215515,1.6078791618347168
position_scan,33,279,4,0.8551364541053772,1.2306106090545654
position_scan,33,280,6,1.0222865343093872,0.9062032103538513
position_scan,33,281,4,0.8465122580528259,1.218545913696289
position_scan,33,282,6,0.9891844391822815,0.6723961234092712
position_scan,33,283,4,0.8489251136779785,1.0602201223373413
position_scan,33,284,6,1.036331295967102,3.1790359020233154
position_scan,33,285,4,0.8579614162445068,1.8442302942276
position_scan,33,286,6,1.029276728630066,2.2132558822631836
position_scan,33,287,4,0.8531017899513245,1.8249857425689697
position_scan,33,288,6,1.0219943523406982,2.3173465728759766
position_scan,33,289,4,0.8991812467575073,1.4341861009597778
position_scan,33,290,6,0.9851829409599304,0.5843291878700256
position_scan,33,291,4,0.8644587397575378,1.5570499897003174
position_scan,33,292,6,1.0075551271438599,2.570469617843628
position_scan,33,293,4,0.835753858089447,0.7696552276611328
position_scan,33,294,6,1.0138524770736694,1.0858043432235718
position_scan,33,295,4,0.9315374493598938,4.143624305725098
position_scan,33,296,6,1.066528081893921,4.0864787101745605
position_scan,33,297,4,0.9542061686515808,4.337609767913818
position_scan,33,298,6,1.0145460367202759,1.7205027341842651
position_scan,33,299,4,0.8777303695678711,1.0455092191696167
position_scan,33,300,6,1.045305848121643,2.8871803283691406
position_scan,33,301,4,0.8626614212989807,2.4511187076568604
position_scan,33,302,6,1.0106587409973145,1.6378613710403442
position_scan,33,303,4,0.8276910185813904,1.6728914976119995
position_scan,33,304,6,1.0070796012878418,1.3240984678268433
position_scan,33,305,4,0.845635175704956,2.233285665512085
position_scan,33,306,6,0.9687413573265076,0.918677031993866
position_scan,33,307,4,0.8189353942871094,0.8086486458778381
position_scan,33,308,6,0.9649425148963928,1.261395812034607
position_scan,33,309,4,0.8826903104782104,1.1213645935058594
position_scan,33,310,6,0.9967066645622253,1.3319814205169678
position_scan,33,311,4,0.8748080134391785,2.3515520095825195
position_scan,33,312,6,1.005239486694336,0.8889161348342896
position_scan,33,313,4,0.8501588702201843,0.9459640979766846
position_scan,33,314,6,1.014439582824707,3.127326488494873
position_scan,33,315,4,0.8662274479866028,1.144805908203125
position_scan,33,316,6,0.9906150698661804,0.6960424780845642
position_scan,33,317,4,0.8646264672279358,1.5076074600219727
position_scan,33,318,6,1.000712275505066,1.5702526569366455
position_scan,33,319,4,0.8573071360588074,0.8803298473358154
position_scan,33,320,6,0.9789349436759949,1.523150086402893
position_scan,33,321,4,0.8427837491035461,0.6525486707687378
position_scan,33,322,6,0.983337938785553,1.0167707204818726
position_scan,33,323,4,0.8717288970947266,1.9040570259094238
position_scan,33,324,6,0.9877254366874695,1.1792293787002563
position_scan,33,325,4,0.8341257572174072,1.2389518022537231
position_scan,33,326,6,1.0178688764572144,2.018963098526001
position_scan,33,327,4,0.8183945417404175,1.0872596502304077
position_scan,33,328,6,0.9889538884162903,0.9668404459953308
position_scan,33,329,4,0.821587085723877,0.9737843871116638
position_scan,33,330,6,1.024307131767273,1.5962799787521362
position_scan,33,331,4,0.8631552457809448,1.7319998741149902
position_scan,33,332,6,1.0099140405654907,1.0675485134124756
position_scan,33,333,4,0.8463036417961121,1.327599287033081
position_scan,33,334,6,0.9778649806976318,1.8887921571731567
position_scan,33,335,4,0.8177245855331421,0.7341720461845398
position_scan,33,336,6,1.0003857612609863,0.69096440076828
position_scan,33,337,4,0.8595693707466125,2.3070595264434814
position_scan,33,338,6,0.9930880665779114,2.007978916168213
position_scan,33,339,4,0.8504300117492676,2.1361193656921387
position_scan,33,340,6,1.004426121711731,0.7679322957992554
position_scan,33,341,4,0.8154976963996887,0.7328972220420837
position_scan,33,342,6,1.018295407295227,2.0961856842041016
position_scan,33,343,4,0.803276777267456,0.5620455145835876
position_scan,33,344,6,0.9916360974311829,0.6618428826332092
position_scan,33,345,4,0.8293622136116028,0.9868555665016174
position_scan,33,346,6,0.983700692653656,0.7611974477767944
position_scan,33,347,4,0.8285362124443054,0.829966127872467
position_scan,33,348,6,0.9866945743560791,1.4779616594314575
position_scan,33,349,4,0.8857519030570984,0.9155075550079346
position_scan,33,350,6,0.9849893450737,1.0038105249404907
position_scan,33,351,4,0.8653494715690613,1.447620153427124
position_scan,33,352,6,0.9851951599121094,1.1578096151351929
position_scan,33,353,4,0.8931877017021179,1.8339184522628784
position_scan,33,354,6,0.9818363785743713,0.8917217254638672
position_scan,33,355,4,0.8192052245140076,0.8530153036117554
position_scan,33,356,6,0.9891641736030579,1.4846422672271729
position_scan,33,357,4,0.8695734143257141,0.9886969923973083
position_scan,33,358,6,0.9753655791282654,0.6043781638145447
position_scan,33,359,4,0.8306838870048523,1.3412630558013916
position_scan,33,360,6,0.9900670647621155,0.6099818348884583
position_scan,33,361,4,0.8098969459533691,0.7909687757492065
position_scan,33,362,6,0.9822330474853516,1.3221162557601929
position_scan,33,363,4,0.8404278755187988,1.7422540187835693
position_scan,33,364,6,0.9847636818885803,0.9034569263458252
position_scan,33,365,4,0.7983041405677795,0.6411851048469543
position_scan,33,366,6,0.9782840609550476,0.7288458347320557
position_scan,33,367,4,0.792953372001648,0.6266664862632751
position_scan,33,368,6,0.9736893773078918,1.569411277770996
position_scan,33,369,4,0.8089501261711121,0.6020626425743103
position_scan,33,370,6,0.992127001285553,0.6432021856307983
position_scan,33,371,4,0.826591968536377,1.2804230451583862
position_scan,33,372,6,0.960338830947876,0.9978127479553223
position_scan,33,373,4,0.8130925297737122,0.5880268812179565
position_scan,33,374,6,0.9829122424125671,0.6033431887626648
position_scan,33,375,4,0.8632652759552002,1.8889667987823486
position_scan,33,376,6,0.9817076325416565,0.5457795858383179
position_scan,33,377,4,0.8222272992134094,0.8621804118156433
position_scan,33,378,6,0.9729109406471252,1.480421781539917
position_scan,33,379,4,0.8023616671562195,0.6513307094573975
position_scan,33,380,6,0.9741118550300598,0.5982621312141418
position_scan,33,381,4,0.8405477404594421,1.885763168334961
position_scan,33,382,6,0.9854037165641785,0.9615821838378906
position_scan,33,383,4,0.8045582175254822,0.7959263920783997
position_scan,33,384,6,0.9932160377502441,1.2496967315673828
position_scan,33,385,4,0.7887617945671082,0.6004295349121094
position_scan,33,386,6,0.9777214527130127,0.6135495901107788
position_scan,33,387,4,0.8160046339035034,1.1519640684127808
position_scan,33,388,6,0.9562687873840332,0.6450863480567932
position_scan,33,389,4,0.8210383653640747,0.8380848169326782
position_scan,33,390,6,0.9726844429969788,1.2873178720474243
position_scan,33,391,4,0.7911227345466614,0.6423933506011963
position_scan,33,392,6,0.9875505566596985,0.8512584567070007
position_scan,33,393,4,0.8044006824493408,0.9457509517669678
position_scan,33,394,6,0.9651544094085693,0.6677506566047668
position_scan,33,395,4,0.7882444262504578,0.7177181243896484
position_scan,33,396,6,0.974480926990509,1.1348769664764404
position_scan,33,397,4,0.8151262402534485,0.7114516496658325
position_scan,33,398,6,0.9899835586547852,0.9225576519966125
position_scan,33,399,4,0.8227423429489136,1.0915998220443726
position_scan,33,400,6,0.9611754417419434,0.7031289339065552
position_scan,33,401,4,0.8005256652832031,0.6652235984802246
position_scan,33,402,6,0.9889850616455078,1.3015565872192383
position_scan,33,403,4,0.7977578043937683,0.8345422148704529
position_scan,33,404,6,0.9723589420318604,0.43022412061691284
position_scan,33,405,4,0.7985666394233704,1.555949091911316
position_scan,33,406,6,0.9544493556022644,0.47303178906440735
position_scan,33,407,4,0.8204858303070068,0.6956258416175842
position_scan,33,408,6,0.9530279040336609,0.9960934519767761
position_scan,33,409,4,0.826023280620575,0.9905338287353516
position_scan,33,410,6,0.9735264182090759,0.8505277633666992
position_scan,33,411,4,0.8081886172294617,0.5902554392814636
position_scan,33,412,6,0.9622364044189453,0.4767017364501953
position_scan,33,413,4,0.810169517993927,1.0423269271850586
position_scan,33,414,6,0.954496443271637,0.5060376524925232
position_scan,33,415,4,0.7916210293769836,0.5728327631950378
position_scan,33,416,6,0.9781354069709778,1.1408261060714722
position_scan,33,417,4,0.8284006118774414,0.7092950940132141
position_scan,33,418,6,0.9460187554359436,0.9652876853942871
position_scan,33,419,4,0.8164812326431274,1.2925294637680054
position_scan,33,420,6,0.9693450331687927,0.987522542476654
position_scan,33,421,4,0.7874482870101929,0.8243057131767273
position_scan,33,422,6,0.9872034192085266,1.7835917472839355
position_scan,33,423,4,0.8224650621414185,0.9980124235153198
position_scan,33,424,6,0.9610083699226379,1.6155112981796265
position_scan,33,425,4,0.8551464676856995,1.9106069803237915
position_scan,33,426,6,0.966600239276886,1.265067219734192
position_scan,33,427,4,0.7994255423545837,1.5220729112625122
position_scan,33,428,6,0.9564735293388367,0.7632666230201721
position_scan,33,429,4,0.7997691035270691,0.9383662343025208
position_scan,33,430,6,0.9725658893585205,1.0241155624389648
position_scan,33,431,4,0.7810240983963013,1.0269622802734375
position_scan,33,432,6,0.9607973694801331,0.6026032567024231
position_scan,33,433,4,0.7749472856521606,0.8899897336959839
position_scan,33,434,6,0.9495064616203308,0.6180686354637146
position_scan,33,435,4,0.8286135792732239,0.8108407855033875
position_scan,33,436,6,0.9674449563026428,1.080054759979248
position_scan,33,437,4,0.8122557997703552,0.7245367169380188
position_scan,33,438,6,0.9578607082366943,0.4497626721858978
position_scan,33,439,4,0.8337755799293518,1.0993187427520752
position_scan,33,440,6,0.9527838230133057,0.42759594321250916
position_scan,33,441,4,0.8224596381187439,0.8746386766433716
position_scan,33,442,6,0.9570388197898865,0.3731035590171814
position_scan,33,443,4,0.8136909604072571,0.8050934076309204
position_scan,33,444,6,0.9726012349128723,0.6756865978240967
position_scan,33,445,4,0.7927483320236206,0.49818000197410583
position_scan,33,446,6,0.952030599117279,0.7090994119644165
position_scan,33,447,4,0.7885414361953735,0.9099987745285034
position_scan,33,448,6,0.9579384326934814,0.3942088782787323
position_scan,33,449,4,0.7806113958358765,0.5466123223304749
position_scan,33,450,6,0.977139413356781,1.30355703830719
position_scan,33,451,4,0.8038411140441895,0.6299782395362854
position_scan,33,452,6,0.9523892998695374,0.5462967753410339
position_scan,33,453,4,0.8160294890403748,0.9051290154457092
position_scan,33,454,6,0.9429114460945129,0.4500950872898102
position_scan,33,455,4,0.8006337881088257,0.6339953541755676
position_scan,33,456,6,0.9591519832611084,0.8220537304878235
position_scan,33,457,4,0.8101072907447815,0.792019784450531
position_scan,33,458,6,0.9496402740478516,0.5338334441184998
position_scan,33,459,4,0.825648307800293,1.8498470783233643
position_scan,33,460,6,0.9387092590332031,0.9337038993835449
position_scan,33,461,4,0.8172225952148438,0.7140151858329773
position_scan,33,462,6,0.9692277312278748,1.7224583625793457
position_scan,33,463,4,0.7722374200820923,0.4732264280319214
position_scan,33,464,6,0.9749249815940857,0.5132156014442444
position_scan,33,465,4,0.8479932546615601,1.797262191772461
position_scan,33,466,6,0.9589860439300537,0.6337291598320007
position_scan,33,467,4,0.7958648800849915,0.5611600279808044
position_scan,33,468,6,0.961273729801178,1.6524502038955688
position_scan,33,469,4,0.7917928099632263,0.570534884929657
position_scan,33,470,6,0.959453821182251,0.6303662657737732
position_scan,33,471,4,0.7910730838775635,1.1935864686965942
position_scan,33,472,6,0.9667627215385437,0.9846047759056091
position_scan,33,473,4,0.7644891142845154,0.6513679027557373
position_scan,33,474,6,0.9502205848693848,0.4682837426662445
position_scan,33,475,4,0.7671020030975342,1.0187145471572876
position_scan,33,476,6,0.9507193565368652,0.508141815662384
position_scan,33,477,4,0.7917277812957764,0.6865166425704956
position_scan,33,478,6,0.9585720896720886,1.0568331480026245
position_scan,33,479,4,0.7962741851806641,0.6638422012329102
position_scan,33,480,6,0.9626187682151794,1.0498648881912231
position_scan,33,481,4,0.7993053793907166,1.1690798997879028
position_scan,33,482,6,0.9359726309776306,0.6638460755348206
position_scan,33,483,4,0.7863610982894897,0.9446280002593994
position_scan,33,484,6,0.9682695269584656,1.4776231050491333
position_scan,33,485,4,0.803190290927887,1.2215197086334229
position_scan,33,486,6,0.9309062957763672,0.38338926434516907
position_scan,33,487,4,0.8204065561294556,2.1001346111297607
position_scan,33,488,6,0.9528871178627014,1.2435311079025269
position_scan,33,489,4,0.7898220419883728,0.7821667194366455
position_scan,33,490,6,0.9726946353912354,2.1448240280151367
position_scan,33,491,4,0.8066588640213013,1.9716912508010864
position_scan,33,492,6,0.9784362316131592,1.8296862840652466
position_scan,33,493,4,0.7872325778007507,1.0244166851043701
position_scan,33,494,6,0.9530775547027588,0.7986040711402893
position_scan,33,495,4,0.8248525857925415,1.4186582565307617
position_scan,33,496,6,0.9647974967956543,0.7731618881225586
position_scan,33,497,4,0.8018417358398438,0.6467275023460388
position_scan,33,498,6,0.9722976088523865,1.3722490072250366
position_scan,33,499,4,0.7829098701477051,1.0643514394760132
position_scan,33,500,6,0.9365103840827942,0.5225191116333008
position_scan,33,501,4,0.7799663543701172,1.006767749786377
position_scan,33,502,6,0.9421696662902832,0.8700645565986633
position_scan,33,503,4,0.7771906852722168,0.6379358172416687
position_scan,33,504,6,0.9551694989204407,0.6170341968536377
position_scan,33,505,4,0.7904730439186096,0.5692553520202637
position_scan,33,506,6,0.9585437178611755,0.48117172718048096
position_scan,33,507,4,0.7940245866775513,0.6778255701065063
position_scan,33,508,6,0.9642738699913025,1.168047547340393
position_scan,33,509,4,0.7894477844238281,0.5512750744819641
position_scan,33,510,6,0.9419124126434326,0.34982457756996155
position_scan,33,511,4,0.8074142932891846,1.8857249021530151
position_scan,33,512,6,0.9409435391426086,0.48423832654953003
position_scan,33,513,4,0.7883360385894775,0.466709703207016
position_scan,33,514,6,0.9527886509895325,1.2261375188827515
position_scan,33,515,4,0.7886493802070618,0.5545029640197754
position_scan,33,516,6,0.9606378078460693,0.42489105463027954
position_scan,33,517,4,0.8106330037117004,0.9457105994224548
position_scan,33,518,6,0.9502766728401184,0.6854183077812195
position_scan,33,519,4,0.8077380061149597,0.8307101130485535
position_scan,33,520,6,0.9310713410377502,1.0604488849639893
position_scan,33,521,4,0.7787431478500366,0.6249396800994873
position_scan,33,522,6,0.9383344650268555,0.5531532764434814
position_scan,33,523,4,0.7973039150238037,0.9474466443061829
position_scan,33,524,6,0.9482078552246094,0.414864718914032
position_scan,33,525,4,0.7875275015830994,0.5052545070648193
position_scan,33,526,6,0.9646921157836914,1.2203418016433716
position_scan,33,527,4,0.777751088142395,0.700592577457428
position_scan,33,528,6,0.9319431781768799,0.4358368217945099
position_scan,33,529,4,0.8000891804695129,1.1491187810897827
position_scan,33,530,6,0.960247814655304,1.2046955823898315
position_scan,33,531,4,0.7994613647460938,0.8768022656440735
position_scan,33,532,6,0.946669340133667,0.40347906947135925
position_scan,33,533,4,0.7920798063278198,1.725307822227478
position_scan,33,534,6,0.9443840980529785,0.4497211277484894
position_scan,33,535,4,0.7685731649398804,0.7185624241828918
position_scan,33,536,6,0.9483596682548523,1.073388934135437
position_scan,33,537,4,0.7763127088546753,0.7885152697563171
position_scan,33,538,6,0.94040846824646,0.5125479698181152
position_scan,33,539,4,0.7915540337562561,1.2533807754516602
position_scan,33,540,6,0.9574079513549805,1.3083651065826416
position_scan,33,541,4,0.7626652717590332,0.6962215900421143
position_scan,33,542,6,0.9414796233177185,0.6285665035247803
position_scan,33,543,4,0.8164319396018982,1.849236011505127
position_scan,33,544,6,0.9502469897270203,1.0753384828567505
position_scan,33,545,4,0.8053801655769348,0.703690230846405
position_scan,33,546,6,0.9485799670219421,2.253709077835083
position_scan,33,547,4,0.7864594459533691,1.6262280941009521
position_scan,33,548,6,0.9429405331611633,0.7872858047485352
position_scan,33,549,4,0.8162029385566711,2.020709753036499
position_scan,33,550,6,0.9484853744506836,2.1073999404907227
position_scan,33,551,4,0.8150169253349304,2.05696964263916
position_scan,33,552,6,0.9430906772613525,1.0288829803466797
position_scan,33,553,4,0.7844633460044861,1.1598589420318604
position_scan,33,554,6,0.9483210444450378,0.8459432721138
position_scan,33,555,4,0.7528532147407532,0.8440868258476257
position_scan,33,556,6,0.9461650848388672,1.1562614440917969
position_scan,33,557,4,0.7798568606376648,0.8254303336143494
position_scan,33,558,6,0.9595050811767578,2.09291410446167
position_scan,33,559,4,0.7790140509605408,1.4645370244979858
position_scan,33,560,6,0.9545530676841736,0.7411501407623291
position_scan,33,561,4,0.7987494468688965,1.7776038646697998
position_scan,33,562,6,0.9682607054710388,2.3231420516967773
position_scan,33,563,4,0.7906720638275146,1.8651319742202759
position_scan,33,564,6,0.9366499781608582,0.8995866179466248
position_scan,33,565,4,0.7856820821762085,1.0587542057037354
position_scan,33,566,6,0.9503026008605957,1.0837364196777344
position_scan,33,567,4,0.8049401640892029,1.2246688604354858
position_scan,33,568,6,0.9456689953804016,1.0383405685424805
position_scan,33,569,4,0.7689152956008911,0.5085189938545227
position_scan,33,570,6,0.9548190236091614,1.4614572525024414
position_scan,33,571,4,0.7639820575714111,0.6522216200828552
position_scan,33,572,6,0.9367309212684631,0.6616311073303223
position_scan,33,573,4,0.7784119844436646,1.2810462713241577
position_scan,33,574,6,0.9383944869041443,0.9869050979614258
position_scan,33,575,4,0.7759878039360046,0.7634623050689697
position_scan,33,576,6,0.9454477429389954,1.5835293531417847
position_scan,33,577,4,0.7917670011520386,1.0659544467926025
position_scan,33,578,6,0.9385700225830078,0.8120310306549072
position_scan,33,579,4,0.8061200976371765,1.8505748510360718
position_scan,33,580,6,0.9572688937187195,1.9276691675186157
position_scan,33,581,4,0.8044850826263428,1.268996238708496
position_scan,33,582,6,0.9369568228721619,1.332564115524292
position_scan,33,583,4,0.782823383808136,1.1305638551712036
position_scan,33,584,6,0.94793301820755,0.854870080947876
position_scan,33,585,4,0.8146833181381226,1.5068477392196655
position_scan,33,586,6,0.9446143507957458,0.8805272579193115
position_scan,33,587,4,0.7733964920043945,0.7981334924697876
position_scan,33,588,6,0.9479170441627502,1.696225881576538
position_scan,33,589,4,0.7906998991966248,1.198150396347046
position_scan,33,590,6,0.9350904822349548,0.9802193641662598
position_scan,33,591,4,0.7890596985816956,1.8414653539657593
position_scan,33,592,6,0.9601907134056091,1.8880910873413086
position_scan,33,593,4,0.7926875352859497,1.4445070028305054
position_scan,33,594,6,0.9350561499595642,0.96553635597229
position_scan,33,595,4,0.7919626832008362,1.2383743524551392
position_scan,33,596,6,0.9355871081352234,0.6907784938812256
position_scan,33,597,4,0.7859956622123718,1.5586873292922974
position_scan,33,598,6,0.9559841156005859,1.274356484413147
position_scan,33,599,4,0.7598941326141357,0.4911639094352722
position_scan,33,600,6,0.9531682133674622,1.474814772605896
position_scan,33,601,4,0.7686272859573364,0.7309732437133789
position_scan,33,602,6,0.9530067443847656,0.604566216468811
position_scan,33,603,4,0.7953579425811768,0.8897887468338013
position_scan,33,604,6,0.9253783822059631,0.7363153100013733
position_scan,33,605,4,0.7996687889099121,1.1688858270645142
position_scan,33,606,6,0.9210448265075684,0.6011779308319092
position_scan,33,607,4,0.7561503648757935,0.4558883011341095
position_scan,33,608,6,0.9452357888221741,0.6112706661224365
position_scan,33,609,4,0.7571700811386108,0.48603522777557373
position_scan,33,610,6,0.9343064427375793,0.40815359354019165
position_scan,33,611,4,0.7678532004356384,0.5642048120498657
position_scan,33,612,6,0.9269766807556152,0.5029478669166565
position_scan,33,613,4,0.791944682598114,0.7775978446006775
position_scan,33,614,6,0.9194410443305969,0.6833939552307129
position_scan,33,615,4,0.7881225943565369,0.8172115683555603
position_scan,33,616,6,0.9491152167320251,0.5044728517532349
position_scan,33,617,4,0.7738006711006165,0.6865332126617432
position_scan,33,618,6,0.9405104517936707,0.8590911030769348
position_scan,33,619,4,0.763130784034729,0.7279757857322693
position_scan,33,620,6,0.9385784268379211,0.5180841088294983
position_scan,33,621,4,0.7985112071037292,1.5361862182617188
position_scan,33,622,6,0.9545865654945374,0.7331608533859253
position_scan,33,623,4,0.7713395953178406,0.7849942445755005
position_scan,33,624,6,0.9347524642944336,1.1462655067443848
position_scan,33,625,4,0.786442756652832,0.6455226540565491
position_scan,33,626,6,0.9265010356903076,0.3713129758834839
position_scan,33,627,4,0.7923722267150879,0.9440180659294128
position_scan,33,628,6,0.9351982474327087,0.4312792122364044
position_scan,33,629,4,0.7829606533050537,0.49983564019203186
position_scan,33,630,6,0.9358543753623962,1.109158992767334
position_scan,33,631,4,0.7840389013290405,0.8682949542999268
position_scan,33,632,6,0.9342113137245178,0.7016500234603882
position_scan,33,633,4,0.7634008526802063,0.7757401466369629
position_scan,33,634,6,0.9231955409049988,0.4105570614337921
position_scan,33,635,4,0.7628791332244873,0.586920440196991
position_scan,33,636,6,0.9437393546104431,0.7021581530570984
position_scan,33,637,4,0.7944097518920898,0.6381804943084717
position_scan,33,638,6,0.9308161735534668,0.38872772455215454
position_scan,33,639,4,0.7628966569900513,0.8224546909332275
position_scan,33,640,6,0.9332451820373535,0.4706607162952423
position_scan,33,641,4,0.7748697996139526,0.5499407052993774
position_scan,33,642,6,0.9272447228431702,0.6226790547370911
position_scan,33,643,4,0.7840536236763,1.020653486251831
position_scan,33,644,6,0.9306233525276184,0.37519437074661255
position_scan,33,645,4,0.7737606167793274,0.47998538613319397
position_scan,33,646,6,0.9300758838653564,1.073196530342102
position_scan,33,647,4,0.7788842916488647,0.7343518137931824
position_scan,33,648,6,0.9592919945716858,0.6599875092506409
position_scan,33,649,4,0.773249089717865,0.6113369464874268
position_scan,33,650,6,0.9437533020973206,1.0377501249313354
position_scan,33,651,4,0.7528919577598572,0.4420642852783203
position_scan,33,652,6,0.9268465638160706,0.3703632354736328
position_scan,33,653,4,0.8035861253738403,1.5257251262664795
position_scan,33,654,6,0.9209100604057312,0.3585933744907379
position_scan,33,655,4,0.78969806432724,0.7598904371261597
position_scan,33,656,6,0.9282954335212708,1.1448289155960083
position_scan,33,657,4,0.7610362768173218,0.5325209498405457
position_scan,33,658,6,0.9268014430999756,0.49514904618263245
position_scan,33,659,4,0.7677386999130249,0.9457048177719116
position_scan,33,660,6,0.9315176010131836,0.5839465856552124
position_scan,33,661,4,0.7459527254104614,0.39158546924591064
position_scan,33,662,6,0.9298534393310547,0.7875669598579407
position_scan,33,663,4,0.7755148410797119,0.6866755485534668
position_scan,33,664,6,0.9296998381614685,0.40300890803337097
position_scan,33,665,4,0.7747858166694641,0.7481200695037842
position_scan,33,666,6,0.9444151520729065,1.029302954673767
position_scan,33,667,4,0.7871713638305664,0.6342161297798157
position_scan,33,668,6,0.9454105496406555,0.6024990677833557
position_scan,33,669,4,0.789067268371582,0.9838008284568787
position_scan,33,670,6,0.9207074046134949,1.1430383920669556
position_scan,33,671,4,0.7737500071525574,0.6186684966087341
position_scan,33,672,6,0.928726851940155,0.44348323345184326
position_scan,33,673,4,0.7549840211868286,0.8739556670188904
position_scan,33,674,6,0.9296870827674866,0.9649664759635925
position_scan,33,675,4,0.7966716289520264,0.8775020241737366
position_scan,33,676,6,0.9173836708068848,0.32586154341697693
position_scan,33,677,4,0.7771791219711304,1.1641801595687866
position_scan,33,678,6,0.9171193242073059,0.9325391054153442
position_scan,33,679,4,0.7839789986610413,0.7119948267936707
position_scan,33,680,6,0.9411881566047668,0.4520278573036194
position_scan,33,681,4,0.779846727848053,1.0917211771011353
position_scan,33,682,6,0.9188008308410645,0.9491124749183655
position_scan,33,683,4,0.7798224091529846,0.7170473337173462
position_scan,33,684,6,0.9287636280059814,0.4779348373413086
position_scan,33,685,4,0.7693493366241455,0.7584313154220581
position_scan,33,686,6,0.9333993792533875,0.46542656421661377
position_scan,33,687,4,0.776489794254303,0.5967374444007874
position_scan,33,688,6,0.9318391680717468,1.6698569059371948
position_scan,33,689,4,0.7627702951431274,0.6464295387268066
position_scan,33,690,6,0.9364312291145325,0.8618354797363281
position_scan,33,691,4,0.7645947337150574,0.8555813431739807
position_scan,33,692,6,0.9326754212379456,1.1490089893341064
position_scan,33,693,4,0.7531840205192566,0.5793628096580505
position_scan,33,694,6,0.9284071326255798,0.7117934226989746
position_scan,33,695,4,0.7885180711746216,1.4785720109939575
position_scan,33,696,6,0.9260027408599854,0.6098253726959229
position_scan,33,697,4,0.766045868396759,0.6359884142875671
position_scan,33,698,6,0.9269814491271973,1.1451573371887207
position_scan,33,699,4,0.7597806453704834,1.0579543113708496
position_scan,33,700,6,0.9422422051429749,0.9006701707839966
position_scan,33,701,4,0.7742182016372681,0.5962628722190857
position_scan,33,702,6,0.9462437629699707,2.2756502628326416
position_scan,33,703,4,0.7743539810180664,1.2697794437408447
position_scan,33,704,6,0.9297216534614563,0.4555629789829254
position_scan,33,705,4,0.7715972661972046,2.3866779804229736
position_scan,33,706,6,0.9392642378807068,2.4315919876098633
position_scan,33,707,4,0.7651858329772949,1.1351240873336792
position_scan,33,708,6,0.9592602252960205,2.092935562133789
position_scan,33,709,4,0.8085981607437134,2.2674357891082764
position_scan,33,710,6,0.947294294834137,2.264801502227783
position_scan,33,711,4,0.7662692070007324,0.5219427943229675
position_scan,33,712,6,0.933850109577179,1.0707123279571533
position_scan,33,713,4,0.7849642634391785,0.9725630283355713
position_scan,33,714,6,0.9240546226501465,1.0131007432937622
position_scan,33,715,4,0.7840492129325867,0.7161730527877808
position_scan,33,716,6,0.9202458262443542,0.6835857629776001
position_scan,33,717,4,0.7770240902900696,1.1866202354431152
position_scan,33,718,6,0.9251508712768555,0.606069803237915
position_scan,33,719,4,0.737795352935791,0.38058823347091675
position_scan,33,720,6,0.9475089907646179,1.7467819452285767
position_scan,33,721,4,0.795074999332428,0.7320576310157776
position_scan,33,722,6,0.9380010962486267,0.7707824110984802
position_scan,33,723,4,0.7706378698348999,1.443990707397461
position_scan,33,724,6,0.9175238013267517,0.35518795251846313
position_scan,33,725,4,0.7719913125038147,0.5256356596946716
position_scan,33,726,6,0.9433676600456238,1.094663143157959
position_scan,33,727,4,0.7755942940711975,0.8210064172744751
position_scan,33,728,6,0.9215862154960632,0.5436223149299622
position_scan,33,729,4,0.7801061868667603,1.0843912363052368
position_scan,33,730,6,0.9167960286140442,0.54121994972229
position_scan,33,731,4,0.7621169686317444,0.5450076460838318
position_scan,33,732,6,0.9404740333557129,1.193395733833313
position_scan,33,733,4,0.7838164567947388,0.7010273933410645
position_scan,33,734,6,0.9490028023719788,0.7249619960784912
position_scan,33,735,4,0.8166716694831848,0.9635244607925415
position_scan,33,736,6,0.9341502785682678,0.8631126284599304
position_scan,33,737,4,0.7884525060653687,0.6899605393409729
position_scan,33,738,6,0.9356136322021484,0.6100919842720032
position_scan,33,739,4,0.7774226069450378,1.3950731754302979
position_scan,33,740,6,0.9298911094665527,0.6951254606246948
position_scan,33,741,4,0.7576925754547119,0.6141664981842041
position_scan,33,742,6,0.9257233738899231,1.1949423551559448
position_scan,33,743,4,0.7781327962875366,1.3171701431274414
position_scan,33,744,6,0.9344730377197266,0.7882544994354248
position_scan,33,745,4,0.7809700965881348,0.7358322739601135
position_scan,33,746,6,0.9419939517974854,2.0905816555023193
position_scan,33,747,4,0.7551915049552917,1.0175554752349854
position_scan,33,748,6,0.9201874136924744,0.9691636562347412
position_scan,33,749,4,0.7722498774528503,2.08262300491333
position_scan,33,750,6,0.9327929615974426,1.2680633068084717
position_scan,33,751,4,0.7785859107971191,0.9359159469604492
position_scan,33,752,6,0.9555512070655823,2.3222808837890625
position_scan,33,753,4,0.7672629952430725,1.9116125106811523
position_scan,33,754,6,0.9349902272224426,1.800511121749878
position_scan,33,755,4,0.7819191217422485,1.704821228981018
position_scan,33,756,6,0.9263427257537842,1.8881851434707642
position_scan,33,757,4,0.7552934885025024,1.5193449258804321
position_scan,33,758,6,0.9212786555290222,1.1936670541763306
position_scan,33,759,4,0.7754500508308411,1.112709879875183
position_scan,33,760,6,0.9258260130882263,1.05062997341156
position_scan,33,761,4,0.7594195604324341,1.7200108766555786
position_scan,33,762,6,0.9245584011077881,1.9029035568237305
position_scan,33,763,4,0.7786761522293091,1.4262713193893433
position_scan,33,764,6,0.9374192357063293,1.5232399702072144
position_scan,33,765,4,0.7748680114746094,1.1433143615722656
position_scan,33,766,6,0.9219422936439514,1.023587703704834
position_scan,33,767,4,0.7629563808441162,1.353210687637329
position_scan,33,768,6,0.9311008453369141,1.2560129165649414
position_scan,33,769,4,0.7592988610267639,0.8332314491271973
position_scan,33,770,6,0.941363513469696,1.5860908031463623
position_scan,33,771,4,0.781095564365387,1.4029579162597656
position_scan,33,772,6,0.9111348986625671,0.5505836606025696
position_scan,33,773,4,0.7674139738082886,1.6401710510253906
position_scan,33,774,6,0.9391825199127197,1.3620301485061646
position_scan,33,775,4,0.7420991659164429,0.6774994134902954
position_scan,33,776,6,0.9385225772857666,2.2262461185455322
position_scan,33,777,4,0.7771873474121094,1.5846750736236572
position_scan,33,778,6,0.9279847145080566,1.5204195976257324
position_scan,33,779,4,0.776242196559906,1.6519865989685059
position_scan,33,780,6,0.952831506729126,2.2874083518981934
position_scan,33,781,4,0.804648756980896,1.8644802570343018
position_scan,33,782,6,0.9316334128379822,1.1124029159545898
position_scan,33,783,4,0.7768855094909668,0.717860996723175
position_scan,33,784,6,0.9145856499671936,1.007672667503357
position_scan,33,785,4,0.7813214063644409,1.529022455215454
position_scan,33,786,6,0.9225484728813171,1.0684199333190918
position_scan,33,787,4,0.7480623126029968,0.40619000792503357
position_scan,33,788,6,0.9314336180686951,1.492631196975708
position_scan,33,789,4,0.7643518447875977,0.9067531824111938
position_scan,33,790,6,0.9156417846679688,0.3212956488132477
position_scan,33,791,4,0.7731342315673828,1.2654645442962646
position_scan,33,792,6,0.9368011355400085,0.8424451947212219
position_scan,33,793,4,0.7650192975997925,0.8090112209320068
position_scan,33,794,6,0.9466177821159363,1.2956598997116089
position_scan,33,795,4,0.771602213382721,0.8908374309539795
position_scan,33,796,6,0.9182489514350891,0.7846615314483643
position_scan,33,797,4,0.7668909430503845,1.3008309602737427
position_scan,33,798,6,0.9181867241859436,0.911722719669342
position_scan,33,799,4,0.7499597668647766,0.47114360332489014
position_scan,33,800,6,0.9245495200157166,1.6327091455459595
position_scan,33,801,4,0.7429875135421753,0.8142485618591309
position_scan,33,802,6,0.9146869778633118,0.6506984829902649
position_scan,33,803,4,0.7793973088264465,1.7893693447113037
position_scan,33,804,6,0.9249666333198547,1.0661944150924683
position_scan,33,805,4,0.7558656334877014,0.8232666254043579
position_scan,33,806,6,0.9228917956352234,1.5008469820022583
position_scan,33,807,4,0.7714176177978516,1.117394208908081
position_scan,33,808,6,0.9351503252983093,1.2688790559768677
position_scan,33,809,4,0.8075643181800842,1.9301434755325317
position_scan,33,810,6,0.9357675909996033,1.4939165115356445
position_scan,33,811,4,0.7839227914810181,1.2371785640716553
position_scan,33,812,6,0.9415633678436279,1.5574219226837158
position_scan,33,813,4,0.7662810683250427,1.1403515338897705
position_scan,33,814,6,0.9422065615653992,1.0730394124984741
position_scan,33,815,4,0.7626476883888245,1.0919654369354248
position_scan,33,816,6,0.9332734942436218,0.7245834469795227
position_scan,33,817,4,0.7847258448600769,0.7904319167137146
position_scan,33,818,6,0.9346503615379333,1.1269153356552124
position_scan,33,819,4,0.7474719285964966,0.678048849105835
position_scan,33,820,6,0.9349161982536316,0.702393114566803
position_scan,33,821,4,0.7866445779800415,0.8242202401161194
position_scan,33,822,6,0.9272775650024414,0.8608694076538086
position_scan,33,823,4,0.7610843181610107,0.4955369532108307
position_scan,33,824,6,0.9292245507240295,0.47151175141334534
position_scan,33,825,4,0.7754839062690735,1.1491905450820923
position_scan,33,826,6,0.9461259841918945,0.6688243746757507
position_scan,33,827,4,0.7531713843345642,0.6722246408462524
position_scan,33,828,6,0.9478560090065002,1.1536208391189575
position_scan,33,829,4,0.7555516362190247,0.6776544451713562
position_scan,33,830,6,0.9351242184638977,0.609491765499115
position_scan,33,831,4,0.7966355681419373,0.9836905598640442
position_scan,33,832,6,0.9263119101524353,1.0928970575332642
position_scan,33,833,4,0.7626929879188538,0.5660836696624756
position_scan,33,834,6,0.9274290204048157,0.627380907535553
position_scan,33,835,4,0.7550932765007019,0.7284319400787354
position_scan,33,836,6,0.9191930294036865,0.4300224184989929
position_scan,33,837,4,0.7815283536911011,0.7993053197860718
position_scan,33,838,6,0.929859459400177,0.925178050994873
position_scan,33,839,4,0.7445536851882935,0.686336874961853
position_scan,33,840,6,0.9323261380195618,0.8870218396186829
position_scan,33,841,4,0.7671918869018555,0.6892679333686829
position_scan,33,842,6,0.9300511479377747,0.5186213254928589
position_scan,33,843,4,0.7676844596862793,0.7398721575737
position_scan,33,844,6,0.9247923493385315,0.6592395305633545
position_scan,33,845,4,0.7587233185768127,0.6946295499801636
position_scan,33,846,6,0.9288697838783264,0.6986731886863708
position_scan,33,847,4,0.7522026300430298,0.3924237787723541
position_scan,33,848,6,0.9093901515007019,0.3712675869464874
position_scan,33,849,4,0.7483380436897278,0.5575037002563477
position_scan,33,850,6,0.9046779274940491,0.4566510319709778
position_scan,33,851,4,0.779859185218811,0.6723023056983948
position_scan,33,852,6,0.9311509132385254,0.8555963635444641
position_scan,33,853,4,0.7607771754264832,0.5163894891738892
position_scan,33,854,6,0.9306159615516663,0.8576803207397461
position_scan,33,855,4,0.7423450350761414,0.5648561716079712
position_scan,33,856,6,0.9103487133979797,0.8780677318572998
position_scan,33,857,4,0.7646855115890503,0.6532915234565735
position_scan,33,858,6,0.9219357967376709,0.8407135605812073
position_scan,33,859,4,0.7894143462181091,1.1328089237213135
position_scan,33,860,6,0.9342560172080994,0.8288108110427856
position_scan,33,861,4,0.7414008378982544,0.5932435989379883
position_scan,33,862,6,0.9287675023078918,1.1874333620071411
position_scan,33,863,4,0.7546477317810059,0.6855523586273193
position_scan,33,864,6,0.9215450882911682,0.4134143888950348
position_scan,33,865,4,0.7502406239509583,1.108902931213379
position_scan,33,866,6,0.9384431838989258,1.047674298286438
position_scan,33,867,4,0.7576496601104736,0.6418249607086182
position_scan,33,868,6,0.9337460398674011,1.2849178314208984
position_scan,33,869,4,0.7611702084541321,0.5711783766746521
position_scan,33,870,6,0.9074615836143494,0.4105161130428314
position_scan,33,871,4,0.7443383932113647,0.7836049795150757
position_scan,33,872,6,0.9249182343482971,0.7977413535118103
position_scan,33,873,4,0.7655429244041443,0.5174793601036072
position_scan,33,874,6,0.9285663962364197,0.877812385559082
position_scan,33,875,4,0.7398701310157776,0.651721715927124
position_scan,33,876,6,0.9180543422698975,0.5462994575500488
position_scan,33,877,4,0.7478246092796326,0.6849455237388611
position_scan,33,878,6,0.9548946022987366,0.6636748313903809
position_scan,33,879,4,0.7507656812667847,0.5392164587974548
position_scan,33,880,6,0.9182143807411194,1.3133198022842407
position_scan,33,881,4,0.7524533867835999,0.48307400941848755
position_scan,33,882,6,0.9257211089134216,0.45248115062713623
position_scan,33,883,4,0.77068692445755,1.0301027297973633
position_scan,33,884,6,0.9254591464996338,0.8435144424438477
position_scan,33,885,4,0.7454943656921387,0.6893748641014099
position_scan,33,886,6,0.9386546015739441,1.1373759508132935
position_scan,33,887,4,0.7755208611488342,0.6032490730285645
position_scan,33,888,6,0.9156098365783691,0.8571354746818542
position_scan,33,889,4,0.7684847116470337,0.7505509853363037
position_scan,33,890,6,0.9309415221214294,0.5363117456436157
position_scan,33,891,4,0.7573554515838623,1.1323683261871338
position_scan,33,892,6,0.9199075698852539,1.2458823919296265
position_scan,33,893,4,0.7618677616119385,0.5605778098106384
position_scan,33,894,6,0.9326261878013611,0.9533853530883789
position_scan,33,895,4,0.7602333426475525,0.9424527883529663
position_scan,33,896,6,0.9266623854637146,0.7177029848098755
position_scan,33,897,4,0.7613812685012817,1.0719735622406006
position_scan,33,898,6,0.9132310748100281,1.1936454772949219
position_scan,33,899,4,0.7593149542808533,0.7400215864181519
position_scan,33,900,6,0.9290347099304199,0.8110520839691162
position_scan,44,1,4,1.8149698972702026,2.0332391262054443
position_scan,44,2,6,2.1984145641326904,3.3451926708221436
position_scan,44,3,4,1.744178295135498,1.3067740201950073
position_scan,44,4,6,2.072664499282837,2.864251136779785
position_scan,44,5,4,1.7876176834106445,2.6733741760253906
position_scan,44,6,6,2.020690679550171,1.2954037189483643
position_scan,44,7,4,1.7989081144332886,2.049298048019409
position_scan,44,8,6,2.0013113021850586,2.4238617420196533
position_scan,44,9,4,1.7245975732803345,1.2963382005691528
position_scan,44,10,6,1.973763108253479,1.335663080215454
position_scan,44,11,4,1.712669014930725,2.548739194869995
position_scan,44,12,6,1.8815947771072388,0.9202125072479248
position_scan,44,13,4,1.6882330179214478,2.1298539638519287
position_scan,44,14,6,1.877885341644287,2.924668550491333
position_scan,44,15,4,1.5820136070251465,1.3626830577850342
position_scan,44,16,6,1.8877878189086914,1.841774821281433
position_scan,44,17,4,1.579706072807312,2.6714718341827393
position_scan,44,18,6,1.8627203702926636,2.9251906871795654
position_scan,44,19,4,1.5465648174285889,2.397735357284546
position_scan,44,20,6,1.803153157234192,1.592517375946045
position_scan,44,21,4,1.5662754774093628,4.5048322677612305
position_scan,44,22,6,1.7120009660720825,3.463573932647705
position_scan,44,23,4,1.4618767499923706,1.88483464717865
position_scan,44,24,6,1.6646255254745483,2.34462571144104
position_scan,44,25,4,1.390794038772583,1.266259789466858
position_scan,44,26,6,1.6936683654785156,2.0487234592437744
position_scan,44,27,4,1.4130403995513916,2.5966732501983643
position_scan,44,28,6,1.6561046838760376,5.984707355499268
position_scan,44,29,4,1.3410828113555908,3.867936611175537
position_scan,44,30,6,1.5560965538024902,2.4309487342834473
position_scan,44,31,4,1.3185455799102783,5.149623870849609
position_scan,44,32,6,1.4907135963439941,3.6521899700164795
position_scan,44,33,4,1.2160454988479614,1.7838300466537476
position_scan,44,34,6,1.51503324508667,7.213779449462891
position_scan,44,35,4,1.1940028667449951,2.9950039386749268
position_scan,44,36,6,1.4153820276260376,9.05097484588623
position_scan,44,37,4,1.2358765602111816,9.46560287475586
position_scan,44,38,6,1.3245601654052734,1.9920653104782104
position_scan,44,39,4,1.1760501861572266,9.367549896240234
position_scan,44,40,6,1.2380369901657104,4.376129150390625
position_scan,44,41,4,1.0653257369995117,4.924251556396484
position_scan,44,42,6,1.2540029287338257,3.665212631225586
position_scan,44,43,4,1.058408260345459,1.652326226234436
position_scan,44,44,6,1.264267086982727,7.821867942810059
position_scan,44,45,4,1.0812751054763794,5.516716957092285
position_scan,44,46,6,1.2712544202804565,6.827785491943359
position_scan,44,47,4,1.1022197008132935,3.4393410682678223
position_scan,44,48,6,1.238101840019226,2.9721479415893555
position_scan,44,49,4,1.1103919744491577,4.691457271575928
position_scan,44,50,6,1.209699034690857,6.741168022155762
position_scan,44,51,4,1.0099797248840332,3.5235044956207275
position_scan,44,52,6,1.1339021921157837,4.237850189208984
position_scan,44,53,4,0.974942147731781,1.8135181665420532
position_scan,44,54,6,1.1189996004104614,2.7869808673858643
position_scan,44,55,4,1.0444637537002563,4.601727485656738
position_scan,44,56,6,1.1076315641403198,4.4291276931762695
position_scan,44,57,4,1.039872169494629,1.7378358840942383
position_scan,44,58,6,1.136259913444519,1.7411644458770752
position_scan,44,59,4,1.0576633214950562,3.6549971103668213
position_scan,44,60,6,1.1174956560134888,1.4658395051956177
position_scan,44,61,4,0.9224169254302979,4.031513214111328
position_scan,44,62,6,1.1633051633834839,5.468025207519531
position_scan,44,63,4,0.9323073029518127,3.9926583766937256
position_scan,44,64,6,1.125449776649475,4.403812885284424
position_scan,44,65,4,1.07346773147583,6.634805679321289
position_scan,44,66,6,1.201216459274292,2.8889191150665283
position_scan,44,67,4,0.9860401153564453,1.7220720052719116
position_scan,44,68,6,1.1604276895523071,3.0705645084381104
position_scan,44,69,4,0.9871580004692078,6.368344306945801
position_scan,44,70,6,1.118912935256958,3.1038970947265625
position_scan,44,71,4,1.003071665763855,4.7459611892700195
position_scan,44,72,6,1.1775370836257935,5.488702774047852
position_scan,44,73,4,1.0005415678024292,3.379375696182251
position_scan,44,74,6,1.1287437677383423,1.9996875524520874
position_scan,44,75,4,0.9673399329185486,2.529566526412964
position_scan,44,76,6,1.141418695449829,3.007734775543213
position_scan,44,77,4,0.9610008001327515,6.199463844299316
position_scan,44,78,6,1.1288464069366455,5.4705352783203125
position_scan,44,79,4,1.0374102592468262,2.9666547775268555
position_scan,44,80,6,1.139747142791748,3.4599506855010986
position_scan,44,81,4,0.9766470789909363,2.431741952896118
position_scan,44,82,6,1.1189697980880737,2.542285919189453
position_scan,44,83,4,0.8768283724784851,2.846827983856201
position_scan,44,84,6,1.0755854845046997,1.7430391311645508
position_scan,44,85,4,0.9363524913787842,5.0002007484436035
position_scan,44,86,6,1.0976626873016357,3.999791383743286
position_scan,44,87,4,0.9382736086845398,1.2206296920776367
position_scan,44,88,6,1.170688271522522,8.072259902954102
position_scan,44,89,4,0.9917161464691162,5.664189338684082
position_scan,44,90,6,1.0447371006011963,1.3869097232818604
position_scan,44,91,4,1.0419951677322388,9.329134941101074
position_scan,44,92,6,1.2493462562561035,9.994089126586914
position_scan,44,93,4,1.070888876914978,10.913458824157715
position_scan,44,94,6,1.0675312280654907,1.3829898834228516
position_scan,44,95,4,1.0011827945709229,6.882358074188232
position_scan,44,96,6,1.3471683263778687,10.81822395324707
position_scan,44,97,4,1.1334214210510254,10.946305274963379
position_scan,44,98,6,1.1909958124160767,6.331003665924072
position_scan,44,99,4,0.9248727560043335,3.2840192317962646
position_scan,44,100,6,1.1429837942123413,6.62608003616333
position_scan,44,101,4,0.997765302658081,6.958663463592529
position_scan,44,102,6,1.0454243421554565,1.2424660921096802
position_scan,44,103,4,0.9373630881309509,3.5582706928253174
position_scan,44,104,6,1.2109235525131226,7.631845474243164
position_scan,44,105,4,0.9451030492782593,4.351795673370361
position_scan,44,106,6,1.0500699281692505,1.7598599195480347
position_scan,44,107,4,1.003016471862793,7.341052055358887
position_scan,44,108,6,1.3074568510055542,9.025254249572754
position_scan,44,109,4,1.1241369247436523,8.794214248657227
position_scan,44,110,6,1.1221295595169067,4.182194232940674
position_scan,44,111,4,0.8947038650512695,0.9877120852470398
position_scan,44,112,6,1.167361855506897,5.951037406921387
position_scan,44,113,4,1.002617359161377,5.1443772315979
position_scan,44,114,6,1.1297909021377563,3.691990852355957
position_scan,44,115,4,0.9151426553726196,2.1267404556274414
position_scan,44,116,6,1.0711593627929688,2.775193691253662
position_scan,44,117,4,0.9712623953819275,3.298377513885498
position_scan,44,118,6,1.045117974281311,1.5346375703811646
position_scan,44,119,4,0.881808876991272,1.5641148090362549
position_scan,44,120,6,1.0125036239624023,1.1104201078414917
position_scan,44,121,4,0.9283849596977234,3.4762790203094482
position_scan,44,122,6,1.0865592956542969,3.0277481079101562
position_scan,44,123,4,0.9675370454788208,2.7852275371551514
position_scan,44,124,6,1.0484682321548462,2.150158405303955
position_scan,44,125,4,0.9168064594268799,2.0042898654937744
position_scan,44,126,6,1.086717128753662,2.3804171085357666
position_scan,44,127,4,0.8860024809837341,1.7306262254714966
position_scan,44,128,6,1.037489652633667,1.1855006217956543
position_scan,44,129,4,0.9789593815803528,2.093076229095459
position_scan,44,130,6,1.0652481317520142,2.0747742652893066
position_scan,44,131,4,0.9665209650993347,2.6447973251342773
position_scan,44,132,6,1.0320647954940796,1.008187174797058
position_scan,44,133,4,0.9033365249633789,2.724311351776123
position_scan,44,134,6,1.0456269979476929,1.6630293130874634
position_scan,44,135,4,0.9035674929618835,1.434853196144104
position_scan,44,136,6,1.0511045455932617,1.824459433555603
position_scan,44,137,4,0.9459856152534485,1.6820017099380493
position_scan,44,138,6,1.0506175756454468,0.8513533473014832
position_scan,44,139,4,0.9193796515464783,1.590074062347412
position_scan,44,140,6,1.06334388256073,1.4664469957351685
position_scan,44,141,4,0.9180173873901367,1.3297823667526245
position_scan,44,142,6,1.0900920629501343,2.1945574283599854
position_scan,44,143,4,0.8847367167472839,1.3515160083770752
position_scan,44,144,6,1.0746971368789673,1.1278748512268066
position_scan,44,145,4,0.9146687984466553,1.9547163248062134
position_scan,44,146,6,1.0445479154586792,1.7024376392364502
position_scan,44,147,4,0.9272547960281372,1.2539926767349243
position_scan,44,148,6,1.0335057973861694,2.0274386405944824
position_scan,44,149,4,0.9283885359764099,2.716674566268921
position_scan,44,150,6,1.0263017416000366,0.9162105321884155
position_scan,44,151,4,0.9477569460868835,3.1656482219696045
position_scan,44,152,6,1.044417381286621,2.0804989337921143
position_scan,44,153,4,0.8955205082893372,1.6319409608840942
position_scan,44,154,6,1.0365763902664185,1.573716640472412
position_scan,44,155,4,0.8748769760131836,1.7363262176513672
position_scan,44,156,6,1.050946593284607,0.9825533032417297
position_scan,44,157,4,0.9522648453712463,3.0082502365112305
position_scan,44,158,6,1.0495160818099976,1.6637901067733765
position_scan,44,159,4,0.9398940205574036,2.2013916969299316
position_scan,44,160,6,1.0628023147583008,2.0694310665130615
position_scan,44,161,4,0.9396230578422546,3.4222638607025146
position_scan,44,162,6,1.0649913549423218,2.3801958560943604
position_scan,44,163,4,0.9210864901542664,1.6166539192199707
position_scan,44,164,6,1.0551351308822632,1.1830410957336426
position_scan,44,165,4,0.9212513566017151,1.8369420766830444
position_scan,44,166,6,1.050218105316162,1.3221067190170288
position_scan,44,167,4,0.907906174659729,1.0791285037994385
position_scan,44,168,6,1.0481971502304077,1.3016018867492676
position_scan,44,169,4,0.8949816823005676,1.4488794803619385
position_scan,44,170,6,1.0274710655212402,1.6005890369415283
position_scan,44,171,4,0.9360273480415344,1.6619888544082642
position_scan,44,172,6,1.0260366201400757,1.3238052129745483
position_scan,44,173,4,0.8860341906547546,1.224042296409607
position_scan,44,174,6,1.0430511236190796,1.3719067573547363
position_scan,44,175,4,0.961249828338623,2.301145315170288
position_scan,44,176,6,1.0874197483062744,2.7641336917877197
position_scan,44,177,4,0.947528064250946,1.7989330291748047
position_scan,44,178,6,1.0761656761169434,1.3875428438186646
position_scan,44,179,4,0.8854380249977112,1.307953119277954
position_scan,44,180,6,1.0664514303207397,1.3516552448272705
position_scan,44,181,4,0.8707847595214844,1.9602712392807007
position_scan,44,182,6,1.0448782444000244,0.9445498585700989
position_scan,44,183,4,0.9017488360404968,1.444421648979187
position_scan,44,184,6,1.097820520401001,2.026589870452881
position_scan,44,185,4,0.8607473969459534,1.0152721405029297
position_scan,44,186,6,1.0785987377166748,1.4372578859329224
position_scan,44,187,4,0.9104496836662292,1.5063014030456543
position_scan,44,188,6,1.0370515584945679,0.8140467405319214
position_scan,44,189,4,0.848411500453949,0.877295196056366
position_scan,44,190,6,1.0574668645858765,1.1132878065109253
position_scan,44,191,4,0.8419770002365112,1.0359920263290405
position_scan,44,192,6,1.0733730792999268,1.2237540483474731
position_scan,44,193,4,0.8899614810943604,1.8651686906814575
position_scan,44,194,6,1.0465329885482788,1.2413312196731567
position_scan,44,195,4,0.8790271878242493,1.104257583618164
position_scan,44,196,6,1.0252646207809448,1.416590929031372
position_scan,44,197,4,0.8725041747093201,1.2482377290725708
position_scan,44,198,6,1.0318176746368408,1.1685422658920288
position_scan,44,199,4,0.8419216275215149,1.6905227899551392
position_scan,44,200,6,1.0110176801681519,1.0714541673660278
position_scan,44,201,4,0.9009789824485779,1.934182047843933
position_scan,44,202,6,1.0360504388809204,1.2593213319778442
position_scan,44,203,4,0.9350203275680542,1.694136381149292
position_scan,44,204,6,1.0570272207260132,1.0409114360809326
position_scan,44,205,4,0.8835461139678955,2.0228476524353027
position_scan,44,206,6,1.0547178983688354,1.7182883024215698
position_scan,44,207,4,0.8701187372207642,0.9578672051429749
position_scan,44,208,6,1.0313042402267456,1.3071396350860596
position_scan,44,209,4,0.836932361125946,0.7561619281768799
position_scan,44,210,6,1.0255842208862305,1.3335689306259155
position_scan,44,211,4,0.8769266605377197,1.596693992614746
position_scan,44,212,6,1.035232663154602,1.2052087783813477
position_scan,44,213,4,0.848637044429779,1.1273400783538818
position_scan,44,214,6,1.0612457990646362,2.021313428878784
position_scan,44,215,4,0.8469281792640686,2.0177600383758545
position_scan,44,216,6,1.000813364982605,1.0745428800582886
position_scan,44,217,4,0.9012190103530884,2.136569023132324
position_scan,44,218,6,1.0058156251907349,1.4973560571670532
position_scan,44,219,4,0.8757815361022949,1.4015529155731201
position_scan,44,220,6,0.9945045113563538,0.6613393425941467
position_scan,44,221,4,0.906130850315094,1.3405483961105347
position_scan,44,222,6,1.05521821975708,2.8450357913970947
position_scan,44,223,4,0.8839170932769775,2.102530002593994
position_scan,44,224,6,1.0308161973953247,1.6423319578170776
position_scan,44,225,4,0.8305107355117798,1.5897637605667114
position_scan,44,226,6,1.0665923357009888,1.9556561708450317
position_scan,44,227,4,0.8915944695472717,1.481034278869629
position_scan,44,228,6,1.0447241067886353,1.0550525188446045
position_scan,44,229,4,0.8140992522239685,0.690679669380188
position_scan,44,230,6,1.060705304145813,1.9909218549728394
position_scan,44,231,4,0.8491103053092957,1.4902079105377197
position_scan,44,232,6,1.0214134454727173,0.7743012309074402
position_scan,44,233,4,0.863277018070221,1.0469677448272705
position_scan,44,234,6,1.0214146375656128,0.7440399527549744
position_scan,44,235,4,0.865151584148407,0.8977207541465759
position_scan,44,236,6,0.9910218119621277,0.9181305766105652
position_scan,44,237,4,0.9006074070930481,1.7311080694198608
position_scan,44,238,6,1.01557195186615,0.7921587824821472
position_scan,44,239,4,0.8521900177001953,0.7104671597480774
position_scan,44,240,6,1.0241566896438599,0.9332731366157532
position_scan,44,241,4,0.8870289325714111,1.1037014722824097
position_scan,44,242,6,1.0144437551498413,0.7741674184799194
position_scan,44,243,4,0.8941150307655334,1.1387892961502075
position_scan,44,244,6,1.0407346487045288,1.1132864952087402
position_scan,44,245,4,0.8541895747184753,1.1050145626068115
position_scan,44,246,6,1.0186998844146729,1.2298002243041992
position_scan,44,247,4,0.8816603422164917,1.3229023218154907
position_scan,44,248,6,1.0472368001937866,1.0474258661270142
position_scan,44,249,4,0.868039071559906,1.6605972051620483
position_scan,44,250,6,1.0124670267105103,0.897317111492157
position_scan,44,251,4,0.8221104741096497,0.8085930943489075
position_scan,44,252,6,0.9939417243003845,0.9277304410934448
position_scan,44,253,4,0.8864353895187378,1.1730138063430786
position_scan,44,254,6,1.0106326341629028,0.9257051348686218
position_scan,44,255,4,0.906600296497345,1.5545029640197754
position_scan,44,256,6,1.0241707563400269,0.788966178894043
position_scan,44,257,4,0.8658202886581421,1.0828248262405396
position_scan,44,258,6,1.0130220651626587,1.6814647912979126
position_scan,44,259,4,0.8439167737960815,1.227246642112732
position_scan,44,260,6,0.9848678708076477,0.9677616953849792
position_scan,44,261,4,0.8404526710510254,2.53102970123291
position_scan,44,262,6,1.029811143875122,2.002129316329956
position_scan,44,263,4,0.835157573223114,1.4948687553405762
position_scan,44,264,6,1.0484551191329956,1.4615380764007568
position_scan,44,265,4,0.9216771125793457,1.6778481006622314
position_scan,44,266,6,1.0202441215515137,2.128908157348633
position_scan,44,267,4,0.8222023844718933,1.0105721950531006
position_scan,44,268,6,0.985565721988678,1.0180569887161255
position_scan,44,269,4,0.8622007369995117,1.0075626373291016
position_scan,44,270,6,1.039818525314331,1.8335322141647339
position_scan,44,271,4,0.8300358057022095,1.0632466077804565
position_scan,44,272,6,0.9874207973480225,0.8522787094116211
position_scan,44,273,4,0.8297397494316101,1.8070812225341797
position_scan,44,274,6,1.0334101915359497,2.2210066318511963
position_scan,44,275,4,0.8772474527359009,1.6749563217163086
position_scan,44,276,6,0.9835045337677002,0.6532814502716064
position_scan,44,277,4,0.8782763481140137,1.7825753688812256
position_scan,44,278,6,1.0268255472183228,2.1796486377716064
position_scan,44,279,4,0.8015131950378418,0.7223085761070251
position_scan,44,280,6,1.0121524333953857,1.3735997676849365
position_scan,44,281,4,0.8661013841629028,1.6990596055984497
position_scan,44,282,6,1.0091801881790161,1.5549218654632568
position_scan,44,283,4,0.8399492502212524,1.525972843170166
position_scan,44,284,6,0.9847442507743835,0.4899056851863861
position_scan,44,285,4,0.8518281579017639,0.8693754076957703
position_scan,44,286,6,1.0080965757369995,1.2277803421020508
position_scan,44,287,4,0.8780731558799744,0.988868772983551
position_scan,44,288,6,1.038325309753418,0.924958348274231
position_scan,44,289,4,0.8256836533546448,1.059044599533081
position_scan,44,290,6,0.9819222092628479,1.2234745025634766
position_scan,44,291,4,0.8809258341789246,1.4020425081253052
position_scan,44,292,6,0.9850690960884094,0.7764312624931335
position_scan,44,293,4,0.8379638195037842,0.8914503455162048
position_scan,44,294,6,0.9904994368553162,0.5472663640975952
position_scan,44,295,4,0.8298214673995972,1.070665955543518
position_scan,44,296,6,1.0018240213394165,0.7735721468925476
position_scan,44,297,4,0.8244627714157104,0.8152845501899719
position_scan,44,298,6,0.9773606657981873,0.9121237993240356
position_scan,44,299,4,0.807373046875,1.2748984098434448
position_scan,44,300,6,0.990060031414032,0.6142556071281433
position_scan,44,301,4,0.8175112009048462,0.7428238987922668
position_scan,44,302,6,1.0004254579544067,0.6881779432296753
position_scan,44,303,4,0.8536221981048584,0.7351968884468079
position_scan,44,304,6,1.0038431882858276,0.7300999164581299
position_scan,44,305,4,0.840424120426178,0.9845190644264221
position_scan,44,306,6,0.9566669464111328,0.6534678936004639
position_scan,44,307,4,0.8496660590171814,0.8109498620033264
position_scan,44,308,6,0.9913427233695984,0.6281787753105164
position_scan,44,309,4,0.8269641995429993,0.8763980865478516
position_scan,44,310,6,1.0020610094070435,0.8006995320320129
position_scan,44,311,4,0.8706859350204468,1.295168161392212
position_scan,44,312,6,0.9805518984794617,0.6880501508712769
position_scan,44,313,4,0.8682337999343872,1.5334728956222534
position_scan,44,314,6,0.9706575870513916,0.5516797304153442
position_scan,44,315,4,0.8730440139770508,1.0139808654785156
position_scan,44,316,6,1.0068793296813965,1.926760196685791
position_scan,44,317,4,0.8475946187973022,1.2001336812973022
position_scan,44,318,6,0.9907593727111816,0.7342287302017212
position_scan,44,319,4,0.8697203993797302,2.1017823219299316
position_scan,44,320,6,1.0122345685958862,1.2864131927490234
position_scan,44,321,4,0.8528011441230774,0.8950971364974976
position_scan,44,322,6,1.0010558366775513,1.061212420463562
position_scan,44,323,4,0.807023823261261,1.086197853088379
position_scan,44,324,6,1.0031101703643799,0.8882396817207336
position_scan,44,325,4,0.7979728579521179,0.5837309956550598
position_scan,44,326,6,0.9574984908103943,0.48888808488845825
position_scan,44,327,4,0.8365635871887207,1.1433292627334595
position_scan,44,328,6,0.9959223866462708,0.8591213822364807
position_scan,44,329,4,0.8631364703178406,0.8279464840888977
position_scan,44,330,6,1.0084234476089478,1.1108838319778442
position_scan,44,331,4,0.8043718338012695,0.6714814901351929
position_scan,44,332,6,1.0106277465820312,0.966851532459259
position_scan,44,333,4,0.8758363127708435,1.6639084815979004
position_scan,44,334,6,0.9778249859809875,0.5839453935623169
position_scan,44,335,4,0.812774658203125,0.7144702076911926
position_scan,44,336,6,1.0053882598876953,1.1382869482040405
position_scan,44,337,4,0.8325256109237671,1.0577608346939087
position_scan,44,338,6,0.9717361927032471,0.6939082741737366
position_scan,44,339,4,0.8283248543739319,0.6465902924537659
position_scan,44,340,6,1.0241144895553589,0.797500729560852
position_scan,44,341,4,0.8515177965164185,0.7513448596000671
position_scan,44,342,6,0.9707871079444885,0.5959210395812988
position_scan,44,343,4,0.7973927855491638,0.847878634929657
position_scan,44,344,6,0.9708073139190674,0.5593453645706177
position_scan,44,345,4,0.8146664500236511,0.7613717317581177
position_scan,44,346,6,0.9905471801757812,0.8879907131195068
position_scan,44,347,4,0.8393588066101074,1.0667883157730103
position_scan,44,348,6,0.9668149948120117,0.6544145941734314
position_scan,44,349,4,0.8007781505584717,0.7751898169517517
position_scan,44,350,6,0.9761086106300354,0.6105647683143616
position_scan,44,351,4,0.815017819404602,1.6996510028839111
position_scan,44,352,6,0.9444714188575745,0.4308280050754547
position_scan,44,353,4,0.8610115051269531,0.9795893430709839
position_scan,44,354,6,0.9570131897926331,0.6821563243865967
position_scan,44,355,4,0.8226094841957092,1.2473607063293457
position_scan,44,356,6,0.9762237071990967,0.46598970890045166
position_scan,44,357,4,0.8115198612213135,0.7391016483306885
position_scan,44,358,6,0.9707982540130615,0.6120819449424744
position_scan,44,359,4,0.8496592044830322,1.0922571420669556
position_scan,44,360,6,0.9552929997444153,0.6270040273666382
position_scan,44,361,4,0.8346379399299622,0.9601287245750427
position_scan,44,362,6,0.9656111598014832,0.5149703621864319
position_scan,44,363,4,0.814643383026123,0.7515460848808289
position_scan,44,364,6,0.9621242880821228,0.5674265027046204
position_scan,44,365,4,0.8439439535140991,1.6452161073684692
position_scan,44,366,6,1.0061792135238647,0.974636435508728
position_scan,44,367,4,0.8373340964317322,0.8067245483398438
position_scan,44,368,6,0.987005889415741,1.5174131393432617
position_scan,44,369,4,0.8588294982910156,1.3738118410110474
position_scan,44,370,6,0.9940886497497559,0.6617411971092224
position_scan,44,371,4,0.8597798943519592,1.7284823656082153
position_scan,44,372,6,1.0140846967697144,0.9043701887130737
position_scan,44,373,4,0.8340678811073303,0.6280781030654907
position_scan,44,374,6,0.9694185853004456,1.4215978384017944
position_scan,44,375,4,0.8137639760971069,0.8652037382125854
position_scan,44,376,6,0.9710913300514221,0.5647987723350525
position_scan,44,377,4,0.851772129535675,1.7708793878555298
position_scan,44,378,6,0.9841611981391907,0.5267869830131531
position_scan,44,379,4,0.8282099366188049,0.6326379179954529
position_scan,44,380,6,0.9867994785308838,0.7202571630477905
position_scan,44,381,4,0.8571459650993347,0.9006858468055725
position_scan,44,382,6,0.9841392040252686,0.8794360756874084
position_scan,44,383,4,0.806943953037262,0.834614634513855
position_scan,44,384,6,0.9642881751060486,0.8881785869598389
position_scan,44,385,4,0.8061022162437439,0.6879953742027283
position_scan,44,386,6,0.9624426960945129,0.8661762475967407
position_scan,44,387,4,0.8383833765983582,0.7264232039451599
position_scan,44,388,6,0.9969424605369568,1.3219764232635498
position_scan,44,389,4,0.8274630904197693,0.8143096566200256
position_scan,44,390,6,0.9788840413093567,1.0299785137176514
position_scan,44,391,4,0.8242762684822083,0.7962009906768799
position_scan,44,392,6,0.9674573540687561,0.9479464888572693
position_scan,44,393,4,0.8174002170562744,0.7205948829650879
position_scan,44,394,6,0.9537340998649597,0.6362676024436951
position_scan,44,395,4,0.8173670172691345,1.111361026763916
position_scan,44,396,6,0.9868977665901184,0.7119044065475464
position_scan,44,397,4,0.8490459322929382,0.7527142763137817
position_scan,44,398,6,0.9763012528419495,0.8843268752098083
position_scan,44,399,4,0.8200703263282776,0.8209822773933411
position_scan,44,400,6,0.9569687843322754,0.43560734391212463
position_scan,44,401,4,0.8271466493606567,1.2494893074035645
position_scan,44,402,6,0.9837488532066345,1.2913435697555542
position_scan,44,403,4,0.7954785227775574,0.9169132709503174
position_scan,44,404,6,0.9837295413017273,0.7200390696525574
position_scan,44,405,4,0.7973898649215698,0.9797012805938721
position_scan,44,406,6,0.9666255116462708,1.4055832624435425
position_scan,44,407,4,0.8039668202400208,0.9628048539161682
position_scan,44,408,6,0.9772000312805176,0.5734626650810242
position_scan,44,409,4,0.836546003818512,1.5727431774139404
position_scan,44,410,6,0.9739284515380859,0.5835222601890564
position_scan,44,411,4,0.7985717058181763,0.7344262003898621
position_scan,44,412,6,0.9766028523445129,1.539042353630066
position_scan,44,413,4,0.8385329842567444,0.7113351225852966
position_scan,44,414,6,0.9613921046257019,0.6424856781959534
position_scan,44,415,4,0.8433462977409363,1.3163971900939941
position_scan,44,416,6,0.9572441577911377,0.46503281593322754
position_scan,44,417,4,0.8127306699752808,0.819124698638916
position_scan,44,418,6,0.9895848631858826,1.2463984489440918
position_scan,44,419,4,0.829658031463623,0.6591701507568359
position_scan,44,420,6,0.9588539004325867,1.0397249460220337
position_scan,44,421,4,0.8136399388313293,1.2999074459075928
position_scan,44,422,6,0.9621226191520691,0.6184573173522949
position_scan,44,423,4,0.8197465538978577,0.7999780774116516
position_scan,44,424,6,0.9658992290496826,1.1175283193588257
position_scan,44,425,4,0.8058314323425293,0.7007862329483032
position_scan,44,426,6,0.9770166873931885,0.7704907059669495
position_scan,44,427,4,0.813334047794342,1.539869785308838
position_scan,44,428,6,0.9656500220298767,1.0703098773956299
position_scan,44,429,4,0.7867401242256165,0.6926145553588867
position_scan,44,430,6,0.9874219298362732,1.9340400695800781
position_scan,44,431,4,0.830227255821228,1.9859344959259033
position_scan,44,432,6,0.9696977138519287,1.1347806453704834
position_scan,44,433,4,0.8391897082328796,0.9779700040817261
position_scan,44,434,6,0.9680970311164856,1.632896065711975
position_scan,44,435,4,0.8246198296546936,1.8564099073410034
position_scan,44,436,6,0.9854801297187805,0.6211199760437012
position_scan,44,437,4,0.8232923746109009,1.1101958751678467
position_scan,44,438,6,0.9788849353790283,1.887351155281067
position_scan,44,439,4,0.8168519139289856,0.6817786693572998
position_scan,44,440,6,0.9463220238685608,0.34348127245903015
position_scan,44,441,4,0.8017513751983643,1.008888602256775
position_scan,44,442,6,0.9514215588569641,0.5400897860527039
position_scan,44,443,4,0.7980645298957825,0.757219672203064
position_scan,44,444,6,0.977353572845459,0.7505315542221069
position_scan,44,445,4,0.8021833896636963,0.7006563544273376
position_scan,44,446,6,0.9652359485626221,0.5416929721832275
position_scan,44,447,4,0.8241450190544128,0.8803939819335938
position_scan,44,448,6,0.9611093401908875,0.6171183586120605
position_scan,44,449,4,0.8123468160629272,0.8640177845954895
position_scan,44,450,6,0.9605391621589661,0.5994182825088501
position_scan,44,451,4,0.8085230588912964,0.6321476101875305
position_scan,44,452,6,0.9480254650115967,0.7521267533302307
position_scan,44,453,4,0.8052538633346558,0.7688969373703003
position_scan,44,454,6,0.9730581641197205,0.5668655633926392
position_scan,44,455,4,0.7951948046684265,0.7644011974334717
position_scan,44,456,6,0.9656655192375183,0.5275155305862427
position_scan,44,457,4,0.8058647513389587,0.5765516757965088
position_scan,44,458,6,0.9790286421775818,0.5844720005989075
position_scan,44,459,4,0.8091942667961121,0.6954395771026611
position_scan,44,460,6,0.9680919051170349,0.5709394812583923
position_scan,44,461,4,0.8102316856384277,0.7672854065895081
position_scan,44,462,6,0.9733493328094482,0.6244904398918152
position_scan,44,463,4,0.7950122356414795,0.6331585049629211
position_scan,44,464,6,0.9424828886985779,0.5039501786231995
position_scan,44,465,4,0.7963467836380005,0.7845820784568787
position_scan,44,466,6,0.9552736878395081,0.4491937458515167
position_scan,44,467,4,0.7860082983970642,0.5334231853485107
position_scan,44,468,6,0.9569211006164551,0.838465690612793
position_scan,44,469,4,0.8069717884063721,0.7653025984764099
position_scan,44,470,6,0.9400200247764587,0.28668755292892456
position_scan,44,471,4,0.7923490405082703,0.5851346850395203
position_scan,44,472,6,0.9641506671905518,0.58282071352005
position_scan,44,473,4,0.8072753548622131,0.9311403036117554
position_scan,44,474,6,0.9624127745628357,1.0621817111968994
position_scan,44,475,4,0.8040792346000671,0.7363436222076416
position_scan,44,476,6,0.9356768727302551,0.4319884479045868
position_scan,44,477,4,0.8219231367111206,1.5988376140594482
position_scan,44,478,6,0.9413340091705322,0.5391288995742798
position_scan,44,479,4,0.7897127270698547,0.49192503094673157
position_scan,44,480,6,0.9625017046928406,0.9439095258712769
position_scan,44,481,4,0.7924240827560425,1.3772718906402588
position_scan,44,482,6,0.9510030150413513,0.7340854406356812
position_scan,44,483,4,0.798944354057312,0.6878655552864075
position_scan,44,484,6,0.9544839262962341,1.3051104545593262
position_scan,44,485,4,0.7853447198867798,0.5461134910583496
position_scan,44,486,6,0.9747464656829834,0.8982150554656982
position_scan,44,487,4,0.7822008728981018,0.6820736527442932
position_scan,44,488,6,0.9447634816169739,0.5921309590339661
position_scan,44,489,4,0.8022397756576538,1.2226977348327637
position_scan,44,490,6,0.946465790271759,1.0865179300308228
position_scan,44,491,4,0.8348954319953918,0.9761365652084351
position_scan,44,492,6,0.9468840956687927,0.43119364976882935
position_scan,44,493,4,0.812468409538269,1.0727334022521973
position_scan,44,494,6,0.9533746242523193,0.4476485848426819
position_scan,44,495,4,0.7924937009811401,0.6087115406990051
position_scan,44,496,6,0.9522324204444885,1.023805856704712
position_scan,44,497,4,0.7894266247749329,0.5313279628753662
position_scan,44,498,6,0.965976893901825,0.551353394985199
position_scan,44,499,4,0.8106759190559387,1.397131085395813
position_scan,44,500,6,0.9584560394287109,0.7468602061271667
position_scan,44,501,4,0.7863842844963074,0.6921506524085999
position_scan,44,502,6,0.9474031329154968,0.494141548871994
position_scan,44,503,4,0.7817230224609375,1.1235857009887695
position_scan,44,504,6,0.9560896754264832,0.4739725589752197
position_scan,44,505,4,0.788674533367157,0.5410651564598083
position_scan,44,506,6,0.9490545392036438,0.9950709939002991
position_scan,44,507,4,0.7882626056671143,0.7440842986106873
position_scan,44,508,6,0.9224338531494141,0.2570311427116394
position_scan,44,509,4,0.7789127230644226,1.1082106828689575
position_scan,44,510,6,0.9500465989112854,0.8517355918884277
position_scan,44,511,4,0.7911120653152466,0.6519343852996826
position_scan,44,512,6,0.9625334739685059,0.6688730716705322
position_scan,44,513,4,0.7839541435241699,0.7102398872375488
position_scan,44,514,6,0.9442279934883118,0.5821225643157959
position_scan,44,515,4,0.7663023471832275,0.6352160573005676
position_scan,44,516,6,0.9620903134346008,0.6428236961364746
position_scan,44,517,4,0.8360971808433533,0.8671666979789734
position_scan,44,518,6,0.9732683300971985,0.7788856029510498
position_scan,44,519,4,0.8097981810569763,0.8184018731117249
position_scan,44,520,6,0.9330699443817139,0.46378397941589355
position_scan,44,521,4,0.8191741704940796,1.0583821535110474
position_scan,44,522,6,0.9605826735496521,1.0486688613891602
position_scan,44,523,4,0.7925425171852112,0.6527997255325317
position_scan,44,524,6,0.9612457752227783,0.5488530993461609
position_scan,44,525,4,0.8390169739723206,1.465232491493225
position_scan,44,526,6,0.960235059261322,0.8137224316596985
position_scan,44,527,4,0.7879335284233093,0.6669190526008606
position_scan,44,528,6,0.9926723837852478,2.2399330139160156
position_scan,44,529,4,0.8227188587188721,1.7664779424667358
position_scan,44,530,6,0.9627504944801331,0.8836140036582947
position_scan,44,531,4,0.8515129685401917,2.314537286758423
position_scan,44,532,6,1.0129388570785522,2.8121840953826904
position_scan,44,533,4,0.834480881690979,2.1497278213500977
position_scan,44,534,6,0.9597148895263672,0.6767754554748535
position_scan,44,535,4,0.7969682812690735,1.3341403007507324
position_scan,44,536,6,0.9986138939857483,2.272249937057495
position_scan,44,537,4,0.8407626748085022,1.8963689804077148
position_scan,44,538,6,0.985572338104248,0.5880431532859802
position_scan,44,539,4,0.8126077651977539,1.8411864042282104
position_scan,44,540,6,0.9760599732398987,1.4397138357162476
position_scan,44,541,4,0.7837611436843872,0.8902942538261414
position_scan,44,542,6,0.9720742106437683,1.3895949125289917
position_scan,44,543,4,0.7869914174079895,1.003928542137146
position_scan,44,544,6,0.9523810744285583,0.8884422183036804
position_scan,44,545,4,0.8162057995796204,1.1901384592056274
position_scan,44,546,6,0.9740933775901794,0.9038558006286621
position_scan,44,547,4,0.790001392364502,0.7307107448577881
position_scan,44,548,6,0.9518730044364929,0.7905381917953491
position_scan,44,549,4,0.7932584285736084,0.7423955798149109
position_scan,44,550,6,0.9429253935813904,1.0436594486236572
position_scan,44,551,4,0.7776337265968323,0.5878938436508179
position_scan,44,552,6,0.9756411910057068,0.8198842406272888
position_scan,44,553,4,0.8262367844581604,1.1591864824295044
position_scan,44,554,6,0.9556031823158264,0.6037485003471375
position_scan,44,555,4,0.7891063690185547,0.6323373913764954
position_scan,44,556,6,0.9525472521781921,1.1571940183639526
position_scan,44,557,4,0.7750871777534485,0.6365121006965637
position_scan,44,558,6,0.9380819201469421,0.8067715764045715
position_scan,44,559,4,0.8136284351348877,0.8417955636978149
position_scan,44,560,6,0.9544556736946106,0.8094946146011353
position_scan,44,561,4,0.7759002447128296,0.45072993636131287
position_scan,44,562,6,0.9534465670585632,0.7612957954406738
position_scan,44,563,4,0.7832083702087402,0.865135669708252
position_scan,44,564,6,0.9589959979057312,0.5856375694274902
position_scan,44,565,4,0.7875059247016907,0.5039506554603577
position_scan,44,566,6,0.941249668598175,0.612969696521759
position_scan,44,567,4,0.7926188707351685,0.7292441725730896
position_scan,44,568,6,0.9645874500274658,0.6727038025856018
position_scan,44,569,4,0.8247114419937134,1.118891716003418
position_scan,44,570,6,0.9416261315345764,0.894498884677887
position_scan,44,571,4,0.7769208550453186,0.6076286435127258
position_scan,44,572,6,0.942869246006012,0.6161692142486572
position_scan,44,573,4,0.8232415318489075,0.9650672078132629
position_scan,44,574,6,0.9341302514076233,0.3781129717826843
position_scan,44,575,4,0.7591028809547424,0.44593673944473267
position_scan,44,576,6,0.965650737285614,0.9913520216941833
position_scan,44,577,4,0.7915724515914917,0.7500030994415283
position_scan,44,578,6,0.9679591655731201,0.6571559309959412
position_scan,44,579,4,0.7955118417739868,0.6506469249725342
position_scan,44,580,6,0.9461278319358826,0.7605504989624023
position_scan,44,581,4,0.7846828103065491,0.6337015628814697
position_scan,44,582,6,0.9622696042060852,0.49082452058792114
position_scan,44,583,4,0.7696030735969543,0.6137621402740479
position_scan,44,584,6,0.9300697445869446,0.6047558784484863
position_scan,44,585,4,0.7795376181602478,0.6500738263130188
position_scan,44,586,6,0.9390146732330322,0.7323678135871887
position_scan,44,587,4,0.7783414125442505,0.6216043829917908
position_scan,44,588,6,0.9275652766227722,0.5616915225982666
position_scan,44,589,4,0.7912570238113403,0.5577567219734192
position_scan,44,590,6,0.9800384640693665,0.7134949564933777
position_scan,44,591,4,0.7859800457954407,0.7803338766098022
position_scan,44,592,6,0.9716756343841553,0.9612718224525452
position_scan,44,593,4,0.8050680160522461,0.6120802760124207
position_scan,44,594,6,0.954777181148529,0.5312454104423523
position_scan,44,595,4,0.7862622141838074,0.7292512059211731
position_scan,44,596,6,0.9463164806365967,0.4286697208881378
position_scan,44,597,4,0.7841746211051941,0.5644311904907227
position_scan,44,598,6,0.951910674571991,0.6866365075111389
position_scan,44,599,4,0.8037974834442139,0.6858734488487244
position_scan,44,600,6,0.9346082806587219,0.36052390933036804
position_scan,44,601,4,0.7947376370429993,0.683510422706604
position_scan,44,602,6,0.9527650475502014,0.4748353362083435
position_scan,44,603,4,0.7994282245635986,0.7324283719062805
position_scan,44,604,6,0.9622842669487,0.8997344970703125
position_scan,44,605,4,0.7975963950157166,0.933979868888855
position_scan,44,606,6,0.9255213737487793,0.5290794372558594
position_scan,44,607,4,0.7793808579444885,0.4627496898174286
position_scan,44,608,6,0.9453561305999756,0.4724663197994232
position_scan,44,609,4,0.7739925980567932,0.8260252475738525
position_scan,44,610,6,0.9428730607032776,0.48928096890449524
position_scan,44,611,4,0.780908465385437,0.5573810935020447
position_scan,44,612,6,0.9302181601524353,0.6266177892684937
position_scan,44,613,4,0.7589510679244995,0.7410266995429993
position_scan,44,614,6,0.9437236785888672,0.4896163046360016
position_scan,44,615,4,0.7773221731185913,0.8987752199172974
position_scan,44,616,6,0.9622657895088196,1.5562440156936646
position_scan,44,617,4,0.7681689262390137,0.6124179363250732
position_scan,44,618,6,0.9508050084114075,0.5674509406089783
position_scan,44,619,4,0.824726939201355,1.565834641456604
position_scan,44,620,6,0.9383057951927185,0.4946750998497009
position_scan,44,621,4,0.7618517875671387,0.49697160720825195
position_scan,44,622,6,0.9425522685050964,0.7648895978927612
position_scan,44,623,4,0.7565362453460693,0.521064817905426
position_scan,44,624,6,0.951408326625824,0.4649384915828705
position_scan,44,625,4,0.7641034126281738,0.6124926805496216
position_scan,44,626,6,0.936690628528595,1.0012791156768799
position_scan,44,627,4,0.7816033363342285,0.4633069336414337
position_scan,44,628,6,0.9260256886482239,0.38814452290534973
position_scan,44,629,4,0.7683679461479187,0.7426363229751587
position_scan,44,630,6,0.9297806620597839,0.34753984212875366
position_scan,44,631,4,0.7756540179252625,0.5848162770271301
position_scan,44,632,6,0.9351463913917542,1.1285065412521362
position_scan,44,633,4,0.7701162695884705,0.7293955087661743
position_scan,44,634,6,0.9117259383201599,0.3090847134590149
position_scan,44,635,4,0.7806012630462646,0.8631840944290161
position_scan,44,636,6,0.9349545836448669,0.7876198887825012
position_scan,44,637,4,0.7837121486663818,0.5082252621650696
position_scan,44,638,6,0.9319341778755188,0.47702649235725403
position_scan,44,639,4,0.7604398727416992,0.7506359815597534
position_scan,44,640,6,0.930351972579956,0.4081782400608063
position_scan,44,641,4,0.7587994337081909,0.4575992524623871
position_scan,44,642,6,0.9321281313896179,0.6820715069770813
position_scan,44,643,4,0.8056425452232361,1.122848391532898
position_scan,44,644,6,0.9233736395835876,0.577525794506073
position_scan,44,645,4,0.7769727110862732,0.4413532018661499
position_scan,44,646,6,0.9248795509338379,0.5086948871612549
position_scan,44,647,4,0.7849661707878113,0.9799884557723999
position_scan,44,648,6,0.924994945526123,0.5936585664749146
position_scan,44,649,4,0.7762965559959412,0.5969193577766418
position_scan,44,650,6,0.9358614087104797,0.6457192301750183
position_scan,44,651,4,0.7694779634475708,0.7878183126449585
position_scan,44,652,6,0.9381503462791443,0.4450013041496277
position_scan,44,653,4,0.7654663920402527,0.7781031727790833
position_scan,44,654,6,0.9360504150390625,0.7958267331123352
position_scan,44,655,4,0.7862641215324402,0.6614640355110168
position_scan,44,656,6,0.9452944397926331,0.45262572169303894
position_scan,44,657,4,0.7647008895874023,0.47585558891296387
position_scan,44,658,6,0.9505887627601624,0.8781265616416931
position_scan,44,659,4,0.7804577350616455,0.8081961274147034
position_scan,44,660,6,0.9479947686195374,0.5192233920097351
position_scan,44,661,4,0.753363311290741,0.41894564032554626
position_scan,44,662,6,0.9481814503669739,0.7556591629981995
position_scan,44,663,4,0.8175342679023743,1.3127914667129517
position_scan,44,664,6,0.9256436228752136,0.34001827239990234
position_scan,44,665,4,0.7739942669868469,0.5885136127471924
position_scan,44,666,6,0.9344276785850525,0.9589077234268188
position_scan,44,667,4,0.7739261388778687,0.7101617455482483
position_scan,44,668,6,0.9276216626167297,0.38802748918533325
position_scan,44,669,4,0.7637522220611572,0.7168049812316895
position_scan,44,670,6,0.9297265410423279,0.6443496942520142
position_scan,44,671,4,0.7479851245880127,0.4964700937271118
position_scan,44,672,6,0.9286673665046692,0.5114951729774475
position_scan,44,673,4,0.7787278890609741,0.5917695760726929
position_scan,44,674,6,0.9426483511924744,0.9879671931266785
position_scan,44,675,4,0.7615770697593689,0.6527352333068848
position_scan,44,676,6,0.9163464903831482,0.360302597284317
position_scan,44,677,4,0.7834885120391846,0.7896716594696045
position_scan,44,678,6,0.9340207576751709,0.855972170829773
position_scan,44,679,4,0.7942721247673035,0.6867880821228027
position_scan,44,680,6,0.9367349743843079,0.6013918519020081
position_scan,44,681,4,0.7717047929763794,0.970512866973877
position_scan,44,682,6,0.9299803376197815,0.436273992061615
position_scan,44,683,4,0.7527262568473816,0.459868460893631
position_scan,44,684,6,0.930321991443634,0.8368149995803833
position_scan,44,685,4,0.7787796854972839,0.6844909191131592
position_scan,44,686,6,0.9201047420501709,0.46742749214172363
position_scan,44,687,4,0.7903777956962585,0.810268223285675
position_scan,44,688,6,0.9477187991142273,1.3809260129928589
position_scan,44,689,4,0.7558593153953552,0.5933892726898193
position_scan,44,690,6,0.9320969581604004,0.45205456018447876
position_scan,44,691,4,0.7712922096252441,0.830220639705658
position_scan,44,692,6,0.9317877888679504,0.7758976221084595
position_scan,44,693,4,0.7747755646705627,1.1078574657440186
position_scan,44,694,6,0.9244633316993713,1.0761876106262207
position_scan,44,695,4,0.7642698287963867,0.5791538953781128
position_scan,44,696,6,0.9367430210113525,0.5183690786361694
position_scan,44,697,4,0.7899132370948792,0.8329240679740906
position_scan,44,698,6,0.9328927993774414,0.5612135529518127
position_scan,44,699,4,0.7648481726646423,0.9906582832336426
position_scan,44,700,6,0.945178747177124,0.5067206621170044
position_scan,44,701,4,0.7783277630805969,1.375938057899475
position_scan,44,702,6,0.9332859516143799,0.7405536770820618
position_scan,44,703,4,0.7537018656730652,0.5235921144485474
position_scan,44,704,6,0.9386565089225769,1.4921849966049194
position_scan,44,705,4,0.7577161192893982,0.6123329401016235
position_scan,44,706,6,0.9276359677314758,0.6832615733146667
position_scan,44,707,4,0.7881349325180054,0.9912667274475098
position_scan,44,708,6,0.9303476214408875,0.8637869954109192
position_scan,44,709,4,0.7541519403457642,0.5818219184875488
position_scan,44,710,6,0.9254539012908936,0.5815994143486023
position_scan,44,711,4,0.7758986353874207,1.077000379562378
position_scan,44,712,6,0.9224913716316223,0.7314456105232239
position_scan,44,713,4,0.7638561129570007,0.6809741258621216
position_scan,44,714,6,0.953089714050293,0.6585671305656433
position_scan,44,715,4,0.7637732625007629,1.106156587600708
position_scan,44,716,6,0.9313473105430603,0.7076464891433716
position_scan,44,717,4,0.7714259028434753,0.6541377305984497
position_scan,44,718,6,0.9446402192115784,1.3032292127609253
position_scan,44,719,4,0.778071939945221,0.6413742303848267
position_scan,44,720,6,0.9391217231750488,0.5169205069541931
position_scan,44,721,4,0.76923668384552,1.1254993677139282
position_scan,44,722,6,0.9280622601509094,0.9733760356903076
position_scan,44,723,4,0.7578939199447632,0.6109915971755981
position_scan,44,724,6,0.9215719699859619,0.5302251577377319
position_scan,44,725,4,0.7654447555541992,0.6648675203323364
position_scan,44,726,6,0.9310887455940247,0.7033971548080444
position_scan,44,727,4,0.7707256078720093,0.8482868671417236
position_scan,44,728,6,0.9334189295768738,0.7692426443099976
position_scan,44,729,4,0.7766501903533936,0.7121554613113403
position_scan,44,730,6,0.9294639229774475,0.5199474096298218
position_scan,44,731,4,0.7838296294212341,0.7559359669685364
position_scan,44,732,6,0.9289608597755432,0.9534646272659302
position_scan,44,733,4,0.7695496678352356,0.638359785079956
position_scan,44,734,6,0.9456424713134766,0.7790148854255676
position_scan,44,735,4,0.7741616368293762,0.745398998260498
position_scan,44,736,6,0.9187294840812683,0.8555286526679993
position_scan,44,737,4,0.7658281922340393,0.8444508910179138
position_scan,44,738,6,0.9207513332366943,0.9175669550895691
position_scan,44,739,4,0.7660154700279236,1.0878067016601562
position_scan,44,740,6,0.9327459335327148,0.4890243411064148
position_scan,44,741,4,0.7733239531517029,0.5752465128898621
position_scan,44,742,6,0.9237124919891357,0.8184351325035095
position_scan,44,743,4,0.761803925037384,0.6772467494010925
position_scan,44,744,6,0.9218350052833557,0.41242146492004395
position_scan,44,745,4,0.7789628505706787,0.8633123636245728
position_scan,44,746,6,0.924048125743866,0.8575986623764038
position_scan,44,747,4,0.7737738490104675,0.5772342085838318
position_scan,44,748,6,0.9107740521430969,0.47166794538497925
position_scan,44,749,4,0.7648279666900635,0.6015657186508179
position_scan,44,750,6,0.9193113446235657,0.7222771644592285
position_scan,44,751,4,0.7612160444259644,0.6822662353515625
position_scan,44,752,6,0.9259006381034851,0.41510912775993347
position_scan,44,753,4,0.7414299249649048,0.5534623265266418
position_scan,44,754,6,0.9151799082756042,1.0374878644943237
position_scan,44,755,4,0.7842618227005005,1.0902742147445679
position_scan,44,756,6,0.9331381916999817,0.5682011842727661
position_scan,44,757,4,0.7768005132675171,0.806006133556366
position_scan,44,758,6,0.9403145909309387,1.0092520713806152
position_scan,44,759,4,0.7789646983146667,0.9326239824295044
position_scan,44,760,6,0.9136506915092468,0.476052463054657
position_scan,44,761,4,0.7874476909637451,0.82655268907547
position_scan,44,762,6,0.9268561005592346,0.9963024258613586
position_scan,44,763,4,0.7534425854682922,0.6064773201942444
position_scan,44,764,6,0.9355241656303406,1.0794466733932495
position_scan,44,765,4,0.7700498700141907,0.6643412709236145
position_scan,44,766,6,0.9361755847930908,1.298160433769226
position_scan,44,767,4,0.749518871307373,0.4232991933822632
position_scan,44,768,6,0.9299810528755188,0.6005863547325134
position_scan,44,769,4,0.7870402932167053,1.0254470109939575
position_scan,44,770,6,0.9175319671630859,0.6973022818565369
position_scan,44,771,4,0.7899224758148193,0.7369874715805054
position_scan,44,772,6,0.9200043678283691,0.5277264714241028
position_scan,44,773,4,0.7685109972953796,0.6557965874671936
position_scan,44,774,6,0.9132974147796631,0.605648398399353
position_scan,44,775,4,0.7851162552833557,0.7178153991699219
position_scan,44,776,6,0.9256660342216492,1.2731162309646606
position_scan,44,777,4,0.76539146900177,0.5100324749946594
position_scan,44,778,6,0.9293809533119202,0.759067714214325
position_scan,44,779,4,0.7528601288795471,0.7078061699867249
position_scan,44,780,6,0.9229030609130859,0.9481799602508545
position_scan,44,781,4,0.7529932856559753,0.4165176749229431
position_scan,44,782,6,0.9207723736763,0.3837120532989502
position_scan,44,783,4,0.7586540579795837,1.3498908281326294
position_scan,44,784,6,0.9203656315803528,0.5038276314735413
position_scan,44,785,4,0.7493507862091064,0.4211200773715973
position_scan,44,786,6,0.9229790568351746,0.6240452527999878
position_scan,44,787,4,0.7526321411132812,0.639317512512207
position_scan,44,788,6,0.9319589734077454,0.6633028984069824
position_scan,44,789,4,0.7639425992965698,0.5722271203994751
position_scan,44,790,6,0.9146491885185242,1.0471711158752441
position_scan,44,791,4,0.7549141049385071,0.9905165433883667
position_scan,44,792,6,0.9199540019035339,0.355106383562088
position_scan,44,793,4,0.7420108318328857,0.6969408392906189
position_scan,44,794,6,0.9363449215888977,0.8649209141731262
position_scan,44,795,4,0.7483919858932495,0.49336597323417664
position_scan,44,796,6,0.9285740256309509,0.7164762616157532
position_scan,44,797,4,0.7436420321464539,0.7559038996696472
position_scan,44,798,6,0.9180173277854919,0.5372031331062317
position_scan,44,799,4,0.771787703037262,0.7413129806518555
position_scan,44,800,6,0.9320468306541443,1.3532640933990479
position_scan,44,801,4,0.7548454403877258,0.4898039996623993
position_scan,44,802,6,0.9252350330352783,0.5421607494354248
position_scan,44,803,4,0.7674223780632019,1.0219738483428955
position_scan,44,804,6,0.9106192588806152,0.4094822108745575
position_scan,44,805,4,0.7556642293930054,0.6667431592941284
position_scan,44,806,6,0.9163251519203186,0.7195967435836792
position_scan,44,807,4,0.7553313374519348,0.634267270565033
position_scan,44,808,6,0.9431581497192383,0.7058801651000977
position_scan,44,809,4,0.7917742729187012,0.9034819006919861
position_scan,44,810,6,0.9256258010864258,1.0399606227874756
position_scan,44,811,4,0.7712971568107605,0.7416947484016418
position_scan,44,812,6,0.9132748246192932,0.376689612865448
position_scan,44,813,4,0.7658860087394714,0.7927652597427368
position_scan,44,814,6,0.917582094669342,0.5148242115974426
position_scan,44,815,4,0.7573953866958618,0.4258621633052826
position_scan,44,816,6,0.9157834053039551,0.5928953289985657
position_scan,44,817,4,0.7462706565856934,0.8119558691978455
position_scan,44,818,6,0.9129207134246826,0.3728463053703308
position_scan,44,819,4,0.7438191771507263,0.4358937442302704
position_scan,44,820,6,0.9214193820953369,1.1407700777053833
position_scan,44,821,4,0.7813265919685364,0.7496500611305237
position_scan,44,822,6,0.9063023924827576,0.39997801184654236
position_scan,44,823,4,0.7584154009819031,0.6492015719413757
position_scan,44,824,6,0.9284706115722656,1.166401743888855
position_scan,44,825,4,0.7597643733024597,0.5688989162445068
position_scan,44,826,6,0.9091741442680359,0.598623514175415
position_scan,44,827,4,0.7488042712211609,0.8360114097595215
position_scan,44,828,6,0.9212706685066223,0.9880082607269287
position_scan,44,829,4,0.7513998746871948,0.49099835753440857
position_scan,44,830,6,0.915515661239624,0.3591790795326233
position_scan,44,831,4,0.7528395056724548,0.6714546084403992
position_scan,44,832,6,0.9223683476448059,1.098487138748169
position_scan,44,833,4,0.7545593976974487,0.7218968272209167
position_scan,44,834,6,0.9352359771728516,0.6337974071502686
position_scan,44,835,4,0.7631389498710632,0.7082327008247375
position_scan,44,836,6,0.932318925857544,1.0703277587890625
position_scan,44,837,4,0.7921633124351501,0.810604989528656
position_scan,44,838,6,0.9309785962104797,0.8414109349250793
position_scan,44,839,4,0.789862871170044,0.8664657473564148
position_scan,44,840,6,0.9219176769256592,0.8840043544769287
position_scan,44,841,4,0.7382789850234985,0.6853100657463074
position_scan,44,842,6,0.9208919405937195,0.5553265810012817
position_scan,44,843,4,0.7930876612663269,0.949355959892273
position_scan,44,844,6,0.9283555150032043,1.3139333724975586
position_scan,44,845,4,0.7675930857658386,0.5139778852462769
position_scan,44,846,6,0.9076834321022034,0.3040873110294342
position_scan,44,847,4,0.7485608458518982,1.0342952013015747
position_scan,44,848,6,0.9234184622764587,0.8245061635971069
position_scan,44,849,4,0.7442896962165833,0.5639440417289734
position_scan,44,850,6,0.9297142624855042,0.6786415576934814
position_scan,44,851,4,0.7757583856582642,0.8219113945960999
position_scan,44,852,6,0.9130823612213135,1.040393352508545
position_scan,44,853,4,0.7704957723617554,0.768545925617218
position_scan,44,854,6,0.9164499640464783,0.3986298739910126
position_scan,44,855,4,0.7469033598899841,0.32819822430610657
position_scan,44,856,6,0.9239628911018372,0.9277019500732422
position_scan,44,857,4,0.7509037852287292,0.6251069903373718
position_scan,44,858,6,0.904662549495697,0.5920068621635437
position_scan,44,859,4,0.7790722846984863,0.865027904510498
position_scan,44,860,6,0.9129478931427002,0.37971964478492737
position_scan,44,861,4,0.7706488966941833,0.6603666543960571
position_scan,44,862,6,0.9257876873016357,0.6079157590866089
position_scan,44,863,4,0.7433043122291565,0.5236605405807495
position_scan,44,864,6,0.9193693995475769,0.36249974370002747
position_scan,44,865,4,0.7874254584312439,0.8314425349235535
position_scan,44,866,6,0.9150016903877258,1.0831023454666138
position_scan,44,867,4,0.7767959237098694,0.7521974444389343
position_scan,44,868,6,0.9225080013275146,0.41206443309783936
position_scan,44,869,4,0.7765066623687744,1.274144172668457
position_scan,44,870,6,0.9139323234558105,0.8754415512084961
position_scan,44,871,4,0.7471359968185425,0.4358765184879303
position_scan,44,872,6,0.9349537491798401,0.5391692519187927
position_scan,44,873,4,0.7495169043540955,0.5777360796928406
position_scan,44,874,6,0.9148473143577576,0.6293301582336426
position_scan,44,875,4,0.7624484300613403,0.7188162803649902
position_scan,44,876,6,0.9245710372924805,0.4974263906478882
position_scan,44,877,4,0.7699425220489502,0.7844597101211548
position_scan,44,878,6,0.9163809418678284,1.2277944087982178
position_scan,44,879,4,0.7477567195892334,0.2925748825073242
position_scan,44,880,6,0.9063206315040588,0.43655121326446533
position_scan,44,881,4,0.7540514469146729,0.9052342772483826
position_scan,44,882,6,0.9193267822265625,0.8364351987838745
position_scan,44,883,4,0.7580248713493347,0.646737813949585
position_scan,44,884,6,0.9290297627449036,0.46514269709587097
position_scan,44,885,4,0.7622541785240173,1.1995983123779297
position_scan,44,886,6,0.9241357445716858,0.84679114818573
position_scan,44,887,4,0.7605275511741638,0.6853905320167542
position_scan,44,888,6,0.9157414436340332,0.8320843577384949
position_scan,44,889,4,0.758775532245636,0.5703202486038208
position_scan,44,890,6,0.9101693034172058,0.4742397665977478
position_scan,44,891,4,0.7487012147903442,1.063795566558838
position_scan,44,892,6,0.9137742519378662,0.7930841445922852
position_scan,44,893,4,0.7618666291236877,0.7873198390007019
position_scan,44,894,6,0.9185869097709656,0.5513373017311096
position_scan,44,895,4,0.7638095021247864,0.7850978970527649
position_scan,44,896,6,0.9259870052337646,1.6154009103775024
position_scan,44,897,4,0.7600444555282593,0.6129109263420105
position_scan,44,898,6,0.9112254977226257,0.5377993583679199
position_scan,44,899,4,0.7839592099189758,1.2616679668426514
position_scan,44,900,6,0.931049108505249,0.5859836935997009
phase_scan,11,1,4,1.5568608045578003,12.115189552307129
phase_scan,11,2,6,1.7613576650619507,4.403022766113281
phase_scan,11,3,4,1.4282892942428589,0.6311566233634949
phase_scan,11,4,6,1.6362323760986328,0.2483425736427307
phase_scan,11,5,4,1.4172953367233276,0.24768322706222534
phase_scan,11,6,6,1.6454888582229614,0.23999875783920288
phase_scan,11,7,4,1.4058719873428345,0.1580953150987625
phase_scan,11,8,6,1.642452597618103,0.17400860786437988
phase_scan,11,9,4,1.4129873514175415,0.13288365304470062
phase_scan,11,10,6,1.6352616548538208,0.10568854957818985
phase_scan,11,11,4,1.403268814086914,0.16984310746192932
phase_scan,11,12,6,1.6337727308273315,0.10810428857803345
phase_scan,11,13,4,1.4172954559326172,0.1070822924375534
phase_scan,11,14,6,1.6378499269485474,0.07949863374233246
phase_scan,11,15,4,1.415419101715088,0.13174352049827576
phase_scan,11,16,6,1.6468653678894043,0.1006348580121994
phase_scan,11,17,4,1.4155774116516113,0.09598691016435623
phase_scan,11,18,6,1.634649634361267,0.08998826891183853
phase_scan,11,19,4,1.4070277214050293,0.13429337739944458
phase_scan,11,20,6,1.639818549156189,0.10083223134279251
phase_scan,11,21,4,1.418692946434021,0.0856691300868988
phase_scan,11,22,6,1.6478338241577148,0.11779595911502838
phase_scan,11,23,4,1.4090570211410522,0.07715415954589844
phase_scan,11,24,6,1.6357511281967163,0.06329714506864548
phase_scan,11,25,4,1.412879467010498,0.06057176738977432
phase_scan,11,26,6,1.640706181526184,0.09627436846494675
phase_scan,11,27,4,1.4110316038131714,0.07124870270490646
phase_scan,11,28,6,1.6383485794067383,0.06177244335412979
phase_scan,11,29,4,1.4180049896240234,0.09138215333223343
phase_scan,11,30,6,1.6397490501403809,0.05911443755030632
phase_scan,11,31,4,1.4168283939361572,0.070414699614048
phase_scan,11,32,6,1.6331502199172974,0.061019860208034515
phase_scan,11,33,4,1.4135619401931763,0.06318016350269318
phase_scan,11,34,6,1.6369813680648804,0.04858502745628357
phase_scan,11,35,4,1.4154609441757202,0.060192663222551346
phase_scan,11,36,6,1.6380268335342407,0.04841964319348335
phase_scan,11,37,4,1.4091596603393555,0.062318217009305954
phase_scan,11,38,6,1.6364296674728394,0.04444728419184685
phase_scan,11,39,4,1.4097341299057007,0.05612308159470558
phase_scan,11,40,6,1.638176441192627,0.04469650611281395
phase_scan,11,41,4,1.410905361175537,0.07002634555101395
phase_scan,11,42,6,1.6364961862564087,0.03417959809303284
phase_scan,11,43,4,1.4115887880325317,0.051744598895311356
phase_scan,11,44,6,1.6355851888656616,0.054705921560525894
phase_scan,11,45,4,1.4105422496795654,0.05827736482024193
phase_scan,11,46,6,1.6357530355453491,0.04011538624763489
phase_scan,11,47,4,1.4079533815383911,0.07051603496074677
phase_scan,11,48,6,1.636251449584961,0.049287401139736176
phase_scan,11,49,4,1.4151169061660767,0.04819239303469658
phase_scan,11,50,6,1.6381406784057617,0.044048335403203964
phase_scan,11,51,4,1.4128040075302124,0.050366099923849106
phase_scan,11,52,6,1.6364717483520508,0.050931576639413834
phase_scan,11,53,4,1.4100494384765625,0.04736693948507309
phase_scan,11,54,6,1.6409167051315308,0.04563741758465767
phase_scan,11,55,4,1.4137248992919922,0.049502041190862656
phase_scan,11,56,6,1.633165717124939,0.04702014476060867
phase_scan,11,57,4,1.4100759029388428,0.04286710172891617
phase_scan,11,58,6,1.6365609169006348,0.050023578107357025
phase_scan,11,59,4,1.4170598983764648,0.060346540063619614
phase_scan,11,60,6,1.6343846321105957,0.0460238941013813
phase_scan,11,61,4,1.410103440284729,0.04460427910089493
phase_scan,11,62,6,1.639809250831604,0.04207243025302887
phase_scan,11,63,4,1.4109983444213867,0.044694121927022934
phase_scan,11,64,6,1.6410096883773804,0.04648019000887871
phase_scan,11,65,4,1.4094228744506836,0.04681949317455292
phase_scan,11,66,6,1.637576699256897,0.03824279084801674
phase_scan,11,67,4,1.4126759767532349,0.04623350128531456
phase_scan,11,68,6,1.6372982263565063,0.04015601798892021
phase_scan,11,69,4,1.4074761867523193,0.04587299004197121
phase_scan,11,70,6,1.6352792978286743,0.04668949916958809
phase_scan,11,71,4,1.4101544618606567,0.05960949510335922
phase_scan,11,72,6,1.636130928993225,0.054701656103134155
phase_scan,11,73,4,1.411381721496582,0.050671301782131195
phase_scan,11,74,6,1.6353317499160767,0.03667071461677551
phase_scan,11,75,4,1.410009741783142,0.04068039730191231
phase_scan,11,76,6,1.6384514570236206,0.05137113854289055
phase_scan,11,77,4,1.4070281982421875,0.06293405592441559
phase_scan,11,78,6,1.636426329612732,0.039558153599500656
phase_scan,11,79,4,1.4119873046875,0.04056427627801895
phase_scan,11,80,6,1.6364413499832153,0.043255019932985306
phase_scan,11,81,4,1.4107493162155151,0.05284469574689865
phase_scan,11,82,6,1.6397024393081665,0.05412483960390091
phase_scan,11,83,4,1.4119194746017456,0.047212954610586166
phase_scan,11,84,6,1.6352509260177612,0.052474379539489746
phase_scan,11,85,4,1.4114995002746582,0.06081531569361687
phase_scan,11,86,6,1.6322259902954102,0.04597184807062149
phase_scan,11,87,4,1.4079132080078125,0.06507513672113419
phase_scan,11,88,6,1.6353726387023926,0.047316402196884155
phase_scan,11,89,4,1.4071630239486694,0.05145340412855148
phase_scan,11,90,6,1.6334949731826782,0.06150628998875618
phase_scan,11,91,4,1.4131033420562744,0.05338354408740997
phase_scan,11,92,6,1.6377663612365723,0.06216023117303848
phase_scan,11,93,4,1.4157698154449463,0.06591026484966278
phase_scan,11,94,6,1.6309305429458618,0.05258500203490257
phase_scan,11,95,4,1.4149922132492065,0.08457741886377335
phase_scan,11,96,6,1.6400829553604126,0.061386626213788986
phase_scan,11,97,4,1.4155718088150024,0.062158919870853424
phase_scan,11,98,6,1.6392520666122437,0.05300479754805565
phase_scan,11,99,4,1.4067378044128418,0.05251609534025192
phase_scan,11,100,6,1.6365809440612793,0.04958885908126831
phase_scan,11,101,4,1.412877082824707,0.05179698020219803
phase_scan,11,102,6,1.635351300239563,0.046048227697610855
phase_scan,11,103,4,1.4132757186889648,0.07003021240234375
phase_scan,11,104,6,1.6338248252868652,0.04807297885417938
phase_scan,11,105,4,1.407485842704773,0.06329265981912613
phase_scan,11,106,6,1.6380890607833862,0.06299784779548645
phase_scan,11,107,4,1.4181005954742432,0.06608881801366806
phase_scan,11,108,6,1.6367830038070679,0.06578230112791061
phase_scan,11,109,4,1.4021427631378174,0.06327146291732788
phase_scan,11,110,6,1.6363648176193237,0.06236298754811287
phase_scan,11,111,4,1.4055428504943848,0.07083092629909515
phase_scan,11,112,6,1.6342244148254395,0.05190281197428703
phase_scan,11,113,4,1.411340594291687,0.0519331656396389
phase_scan,11,114,6,1.6355724334716797,0.06516072899103165
phase_scan,11,115,4,1.4101965427398682,0.05302196741104126
phase_scan,11,116,6,1.6359249353408813,0.05839494615793228
phase_scan,11,117,4,1.4093849658966064,0.04799027368426323
phase_scan,11,118,6,1.6351011991500854,0.06591401994228363
phase_scan,11,119,4,1.4109305143356323,0.05723362788558006
phase_scan,11,120,6,1.635031819343567,0.05417734384536743
phase_scan,11,121,4,1.4227765798568726,0.08779363334178925
phase_scan,11,122,6,1.631453514099121,0.07022789120674133
phase_scan,11,123,4,1.4040167331695557,0.10132145136594772
phase_scan,11,124,6,1.6379685401916504,0.05380312353372574
phase_scan,11,125,4,1.413266897201538,0.06702060997486115
phase_scan,11,126,6,1.6384916305541992,0.06098593771457672
phase_scan,11,127,4,1.406837821006775,0.05668585002422333
phase_scan,11,128,6,1.6308765411376953,0.05669761821627617
phase_scan,11,129,4,1.4136890172958374,0.08564867079257965
phase_scan,11,130,6,1.6274806261062622,0.07833849638700485
phase_scan,11,131,4,1.3995834589004517,0.10065340995788574
phase_scan,11,132,6,1.6379008293151855,0.0534893162548542
phase_scan,11,133,4,1.4119930267333984,0.07631386071443558
phase_scan,11,134,6,1.6276663541793823,0.07616958767175674
phase_scan,11,135,4,1.4098467826843262,0.0779993012547493
phase_scan,11,136,6,1.6407095193862915,0.11032070219516754
phase_scan,11,137,4,1.4043582677841187,0.07718443125486374
phase_scan,11,138,6,1.6394602060317993,0.10467986762523651
phase_scan,11,139,4,1.4032676219940186,0.10639646649360657
phase_scan,11,140,6,1.6455429792404175,0.10858935862779617
phase_scan,11,141,4,1.4140161275863647,0.21629507839679718
phase_scan,11,142,6,1.6347379684448242,0.07931351661682129
phase_scan,11,143,4,1.3902174234390259,0.1686379611492157
phase_scan,11,144,6,1.625958800315857,0.18747885525226593
phase_scan,11,145,4,1.3964214324951172,0.15686050057411194
phase_scan,11,146,6,1.634039282798767,0.131788432598114
phase_scan,11,147,4,1.4048707485198975,0.22767861187458038
phase_scan,11,148,6,1.606050968170166,0.38325223326683044
phase_scan,11,149,4,1.4062914848327637,0.21647274494171143
phase_scan,11,150,6,1.638864517211914,0.42795607447624207
phase_scan,11,151,4,1.4038119316101074,0.6342498064041138
phase_scan,11,152,6,1.607383131980896,0.4153357744216919
phase_scan,11,153,4,1.3870010375976562,0.6854493618011475
phase_scan,11,154,6,1.5885006189346313,0.7882742881774902
phase_scan,11,155,4,1.3505730628967285,0.6588990092277527
phase_scan,11,156,6,1.5847333669662476,0.3069824278354645
phase_scan,11,157,4,1.3365484476089478,1.0337010622024536
phase_scan,11,158,6,1.6098942756652832,0.5614245533943176
phase_scan,11,159,4,1.3516124486923218,1.3405225276947021
phase_scan,11,160,6,1.560871958732605,0.7272243499755859
phase_scan,11,161,4,1.3718972206115723,0.43175008893013
phase_scan,11,162,6,1.5944582223892212,0.8936437964439392
phase_scan,11,163,4,1.412814736366272,0.3968972861766815
phase_scan,11,164,6,1.6114016771316528,0.5844549536705017
phase_scan,11,165,4,1.3253419399261475,0.7349750995635986
phase_scan,11,166,6,1.547049880027771,0.8341615796089172
phase_scan,11,167,4,1.3576468229293823,1.0676342248916626
phase_scan,11,168,6,1.6061707735061646,2.0543813705444336
phase_scan,11,169,4,1.3818323612213135,0.7874478101730347
phase_scan,11,170,6,1.6145849227905273,0.9520125389099121
phase_scan,11,171,4,1.3936431407928467,0.665457010269165
phase_scan,11,172,6,1.5623984336853027,0.5124714970588684
phase_scan,11,173,4,1.3083415031433105,0.6307186484336853
phase_scan,11,174,6,1.5674246549606323,1.1104177236557007
phase_scan,11,175,4,1.3111340999603271,1.0135749578475952
phase_scan,11,176,6,1.5858373641967773,0.6453317403793335
phase_scan,11,177,4,1.338438868522644,0.8272595405578613
phase_scan,11,178,6,1.5356550216674805,0.7010630965232849
phase_scan,11,179,4,1.296325922012329,2.242159366607666
phase_scan,11,180,6,1.554619312286377,0.3564335107803345
phase_scan,11,181,4,1.2894078493118286,1.824538230895996
phase_scan,11,182,6,1.4712395668029785,2.278285503387451
phase_scan,11,183,4,1.282300591468811,1.1089612245559692
phase_scan,11,184,6,1.4974209070205688,1.3494304418563843
phase_scan,11,185,4,1.309586524963379,0.8341912627220154
phase_scan,11,186,6,1.5730633735656738,1.2363146543502808
phase_scan,11,187,4,1.3408987522125244,0.6576127409934998
phase_scan,11,188,6,1.469309687614441,0.5962274074554443
phase_scan,11,189,4,1.2593613862991333,0.5888757109642029
phase_scan,11,190,6,1.508687973022461,0.6712008118629456
phase_scan,11,191,4,1.2486636638641357,0.6518388390541077
phase_scan,11,192,6,1.4801446199417114,0.4205646812915802
phase_scan,11,193,4,1.208628535270691,0.5409916639328003
phase_scan,11,194,6,1.4676772356033325,0.736195981502533
phase_scan,11,195,4,1.1644232273101807,0.5915215015411377
phase_scan,11,196,6,1.4002879858016968,0.5823706984519958
phase_scan,11,197,4,1.1750913858413696,0.8951592445373535
phase_scan,11,198,6,1.4068771600723267,0.72409987449646
phase_scan,11,199,4,1.1784509420394897,0.6752877235412598
phase_scan,11,200,6,1.3575924634933472,0.5461530089378357
phase_scan,11,201,4,1.2448103427886963,0.5338570475578308
phase_scan,11,202,6,1.3952409029006958,0.6195594072341919
phase_scan,11,203,4,1.1381253004074097,0.4466264545917511
phase_scan,11,204,6,1.3666118383407593,0.5954182147979736
phase_scan,11,205,4,1.1398049592971802,0.4271506667137146
phase_scan,11,206,6,1.311423420906067,0.7413666248321533
phase_scan,11,207,4,1.1380665302276611,0.47923025488853455
phase_scan,11,208,6,1.3460427522659302,0.4067963659763336
phase_scan,11,209,4,1.153151035308838,0.5407047271728516
phase_scan,11,210,6,1.31584894657135,0.3761690855026245
phase_scan,11,211,4,1.0786865949630737,0.5676120519638062
phase_scan,11,212,6,1.3320252895355225,0.4332416355609894
phase_scan,11,213,4,1.1573244333267212,0.5619126558303833
phase_scan,11,214,6,1.2919963598251343,0.37406688928604126
phase_scan,11,215,4,1.1548783779144287,0.7032403349876404
phase_scan,11,216,6,1.3044769763946533,0.7703791856765747
phase_scan,11,217,4,1.0717147588729858,0.4076955318450928
phase_scan,11,218,6,1.2962106466293335,0.5148395895957947
phase_scan,11,219,4,1.0527524948120117,0.6642006635665894
phase_scan,11,220,6,1.2540756464004517,0.29269033670425415
phase_scan,11,221,4,1.0938737392425537,0.52813720703125
phase_scan,11,222,6,1.2576543092727661,0.388888418674469
phase_scan,11,223,4,1.096405267715454,0.3863357603549957
phase_scan,11,224,6,1.248904824256897,0.32389989495277405
phase_scan,11,225,4,1.0784056186676025,0.4516279399394989
phase_scan,11,226,6,1.2420375347137451,0.35755667090415955
phase_scan,11,227,4,1.0371723175048828,0.4355514347553253
phase_scan,11,228,6,1.2927641868591309,0.41747549176216125
phase_scan,11,229,4,1.046859860420227,0.3996027112007141
phase_scan,11,230,6,1.2586500644683838,0.48851925134658813
phase_scan,11,231,4,1.0402735471725464,0.45071062445640564
phase_scan,11,232,6,1.2236727476119995,0.31961289048194885
phase_scan,11,233,4,1.0580965280532837,0.8764116168022156
phase_scan,11,234,6,1.2417097091674805,0.31878161430358887
phase_scan,11,235,4,1.0237030982971191,0.822709321975708
phase_scan,11,236,6,1.2268339395523071,0.4234464168548584
phase_scan,11,237,4,1.0516360998153687,0.380287766456604
phase_scan,11,238,6,1.267717719078064,0.37469762563705444
phase_scan,11,239,4,0.9895647168159485,0.3819437026977539
phase_scan,11,240,6,1.1872342824935913,0.38345980644226074
phase_scan,11,241,4,1.0060620307922363,0.40628209710121155
phase_scan,11,242,6,1.2042678594589233,0.2403627634048462
phase_scan,11,243,4,1.0250695943832397,0.6955558061599731
phase_scan,11,244,6,1.2139806747436523,0.3146109879016876
phase_scan,11,245,4,1.0465781688690186,0.522047221660614
phase_scan,11,246,6,1.2439903020858765,0.35982003808021545
phase_scan,11,247,4,0.9861527681350708,0.7931005954742432
phase_scan,11,248,6,1.2388521432876587,0.4143906831741333
phase_scan,11,249,4,1.051445722579956,0.5877075791358948
phase_scan,11,250,6,1.2053581476211548,0.4912918210029602
phase_scan,11,251,4,0.983124315738678,0.2760055661201477
phase_scan,11,252,6,1.2079739570617676,0.7283814549446106
phase_scan,11,253,4,0.9689290523529053,0.45337817072868347
phase_scan,11,254,6,1.2140768766403198,0.48195680975914
phase_scan,11,255,4,1.0244247913360596,0.5319712162017822
phase_scan,11,256,6,1.1863220930099487,0.5688002109527588
phase_scan,11,257,4,1.025317907333374,0.6550955772399902
phase_scan,11,258,6,1.2410004138946533,0.6191011667251587
phase_scan,11,259,4,1.013318419456482,0.3922978937625885
phase_scan,11,260,6,1.1762384176254272,1.0722023248672485
phase_scan,11,261,4,1.0322482585906982,0.5465342402458191
phase_scan,11,262,6,1.1953346729278564,0.5445623993873596
phase_scan,11,263,4,0.9758846759796143,0.6828239560127258
phase_scan,11,264,6,1.1652430295944214,0.8728967308998108
phase_scan,11,265,4,0.9625493884086609,0.485975980758667
phase_scan,11,266,6,1.1766226291656494,0.5172663927078247
phase_scan,11,267,4,0.979836642742157,1.0332283973693848
phase_scan,11,268,6,1.1738327741622925,0.7853705883026123
phase_scan,11,269,4,1.0341336727142334,0.6362701654434204
phase_scan,11,270,6,1.1937990188598633,0.8037136197090149
phase_scan,11,271,4,1.0250828266143799,0.9105786085128784
phase_scan,11,272,6,1.217576503753662,0.7023879885673523
phase_scan,11,273,4,0.9714767336845398,0.5051741600036621
phase_scan,11,274,6,1.230958104133606,0.9352234601974487
phase_scan,11,275,4,0.9740140438079834,0.5001870393753052
phase_scan,11,276,6,1.1821669340133667,0.6090386509895325
phase_scan,11,277,4,0.9741297960281372,0.46985119581222534
phase_scan,11,278,6,1.169435977935791,0.6672397255897522
phase_scan,11,279,4,0.9821013808250427,0.5618574023246765
phase_scan,11,280,6,1.186212182044983,0.6534324288368225
phase_scan,11,281,4,0.9562468528747559,0.3947891294956207
phase_scan,11,282,6,1.1828638315200806,0.8080544471740723
phase_scan,11,283,4,0.9415305256843567,0.4337477684020996
phase_scan,11,284,6,1.1645938158035278,0.40351009368896484
phase_scan,11,285,4,0.9682649374008179,0.8226795196533203
phase_scan,11,286,6,1.189644694328308,1.0210968255996704
phase_scan,11,287,4,1.0115852355957031,0.6046282052993774
phase_scan,11,288,6,1.1657425165176392,0.4186986982822418
phase_scan,11,289,4,0.9701053500175476,0.7071869373321533
phase_scan,11,290,6,1.181429147720337,1.065195083618164
phase_scan,11,291,4,1.0190666913986206,0.6555066704750061
phase_scan,11,292,6,1.1863843202590942,1.0882469415664673
phase_scan,11,293,4,0.9984514713287354,0.8240209221839905
phase_scan,11,294,6,1.180374264717102,1.2236332893371582
phase_scan,11,295,4,1.0095294713974,0.8552708029747009
phase_scan,11,296,6,1.192137598991394,0.5380688905715942
phase_scan,11,297,4,0.9576708674430847,0.5498127341270447
phase_scan,11,298,6,1.15430748462677,0.3684483766555786
phase_scan,11,299,4,0.9712684750556946,0.4339480698108673
phase_scan,11,300,6,1.1971609592437744,0.6755715012550354
phase_scan,11,301,4,0.9694743752479553,0.5982862114906311
phase_scan,11,302,6,1.2104283571243286,0.9149501323699951
phase_scan,11,303,4,1.0068753957748413,1.013424038887024
phase_scan,11,304,6,1.1657387018203735,0.9667201638221741
phase_scan,11,305,4,1.0004945993423462,0.5581744313240051
phase_scan,11,306,6,1.1904548406600952,0.7446078658103943
phase_scan,11,307,4,0.9586784839630127,0.9188752770423889
phase_scan,11,308,6,1.191747784614563,0.8450392484664917
phase_scan,11,309,4,0.9552982449531555,0.39671802520751953
phase_scan,11,310,6,1.1895595788955688,0.8148761987686157
phase_scan,11,311,4,0.9701886773109436,0.453402578830719
phase_scan,11,312,6,1.1843866109848022,0.4043278992176056
phase_scan,11,313,4,0.9814363121986389,0.7260238528251648
phase_scan,11,314,6,1.1828582286834717,0.33449774980545044
phase_scan,11,315,4,0.9752406477928162,0.6873610615730286
phase_scan,11,316,6,1.2178574800491333,0.5610954165458679
phase_scan,11,317,4,0.9989599585533142,0.7975428700447083
phase_scan,11,318,6,1.1690641641616821,0.2836219370365143
phase_scan,11,319,4,1.0034817457199097,1.0509814023971558
phase_scan,11,320,6,1.1685266494750977,0.5912929773330688
phase_scan,11,321,4,0.9754579663276672,0.6669881939888
phase_scan,11,322,6,1.1647535562515259,0.6148043870925903
phase_scan,11,323,4,0.9489809274673462,0.39935892820358276
phase_scan,11,324,6,1.155351996421814,0.34825342893600464
phase_scan,11,325,4,0.9475831389427185,0.677155077457428
phase_scan,11,326,6,1.1534289121627808,0.4054175019264221
phase_scan,11,327,4,0.9675615429878235,0.3829086422920227
phase_scan,11,328,6,1.1769529581069946,0.904425859451294
phase_scan,11,329,4,0.9559658169746399,0.5966792702674866
phase_scan,11,330,6,1.1422549486160278,0.3333515524864197
phase_scan,11,331,4,0.9626452922821045,0.6160285472869873
phase_scan,11,332,6,1.1313735246658325,0.4977101981639862
phase_scan,11,333,4,0.9248196482658386,0.3349587917327881
phase_scan,11,334,6,1.159697413444519,0.5195576548576355
phase_scan,11,335,4,0.9470958113670349,0.48756593465805054
phase_scan,11,336,6,1.166890263557434,0.7542622089385986
phase_scan,11,337,4,0.9756335020065308,0.6411723494529724
phase_scan,11,338,6,1.1451642513275146,0.3018917739391327
phase_scan,11,339,4,0.9777482151985168,0.7280988693237305
phase_scan,11,340,6,1.171028733253479,0.6151811480522156
phase_scan,11,341,4,0.9632539749145508,0.4873993694782257
phase_scan,11,342,6,1.1416916847229004,0.45235738158226013
phase_scan,11,343,4,0.9481407999992371,0.7014412879943848
phase_scan,11,344,6,1.148727536201477,0.38840192556381226
phase_scan,11,345,4,0.9343591928482056,0.6628507375717163
phase_scan,11,346,6,1.1777743101119995,0.6409088373184204
phase_scan,11,347,4,0.991844892501831,0.7720605134963989
phase_scan,11,348,6,1.1768052577972412,0.5990545749664307
phase_scan,11,349,4,0.984943151473999,0.6653420925140381
phase_scan,11,350,6,1.1734893321990967,0.7029950618743896
phase_scan,11,351,4,0.9543722867965698,0.526852548122406
phase_scan,11,352,6,1.1596852540969849,0.7107618451118469
phase_scan,11,353,4,0.9486725330352783,0.8712679147720337
phase_scan,11,354,6,1.1674894094467163,0.9210466742515564
phase_scan,11,355,4,0.9648094773292542,0.3954292833805084
phase_scan,11,356,6,1.1828665733337402,1.404024362564087
phase_scan,11,357,4,0.9273423552513123,0.5605418086051941
phase_scan,11,358,6,1.1625957489013672,0.431632936000824
phase_scan,11,359,4,1.0029361248016357,0.8031703233718872
phase_scan,11,360,6,1.1606751680374146,0.7098448872566223
phase_scan,11,361,4,0.9479571580886841,0.6564300060272217
phase_scan,11,362,6,1.1527093648910522,0.4042906165122986
phase_scan,11,363,4,0.9337292909622192,0.5621873736381531
phase_scan,11,364,6,1.1662050485610962,0.5957643985748291
phase_scan,11,365,4,0.9529191255569458,0.6759774088859558
phase_scan,11,366,6,1.1635812520980835,0.722400963306427
phase_scan,11,367,4,0.9622463583946228,0.4256463050842285
phase_scan,11,368,6,1.1302865743637085,0.29653897881507874
phase_scan,11,369,4,0.9326072335243225,0.33892127871513367
phase_scan,11,370,6,1.1440078020095825,0.4547213613986969
phase_scan,11,371,4,0.9605882167816162,0.4450656771659851
phase_scan,11,372,6,1.1499465703964233,0.47705167531967163
phase_scan,11,373,4,0.9859546422958374,0.557429313659668
phase_scan,11,374,6,1.1425949335098267,0.4250825047492981
phase_scan,11,375,4,0.9357514381408691,0.556852400302887
phase_scan,11,376,6,1.1769827604293823,0.6626908183097839
phase_scan,11,377,4,0.9231871366500854,0.7403019666671753
phase_scan,11,378,6,1.1316016912460327,0.5494515299797058
phase_scan,11,379,4,0.9521099925041199,0.726534903049469
phase_scan,11,380,6,1.1572940349578857,0.4631757140159607
phase_scan,11,381,4,0.9769014716148376,0.7543364763259888
phase_scan,11,382,6,1.164836049079895,1.0202981233596802
phase_scan,11,383,4,0.9517695307731628,0.3365132510662079
phase_scan,11,384,6,1.1263536214828491,0.2351667433977127
phase_scan,11,385,4,0.9788779616355896,0.66949063539505
phase_scan,11,386,6,1.1419819593429565,0.35004740953445435
phase_scan,11,387,4,0.9733079075813293,1.0635223388671875
phase_scan,11,388,6,1.2078913450241089,0.4673824608325958
phase_scan,11,389,4,0.9683732390403748,0.5100045800209045
phase_scan,11,390,6,1.1583263874053955,0.4721442461013794
phase_scan,11,391,4,0.9253489971160889,0.5021712183952332
phase_scan,11,392,6,1.14264714717865,0.6891520619392395
phase_scan,11,393,4,0.9426712393760681,0.6024211645126343
phase_scan,11,394,6,1.1603423357009888,0.6184486150741577
phase_scan,11,395,4,0.9680099487304688,0.5080623626708984
phase_scan,11,396,6,1.1475619077682495,0.3962586522102356
phase_scan,11,397,4,0.9451566934585571,0.5768314599990845
phase_scan,11,398,6,1.1434810161590576,0.4368186593055725
phase_scan,11,399,4,0.9469307065010071,0.7763175964355469
phase_scan,11,400,6,1.1421730518341064,0.5368184447288513
phase_scan,11,401,4,0.9298545718193054,0.39250993728637695
phase_scan,11,402,6,1.1279292106628418,0.4918197989463806
phase_scan,11,403,4,0.9705358147621155,0.5121102333068848
phase_scan,11,404,6,1.1539584398269653,0.31983423233032227
phase_scan,11,405,4,0.9529001116752625,0.735885500907898
phase_scan,11,406,6,1.1414684057235718,0.2762448489665985
phase_scan,11,407,4,0.914108395576477,0.45573440194129944
phase_scan,11,408,6,1.1538543701171875,0.7462003827095032
phase_scan,11,409,4,0.9281430840492249,0.48479634523391724
phase_scan,11,410,6,1.1294605731964111,0.4314575791358948
phase_scan,11,411,4,0.914978563785553,0.6332546472549438
phase_scan,11,412,6,1.1378190517425537,0.3592914044857025
phase_scan,11,413,4,0.9495993256568909,0.4771699905395508
phase_scan,11,414,6,1.1486560106277466,0.8811120986938477
phase_scan,11,415,4,0.9087958335876465,0.3285074532032013
phase_scan,11,416,6,1.1348477602005005,0.400044322013855
phase_scan,11,417,4,0.9886773824691772,0.7050509452819824
phase_scan,11,418,6,1.1576389074325562,0.4124901592731476
phase_scan,11,419,4,0.9614322185516357,0.4927501082420349
phase_scan,11,420,6,1.1475948095321655,0.8209594488143921
phase_scan,11,421,4,0.9433012008666992,0.40044084191322327
phase_scan,11,422,6,1.1110594272613525,0.5288161635398865
phase_scan,11,423,4,0.9349282383918762,0.5073750615119934
phase_scan,11,424,6,1.1486390829086304,0.4335600435733795
phase_scan,11,425,4,0.9420996308326721,0.4170498847961426
phase_scan,11,426,6,1.127116322517395,0.448784738779068
phase_scan,11,427,4,0.9493662118911743,0.4994218647480011
phase_scan,11,428,6,1.1485018730163574,0.30614396929740906
phase_scan,11,429,4,0.956525981426239,0.47204306721687317
phase_scan,11,430,6,1.127414345741272,0.32599937915802
phase_scan,11,431,4,0.9345465302467346,0.4193069636821747
phase_scan,11,432,6,1.1359244585037231,0.380429744720459
phase_scan,11,433,4,0.8967535495758057,0.4038938581943512
phase_scan,11,434,6,1.1155662536621094,0.26346060633659363
phase_scan,11,435,4,0.9163691997528076,0.42580655217170715
phase_scan,11,436,6,1.1318861246109009,0.3898536264896393
phase_scan,11,437,4,0.9220494627952576,0.36162853240966797
phase_scan,11,438,6,1.1290746927261353,0.4322996437549591
phase_scan,11,439,4,0.9358439445495605,0.5036634802818298
phase_scan,11,440,6,1.165889859199524,0.3138328790664673
phase_scan,11,441,4,0.9662467837333679,0.48237666487693787
phase_scan,11,442,6,1.1365264654159546,0.34827691316604614
phase_scan,11,443,4,0.9238628149032593,0.35950329899787903
phase_scan,11,444,6,1.1361218690872192,0.6556646227836609
phase_scan,11,445,4,0.9287824034690857,0.3230400085449219
phase_scan,11,446,6,1.132049322128296,0.39467915892601013
phase_scan,11,447,4,0.9496567249298096,0.5460705757141113
phase_scan,11,448,6,1.1328871250152588,0.5707051753997803
phase_scan,11,449,4,0.9431767463684082,0.3545423448085785
phase_scan,11,450,6,1.1385282278060913,0.6080929636955261
phase_scan,11,451,4,0.9338779449462891,0.4276338815689087
phase_scan,11,452,6,1.1219149827957153,0.5488912463188171
phase_scan,11,453,4,0.9439914226531982,0.4866737723350525
phase_scan,11,454,6,1.1224366426467896,0.28255006670951843
phase_scan,11,455,4,0.9230466485023499,0.5510998964309692
phase_scan,11,456,6,1.1227350234985352,0.419413685798645
phase_scan,11,457,4,0.9031027555465698,0.44677555561065674
phase_scan,11,458,6,1.1164737939834595,0.43701687455177307
phase_scan,11,459,4,0.9139646887779236,0.4491428732872009
phase_scan,11,460,6,1.1212893724441528,0.5438060164451599
phase_scan,11,461,4,0.9060192704200745,0.363582044839859
phase_scan,11,462,6,1.1555050611495972,0.3718690574169159
phase_scan,11,463,4,0.9159452319145203,0.43309083580970764
phase_scan,11,464,6,1.1220875978469849,0.3552219569683075
phase_scan,11,465,4,0.9193944334983826,0.3957144320011139
phase_scan,11,466,6,1.1256279945373535,0.3309677541255951
phase_scan,11,467,4,0.8994699120521545,0.4136539101600647
phase_scan,11,468,6,1.127604365348816,0.3413768708705902
phase_scan,11,469,4,0.9032356142997742,0.44993430376052856
phase_scan,11,470,6,1.1307088136672974,0.5007306933403015
phase_scan,11,471,4,0.9108223915100098,0.4706726670265198
phase_scan,11,472,6,1.1137722730636597,0.33354809880256653
phase_scan,11,473,4,0.9305426478385925,0.5231596827507019
phase_scan,11,474,6,1.127163290977478,0.39145347476005554
phase_scan,11,475,4,0.9400041103363037,0.4571729600429535
phase_scan,11,476,6,1.1174991130828857,0.26387447118759155
phase_scan,11,477,4,0.9000756144523621,0.34538567066192627
phase_scan,11,478,6,1.1289544105529785,0.34888964891433716
phase_scan,11,479,4,0.9299361109733582,0.40029019117355347
phase_scan,11,480,6,1.122239351272583,0.5205841064453125
phase_scan,11,481,4,0.9352840781211853,0.6702912449836731
phase_scan,11,482,6,1.1303950548171997,0.45307794213294983
phase_scan,11,483,4,0.9073560237884521,0.7360742688179016
phase_scan,11,484,6,1.1112159490585327,0.2773701548576355
phase_scan,11,485,4,0.9059686660766602,0.4594539403915405
phase_scan,11,486,6,1.1179040670394897,1.0250880718231201
phase_scan,11,487,4,0.8952793478965759,0.4861277639865875
phase_scan,11,488,6,1.1141473054885864,0.7226758599281311
phase_scan,11,489,4,0.9117417335510254,0.45665210485458374
phase_scan,11,490,6,1.115593433380127,0.8607056736946106
phase_scan,11,491,4,0.9168264269828796,0.5085050463676453
phase_scan,11,492,6,1.1100959777832031,0.3516184985637665
phase_scan,11,493,4,0.9038181304931641,0.4192432761192322
phase_scan,11,494,6,1.137181043624878,0.2942296266555786
phase_scan,11,495,4,0.9090421795845032,0.36105793714523315
phase_scan,11,496,6,1.1219125986099243,0.43446987867355347
phase_scan,11,497,4,0.8949376344680786,0.26911261677742004
phase_scan,11,498,6,1.105071783065796,0.257889062166214
phase_scan,11,499,4,0.9027318358421326,0.48499467968940735
phase_scan,11,500,6,1.1059114933013916,0.5372884273529053
phase_scan,11,501,4,0.9230331182479858,0.493875652551651
phase_scan,11,502,6,1.1074576377868652,0.30612149834632874
phase_scan,11,503,4,0.9090037941932678,0.4172343313694
phase_scan,11,504,6,1.1225687265396118,0.5065615177154541
phase_scan,11,505,4,0.8848303556442261,0.29481741786003113
phase_scan,11,506,6,1.1166932582855225,0.3495948016643524
phase_scan,11,507,4,0.9152666926383972,0.43979355692863464
phase_scan,11,508,6,1.1127017736434937,0.28754153847694397
phase_scan,11,509,4,0.9225011467933655,0.4131048917770386
phase_scan,11,510,6,1.1020305156707764,0.4390406012535095
phase_scan,11,511,4,0.8915506601333618,0.48847100138664246
phase_scan,11,512,6,1.124935269355774,0.4050864279270172
phase_scan,11,513,4,0.9293900728225708,0.47564056515693665
phase_scan,11,514,6,1.1124558448791504,0.47604480385780334
phase_scan,11,515,4,0.8925377130508423,0.4034188687801361
phase_scan,11,516,6,1.1059867143630981,0.3751479387283325
phase_scan,11,517,4,0.9081501364707947,0.7757666707038879
phase_scan,11,518,6,1.116578221321106,0.42182302474975586
phase_scan,11,519,4,0.8856033682823181,0.46182194352149963
phase_scan,11,520,6,1.1092537641525269,0.5703051686286926
phase_scan,11,521,4,0.9056459069252014,0.4616016447544098
phase_scan,11,522,6,1.1296392679214478,0.6121166348457336
phase_scan,11,523,4,0.9200332164764404,0.5785731077194214
phase_scan,11,524,6,1.1218785047531128,0.49701595306396484
phase_scan,11,525,4,0.9141658544540405,0.38520562648773193
phase_scan,11,526,6,1.1056164503097534,0.3350091874599457
phase_scan,11,527,4,0.9062415361404419,0.4801832437515259
phase_scan,11,528,6,1.1113027334213257,0.283271849155426
phase_scan,11,529,4,0.9059780836105347,0.38781681656837463
phase_scan,11,530,6,1.1133657693862915,0.46074360609054565
phase_scan,11,531,4,0.8872665166854858,0.3178316652774811
phase_scan,11,532,6,1.1083918809890747,0.27551278471946716
phase_scan,11,533,4,0.9019385576248169,0.4211631119251251
phase_scan,11,534,6,1.1097126007080078,0.27014949917793274
phase_scan,11,535,4,0.9100991487503052,0.3897823095321655
phase_scan,11,536,6,1.0978622436523438,0.35967937111854553
phase_scan,11,537,4,0.9051520228385925,0.4018303155899048
phase_scan,11,538,6,1.1085784435272217,0.2693953216075897
phase_scan,11,539,4,0.9127871990203857,0.3621425926685333
phase_scan,11,540,6,1.1025967597961426,0.236604705452919
phase_scan,11,541,4,0.8889396786689758,0.32875484228134155
phase_scan,11,542,6,1.1058003902435303,0.33494508266448975
phase_scan,11,543,4,0.9005551934242249,0.30521681904792786
phase_scan,11,544,6,1.0983556509017944,0.47954487800598145
phase_scan,11,545,4,0.8999243378639221,0.5902316570281982
phase_scan,11,546,6,1.0976375341415405,0.3477246165275574
phase_scan,11,547,4,0.8803977370262146,0.33618390560150146
phase_scan,11,548,6,1.1123653650283813,0.8486363291740417
phase_scan,11,549,4,0.9010860323905945,0.4195364713668823
phase_scan,11,550,6,1.1071966886520386,0.4036346673965454
phase_scan,11,551,4,0.913044273853302,0.6190435290336609
phase_scan,11,552,6,1.0979701280593872,0.37595099210739136
phase_scan,11,553,4,0.9158366918563843,0.3694480061531067
phase_scan,11,554,6,1.1035078763961792,0.3200973868370056
phase_scan,11,555,4,0.9052757024765015,0.4184659719467163
phase_scan,11,556,6,1.099876880645752,0.3808412253856659
phase_scan,11,557,4,0.9233339428901672,0.4787764549255371
phase_scan,11,558,6,1.096994161605835,0.3069024980068207
phase_scan,11,559,4,0.9033871293067932,0.35834452509880066
phase_scan,11,560,6,1.1091620922088623,0.2789229154586792
phase_scan,11,561,4,0.8893979787826538,0.4871014654636383
phase_scan,11,562,6,1.1031149625778198,0.36526939272880554
phase_scan,11,563,4,0.9025585055351257,0.36804842948913574
phase_scan,11,564,6,1.1001826524734497,0.5053986310958862
phase_scan,11,565,4,0.9241050481796265,0.6797094345092773
phase_scan,11,566,6,1.105613112449646,0.32804036140441895
phase_scan,11,567,4,0.8905926942825317,0.3471912145614624
phase_scan,11,568,6,1.1114811897277832,0.43843355774879456
phase_scan,11,569,4,0.9069024920463562,0.3876609206199646
phase_scan,11,570,6,1.0984007120132446,0.3146175444126129
phase_scan,11,571,4,0.9177459478378296,0.5114470720291138
phase_scan,11,572,6,1.1043380498886108,0.3950861990451813
phase_scan,11,573,4,0.9154945015907288,0.42492884397506714
phase_scan,11,574,6,1.1112278699874878,0.4741963744163513
phase_scan,11,575,4,0.8989469408988953,0.402588427066803
phase_scan,11,576,6,1.1059116125106812,0.40111231803894043
phase_scan,11,577,4,0.8981302380561829,0.4797399938106537
phase_scan,11,578,6,1.1044055223464966,0.32076019048690796
phase_scan,11,579,4,0.8951172232627869,0.36988934874534607
phase_scan,11,580,6,1.0954440832138062,0.6219120621681213
phase_scan,11,581,4,0.8975569605827332,0.5685078501701355
phase_scan,11,582,6,1.091866374015808,0.2720757722854614
phase_scan,11,583,4,0.889469563961029,0.3811105787754059
phase_scan,11,584,6,1.1181052923202515,0.9451846480369568
phase_scan,11,585,4,0.9008142948150635,0.5276790857315063
phase_scan,11,586,6,1.1065964698791504,0.5461840629577637
phase_scan,11,587,4,0.8862945437431335,0.5001353025436401
phase_scan,11,588,6,1.106402039527893,0.9306797385215759
phase_scan,11,589,4,0.8990192413330078,0.5086308717727661
phase_scan,11,590,6,1.0988867282867432,0.4147779941558838
phase_scan,11,591,4,0.9370213747024536,0.5054082870483398
phase_scan,11,592,6,1.0942461490631104,0.5864353179931641
phase_scan,11,593,4,0.9212729930877686,0.44994449615478516
phase_scan,11,594,6,1.1067495346069336,0.3235575556755066
phase_scan,11,595,4,0.881041944026947,0.30449238419532776
phase_scan,11,596,6,1.09795081615448,0.6780863404273987
phase_scan,11,597,4,0.8990993499755859,0.568238377571106
phase_scan,11,598,6,1.108373999595642,0.32182011008262634
phase_scan,11,599,4,0.8989125490188599,0.3620833456516266
phase_scan,11,600,6,1.1088229417800903,0.3939986526966095
phase_scan,11,601,4,0.8802955746650696,0.27154991030693054
phase_scan,11,602,6,1.097329020500183,0.4317069351673126
phase_scan,11,603,4,0.8943359851837158,0.3891349136829376
phase_scan,11,604,6,1.1074310541152954,0.3314593434333801
phase_scan,11,605,4,0.876629650592804,0.3297566771507263
phase_scan,11,606,6,1.110843539237976,0.4015901982784271
phase_scan,11,607,4,0.8742378950119019,0.3003309965133667
phase_scan,11,608,6,1.1026263236999512,0.3506235182285309
phase_scan,11,609,4,0.8778274655342102,0.4977568984031677
phase_scan,11,610,6,1.0936279296875,0.2721825838088989
phase_scan,11,611,4,0.8925193548202515,0.3517029583454132
phase_scan,11,612,6,1.0947022438049316,0.3659738302230835
phase_scan,11,613,4,0.8976307511329651,0.44208309054374695
phase_scan,11,614,6,1.1080816984176636,0.2759286165237427
phase_scan,11,615,4,0.8949541449546814,0.38077402114868164
phase_scan,11,616,6,1.0939332246780396,0.2740427553653717
phase_scan,11,617,4,0.8795379400253296,0.2512710392475128
phase_scan,11,618,6,1.0950261354446411,0.39855366945266724
phase_scan,11,619,4,0.8942875266075134,0.38016757369041443
phase_scan,11,620,6,1.106227993965149,0.39864984154701233
phase_scan,11,621,4,0.8872677683830261,0.36475977301597595
phase_scan,11,622,6,1.1014283895492554,0.31062600016593933
phase_scan,11,623,4,0.8816202282905579,0.3848611116409302
phase_scan,11,624,6,1.1210001707077026,0.401275098323822
phase_scan,11,625,4,0.8748243451118469,0.3061352074146271
phase_scan,11,626,6,1.0933884382247925,0.2604409158229828
phase_scan,11,627,4,0.8857660889625549,0.3584301173686981
phase_scan,11,628,6,1.1016972064971924,0.4128626883029938
phase_scan,11,629,4,0.8933679461479187,0.4422084093093872
phase_scan,11,630,6,1.106014609336853,0.25868406891822815
phase_scan,11,631,4,0.8913180828094482,0.45550569891929626
phase_scan,11,632,6,1.0991690158843994,0.4576733112335205
phase_scan,11,633,4,0.8912575244903564,0.5529748201370239
phase_scan,11,634,6,1.0908228158950806,0.2585720717906952
phase_scan,11,635,4,0.8933937549591064,0.5658674240112305
phase_scan,11,636,6,1.0979738235473633,0.31708088517189026
phase_scan,11,637,4,0.8868017196655273,0.2934117913246155
phase_scan,11,638,6,1.105153203010559,0.603454053401947
phase_scan,11,639,4,0.892694354057312,0.5119659900665283
phase_scan,11,640,6,1.0976133346557617,0.35800501704216003
phase_scan,11,641,4,0.8841790556907654,0.3633686900138855
phase_scan,11,642,6,1.1008596420288086,0.38924264907836914
phase_scan,11,643,4,0.887371301651001,0.3282023072242737
phase_scan,11,644,6,1.097977876663208,0.34045886993408203
phase_scan,11,645,4,0.8813690543174744,0.3967050015926361
phase_scan,11,646,6,1.1092132329940796,0.475333571434021
phase_scan,11,647,4,0.890514612197876,0.45954713225364685
phase_scan,11,648,6,1.1022039651870728,0.7330610156059265
phase_scan,11,649,4,0.8873851895332336,0.41078469157218933
phase_scan,11,650,6,1.1002188920974731,0.3079735040664673
phase_scan,11,651,4,0.8982192873954773,0.7474498152732849
phase_scan,11,652,6,1.1065089702606201,0.5612460970878601
phase_scan,11,653,4,0.8810566067695618,0.33766674995422363
phase_scan,11,654,6,1.1076256036758423,0.4554528295993805
phase_scan,11,655,4,0.8916569948196411,0.3904799222946167
phase_scan,11,656,6,1.0845619440078735,0.24689564108848572
phase_scan,11,657,4,0.8843632340431213,0.45307865738868713
phase_scan,11,658,6,1.108563780784607,0.4923017621040344
phase_scan,11,659,4,0.9026665091514587,0.40759581327438354
phase_scan,11,660,6,1.0882536172866821,0.39503148198127747
phase_scan,11,661,4,0.8830901384353638,0.3698734641075134
phase_scan,11,662,6,1.0991463661193848,0.5399806499481201
phase_scan,11,663,4,0.8660439252853394,0.24847723543643951
phase_scan,11,664,6,1.1003477573394775,0.24310068786144257
phase_scan,11,665,4,0.8880621790885925,0.38459378480911255
phase_scan,11,666,6,1.097328782081604,0.3535677492618561
phase_scan,11,667,4,0.8908029794692993,0.37942928075790405
phase_scan,11,668,6,1.1015149354934692,0.32511353492736816
phase_scan,11,669,4,0.8811110258102417,0.324305921792984
phase_scan,11,670,6,1.0955235958099365,0.2863442301750183
phase_scan,11,671,4,0.8944107294082642,0.3764098286628723
phase_scan,11,672,6,1.09658682346344,0.29284176230430603
phase_scan,11,673,4,0.905097484588623,0.38432201743125916
phase_scan,11,674,6,1.0867236852645874,0.3209933042526245
phase_scan,11,675,4,0.8927512764930725,0.5630804896354675
phase_scan,11,676,6,1.089430809020996,0.2595742344856262
phase_scan,11,677,4,0.8683634996414185,0.3754146099090576
phase_scan,11,678,6,1.0971263647079468,0.5140818357467651
phase_scan,11,679,4,0.8647278547286987,0.3582974672317505
phase_scan,11,680,6,1.093609094619751,0.24962954223155975
phase_scan,11,681,4,0.8749005198478699,0.31261077523231506
phase_scan,11,682,6,1.102950930595398,0.5315873622894287
phase_scan,11,683,4,0.8877787590026855,0.5114448070526123
phase_scan,11,684,6,1.1009610891342163,0.3345164954662323
phase_scan,11,685,4,0.8807942867279053,0.287740558385849
phase_scan,11,686,6,1.0942264795303345,0.6776807308197021
phase_scan,11,687,4,0.9008190035820007,0.6064554452896118
phase_scan,11,688,6,1.0980157852172852,0.3751181662082672
phase_scan,11,689,4,0.8832648992538452,0.2769966125488281
phase_scan,11,690,6,1.1150883436203003,0.7026610374450684
phase_scan,11,691,4,0.8769544959068298,0.2773174047470093
phase_scan,11,692,6,1.1030908823013306,0.5174664855003357
phase_scan,11,693,4,0.897179126739502,0.383128821849823
phase_scan,11,694,6,1.0988332033157349,0.6828112602233887
phase_scan,11,695,4,0.8708612322807312,0.3064756393432617
phase_scan,11,696,6,1.104222059249878,0.4444517493247986
phase_scan,11,697,4,0.8806403875350952,0.3873806893825531
phase_scan,11,698,6,1.099400281906128,0.5017911195755005
phase_scan,11,699,4,0.8909256458282471,0.49929675459861755
phase_scan,11,700,6,1.0918480157852173,0.36406880617141724
phase_scan,11,701,4,0.90570068359375,0.504651665687561
phase_scan,11,702,6,1.0913721323013306,0.28311240673065186
phase_scan,11,703,4,0.8610829710960388,0.21550290286540985
phase_scan,11,704,6,1.1118521690368652,0.5703650712966919
phase_scan,11,705,4,0.8795372247695923,0.5131379961967468
phase_scan,11,706,6,1.0884734392166138,0.3136434555053711
phase_scan,11,707,4,0.8734675645828247,0.306473970413208
phase_scan,11,708,6,1.0997313261032104,0.7904794812202454
phase_scan,11,709,4,0.880511462688446,0.5837475061416626
phase_scan,11,710,6,1.0932586193084717,0.43760374188423157
phase_scan,11,711,4,0.894694447517395,0.3989926874637604
phase_scan,11,712,6,1.0948482751846313,0.7781802415847778
phase_scan,11,713,4,0.8835360407829285,0.4674907922744751
phase_scan,11,714,6,1.091399908065796,0.39995041489601135
phase_scan,11,715,4,0.874030590057373,0.3194478452205658
phase_scan,11,716,6,1.0872236490249634,0.7054479122161865
phase_scan,11,717,4,0.8863837122917175,0.37148743867874146
phase_scan,11,718,6,1.0922893285751343,0.43530309200286865
phase_scan,11,719,4,0.8761734962463379,0.415727436542511
phase_scan,11,720,6,1.1066160202026367,0.7583340406417847
phase_scan,11,721,4,0.8687975406646729,0.33249998092651367
phase_scan,11,722,6,1.0945194959640503,0.5976482033729553
phase_scan,11,723,4,0.8981570601463318,0.4728378355503082
phase_scan,11,724,6,1.1107715368270874,0.550597608089447
phase_scan,11,725,4,0.8795780539512634,0.2825193703174591
phase_scan,11,726,6,1.0926538705825806,0.3408699631690979
phase_scan,11,727,4,0.8843015432357788,0.6033285856246948
phase_scan,11,728,6,1.08511221408844,0.25908899307250977
phase_scan,11,729,4,0.8705393075942993,0.3068404197692871
phase_scan,11,730,6,1.0907068252563477,0.47035402059555054
phase_scan,11,731,4,0.8785420060157776,0.3523135483264923
phase_scan,11,732,6,1.0886892080307007,0.2910768389701843
phase_scan,11,733,4,0.8852847218513489,0.3388965129852295
phase_scan,11,734,6,1.0961908102035522,0.35456883907318115
phase_scan,11,735,4,0.8815690279006958,0.38807761669158936
phase_scan,11,736,6,1.088568091392517,0.40840062499046326
phase_scan,11,737,4,0.8795484900474548,0.35969874262809753
phase_scan,11,738,6,1.0885136127471924,0.31278935074806213
phase_scan,11,739,4,0.8739053010940552,0.3239438235759735
phase_scan,11,740,6,1.1147229671478271,0.3316228985786438
phase_scan,11,741,4,0.8916492462158203,0.41878199577331543
phase_scan,11,742,6,1.0980266332626343,0.28825843334198
phase_scan,11,743,4,0.9009423851966858,0.5287402272224426
phase_scan,11,744,6,1.0936576128005981,0.3616921305656433
phase_scan,11,745,4,0.894523561000824,0.6252643465995789
phase_scan,11,746,6,1.0867069959640503,0.42167529463768005
phase_scan,11,747,4,0.8665675520896912,0.26119840145111084
phase_scan,11,748,6,1.087170958518982,0.39470231533050537
phase_scan,11,749,4,0.8838678598403931,0.5270956158638
phase_scan,11,750,6,1.0955588817596436,0.24480976164340973
phase_scan,11,751,4,0.9026637077331543,0.4445546567440033
phase_scan,11,752,6,1.0986666679382324,0.7451249361038208
phase_scan,11,753,4,0.8648510575294495,0.6253662109375
phase_scan,11,754,6,1.0882753133773804,0.26983681321144104
phase_scan,11,755,4,0.8917022943496704,0.41588306427001953
phase_scan,11,756,6,1.1042596101760864,0.40655380487442017
phase_scan,11,757,4,0.867424726486206,0.421149343252182
phase_scan,11,758,6,1.0849924087524414,0.36214008927345276
phase_scan,11,759,4,0.876544713973999,0.44320690631866455
phase_scan,11,760,6,1.0993365049362183,0.3405281901359558
phase_scan,11,761,4,0.8765150904655457,0.3594287633895874
phase_scan,11,762,6,1.0916637182235718,0.4368017613887787
phase_scan,11,763,4,0.8851020336151123,0.30670320987701416
phase_scan,11,764,6,1.109598994255066,0.367157906293869
phase_scan,11,765,4,0.8790034055709839,0.49225565791130066
phase_scan,11,766,6,1.0902451276779175,0.37045133113861084
phase_scan,11,767,4,0.8733519315719604,0.27579358220100403
phase_scan,11,768,6,1.093726634979248,0.3760819435119629
phase_scan,11,769,4,0.8993005752563477,0.3936690092086792
phase_scan,11,770,6,1.088147521018982,0.4277048408985138
phase_scan,11,771,4,0.8898167610168457,0.6027923822402954
phase_scan,11,772,6,1.096828818321228,0.38625094294548035
phase_scan,11,773,4,0.880803644657135,0.42912301421165466
phase_scan,11,774,6,1.0990170240402222,0.8458491563796997
phase_scan,11,775,4,0.8875698447227478,0.46624165773391724
phase_scan,11,776,6,1.0948976278305054,0.6713441014289856
phase_scan,11,777,4,0.8813008069992065,0.3710770606994629
phase_scan,11,778,6,1.1061285734176636,0.6367197036743164
phase_scan,11,779,4,0.8657457828521729,0.35675448179244995
phase_scan,11,780,6,1.0843921899795532,0.4298870265483856
phase_scan,11,781,4,0.8872013092041016,0.42824554443359375
phase_scan,11,782,6,1.091518759727478,0.49048325419425964
phase_scan,11,783,4,0.8837846517562866,0.5159373879432678
phase_scan,11,784,6,1.0868257284164429,0.4172893762588501
phase_scan,11,785,4,0.9067394733428955,0.47486332058906555
phase_scan,11,786,6,1.1066983938217163,0.8427376747131348
phase_scan,11,787,4,0.8819392323493958,0.41390976309776306
phase_scan,11,788,6,1.091500163078308,0.321829617023468
phase_scan,11,789,4,0.8634122014045715,0.3785889744758606
phase_scan,11,790,6,1.0943400859832764,0.7528311014175415
phase_scan,11,791,4,0.8804317116737366,0.32128334045410156
phase_scan,11,792,6,1.0951520204544067,0.32988014817237854
phase_scan,11,793,4,0.8832101225852966,0.6167759299278259
phase_scan,11,794,6,1.0968888998031616,0.7298557758331299
phase_scan,11,795,4,0.8586978912353516,0.2856582999229431
phase_scan,11,796,6,1.0893739461898804,0.35413551330566406
phase_scan,11,797,4,0.8812983632087708,0.44966480135917664
phase_scan,11,798,6,1.0903764963150024,0.339521586894989
phase_scan,11,799,4,0.8855990767478943,0.5051628351211548
phase_scan,11,800,6,1.0829399824142456,0.295326828956604
phase_scan,11,801,4,0.8686176538467407,0.41538524627685547
phase_scan,11,802,6,1.0778309106826782,0.2180408239364624
phase_scan,11,803,4,0.8772846460342407,0.5850296020507812
phase_scan,11,804,6,1.096662163734436,0.6291092038154602
phase_scan,11,805,4,0.8859312534332275,0.4086577296257019
phase_scan,11,806,6,1.08067786693573,0.2749353349208832
phase_scan,11,807,4,0.8794518113136292,0.39338308572769165
phase_scan,11,808,6,1.0950380563735962,0.7312144637107849
phase_scan,11,809,4,0.8900907039642334,0.4643171727657318
phase_scan,11,810,6,1.0928469896316528,0.772404670715332
phase_scan,11,811,4,0.8759834170341492,0.48433902859687805
phase_scan,11,812,6,1.098132610321045,0.7723884582519531
phase_scan,11,813,4,0.8760677576065063,0.6121619343757629
phase_scan,11,814,6,1.1003077030181885,0.3003266453742981
phase_scan,11,815,4,0.8663498759269714,0.2775682806968689
phase_scan,11,816,6,1.0894577503204346,0.5640522837638855
phase_scan,11,817,4,0.8809788823127747,0.3882012963294983
phase_scan,11,818,6,1.0996469259262085,0.4042801856994629
phase_scan,11,819,4,0.8838942646980286,0.4314696490764618
phase_scan,11,820,6,1.0910276174545288,0.6768198013305664
phase_scan,11,821,4,0.8870190978050232,0.4269609749317169
phase_scan,11,822,6,1.1038631200790405,0.34939849376678467
phase_scan,11,823,4,0.8651572465896606,0.32443928718566895
phase_scan,11,824,6,1.0855157375335693,0.3404460847377777
phase_scan,11,825,4,0.8772932291030884,0.39793825149536133
phase_scan,11,826,6,1.0911186933517456,0.24537353217601776
phase_scan,11,827,4,0.8869614601135254,0.31998756527900696
phase_scan,11,828,6,1.1046077013015747,0.5249825119972229
phase_scan,11,829,4,0.8691420555114746,0.4661148488521576
phase_scan,11,830,6,1.0833690166473389,0.375190794467926
phase_scan,11,831,4,0.8872867226600647,0.611372172832489
phase_scan,11,832,6,1.090131402015686,0.9143030047416687
phase_scan,11,833,4,0.9015341997146606,0.7761422395706177
phase_scan,11,834,6,1.1123971939086914,1.2329341173171997
phase_scan,11,835,4,0.868864119052887,0.4773058295249939
phase_scan,11,836,6,1.1130746603012085,1.519484519958496
phase_scan,11,837,4,0.8670434355735779,0.5786941647529602
phase_scan,11,838,6,1.0990651845932007,0.6961663365364075
phase_scan,11,839,4,0.8897647857666016,0.8914525508880615
phase_scan,11,840,6,1.0950032472610474,0.3021492063999176
phase_scan,11,841,4,0.8854708671569824,0.606793224811554
phase_scan,11,842,6,1.1175905466079712,1.4739160537719727
phase_scan,11,843,4,0.8810131549835205,0.4811737537384033
phase_scan,11,844,6,1.0921730995178223,0.7341021299362183
phase_scan,11,845,4,0.8982797861099243,0.6686440110206604
phase_scan,11,846,6,1.0946382284164429,0.7122533321380615
phase_scan,11,847,4,0.876264214515686,0.5059621334075928
phase_scan,11,848,6,1.0844324827194214,0.2907165288925171
phase_scan,11,849,4,0.900105357170105,0.5908280611038208
phase_scan,11,850,6,1.0951125621795654,0.35100647807121277
phase_scan,11,851,4,0.8796066641807556,0.3499637842178345
phase_scan,11,852,6,1.0831071138381958,0.5009076595306396
phase_scan,11,853,4,0.8758543729782104,0.3279159963130951
phase_scan,11,854,6,1.0911675691604614,0.4423673748970032
phase_scan,11,855,4,0.8687644600868225,0.5540051460266113
phase_scan,11,856,6,1.0863614082336426,0.2595938742160797
phase_scan,11,857,4,0.8795088529586792,0.34908702969551086
phase_scan,11,858,6,1.0964106321334839,0.769741952419281
phase_scan,11,859,4,0.870726466178894,0.27521267533302307
phase_scan,11,860,6,1.0961281061172485,0.5719138383865356
phase_scan,11,861,4,0.8861168622970581,0.6806984543800354
phase_scan,11,862,6,1.0935922861099243,0.6365678310394287
phase_scan,11,863,4,0.8687496781349182,0.35478338599205017
phase_scan,11,864,6,1.0929428339004517,0.34684205055236816
phase_scan,11,865,4,0.8693927526473999,0.5455833673477173
phase_scan,11,866,6,1.0853841304779053,0.4520266354084015
phase_scan,11,867,4,0.8674963116645813,0.2821352183818817
phase_scan,11,868,6,1.0883915424346924,0.2677863538265228
phase_scan,11,869,4,0.8933913111686707,0.33488109707832336
phase_scan,11,870,6,1.1022987365722656,0.47014161944389343
phase_scan,11,871,4,0.8668003678321838,0.31617382168769836
phase_scan,11,872,6,1.0888687372207642,0.33342263102531433
phase_scan,11,873,4,0.8777714371681213,0.40790149569511414
phase_scan,11,874,6,1.0876578092575073,0.28183451294898987
phase_scan,11,875,4,0.8859798908233643,0.38545137643814087
phase_scan,11,876,6,1.0922006368637085,0.39116141200065613
phase_scan,11,877,4,0.8781013488769531,0.588930606842041
phase_scan,11,878,6,1.0880366563796997,0.4622046649456024
phase_scan,11,879,4,0.9031271934509277,0.551375150680542
phase_scan,11,880,6,1.0961599349975586,0.6784372925758362
phase_scan,11,881,4,0.8794174194335938,0.660748302936554
phase_scan,11,882,6,1.0787780284881592,0.5199951529502869
phase_scan,11,883,4,0.860796332359314,0.2325417846441269
phase_scan,11,884,6,1.0987398624420166,0.902885913848877
phase_scan,11,885,4,0.8647038340568542,0.28238609433174133
phase_scan,11,886,6,1.087164282798767,0.49818068742752075
phase_scan,11,887,4,0.8719127178192139,0.3224090039730072
phase_scan,11,888,6,1.0955545902252197,0.31032639741897583
phase_scan,11,889,4,0.8730176091194153,0.3135329484939575
phase_scan,11,890,6,1.0940052270889282,0.5016350746154785
phase_scan,11,891,4,0.8528724312782288,0.3154464364051819
phase_scan,11,892,6,1.092949628829956,0.30597972869873047
phase_scan,11,893,4,0.8719260096549988,0.3437713384628296
phase_scan,11,894,6,1.0975106954574585,0.678411602973938
phase_scan,11,895,4,0.8799756169319153,0.4905441403388977
phase_scan,11,896,6,1.0846940279006958,0.5733613967895508
phase_scan,11,897,4,0.8880200982093811,0.4036458134651184
phase_scan,11,898,6,1.0931413173675537,1.01491117477417
phase_scan,11,899,4,0.8838558793067932,0.5008630752563477
phase_scan,11,900,6,1.1049034595489502,0.6996325254440308
phase_scan,22,1,4,1.538908839225769,0.6499002575874329
phase_scan,22,2,6,1.7706832885742188,1.068189263343811
phase_scan,22,3,4,1.4666661024093628,0.5174885392189026
phase_scan,22,4,6,1.673808217048645,0.3271505832672119
phase_scan,22,5,4,1.4428784847259521,0.22365710139274597
phase_scan,22,6,6,1.6667073965072632,0.2167661190032959
phase_scan,22,7,4,1.4317208528518677,0.18887843191623688
phase_scan,22,8,6,1.658117413520813,0.17564111948013306
phase_scan,22,9,4,1.4279109239578247,0.15770013630390167
phase_scan,22,10,6,1.649706244468689,0.16151826083660126
phase_scan,22,11,4,1.4174127578735352,0.1005152240395546
phase_scan,22,12,6,1.6444889307022095,0.10796631872653961
phase_scan,22,13,4,1.4127637147903442,0.12511202692985535
phase_scan,22,14,6,1.6416420936584473,0.08904298394918442
phase_scan,22,15,4,1.4202226400375366,0.09402800351381302
phase_scan,22,16,6,1.6389660835266113,0.0698048397898674
phase_scan,22,17,4,1.414754867553711,0.05618617311120033
phase_scan,22,18,6,1.6388803720474243,0.04827526956796646
phase_scan,22,19,4,1.4117509126663208,0.039415448904037476
phase_scan,22,20,6,1.6372512578964233,0.03286798670887947
phase_scan,22,21,4,1.4090280532836914,0.04719533771276474
phase_scan,22,22,6,1.637031078338623,0.04777811840176582
phase_scan,22,23,4,1.4141676425933838,0.04585229977965355
phase_scan,22,24,6,1.6378846168518066,0.039837323129177094
phase_scan,22,25,4,1.411821722984314,0.04505399614572525
phase_scan,22,26,6,1.6356464624404907,0.04115733876824379
phase_scan,22,27,4,1.4123367071151733,0.0573185570538044
phase_scan,22,28,6,1.6370940208435059,0.04430033639073372
phase_scan,22,29,4,1.4129219055175781,0.059478819370269775
phase_scan,22,30,6,1.6374770402908325,0.03431887924671173
phase_scan,22,31,4,1.4115571975708008,0.0479748472571373
phase_scan,22,32,6,1.6386357545852661,0.04052663967013359
phase_scan,22,33,4,1.4124387502670288,0.040186718106269836
phase_scan,22,34,6,1.6370221376419067,0.026456693187355995
phase_scan,22,35,4,1.413149118423462,0.053057875484228134
phase_scan,22,36,6,1.6369355916976929,0.035429418087005615
phase_scan,22,37,4,1.4124062061309814,0.04334619268774986
phase_scan,22,38,6,1.6376394033432007,0.02411915548145771
phase_scan,22,39,4,1.4098345041275024,0.04052954539656639
phase_scan,22,40,6,1.6364458799362183,0.024428468197584152
phase_scan,22,41,4,1.4100120067596436,0.04399813339114189
phase_scan,22,42,6,1.6355310678482056,0.029513463377952576
phase_scan,22,43,4,1.4113712310791016,0.03265855461359024
phase_scan,22,44,6,1.6372052431106567,0.03331794962286949
phase_scan,22,45,4,1.4106521606445312,0.03722573071718216
phase_scan,22,46,6,1.6382936239242554,0.03863199055194855
phase_scan,22,47,4,1.411460280418396,0.02355978637933731
phase_scan,22,48,6,1.6364065408706665,0.026903491467237473
phase_scan,22,49,4,1.4127284288406372,0.03318165987730026
phase_scan,22,50,6,1.635223388671875,0.03562873601913452
phase_scan,22,51,4,1.4122207164764404,0.03734494373202324
phase_scan,22,52,6,1.6375927925109863,0.028778251260519028
phase_scan,22,53,4,1.4088319540023804,0.03235337883234024
phase_scan,22,54,6,1.6368695497512817,0.027155010029673576
phase_scan,22,55,4,1.4104212522506714,0.028975995257496834
phase_scan,22,56,6,1.6391524076461792,0.03374533727765083
phase_scan,22,57,4,1.409388780593872,0.03628605976700783
phase_scan,22,58,6,1.6384820938110352,0.04130816087126732
phase_scan,22,59,4,1.4111953973770142,0.027789821848273277
phase_scan,22,60,6,1.636588454246521,0.037459246814250946
phase_scan,22,61,4,1.4104410409927368,0.030702704563736916
phase_scan,22,62,6,1.6369194984436035,0.030734486877918243
phase_scan,22,63,4,1.4114125967025757,0.03622576594352722
phase_scan,22,64,6,1.6361852884292603,0.030406836420297623
phase_scan,22,65,4,1.4145017862319946,0.03495706617832184
phase_scan,22,66,6,1.6355582475662231,0.03518413379788399
phase_scan,22,67,4,1.4095066785812378,0.035279110074043274
phase_scan,22,68,6,1.6365776062011719,0.02345615066587925
phase_scan,22,69,4,1.4119288921356201,0.032443057745695114
phase_scan,22,70,6,1.6370292901992798,0.029622524976730347
phase_scan,22,71,4,1.410010814666748,0.03881111368536949
phase_scan,22,72,6,1.6350075006484985,0.033075056970119476
phase_scan,22,73,4,1.4127686023712158,0.03164253011345863
phase_scan,22,74,6,1.6376166343688965,0.03606772795319557
phase_scan,22,75,4,1.4103577136993408,0.03390580043196678
phase_scan,22,76,6,1.6369547843933105,0.03148999065160751
phase_scan,22,77,4,1.4141035079956055,0.03684929758310318
phase_scan,22,78,6,1.6344536542892456,0.03246377035975456
phase_scan,22,79,4,1.4128162860870361,0.039935801178216934
phase_scan,22,80,6,1.636041283607483,0.027484256774187088
phase_scan,22,81,4,1.4155731201171875,0.042996764183044434
phase_scan,22,82,6,1.638558268547058,0.02925761416554451
phase_scan,22,83,4,1.4151043891906738,0.050401169806718826
phase_scan,22,84,6,1.6370550394058228,0.032115522772073746
phase_scan,22,85,4,1.4144566059112549,0.03655734285712242
phase_scan,22,86,6,1.637838363647461,0.03259015083312988
phase_scan,22,87,4,1.4105066061019897,0.030075302347540855
phase_scan,22,88,6,1.63424813747406,0.03665496036410332
phase_scan,22,89,4,1.412318229675293,0.024807235226035118
phase_scan,22,90,6,1.6374229192733765,0.030985772609710693
phase_scan,22,91,4,1.4085066318511963,0.03813614696264267
phase_scan,22,92,6,1.635698914527893,0.03046790137887001
phase_scan,22,93,4,1.406189203262329,0.04259226843714714
phase_scan,22,94,6,1.6363611221313477,0.025298047810792923
phase_scan,22,95,4,1.4127403497695923,0.027926815673708916
phase_scan,22,96,6,1.6346731185913086,0.031111592426896095
phase_scan,22,97,4,1.4128878116607666,0.03042045794427395
phase_scan,22,98,6,1.6381278038024902,0.029612092301249504
phase_scan,22,99,4,1.4080651998519897,0.04299306124448776
phase_scan,22,100,6,1.633269190788269,0.036713361740112305
phase_scan,22,101,4,1.4095728397369385,0.04137025028467178
phase_scan,22,102,6,1.6356725692749023,0.030674530193209648
phase_scan,22,103,4,1.4117170572280884,0.03881026431918144
phase_scan,22,104,6,1.6339702606201172,0.026172978803515434
phase_scan,22,105,4,1.411982536315918,0.042469631880521774
phase_scan,22,106,6,1.6389566659927368,0.04277491942048073
phase_scan,22,107,4,1.4098005294799805,0.03374477103352547
phase_scan,22,108,6,1.6410435438156128,0.043404534459114075
phase_scan,22,109,4,1.4120805263519287,0.04757831245660782
phase_scan,22,110,6,1.6349388360977173,0.03774247691035271
phase_scan,22,111,4,1.4049664735794067,0.05081601440906525
phase_scan,22,112,6,1.6334766149520874,0.03490126132965088
phase_scan,22,113,4,1.4112217426300049,0.035513266921043396
phase_scan,22,114,6,1.6350215673446655,0.03647094592452049
phase_scan,22,115,4,1.4073946475982666,0.04854895919561386
phase_scan,22,116,6,1.6321943998336792,0.050853073596954346
phase_scan,22,117,4,1.4115166664123535,0.05181002616882324
phase_scan,22,118,6,1.6418708562850952,0.05396929010748863
phase_scan,22,119,4,1.4110655784606934,0.04499856010079384
phase_scan,22,120,6,1.6308512687683105,0.04324457421898842
phase_scan,22,121,4,1.4080981016159058,0.05385747179389
phase_scan,22,122,6,1.6386443376541138,0.053295403718948364
phase_scan,22,123,4,1.406447410583496,0.05134740471839905
phase_scan,22,124,6,1.635727882385254,0.06601675599813461
phase_scan,22,125,4,1.409852385520935,0.0524425245821476
phase_scan,22,126,6,1.6383804082870483,0.042592935264110565
phase_scan,22,127,4,1.4137717485427856,0.05360034108161926
phase_scan,22,128,6,1.6292448043823242,0.07354841381311417
phase_scan,22,129,4,1.4045140743255615,0.06696683913469315
phase_scan,22,130,6,1.6256552934646606,0.07648896425962448
phase_scan,22,131,4,1.4158309698104858,0.07461856305599213
phase_scan,22,132,6,1.644735336303711,0.08390939235687256
phase_scan,22,133,4,1.4014896154403687,0.09161485731601715
phase_scan,22,134,6,1.6317787170410156,0.06359507143497467
phase_scan,22,135,4,1.3980329036712646,0.15852424502372742
phase_scan,22,136,6,1.6274677515029907,0.0756513699889183
phase_scan,22,137,4,1.4081530570983887,0.10448504984378815
phase_scan,22,138,6,1.640382170677185,0.10949519276618958
phase_scan,22,139,4,1.4287165403366089,0.18199069797992706
phase_scan,22,140,6,1.648299217224121,0.1339484006166458
phase_scan,22,141,4,1.423932433128357,0.15174029767513275
phase_scan,22,142,6,1.61614990234375,0.1708207130432129
phase_scan,22,143,4,1.4302051067352295,0.167635977268219
phase_scan,22,144,6,1.6251236200332642,0.1541130244731903
phase_scan,22,145,4,1.3996398448944092,0.13600946962833405
phase_scan,22,146,6,1.6333767175674438,0.14254651963710785
phase_scan,22,147,4,1.4172950983047485,0.140473872423172
phase_scan,22,148,6,1.6265324354171753,0.14968368411064148
phase_scan,22,149,4,1.3887561559677124,0.21821950376033783
phase_scan,22,150,6,1.6039843559265137,0.26839834451675415
phase_scan,22,151,4,1.3891595602035522,0.489251047372818
phase_scan,22,152,6,1.6342567205429077,0.6716473698616028
phase_scan,22,153,4,1.3459779024124146,0.727735698223114
phase_scan,22,154,6,1.5526329278945923,0.8801366686820984
phase_scan,22,155,4,1.406336784362793,0.6462846994400024
phase_scan,22,156,6,1.615788459777832,0.8855528831481934
phase_scan,22,157,4,1.3737313747406006,0.49964776635169983
phase_scan,22,158,6,1.6549582481384277,0.36724159121513367
phase_scan,22,159,4,1.3438949584960938,1.0112022161483765
phase_scan,22,160,6,1.6148015260696411,1.0466824769973755
phase_scan,22,161,4,1.4087191820144653,1.6385836601257324
phase_scan,22,162,6,1.5569275617599487,2.735344648361206
phase_scan,22,163,4,1.3792179822921753,2.0399136543273926
phase_scan,22,164,6,1.5809301137924194,1.8597898483276367
phase_scan,22,165,4,1.3758611679077148,0.7704201340675354
phase_scan,22,166,6,1.5602750778198242,1.026648759841919
phase_scan,22,167,4,1.3243095874786377,1.8657305240631104
phase_scan,22,168,6,1.6335878372192383,0.7871086597442627
phase_scan,22,169,4,1.3315351009368896,1.0066581964492798
phase_scan,22,170,6,1.555075764656067,0.6498207449913025
phase_scan,22,171,4,1.3537330627441406,0.7686067819595337
phase_scan,22,172,6,1.5916776657104492,0.8962085247039795
phase_scan,22,173,4,1.3478929996490479,0.8389557600021362
phase_scan,22,174,6,1.5832881927490234,0.7808148264884949
phase_scan,22,175,4,1.3388174772262573,0.485859751701355
phase_scan,22,176,6,1.5215312242507935,0.5659254193305969
phase_scan,22,177,4,1.2841827869415283,0.6033658981323242
phase_scan,22,178,6,1.53868567943573,0.9386269450187683
phase_scan,22,179,4,1.2686567306518555,0.9131751656532288
phase_scan,22,180,6,1.59621000289917,0.7181451320648193
phase_scan,22,181,4,1.3120008707046509,0.4698736369609833
phase_scan,22,182,6,1.5978527069091797,0.6224426031112671
phase_scan,22,183,4,1.3347749710083008,0.4810243844985962
phase_scan,22,184,6,1.5458053350448608,0.9177924394607544
phase_scan,22,185,4,1.3341233730316162,0.3569577932357788
phase_scan,22,186,6,1.5179557800292969,0.3075048625469208
phase_scan,22,187,4,1.2774567604064941,1.4311741590499878
phase_scan,22,188,6,1.5223811864852905,0.7290483713150024
phase_scan,22,189,4,1.3593459129333496,1.6086976528167725
phase_scan,22,190,6,1.5770225524902344,1.4875850677490234
phase_scan,22,191,4,1.3065941333770752,0.6985756158828735
phase_scan,22,192,6,1.5264853239059448,0.5244023203849792
phase_scan,22,193,4,1.238232135772705,0.40397176146507263
phase_scan,22,194,6,1.471630573272705,0.4390839636325836
phase_scan,22,195,4,1.2602083683013916,0.5110740661621094
phase_scan,22,196,6,1.438761591911316,0.3328630030155182
phase_scan,22,197,4,1.276332139968872,0.7543354034423828
phase_scan,22,198,6,1.4613637924194336,0.4713713526725769
phase_scan,22,199,4,1.1740782260894775,1.0004940032958984
phase_scan,22,200,6,1.463173508644104,0.43659478425979614
phase_scan,22,201,4,1.2255932092666626,0.7705472111701965
phase_scan,22,202,6,1.4189211130142212,1.7344011068344116
phase_scan,22,203,4,1.1746938228607178,0.48835164308547974
phase_scan,22,204,6,1.4108740091323853,0.569152295589447
phase_scan,22,205,4,1.197912573814392,1.6925990581512451
phase_scan,22,206,6,1.4073773622512817,0.8972602486610413
phase_scan,22,207,4,1.1558138132095337,0.8463804721832275
phase_scan,22,208,6,1.387346863746643,1.5209927558898926
phase_scan,22,209,4,1.1541051864624023,0.41208314895629883
phase_scan,22,210,6,1.402820110321045,0.884316623210907
phase_scan,22,211,4,1.161487340927124,0.7114654779434204
phase_scan,22,212,6,1.4167571067810059,0.6246331334114075
phase_scan,22,213,4,1.149044156074524,0.5665178894996643
phase_scan,22,214,6,1.3684908151626587,0.6377494931221008
phase_scan,22,215,4,1.162641167640686,0.45739325881004333
phase_scan,22,216,6,1.3668017387390137,0.3724563717842102
phase_scan,22,217,4,1.1452951431274414,0.5237483382225037
phase_scan,22,218,6,1.3680795431137085,0.8811956644058228
phase_scan,22,219,4,1.0868451595306396,0.4481505751609802
phase_scan,22,220,6,1.3007253408432007,0.47188490629196167
phase_scan,22,221,4,1.0763201713562012,0.3213980197906494
phase_scan,22,222,6,1.3214532136917114,0.6860975623130798
phase_scan,22,223,4,1.0764200687408447,0.4847288727760315
phase_scan,22,224,6,1.2973378896713257,0.38547858595848083
phase_scan,22,225,4,1.0910004377365112,0.6045295000076294
phase_scan,22,226,6,1.289074420928955,0.3444787561893463
phase_scan,22,227,4,1.049660086631775,0.560172975063324
phase_scan,22,228,6,1.2799179553985596,0.5126659870147705
phase_scan,22,229,4,1.0462571382522583,0.7509021759033203
phase_scan,22,230,6,1.2642731666564941,0.4316479563713074
phase_scan,22,231,4,1.0490014553070068,0.5176467895507812
phase_scan,22,232,6,1.2398061752319336,0.4150276184082031
phase_scan,22,233,4,1.0420738458633423,0.5289967656135559
phase_scan,22,234,6,1.2842837572097778,0.5424835085868835
phase_scan,22,235,4,1.0493659973144531,0.4684133529663086
phase_scan,22,236,6,1.2528332471847534,0.6735950708389282
phase_scan,22,237,4,1.0522805452346802,0.3250006437301636
phase_scan,22,238,6,1.2184646129608154,0.299282968044281
phase_scan,22,239,4,1.0240938663482666,0.36406031250953674
phase_scan,22,240,6,1.2189483642578125,0.3759070634841919
phase_scan,22,241,4,1.029618263244629,0.46471869945526123
phase_scan,22,242,6,1.2385932207107544,0.47819074988365173
phase_scan,22,243,4,1.0628995895385742,0.5261712670326233
phase_scan,22,244,6,1.2114276885986328,0.307282030582428
phase_scan,22,245,4,1.0464982986450195,0.3446703553199768
phase_scan,22,246,6,1.2222851514816284,0.4150959551334381
phase_scan,22,247,4,0.9837511777877808,0.45708951354026794
phase_scan,22,248,6,1.1694964170455933,0.31807154417037964
phase_scan,22,249,4,1.0507405996322632,0.6111904382705688
phase_scan,22,250,6,1.2068387269973755,0.3323400616645813
phase_scan,22,251,4,1.0343559980392456,0.349341481924057
phase_scan,22,252,6,1.18168306350708,0.9520813226699829
phase_scan,22,253,4,0.9992092251777649,0.446329265832901
phase_scan,22,254,6,1.2040811777114868,0.6409407258033752
phase_scan,22,255,4,1.0098679065704346,0.5048782229423523
phase_scan,22,256,6,1.194758415222168,0.30827564001083374
phase_scan,22,257,4,1.0187362432479858,0.5513043999671936
phase_scan,22,258,6,1.2121964693069458,0.45506927371025085
phase_scan,22,259,4,1.0073769092559814,0.38946062326431274
phase_scan,22,260,6,1.197110891342163,0.4769006669521332
phase_scan,22,261,4,0.9960575699806213,0.5780125260353088
phase_scan,22,262,6,1.1962755918502808,1.354000210762024
phase_scan,22,263,4,0.9858482480049133,0.4536507725715637
phase_scan,22,264,6,1.2016123533248901,1.2432262897491455
phase_scan,22,265,4,0.9793738722801208,0.5994235277175903
phase_scan,22,266,6,1.1871410608291626,0.5450060963630676
phase_scan,22,267,4,0.979485034942627,0.7321842312812805
phase_scan,22,268,6,1.1827582120895386,0.5324790477752686
phase_scan,22,269,4,0.9453572034835815,0.7384828925132751
phase_scan,22,270,6,1.156484842300415,0.412387490272522
phase_scan,22,271,4,1.000900149345398,0.8559533953666687
phase_scan,22,272,6,1.1909219026565552,0.6250311136245728
phase_scan,22,273,4,1.0153448581695557,0.7138372659683228
phase_scan,22,274,6,1.1980400085449219,0.6253715753555298
phase_scan,22,275,4,0.9938580393791199,0.5620993375778198
phase_scan,22,276,6,1.1967840194702148,0.6816999912261963
phase_scan,22,277,4,0.9966170787811279,0.6388564705848694
phase_scan,22,278,6,1.1715673208236694,0.7401227355003357
phase_scan,22,279,4,0.9597998857498169,0.6240576505661011
phase_scan,22,280,6,1.1648799180984497,0.7317997217178345
phase_scan,22,281,4,0.9845175743103027,0.7994207143783569
phase_scan,22,282,6,1.1846116781234741,0.6376038193702698
phase_scan,22,283,4,0.980830729007721,0.46832817792892456
phase_scan,22,284,6,1.203956127166748,0.8016034364700317
phase_scan,22,285,4,0.9716573357582092,0.3280714750289917
phase_scan,22,286,6,1.1949433088302612,0.64601731300354
phase_scan,22,287,4,0.9857146143913269,0.6252377033233643
phase_scan,22,288,6,1.185334324836731,0.6082738041877747
phase_scan,22,289,4,0.9954988360404968,0.5578568577766418
phase_scan,22,290,6,1.1736334562301636,0.9215626120567322
phase_scan,22,291,4,0.9931250810623169,0.7921015024185181
phase_scan,22,292,6,1.1612520217895508,0.46630722284317017
phase_scan,22,293,4,0.942634105682373,0.7486844062805176
phase_scan,22,294,6,1.1772541999816895,0.6912388801574707
phase_scan,22,295,4,0.9722042083740234,0.41830408573150635
phase_scan,22,296,6,1.1910122632980347,1.1759440898895264
phase_scan,22,297,4,0.9865078926086426,0.6679543256759644
phase_scan,22,298,6,1.1765514612197876,0.7205508947372437
phase_scan,22,299,4,0.9597226977348328,0.8538751006126404
phase_scan,22,300,6,1.149392008781433,0.3164826035499573
phase_scan,22,301,4,0.9599103331565857,0.4531990587711334
phase_scan,22,302,6,1.174000859260559,0.5738025903701782
phase_scan,22,303,4,0.954818069934845,0.46945828199386597
phase_scan,22,304,6,1.1577256917953491,0.3916037380695343
phase_scan,22,305,4,0.9557062387466431,0.38050907850265503
phase_scan,22,306,6,1.1826180219650269,0.6073779463768005
phase_scan,22,307,4,0.9602243900299072,0.5477650165557861
phase_scan,22,308,6,1.1644841432571411,0.37037408351898193
phase_scan,22,309,4,0.9366806149482727,0.36617758870124817
phase_scan,22,310,6,1.1394180059432983,0.3207949101924896
phase_scan,22,311,4,0.9430758953094482,0.4278709292411804
phase_scan,22,312,6,1.1502822637557983,0.3583822548389435
phase_scan,22,313,4,0.9420848488807678,0.5848142504692078
phase_scan,22,314,6,1.1500605344772339,0.5548160076141357
phase_scan,22,315,4,0.9437653422355652,0.5388419032096863
phase_scan,22,316,6,1.1477267742156982,0.45709311962127686
phase_scan,22,317,4,0.9413121342658997,0.577548086643219
phase_scan,22,318,6,1.1259841918945312,0.3908778429031372
phase_scan,22,319,4,0.9435732960700989,0.421519011259079
phase_scan,22,320,6,1.1583682298660278,0.4951264262199402
phase_scan,22,321,4,0.9417480826377869,0.554965078830719
phase_scan,22,322,6,1.1419800519943237,0.4080091416835785
phase_scan,22,323,4,0.9499234557151794,0.5001429915428162
phase_scan,22,324,6,1.1338368654251099,0.3309991657733917
phase_scan,22,325,4,0.9261014461517334,0.35009610652923584
phase_scan,22,326,6,1.1355034112930298,0.6542969942092896
phase_scan,22,327,4,0.9305694699287415,0.513737142086029
phase_scan,22,328,6,1.1378816366195679,0.33737054467201233
phase_scan,22,329,4,0.9561877846717834,0.4711519479751587
phase_scan,22,330,6,1.1328486204147339,0.38038361072540283
phase_scan,22,331,4,0.9293843507766724,0.4148060083389282
phase_scan,22,332,6,1.1232715845108032,0.3705407679080963
phase_scan,22,333,4,0.9130412936210632,0.5972280502319336
phase_scan,22,334,6,1.1389973163604736,0.44022923707962036
phase_scan,22,335,4,0.9398373961448669,0.44323015213012695
phase_scan,22,336,6,1.1423803567886353,0.6812001466751099
phase_scan,22,337,4,0.9378261566162109,0.60017329454422
phase_scan,22,338,6,1.137565016746521,0.41366297006607056
phase_scan,22,339,4,0.94205242395401,0.5794665217399597
phase_scan,22,340,6,1.1287447214126587,0.29758405685424805
phase_scan,22,341,4,0.9367490410804749,0.5755523443222046
phase_scan,22,342,6,1.1210999488830566,0.5139082670211792
phase_scan,22,343,4,0.933568000793457,0.4153403639793396
phase_scan,22,344,6,1.1215338706970215,0.47050705552101135
phase_scan,22,345,4,0.9260028600692749,0.4450579881668091
phase_scan,22,346,6,1.1303108930587769,0.35095638036727905
phase_scan,22,347,4,0.9185473918914795,0.3795020282268524
phase_scan,22,348,6,1.146231770515442,0.3575478494167328
phase_scan,22,349,4,0.908951461315155,0.493394672870636
phase_scan,22,350,6,1.1233967542648315,0.4345134496688843
phase_scan,22,351,4,0.9316166639328003,0.4836181700229645
phase_scan,22,352,6,1.157837986946106,0.4412355422973633
phase_scan,22,353,4,0.8971161842346191,0.43886783719062805
phase_scan,22,354,6,1.133284091949463,0.5885449647903442
phase_scan,22,355,4,0.9161399602890015,0.4039044678211212
phase_scan,22,356,6,1.1121904850006104,0.3252062201499939
phase_scan,22,357,4,0.9192867279052734,0.639825701713562
phase_scan,22,358,6,1.1161686182022095,0.3001440465450287
phase_scan,22,359,4,0.9190716743469238,0.4293825030326843
phase_scan,22,360,6,1.1329699754714966,0.644795835018158
phase_scan,22,361,4,0.9150584936141968,0.3676416575908661
phase_scan,22,362,6,1.1170203685760498,0.4396297037601471
phase_scan,22,363,4,0.9330592155456543,0.4608916640281677
phase_scan,22,364,6,1.1171923875808716,0.2824549973011017
phase_scan,22,365,4,0.9361422061920166,0.584403395652771
phase_scan,22,366,6,1.113820195198059,0.5499467253684998
phase_scan,22,367,4,0.9307888746261597,0.4572395384311676
phase_scan,22,368,6,1.1185779571533203,0.37048476934432983
phase_scan,22,369,4,0.920818030834198,0.4554954469203949
phase_scan,22,370,6,1.119450330734253,0.37204527854919434
phase_scan,22,371,4,0.9150323867797852,0.4586173892021179
phase_scan,22,372,6,1.111550211906433,0.3083897829055786
phase_scan,22,373,4,0.9308081865310669,0.6896495223045349
phase_scan,22,374,6,1.0986419916152954,0.3321823477745056
phase_scan,22,375,4,0.9381992816925049,0.46148425340652466
phase_scan,22,376,6,1.103041410446167,0.24296101927757263
phase_scan,22,377,4,0.915257453918457,0.5725467205047607
phase_scan,22,378,6,1.143019437789917,0.48182448744773865
phase_scan,22,379,4,0.9257509708404541,0.5690776705741882
phase_scan,22,380,6,1.1187957525253296,0.4546724855899811
phase_scan,22,381,4,0.9141865968704224,0.6873068809509277
phase_scan,22,382,6,1.1358691453933716,0.4735824167728424
phase_scan,22,383,4,0.9015915989875793,0.42480239272117615
phase_scan,22,384,6,1.1472645998001099,0.6189699172973633
phase_scan,22,385,4,0.9173206090927124,0.773858368396759
phase_scan,22,386,6,1.1472479104995728,0.5661913752555847
phase_scan,22,387,4,0.8983578085899353,0.3856070041656494
phase_scan,22,388,6,1.1283026933670044,0.46404382586479187
phase_scan,22,389,4,0.9070498943328857,0.42502355575561523
phase_scan,22,390,6,1.1113905906677246,0.4804159998893738
phase_scan,22,391,4,0.9343518614768982,0.5046634674072266
phase_scan,22,392,6,1.131143569946289,0.3045473098754883
phase_scan,22,393,4,0.9299529194831848,0.38800618052482605
phase_scan,22,394,6,1.13361394405365,0.41765132546424866
phase_scan,22,395,4,0.9343478679656982,0.5037564635276794
phase_scan,22,396,6,1.1219083070755005,0.44132015109062195
phase_scan,22,397,4,0.9300462603569031,0.47140181064605713
phase_scan,22,398,6,1.11819589138031,0.3911901116371155
phase_scan,22,399,4,0.9030634760856628,0.320329487323761
phase_scan,22,400,6,1.1364635229110718,0.6209667921066284
phase_scan,22,401,4,0.928974449634552,0.4732457399368286
phase_scan,22,402,6,1.1489683389663696,0.508026123046875
phase_scan,22,403,4,0.9424214959144592,0.46943357586860657
phase_scan,22,404,6,1.112611174583435,0.23554444313049316
phase_scan,22,405,4,0.9078599810600281,0.521917462348938
phase_scan,22,406,6,1.122116208076477,0.3823089599609375
phase_scan,22,407,4,0.9129956364631653,0.37391456961631775
phase_scan,22,408,6,1.1084840297698975,0.4375232756137848
phase_scan,22,409,4,0.9074593782424927,0.3538709580898285
phase_scan,22,410,6,1.113296627998352,0.26350873708724976
phase_scan,22,411,4,0.9030724167823792,0.508884847164154
phase_scan,22,412,6,1.1263302564620972,0.29376405477523804
phase_scan,22,413,4,0.8921250104904175,0.30773261189460754
phase_scan,22,414,6,1.1352711915969849,0.7864236831665039
phase_scan,22,415,4,0.8928535580635071,0.3921946883201599
phase_scan,22,416,6,1.119980812072754,0.5505906939506531
phase_scan,22,417,4,0.9332696795463562,0.491582453250885
phase_scan,22,418,6,1.114453673362732,0.6417739391326904
phase_scan,22,419,4,0.9220697283744812,0.43590018153190613
phase_scan,22,420,6,1.106735110282898,0.244549959897995
phase_scan,22,421,4,0.8911343216896057,0.4071478545665741
phase_scan,22,422,6,1.1177862882614136,0.41806846857070923
phase_scan,22,423,4,0.9042414426803589,0.40700334310531616
phase_scan,22,424,6,1.1059863567352295,0.25165241956710815
phase_scan,22,425,4,0.8925959467887878,0.3731936514377594
phase_scan,22,426,6,1.1281120777130127,0.31588876247406006
phase_scan,22,427,4,0.9075857996940613,0.47922760248184204
phase_scan,22,428,6,1.1067196130752563,0.26687929034233093
phase_scan,22,429,4,0.9257479310035706,0.6169861555099487
phase_scan,22,430,6,1.1145881414413452,0.32815316319465637
phase_scan,22,431,4,0.9037655591964722,0.35637691617012024
phase_scan,22,432,6,1.107012152671814,0.4859600067138672
phase_scan,22,433,4,0.9209569096565247,0.40185150504112244
phase_scan,22,434,6,1.102591872215271,0.43100646138191223
phase_scan,22,435,4,0.9115560054779053,0.42845895886421204
phase_scan,22,436,6,1.106242299079895,0.4987868070602417
phase_scan,22,437,4,0.9100054502487183,0.4027276039123535
phase_scan,22,438,6,1.1110528707504272,0.311780720949173
phase_scan,22,439,4,0.8925685286521912,0.4469599723815918
phase_scan,22,440,6,1.101408839225769,0.3541412055492401
phase_scan,22,441,4,0.9116941094398499,0.4177834391593933
phase_scan,22,442,6,1.1135098934173584,0.534724235534668
phase_scan,22,443,4,0.8975509405136108,0.45618191361427307
phase_scan,22,444,6,1.1193890571594238,0.3641754686832428
phase_scan,22,445,4,0.9154067039489746,0.5590885877609253
phase_scan,22,446,6,1.1127523183822632,0.4304506778717041
phase_scan,22,447,4,0.90202796459198,0.4771287143230438
phase_scan,22,448,6,1.109970211982727,0.3053867816925049
phase_scan,22,449,4,0.9181019067764282,0.5643009543418884
phase_scan,22,450,6,1.1065617799758911,0.4656226933002472
phase_scan,22,451,4,0.9176120162010193,0.48986777663230896
phase_scan,22,452,6,1.1221364736557007,0.6139325499534607
phase_scan,22,453,4,0.8931356072425842,0.36875611543655396
phase_scan,22,454,6,1.1170212030410767,0.39736345410346985
phase_scan,22,455,4,0.8893008232116699,0.3680640459060669
phase_scan,22,456,6,1.1056987047195435,0.3046797215938568
phase_scan,22,457,4,0.880713939666748,0.3450450897216797
phase_scan,22,458,6,1.11735999584198,0.613278865814209
phase_scan,22,459,4,0.9062316417694092,0.5141293406486511
phase_scan,22,460,6,1.1318358182907104,0.3277823328971863
phase_scan,22,461,4,0.9031100273132324,0.42872175574302673
phase_scan,22,462,6,1.1017988920211792,0.3311671316623688
phase_scan,22,463,4,0.9139236807823181,0.48244234919548035
phase_scan,22,464,6,1.1081887483596802,0.5398104786872864
phase_scan,22,465,4,0.8977693319320679,0.5940922498703003
phase_scan,22,466,6,1.1117522716522217,0.47748953104019165
phase_scan,22,467,4,0.88078773021698,0.459591269493103
phase_scan,22,468,6,1.1063883304595947,0.366610586643219
phase_scan,22,469,4,0.9032705426216125,0.36501994729042053
phase_scan,22,470,6,1.1111558675765991,0.30636167526245117
phase_scan,22,471,4,0.9107979536056519,0.6936758160591125
phase_scan,22,472,6,1.0973951816558838,0.24319687485694885
phase_scan,22,473,4,0.8838258981704712,0.35952228307724
phase_scan,22,474,6,1.1102558374404907,0.5355452299118042
phase_scan,22,475,4,0.905091404914856,0.4611557722091675
phase_scan,22,476,6,1.096530556678772,0.40649282932281494
phase_scan,22,477,4,0.895602285861969,0.35135751962661743
phase_scan,22,478,6,1.1214038133621216,0.6284312605857849
phase_scan,22,479,4,0.8765465617179871,0.33026179671287537
phase_scan,22,480,6,1.1188325881958008,0.4478221833705902
phase_scan,22,481,4,0.9003288745880127,0.5895479321479797
phase_scan,22,482,6,1.1072572469711304,0.8533183932304382
phase_scan,22,483,4,0.9003599882125854,0.4355352818965912
phase_scan,22,484,6,1.1046425104141235,0.3041757345199585
phase_scan,22,485,4,0.8842206597328186,0.4745368957519531
phase_scan,22,486,6,1.1082412004470825,0.49555104970932007
phase_scan,22,487,4,0.8864328861236572,0.3738900125026703
phase_scan,22,488,6,1.1011273860931396,0.3584540784358978
phase_scan,22,489,4,0.9293295741081238,0.6494966149330139
phase_scan,22,490,6,1.1056594848632812,0.3587215840816498
phase_scan,22,491,4,0.904913067817688,0.483234167098999
phase_scan,22,492,6,1.1058030128479004,0.3281722664833069
phase_scan,22,493,4,0.891822099685669,0.42302802205085754
phase_scan,22,494,6,1.1062626838684082,0.5461302399635315
phase_scan,22,495,4,0.9040536880493164,0.4357301890850067
phase_scan,22,496,6,1.1113346815109253,0.7592745423316956
phase_scan,22,497,4,0.9060109257698059,0.4947953224182129
phase_scan,22,498,6,1.0996323823928833,0.9239808320999146
phase_scan,22,499,4,0.9100196361541748,0.5407662987709045
phase_scan,22,500,6,1.1087168455123901,0.6587833762168884
phase_scan,22,501,4,0.9088371992111206,0.5382810831069946
phase_scan,22,502,6,1.1296290159225464,1.136582851409912
phase_scan,22,503,4,0.894862174987793,0.34215956926345825
phase_scan,22,504,6,1.0989702939987183,0.4565393030643463
phase_scan,22,505,4,0.8844311833381653,0.6213447451591492
phase_scan,22,506,6,1.1373709440231323,1.120015263557434
phase_scan,22,507,4,0.8959110975265503,0.4083309471607208
phase_scan,22,508,6,1.1100493669509888,0.34656238555908203
phase_scan,22,509,4,0.9060781598091125,0.662032961845398
phase_scan,22,510,6,1.1088300943374634,0.6044641137123108
phase_scan,22,511,4,0.8800671100616455,0.48724138736724854
phase_scan,22,512,6,1.1086804866790771,0.43742671608924866
phase_scan,22,513,4,0.8848784565925598,0.3417665958404541
phase_scan,22,514,6,1.1124917268753052,0.4474477469921112
phase_scan,22,515,4,0.8764877915382385,0.39685994386672974
phase_scan,22,516,6,1.1187034845352173,0.3567498028278351
phase_scan,22,517,4,0.8932145237922668,0.3583587408065796
phase_scan,22,518,6,1.1020632982254028,0.3521409332752228
phase_scan,22,519,4,0.892603874206543,0.5534658432006836
phase_scan,22,520,6,1.1073864698410034,0.5101544857025146
phase_scan,22,521,4,0.9103403091430664,0.5096808671951294
phase_scan,22,522,6,1.09550142288208,0.41577595472335815
phase_scan,22,523,4,0.9069357514381409,0.4265521466732025
phase_scan,22,524,6,1.0959409475326538,0.3124602735042572
phase_scan,22,525,4,0.8993996977806091,0.4611595571041107
phase_scan,22,526,6,1.1008890867233276,0.5345737338066101
phase_scan,22,527,4,0.8910112380981445,0.3461701273918152
phase_scan,22,528,6,1.0968600511550903,0.39410459995269775
phase_scan,22,529,4,0.8923195004463196,0.44853875041007996
phase_scan,22,530,6,1.0894441604614258,0.5807403326034546
phase_scan,22,531,4,0.9008362293243408,0.5879414677619934
phase_scan,22,532,6,1.1054322719573975,0.33872395753860474
phase_scan,22,533,4,0.883215069770813,0.5322856903076172
phase_scan,22,534,6,1.1035858392715454,0.5926789045333862
phase_scan,22,535,4,0.8884149193763733,0.3167233467102051
phase_scan,22,536,6,1.1029058694839478,0.34685131907463074
phase_scan,22,537,4,0.8920009732246399,0.54561847448349
phase_scan,22,538,6,1.1008977890014648,0.34684646129608154
phase_scan,22,539,4,0.901982843875885,0.4782702326774597
phase_scan,22,540,6,1.1030590534210205,0.5801118612289429
phase_scan,22,541,4,0.917125940322876,0.5899626612663269
phase_scan,22,542,6,1.1029249429702759,0.558707058429718
phase_scan,22,543,4,0.8934659957885742,0.42594316601753235
phase_scan,22,544,6,1.117277979850769,0.8441488146781921
phase_scan,22,545,4,0.8839207291603088,0.4070416986942291
phase_scan,22,546,6,1.0914074182510376,0.42947113513946533
phase_scan,22,547,4,0.893547534942627,0.8572849035263062
phase_scan,22,548,6,1.0947728157043457,0.5252645611763
phase_scan,22,549,4,0.89572674036026,0.7291786670684814
phase_scan,22,550,6,1.112292766571045,0.31501346826553345
phase_scan,22,551,4,0.8970034718513489,0.8908205032348633
phase_scan,22,552,6,1.093894124031067,0.2751918137073517
phase_scan,22,553,4,0.8847048282623291,0.3356126546859741
phase_scan,22,554,6,1.127913475036621,0.6004913449287415
phase_scan,22,555,4,0.9077642560005188,0.49933168292045593
phase_scan,22,556,6,1.0975714921951294,0.4067879021167755
phase_scan,22,557,4,0.8667401075363159,0.4640776216983795
phase_scan,22,558,6,1.1140015125274658,0.803065836429596
phase_scan,22,559,4,0.880165159702301,0.365313321352005
phase_scan,22,560,6,1.1173118352890015,0.418368935585022
phase_scan,22,561,4,0.9120689034461975,0.5707972049713135
phase_scan,22,562,6,1.0975254774093628,0.326114684343338
phase_scan,22,563,4,0.892907977104187,0.39696741104125977
phase_scan,22,564,6,1.1004271507263184,0.3990858197212219
phase_scan,22,565,4,0.8760599493980408,0.3706294596195221
phase_scan,22,566,6,1.0894681215286255,0.29261741042137146
phase_scan,22,567,4,0.8856965899467468,0.4062841832637787
phase_scan,22,568,6,1.0971226692199707,0.4040929675102234
phase_scan,22,569,4,0.8913872241973877,0.40435221791267395
phase_scan,22,570,6,1.102278709411621,0.26543885469436646
phase_scan,22,571,4,0.8777928948402405,0.39808937907218933
phase_scan,22,572,6,1.1003094911575317,0.3144366443157196
phase_scan,22,573,4,0.8691880106925964,0.3332105576992035
phase_scan,22,574,6,1.0952178239822388,0.3657650649547577
phase_scan,22,575,4,0.8910383582115173,0.6164142489433289
phase_scan,22,576,6,1.1028858423233032,0.4092845618724823
phase_scan,22,577,4,0.8898448348045349,0.4371982216835022
phase_scan,22,578,6,1.0963960886001587,0.5787936449050903
phase_scan,22,579,4,0.8888640999794006,0.5339890122413635
phase_scan,22,580,6,1.1101781129837036,0.3641122281551361
phase_scan,22,581,4,0.8913265466690063,0.51237952709198
phase_scan,22,582,6,1.0959258079528809,0.4668335020542145
phase_scan,22,583,4,0.9129036068916321,0.577048122882843
phase_scan,22,584,6,1.0912847518920898,0.2899661362171173
phase_scan,22,585,4,0.8798068165779114,0.41354551911354065
phase_scan,22,586,6,1.1013730764389038,0.34023573994636536
phase_scan,22,587,4,0.9163984656333923,0.5029821991920471
phase_scan,22,588,6,1.1019254922866821,0.5997235178947449
phase_scan,22,589,4,0.8944405317306519,0.4525294303894043
phase_scan,22,590,6,1.0919677019119263,0.32517433166503906
phase_scan,22,591,4,0.8666388392448425,0.33164310455322266
phase_scan,22,592,6,1.1066259145736694,0.3314594626426697
phase_scan,22,593,4,0.905072033405304,0.4202200472354889
phase_scan,22,594,6,1.0852748155593872,0.330536425113678
phase_scan,22,595,4,0.8941347599029541,0.4707062840461731
phase_scan,22,596,6,1.0955685377120972,0.2696533203125
phase_scan,22,597,4,0.8688693046569824,0.2912128269672394
phase_scan,22,598,6,1.0953716039657593,0.5527018308639526
phase_scan,22,599,4,0.8774721622467041,0.3125097453594208
phase_scan,22,600,6,1.0877336263656616,0.4093492925167084
phase_scan,22,601,4,0.8945505023002625,0.3644300699234009
phase_scan,22,602,6,1.1019798517227173,0.7991485595703125
phase_scan,22,603,4,0.8960747718811035,0.4484553337097168
phase_scan,22,604,6,1.1073153018951416,0.5084443092346191
phase_scan,22,605,4,0.8918428421020508,0.5168356895446777
phase_scan,22,606,6,1.0990780591964722,0.6700502038002014
phase_scan,22,607,4,0.8848657011985779,0.4165171682834625
phase_scan,22,608,6,1.0940771102905273,0.33008062839508057
phase_scan,22,609,4,0.8872469663619995,0.6776596903800964
phase_scan,22,610,6,1.0882869958877563,0.2797231376171112
phase_scan,22,611,4,0.8831301927566528,0.387325257062912
phase_scan,22,612,6,1.0906788110733032,0.6978415250778198
phase_scan,22,613,4,0.8985670804977417,0.6290805339813232
phase_scan,22,614,6,1.1079795360565186,0.7586591839790344
phase_scan,22,615,4,0.8900438547134399,0.4134035110473633
phase_scan,22,616,6,1.1219096183776855,1.456664800643921
phase_scan,22,617,4,0.902535617351532,0.4727693796157837
phase_scan,22,618,6,1.1014131307601929,0.3238171637058258
phase_scan,22,619,4,0.900272786617279,0.9097073674201965
phase_scan,22,620,6,1.0914825201034546,0.2721830904483795
phase_scan,22,621,4,0.9038664698600769,0.8801480531692505
phase_scan,22,622,6,1.1221098899841309,0.5438791513442993
phase_scan,22,623,4,0.9003949761390686,0.7127739191055298
phase_scan,22,624,6,1.0906368494033813,0.3944929540157318
phase_scan,22,625,4,0.9137336015701294,0.5066848993301392
phase_scan,22,626,6,1.1045308113098145,0.9164157509803772
phase_scan,22,627,4,0.8905336260795593,0.37290021777153015
phase_scan,22,628,6,1.093715786933899,0.47629255056381226
phase_scan,22,629,4,0.9081092476844788,0.7073309421539307
phase_scan,22,630,6,1.09940767288208,0.5403205752372742
phase_scan,22,631,4,0.8882731795310974,0.4649474620819092
phase_scan,22,632,6,1.1035434007644653,0.6959267854690552
phase_scan,22,633,4,0.8979738354682922,0.6564444899559021
phase_scan,22,634,6,1.0927561521530151,0.7064692378044128
phase_scan,22,635,4,0.8797595500946045,0.4010423421859741
phase_scan,22,636,6,1.110841155052185,0.9944482445716858
phase_scan,22,637,4,0.9202660918235779,0.46113064885139465
phase_scan,22,638,6,1.1084092855453491,0.9325600266456604
phase_scan,22,639,4,0.8818007111549377,0.36056461930274963
phase_scan,22,640,6,1.1175986528396606,1.0367510318756104
phase_scan,22,641,4,0.8821909427642822,0.3257666230201721
phase_scan,22,642,6,1.0827525854110718,0.5054961442947388
phase_scan,22,643,4,0.8792688846588135,0.3556220233440399
phase_scan,22,644,6,1.104850172996521,0.4030102789402008
phase_scan,22,645,4,0.8900907039642334,0.414888471364975
phase_scan,22,646,6,1.099599838256836,0.26931527256965637
phase_scan,22,647,4,0.8750609159469604,0.555048406124115
phase_scan,22,648,6,1.0940370559692383,0.2845780551433563
phase_scan,22,649,4,0.8862994909286499,0.5043566823005676
phase_scan,22,650,6,1.104019284248352,0.33752724528312683
phase_scan,22,651,4,0.8841809034347534,0.4075155258178711
phase_scan,22,652,6,1.098779320716858,0.31000271439552307
phase_scan,22,653,4,0.8908892869949341,0.41266244649887085
phase_scan,22,654,6,1.0967457294464111,0.6393898129463196
phase_scan,22,655,4,0.9125385284423828,0.5365293025970459
phase_scan,22,656,6,1.0878208875656128,0.34665533900260925
phase_scan,22,657,4,0.8898168206214905,0.5121504664421082
phase_scan,22,658,6,1.083247423171997,0.46101024746894836
phase_scan,22,659,4,0.8995707631111145,0.47070086002349854
phase_scan,22,660,6,1.086496353149414,0.332965612411499
phase_scan,22,661,4,0.8933545351028442,0.44855475425720215
phase_scan,22,662,6,1.0883746147155762,0.261787474155426
phase_scan,22,663,4,0.8996385335922241,0.4081733524799347
phase_scan,22,664,6,1.0903021097183228,0.24779020249843597
phase_scan,22,665,4,0.8888207674026489,0.4203428626060486
phase_scan,22,666,6,1.0878198146820068,0.2694527506828308
phase_scan,22,667,4,0.8936320543289185,0.5761051177978516
phase_scan,22,668,6,1.0898514986038208,0.4985823333263397
phase_scan,22,669,4,0.8936630487442017,0.5230438113212585
phase_scan,22,670,6,1.0901952981948853,0.3102915287017822
phase_scan,22,671,4,0.887371301651001,0.38998132944107056
phase_scan,22,672,6,1.098595142364502,0.4231923520565033
phase_scan,22,673,4,0.8899873495101929,0.4176267087459564
phase_scan,22,674,6,1.0907808542251587,0.28516390919685364
phase_scan,22,675,4,0.8831494450569153,0.35108259320259094
phase_scan,22,676,6,1.0966825485229492,0.3305926024913788
phase_scan,22,677,4,0.8830464482307434,0.4104466140270233
phase_scan,22,678,6,1.093032717704773,0.269311785697937
phase_scan,22,679,4,0.8749700784683228,0.356411874294281
phase_scan,22,680,6,1.0881597995758057,0.42880257964134216
phase_scan,22,681,4,0.8694548606872559,0.39300400018692017
phase_scan,22,682,6,1.0923041105270386,0.36972662806510925
phase_scan,22,683,4,0.9077647924423218,0.3946554958820343
phase_scan,22,684,6,1.0966426134109497,0.8624380230903625
phase_scan,22,685,4,0.8946733474731445,0.5280553102493286
phase_scan,22,686,6,1.0921586751937866,0.6545768976211548
phase_scan,22,687,4,0.874639630317688,0.34069377183914185
phase_scan,22,688,6,1.0857436656951904,0.8994779586791992
phase_scan,22,689,4,0.8682491183280945,0.28901225328445435
phase_scan,22,690,6,1.086913824081421,0.48638126254081726
phase_scan,22,691,4,0.8760668039321899,0.42514941096305847
phase_scan,22,692,6,1.0973314046859741,0.614944338798523
phase_scan,22,693,4,0.8778280019760132,0.4499149024486542
phase_scan,22,694,6,1.0857716798782349,0.3759533762931824
phase_scan,22,695,4,0.8733108639717102,0.49525725841522217
phase_scan,22,696,6,1.091132402420044,0.2548619210720062
phase_scan,22,697,4,0.8789891600608826,0.3881036341190338
phase_scan,22,698,6,1.1042065620422363,0.5743863582611084
phase_scan,22,699,4,0.8789459466934204,0.5396836400032043
phase_scan,22,700,6,1.0862841606140137,0.41358891129493713
phase_scan,22,701,4,0.8626039624214172,0.2636623680591583
phase_scan,22,702,6,1.1055094003677368,0.9679453372955322
phase_scan,22,703,4,0.8674108386039734,0.5518415570259094
phase_scan,22,704,6,1.0927472114562988,0.47033584117889404
phase_scan,22,705,4,0.8639739751815796,0.2679198980331421
phase_scan,22,706,6,1.1002296209335327,0.7880433797836304
phase_scan,22,707,4,0.9051553010940552,0.5165742039680481
phase_scan,22,708,6,1.09076726436615,0.4205244183540344
phase_scan,22,709,4,0.8842628002166748,0.4393956661224365
phase_scan,22,710,6,1.0821133852005005,0.5115235447883606
phase_scan,22,711,4,0.8640430569648743,0.3570970892906189
phase_scan,22,712,6,1.0893908739089966,0.1831928938627243
phase_scan,22,713,4,0.8670468926429749,0.5212708711624146
phase_scan,22,714,6,1.0929030179977417,0.37200993299484253
phase_scan,22,715,4,0.8952361345291138,0.423757404088974
phase_scan,22,716,6,1.0958601236343384,0.3722659945487976
phase_scan,22,717,4,0.8850306868553162,0.4273572564125061
phase_scan,22,718,6,1.09835684299469,0.42129188776016235
phase_scan,22,719,4,0.8864418864250183,0.31109416484832764
phase_scan,22,720,6,1.0975819826126099,0.4146772623062134
phase_scan,22,721,4,0.8781945705413818,0.3504773676395416
phase_scan,22,722,6,1.0820764303207397,0.23929287493228912
phase_scan,22,723,4,0.8903857469558716,0.41474035382270813
phase_scan,22,724,6,1.0834956169128418,0.26244276762008667
phase_scan,22,725,4,0.8879926204681396,0.5229946970939636
phase_scan,22,726,6,1.0947685241699219,0.5259741544723511
phase_scan,22,727,4,0.8786899447441101,0.3218761384487152
phase_scan,22,728,6,1.0836056470870972,0.329799622297287
phase_scan,22,729,4,0.8721840977668762,0.4885677397251129
phase_scan,22,730,6,1.0948203802108765,0.709291398525238
phase_scan,22,731,4,0.9101717472076416,0.5415211319923401
phase_scan,22,732,6,1.0921216011047363,0.26946407556533813
phase_scan,22,733,4,0.8860700726509094,0.5387477874755859
phase_scan,22,734,6,1.088311791419983,0.26294800639152527
phase_scan,22,735,4,0.8707473278045654,0.44813039898872375
phase_scan,22,736,6,1.1017441749572754,0.8803712129592896
phase_scan,22,737,4,0.8800051212310791,0.7315124869346619
phase_scan,22,738,6,1.088144302368164,0.5273508429527283
phase_scan,22,739,4,0.8933854103088379,0.5418323874473572
phase_scan,22,740,6,1.108193039894104,1.0629931688308716
phase_scan,22,741,4,0.8855634331703186,0.4050106406211853
phase_scan,22,742,6,1.096980333328247,0.6173662543296814
phase_scan,22,743,4,0.8944283723831177,0.4576430916786194
phase_scan,22,744,6,1.0902106761932373,0.8370078802108765
phase_scan,22,745,4,0.879969596862793,0.5024513602256775
phase_scan,22,746,6,1.0942400693893433,0.35588523745536804
phase_scan,22,747,4,0.8823703527450562,0.5206901431083679
phase_scan,22,748,6,1.0946218967437744,0.6277902722358704
phase_scan,22,749,4,0.8730666637420654,0.48661744594573975
phase_scan,22,750,6,1.0802167654037476,0.3133769631385803
phase_scan,22,751,4,0.8639488816261292,0.30507832765579224
phase_scan,22,752,6,1.0967148542404175,0.4940303564071655
phase_scan,22,753,4,0.8963695764541626,0.473305344581604
phase_scan,22,754,6,1.086356520652771,0.23865561187267303
phase_scan,22,755,4,0.8797014951705933,0.3998284637928009
phase_scan,22,756,6,1.0922807455062866,0.5105213522911072
phase_scan,22,757,4,0.881660521030426,0.4595649540424347
phase_scan,22,758,6,1.0889846086502075,0.4402172267436981
phase_scan,22,759,4,0.8790826201438904,0.4043287932872772
phase_scan,22,760,6,1.0979796648025513,0.6401274800300598
phase_scan,22,761,4,0.8798841238021851,0.5753313899040222
phase_scan,22,762,6,1.1006965637207031,0.38250038027763367
phase_scan,22,763,4,0.8843008279800415,0.6656219959259033
phase_scan,22,764,6,1.0939387083053589,0.5109478831291199
phase_scan,22,765,4,0.8677477836608887,0.36336347460746765
phase_scan,22,766,6,1.0953978300094604,0.27352893352508545
phase_scan,22,767,4,0.8792571425437927,0.35254260897636414
phase_scan,22,768,6,1.0844453573226929,0.3165149986743927
phase_scan,22,769,4,0.8824470043182373,0.34836244583129883
phase_scan,22,770,6,1.1038392782211304,0.5997707843780518
phase_scan,22,771,4,0.8788926601409912,0.4838811457157135
phase_scan,22,772,6,1.078404426574707,0.23487041890621185
phase_scan,22,773,4,0.8837412595748901,0.44381073117256165
phase_scan,22,774,6,1.0844810009002686,0.4803586006164551
phase_scan,22,775,4,0.8711645007133484,0.4605269432067871
phase_scan,22,776,6,1.0973949432373047,0.2693004310131073
phase_scan,22,777,4,0.8891076445579529,0.4061620533466339
phase_scan,22,778,6,1.1003239154815674,0.5646718740463257
phase_scan,22,779,4,0.8806611895561218,0.4534314274787903
phase_scan,22,780,6,1.0932048559188843,0.2937172055244446
phase_scan,22,781,4,0.9083142280578613,0.5461087822914124
phase_scan,22,782,6,1.0943409204483032,0.27502912282943726
phase_scan,22,783,4,0.8814297914505005,0.39038053154945374
phase_scan,22,784,6,1.0865750312805176,0.2731122076511383
phase_scan,22,785,4,0.8813170790672302,0.2843511402606964
phase_scan,22,786,6,1.0772838592529297,0.3681866526603699
phase_scan,22,787,4,0.8855121731758118,0.45545458793640137
phase_scan,22,788,6,1.092819333076477,0.2573292851448059
phase_scan,22,789,4,0.8901960849761963,0.5320540070533752
phase_scan,22,790,6,1.0987390279769897,0.5407288670539856
phase_scan,22,791,4,0.8790021538734436,0.5100334286689758
phase_scan,22,792,6,1.0923534631729126,0.4151879847049713
phase_scan,22,793,4,0.8812010884284973,0.4767508804798126
phase_scan,22,794,6,1.0888417959213257,0.48011159896850586
phase_scan,22,795,4,0.8866671323776245,0.515545666217804
phase_scan,22,796,6,1.0954993963241577,0.4283968210220337
phase_scan,22,797,4,0.9098460674285889,0.5881403088569641
phase_scan,22,798,6,1.105709433555603,0.4622242748737335
phase_scan,22,799,4,0.8838327527046204,0.43450191617012024
phase_scan,22,800,6,1.0811985731124878,0.33434322476387024
phase_scan,22,801,4,0.8965862393379211,0.7322794198989868
phase_scan,22,802,6,1.0907487869262695,0.3437597155570984
phase_scan,22,803,4,0.8970003724098206,0.42643576860427856
phase_scan,22,804,6,1.0907453298568726,0.5543461441993713
phase_scan,22,805,4,0.8984068632125854,0.49173155426979065
phase_scan,22,806,6,1.1024137735366821,0.5741509795188904
phase_scan,22,807,4,0.8891919255256653,0.5225610136985779
phase_scan,22,808,6,1.1096771955490112,0.9048622250556946
phase_scan,22,809,4,0.8770602941513062,0.7963883876800537
phase_scan,22,810,6,1.096209168434143,0.5374690294265747
phase_scan,22,811,4,0.8847863674163818,0.5566169023513794
phase_scan,22,812,6,1.0961040258407593,1.3025118112564087
phase_scan,22,813,4,0.8657950162887573,0.6220911741256714
phase_scan,22,814,6,1.093152642250061,0.5227141976356506
phase_scan,22,815,4,0.8775271773338318,0.4003632068634033
phase_scan,22,816,6,1.0971155166625977,1.02057683467865
phase_scan,22,817,4,0.8870754837989807,0.41753333806991577
phase_scan,22,818,6,1.1088664531707764,0.6089227199554443
phase_scan,22,819,4,0.8769751191139221,0.47854387760162354
phase_scan,22,820,6,1.0923970937728882,0.43274208903312683
phase_scan,22,821,4,0.8789693117141724,0.32147765159606934
phase_scan,22,822,6,1.0959585905075073,0.29522669315338135
phase_scan,22,823,4,0.88214510679245,0.41497212648391724
phase_scan,22,824,6,1.084110140800476,0.29287827014923096
phase_scan,22,825,4,0.8883906006813049,0.5268735289573669
phase_scan,22,826,6,1.0904529094696045,0.37334686517715454
phase_scan,22,827,4,0.8692401647567749,0.3588680624961853
phase_scan,22,828,6,1.0907803773880005,0.6271445751190186
phase_scan,22,829,4,0.8690903782844543,0.35031649470329285
phase_scan,22,830,6,1.1077585220336914,0.6157911419868469
phase_scan,22,831,4,0.8748060464859009,0.36862048506736755
phase_scan,22,832,6,1.0934516191482544,0.6410211324691772
phase_scan,22,833,4,0.8623440265655518,0.2649078071117401
phase_scan,22,834,6,1.0926119089126587,0.2782845199108124
phase_scan,22,835,4,0.8968076705932617,0.4837738573551178
phase_scan,22,836,6,1.0956991910934448,0.28017163276672363
phase_scan,22,837,4,0.8711267709732056,0.2925794720649719
phase_scan,22,838,6,1.088879942893982,0.4755443334579468
phase_scan,22,839,4,0.8585589528083801,0.2592584192752838
phase_scan,22,840,6,1.0957657098770142,0.29438719153404236
phase_scan,22,841,4,0.9072225093841553,0.6104725003242493
phase_scan,22,842,6,1.0962650775909424,0.6355247497558594
phase_scan,22,843,4,0.8689672350883484,0.38171684741973877
phase_scan,22,844,6,1.0919181108474731,0.2939690053462982
phase_scan,22,845,4,0.874989926815033,0.38389289379119873
phase_scan,22,846,6,1.081499457359314,0.3473193943500519
phase_scan,22,847,4,0.8869584798812866,0.4098866879940033
phase_scan,22,848,6,1.087286353111267,0.34338393807411194
phase_scan,22,849,4,0.8779004812240601,0.4143546223640442
phase_scan,22,850,6,1.0864534378051758,0.3184783458709717
phase_scan,22,851,4,0.8737248182296753,0.40159788727760315
phase_scan,22,852,6,1.0823107957839966,0.48882490396499634
phase_scan,22,853,4,0.8627652525901794,0.2852925658226013
phase_scan,22,854,6,1.0828735828399658,0.29739615321159363
phase_scan,22,855,4,0.8679877519607544,0.4087386429309845
phase_scan,22,856,6,1.097185730934143,0.6643203496932983
phase_scan,22,857,4,0.8655654788017273,0.2282702922821045
phase_scan,22,858,6,1.085694432258606,0.2907915413379669
phase_scan,22,859,4,0.8731621503829956,0.5182082653045654
phase_scan,22,860,6,1.0920106172561646,0.6171600818634033
phase_scan,22,861,4,0.9067397713661194,0.4564999043941498
phase_scan,22,862,6,1.0841108560562134,0.23853740096092224
phase_scan,22,863,4,0.8820545077323914,0.5194013118743896
phase_scan,22,864,6,1.080065369606018,0.26938164234161377
phase_scan,22,865,4,0.8652783632278442,0.36419376730918884
phase_scan,22,866,6,1.082393765449524,0.2689570188522339
phase_scan,22,867,4,0.8729483485221863,0.7332279086112976
phase_scan,22,868,6,1.0820668935775757,0.4380974769592285
phase_scan,22,869,4,0.8640938997268677,0.21143738925457
phase_scan,22,870,6,1.0861568450927734,0.340045303106308
phase_scan,22,871,4,0.8737300634384155,0.46507948637008667
phase_scan,22,872,6,1.0878970623016357,0.2525799870491028
phase_scan,22,873,4,0.8765919804573059,0.3858421742916107
phase_scan,22,874,6,1.1029399633407593,0.4865861237049103
phase_scan,22,875,4,0.8744163513183594,0.4925166964530945
phase_scan,22,876,6,1.0902233123779297,0.4071546494960785
phase_scan,22,877,4,0.8693834543228149,0.3195454180240631
phase_scan,22,878,6,1.077431321144104,0.5294749736785889
phase_scan,22,879,4,0.8766284584999084,0.5726893544197083
phase_scan,22,880,6,1.0922268629074097,0.32409510016441345
phase_scan,22,881,4,0.8616048097610474,0.26716524362564087
phase_scan,22,882,6,1.0759674310684204,0.30051735043525696
phase_scan,22,883,4,0.8751609921455383,0.59856116771698
phase_scan,22,884,6,1.0889357328414917,0.29945558309555054
phase_scan,22,885,4,0.8663318753242493,0.34384629130363464
phase_scan,22,886,6,1.0852829217910767,0.5123749375343323
phase_scan,22,887,4,0.8872087597846985,0.5096898078918457
phase_scan,22,888,6,1.0926318168640137,0.5544306635856628
phase_scan,22,889,4,0.8865323066711426,0.497615784406662
phase_scan,22,890,6,1.0865800380706787,0.6344118118286133
phase_scan,22,891,4,0.8788957595825195,0.6594946384429932
phase_scan,22,892,6,1.073689579963684,0.2847479283809662
phase_scan,22,893,4,0.8686830997467041,0.22159771621227264
phase_scan,22,894,6,1.0822936296463013,0.5036152005195618
phase_scan,22,895,4,0.8802123069763184,0.4051300883293152
phase_scan,22,896,6,1.0866438150405884,0.25981467962265015
phase_scan,22,897,4,0.8781469464302063,0.5241178870201111
phase_scan,22,898,6,1.0785053968429565,0.417851984500885
phase_scan,22,899,4,0.8816128373146057,0.4124639928340912
phase_scan,22,900,6,1.0893551111221313,0.2837584614753723
phase_scan,33,1,4,1.438156008720398,3.503288745880127
phase_scan,33,2,6,1.7581149339675903,1.2386479377746582
phase_scan,33,3,4,1.4492568969726562,1.1123316287994385
phase_scan,33,4,6,1.6882452964782715,0.7924121618270874
phase_scan,33,5,4,1.4502837657928467,0.4719453752040863
phase_scan,33,6,6,1.6319302320480347,0.2536807656288147
phase_scan,33,7,4,1.4364128112792969,0.2785991132259369
phase_scan,33,8,6,1.6304155588150024,0.1919017881155014
phase_scan,33,9,4,1.4067100286483765,0.17965659499168396
phase_scan,33,10,6,1.6405996084213257,0.10615548491477966
phase_scan,33,11,4,1.4199426174163818,0.1166512668132782
phase_scan,33,12,6,1.6326619386672974,0.08754659444093704
phase_scan,33,13,4,1.4075379371643066,0.13272075355052948
phase_scan,33,14,6,1.631696343421936,0.08176121115684509
phase_scan,33,15,4,1.4101967811584473,0.10879399627447128
phase_scan,33,16,6,1.6359933614730835,0.061722610145807266
phase_scan,33,17,4,1.4076627492904663,0.09468445181846619
phase_scan,33,18,6,1.63848876953125,0.0808887854218483
phase_scan,33,19,4,1.4129154682159424,0.0610734261572361
phase_scan,33,20,6,1.6352614164352417,0.04830697551369667
phase_scan,33,21,4,1.4145556688308716,0.06615497171878815
phase_scan,33,22,6,1.6385408639907837,0.07615762203931808
phase_scan,33,23,4,1.4179421663284302,0.08347122371196747
phase_scan,33,24,6,1.6375552415847778,0.060571104288101196
phase_scan,33,25,4,1.4095083475112915,0.0717366561293602
phase_scan,33,26,6,1.6387038230895996,0.05063803866505623
phase_scan,33,27,4,1.4088212251663208,0.0676615908741951
phase_scan,33,28,6,1.6375865936279297,0.05239545926451683
phase_scan,33,29,4,1.4122114181518555,0.06374017149209976
phase_scan,33,30,6,1.6360726356506348,0.0490591898560524
phase_scan,33,31,4,1.4134235382080078,0.06648556143045425
phase_scan,33,32,6,1.642074465751648,0.06481948494911194
phase_scan,33,33,4,1.4078309535980225,0.06277285516262054
phase_scan,33,34,6,1.6333985328674316,0.05458368360996246
phase_scan,33,35,4,1.4107481241226196,0.06762956082820892
phase_scan,33,36,6,1.635735034942627,0.04913031682372093
phase_scan,33,37,4,1.4031614065170288,0.06892293691635132
phase_scan,33,38,6,1.6317520141601562,0.05364042520523071
phase_scan,33,39,4,1.4081847667694092,0.05928025767207146
phase_scan,33,40,6,1.6368433237075806,0.05035305395722389
phase_scan,33,41,4,1.414524793624878,0.061671607196331024
phase_scan,33,42,6,1.640682339668274,0.06192417070269585
phase_scan,33,43,4,1.4115900993347168,0.060536984354257584
phase_scan,33,44,6,1.6412423849105835,0.05457606166601181
phase_scan,33,45,4,1.4101431369781494,0.05615618824958801
phase_scan,33,46,6,1.6444493532180786,0.06879069656133652
phase_scan,33,47,4,1.4085298776626587,0.07135815918445587
phase_scan,33,48,6,1.6344279050827026,0.05915011838078499
phase_scan,33,49,4,1.4086461067199707,0.05807756260037422
phase_scan,33,50,6,1.6323738098144531,0.05282085761427879
phase_scan,33,51,4,1.4074809551239014,0.06297527253627777
phase_scan,33,52,6,1.6360825300216675,0.053353190422058105
phase_scan,33,53,4,1.4085313081741333,0.053973302245140076
phase_scan,33,54,6,1.6293357610702515,0.0626031830906868
phase_scan,33,55,4,1.40940523147583,0.059615422040224075
phase_scan,33,56,6,1.6350921392440796,0.05135107412934303
phase_scan,33,57,4,1.4129033088684082,0.04153420031070709
phase_scan,33,58,6,1.639104962348938,0.05660293623805046
phase_scan,33,59,4,1.4059392213821411,0.06477547436952591
phase_scan,33,60,6,1.6267296075820923,0.07084714621305466
phase_scan,33,61,4,1.4045947790145874,0.06339427828788757
phase_scan,33,62,6,1.6335185766220093,0.05960514023900032
phase_scan,33,63,4,1.408006191253662,0.07446429133415222
phase_scan,33,64,6,1.6351696252822876,0.051164720207452774
phase_scan,33,65,4,1.4123942852020264,0.05361466482281685
phase_scan,33,66,6,1.6343494653701782,0.05158728361129761
phase_scan,33,67,4,1.4050297737121582,0.08032726496458054
phase_scan,33,68,6,1.6257318258285522,0.08807533234357834
phase_scan,33,69,4,1.4175481796264648,0.08525454252958298
phase_scan,33,70,6,1.6442545652389526,0.08300093561410904
phase_scan,33,71,4,1.4045385122299194,0.07431988418102264
phase_scan,33,72,6,1.6429100036621094,0.09341823309659958
phase_scan,33,73,4,1.4082163572311401,0.07909967005252838
phase_scan,33,74,6,1.641192078590393,0.06947431713342667
phase_scan,33,75,4,1.4142602682113647,0.09135989844799042
phase_scan,33,76,6,1.6326810121536255,0.054297491908073425
phase_scan,33,77,4,1.4033395051956177,0.0687781497836113
phase_scan,33,78,6,1.6307369470596313,0.0648554116487503
phase_scan,33,79,4,1.4109582901000977,0.10266295820474625
phase_scan,33,80,6,1.6311798095703125,0.061836473643779755
phase_scan,33,81,4,1.408888339996338,0.09372691810131073
phase_scan,33,82,6,1.639350414276123,0.08347862213850021
phase_scan,33,83,4,1.4091187715530396,0.10161522030830383
phase_scan,33,84,6,1.6419239044189453,0.05691385641694069
phase_scan,33,85,4,1.4231458902359009,0.08910759538412094
phase_scan,33,86,6,1.6391044855117798,0.0651034489274025
phase_scan,33,87,4,1.410940408706665,0.07948701083660126
phase_scan,33,88,6,1.621044635772705,0.10224229842424393
phase_scan,33,89,4,1.4068090915679932,0.11387662589550018
phase_scan,33,90,6,1.6286636590957642,0.07613401859998703
phase_scan,33,91,4,1.411561369895935,0.08846304565668106
phase_scan,33,92,6,1.6238560676574707,0.0939086452126503
phase_scan,33,93,4,1.408848762512207,0.08484216034412384
phase_scan,33,94,6,1.6446095705032349,0.10356223583221436
phase_scan,33,95,4,1.3914364576339722,0.1670025885105133
phase_scan,33,96,6,1.6277227401733398,0.11540304124355316
phase_scan,33,97,4,1.41071355342865,0.11198275536298752
phase_scan,33,98,6,1.639467716217041,0.11349338293075562
phase_scan,33,99,4,1.403241753578186,0.11855876445770264
phase_scan,33,100,6,1.6494966745376587,0.13164064288139343
phase_scan,33,101,4,1.4025777578353882,0.1385309100151062
phase_scan,33,102,6,1.625462532043457,0.12575168907642365
phase_scan,33,103,4,1.400588035583496,0.1832781881093979
phase_scan,33,104,6,1.6469095945358276,0.16969488561153412
phase_scan,33,105,4,1.4094457626342773,0.13874149322509766
phase_scan,33,106,6,1.6288933753967285,0.13081234693527222
phase_scan,33,107,4,1.4207358360290527,0.16767717897891998
phase_scan,33,108,6,1.6318851709365845,0.21617133915424347
phase_scan,33,109,4,1.4186820983886719,0.17481808364391327
phase_scan,33,110,6,1.6091586351394653,0.20066934823989868
phase_scan,33,111,4,1.3852064609527588,0.20801156759262085
phase_scan,33,112,6,1.6310399770736694,0.12109282612800598
phase_scan,33,113,4,1.403051495552063,0.1696738600730896
phase_scan,33,114,6,1.6136542558670044,0.2937754690647125
phase_scan,33,115,4,1.4020075798034668,0.21053873002529144
phase_scan,33,116,6,1.6190441846847534,0.2709416449069977
phase_scan,33,117,4,1.3728903532028198,0.5124093294143677
phase_scan,33,118,6,1.6529074907302856,0.7827216982841492
phase_scan,33,119,4,1.400274395942688,0.6388071775436401
phase_scan,33,120,6,1.6128472089767456,0.7357632517814636
phase_scan,33,121,4,1.3963356018066406,0.3130837082862854
phase_scan,33,122,6,1.596397042274475,0.3965018093585968
phase_scan,33,123,4,1.354502558708191,0.369942843914032
phase_scan,33,124,6,1.6189907789230347,0.8819893002510071
phase_scan,33,125,4,1.3511821031570435,0.4952736496925354
phase_scan,33,126,6,1.5896457433700562,0.5372841954231262
phase_scan,33,127,4,1.3019424676895142,0.5856017470359802
phase_scan,33,128,6,1.5661554336547852,0.6853151321411133
phase_scan,33,129,4,1.3441009521484375,6.269572734832764
phase_scan,33,130,6,1.5269317626953125,0.9924030303955078
phase_scan,33,131,4,1.290888786315918,2.844564437866211
phase_scan,33,132,6,1.5692662000656128,2.8203580379486084
phase_scan,33,133,4,1.2856760025024414,0.7903494238853455
phase_scan,33,134,6,1.5115028619766235,1.180977702140808
phase_scan,33,135,4,1.2794017791748047,0.9434111714363098
phase_scan,33,136,6,1.4640017747879028,0.6752564907073975
phase_scan,33,137,4,1.3203802108764648,1.5166113376617432
phase_scan,33,138,6,1.4382628202438354,0.5754868388175964
phase_scan,33,139,4,1.2867732048034668,1.0079269409179688
phase_scan,33,140,6,1.5090261697769165,1.3221607208251953
phase_scan,33,141,4,1.239408016204834,0.9302912354469299
phase_scan,33,142,6,1.5731807947158813,1.7595982551574707
phase_scan,33,143,4,1.4036171436309814,0.5433385968208313
phase_scan,33,144,6,1.667314052581787,1.5247364044189453
phase_scan,33,145,4,1.4592798948287964,0.8033395409584045
phase_scan,33,146,6,1.6136155128479004,0.7987874746322632
phase_scan,33,147,4,1.3727267980575562,0.5627328157424927
phase_scan,33,148,6,1.540467619895935,0.6305272579193115
phase_scan,33,149,4,1.2789955139160156,0.4768153727054596
phase_scan,33,150,6,1.5329718589782715,0.531290590763092
phase_scan,33,151,4,1.378244400024414,0.4313488006591797
phase_scan,33,152,6,1.572701096534729,0.5453323125839233
phase_scan,33,153,4,1.3475775718688965,0.2365625500679016
phase_scan,33,154,6,1.5527182817459106,0.43511807918548584
phase_scan,33,155,4,1.2665772438049316,0.9076579213142395
phase_scan,33,156,6,1.505640983581543,0.4059829115867615
phase_scan,33,157,4,1.319704532623291,0.7951488494873047
phase_scan,33,158,6,1.5384573936462402,0.5704972743988037
phase_scan,33,159,4,1.2643368244171143,0.6590778827667236
phase_scan,33,160,6,1.469171404838562,0.6593404412269592
phase_scan,33,161,4,1.222888708114624,1.3922570943832397
phase_scan,33,162,6,1.503231167793274,1.1688178777694702
phase_scan,33,163,4,1.254838228225708,0.6115311980247498
phase_scan,33,164,6,1.4574803113937378,1.986020803451538
phase_scan,33,165,4,1.303306221961975,0.9652227163314819
phase_scan,33,166,6,1.5022692680358887,0.8327633142471313
phase_scan,33,167,4,1.228553295135498,0.8666857481002808
phase_scan,33,168,6,1.5125194787979126,0.8091405630111694
phase_scan,33,169,4,1.2737350463867188,0.8449903130531311
phase_scan,33,170,6,1.4523367881774902,1.3746763467788696
phase_scan,33,171,4,1.162945032119751,0.5751378536224365
phase_scan,33,172,6,1.4985190629959106,1.0895516872406006
phase_scan,33,173,4,1.1450152397155762,0.756090521812439
phase_scan,33,174,6,1.4028986692428589,0.8611576557159424
phase_scan,33,175,4,1.2033764123916626,0.8218543529510498
phase_scan,33,176,6,1.3831892013549805,0.48620736598968506
phase_scan,33,177,4,1.1456125974655151,0.8099058866500854
phase_scan,33,178,6,1.3518248796463013,0.5348352193832397
phase_scan,33,179,4,1.1142635345458984,0.6487839221954346
phase_scan,33,180,6,1.324092984199524,0.38366299867630005
phase_scan,33,181,4,1.0654659271240234,0.37772852182388306
phase_scan,33,182,6,1.3450530767440796,0.724928617477417
phase_scan,33,183,4,1.0486974716186523,0.4421935975551605
phase_scan,33,184,6,1.322914719581604,0.615453839302063
phase_scan,33,185,4,1.1001081466674805,0.7833953499794006
phase_scan,33,186,6,1.289555549621582,0.839065432548523
phase_scan,33,187,4,1.033744215965271,0.44624224305152893
phase_scan,33,188,6,1.2744486331939697,0.4874625504016876
phase_scan,33,189,4,1.0880647897720337,0.685775637626648
phase_scan,33,190,6,1.269793152809143,0.6952718496322632
phase_scan,33,191,4,1.076795220375061,0.43055954575538635
phase_scan,33,192,6,1.2384754419326782,0.4504028260707855
phase_scan,33,193,4,1.0339607000350952,0.5241467952728271
phase_scan,33,194,6,1.2567023038864136,0.6378514170646667
phase_scan,33,195,4,1.076601266860962,0.5825672149658203
phase_scan,33,196,6,1.2505154609680176,0.45874831080436707
phase_scan,33,197,4,1.0165561437606812,0.36296775937080383
phase_scan,33,198,6,1.2340391874313354,0.6533924341201782
phase_scan,33,199,4,1.0499835014343262,0.6917057633399963
phase_scan,33,200,6,1.2409881353378296,0.6259310245513916
phase_scan,33,201,4,1.0316065549850464,0.39980223774909973
phase_scan,33,202,6,1.2143744230270386,0.5202844738960266
phase_scan,33,203,4,1.0645540952682495,0.6959119439125061
phase_scan,33,204,6,1.2488654851913452,0.5276336669921875
phase_scan,33,205,4,1.018675446510315,0.5442072749137878
phase_scan,33,206,6,1.1995211839675903,0.4060772955417633
phase_scan,33,207,4,1.029029130935669,0.3654141426086426
phase_scan,33,208,6,1.2277041673660278,0.7534599304199219
phase_scan,33,209,4,1.0144236087799072,0.4931531548500061
phase_scan,33,210,6,1.2178858518600464,0.5303685069084167
phase_scan,33,211,4,1.016567349433899,0.4792659878730774
phase_scan,33,212,6,1.2056450843811035,0.6325623393058777
phase_scan,33,213,4,1.014405608177185,0.5180346369743347
phase_scan,33,214,6,1.177607774734497,0.39782893657684326
phase_scan,33,215,4,1.016442060470581,0.469982385635376
phase_scan,33,216,6,1.1788283586502075,0.3852631151676178
phase_scan,33,217,4,0.9985346794128418,0.5808873772621155
phase_scan,33,218,6,1.1995941400527954,0.3321651220321655
phase_scan,33,219,4,1.0081473588943481,0.5418756008148193
phase_scan,33,220,6,1.172841191291809,0.5102950930595398
phase_scan,33,221,4,1.0183337926864624,0.5572033524513245
phase_scan,33,222,6,1.2172967195510864,0.6242468357086182
phase_scan,33,223,4,0.9600430727005005,0.5115151405334473
phase_scan,33,224,6,1.174701452255249,0.35810866951942444
phase_scan,33,225,4,0.977765679359436,0.4377158284187317
phase_scan,33,226,6,1.1860719919204712,0.3840700089931488
phase_scan,33,227,4,0.9742938876152039,0.44711336493492126
phase_scan,33,228,6,1.173146367073059,0.4614694118499756
phase_scan,33,229,4,0.9735047817230225,0.4451698064804077
phase_scan,33,230,6,1.160400390625,0.45609569549560547
phase_scan,33,231,4,0.9690086841583252,0.6244308352470398
phase_scan,33,232,6,1.1687954664230347,0.3523223102092743
phase_scan,33,233,4,0.9901581406593323,0.5392029285430908
phase_scan,33,234,6,1.17019784450531,0.3784366250038147
phase_scan,33,235,4,0.9741867780685425,0.6577186584472656
phase_scan,33,236,6,1.1472136974334717,0.29790014028549194
phase_scan,33,237,4,0.935994565486908,0.39658182859420776
phase_scan,33,238,6,1.1704894304275513,0.5644493699073792
phase_scan,33,239,4,0.9531201124191284,0.6391066908836365
phase_scan,33,240,6,1.1609971523284912,0.4062737226486206
phase_scan,33,241,4,0.9467800259590149,0.7193350195884705
phase_scan,33,242,6,1.1665074825286865,0.43990257382392883
phase_scan,33,243,4,0.9355801343917847,0.4759581387042999
phase_scan,33,244,6,1.1760753393173218,0.8355085849761963
phase_scan,33,245,4,0.9717350602149963,0.5666006803512573
phase_scan,33,246,6,1.1506876945495605,0.5099917650222778
phase_scan,33,247,4,0.9511685371398926,0.7833032608032227
phase_scan,33,248,6,1.141977310180664,0.529033362865448
phase_scan,33,249,4,0.9528731107711792,0.49924176931381226
phase_scan,33,250,6,1.1535733938217163,0.5594573020935059
phase_scan,33,251,4,0.9465584754943848,0.717775285243988
phase_scan,33,252,6,1.1462146043777466,0.47692254185676575
phase_scan,33,253,4,0.9461835622787476,0.5262951850891113
phase_scan,33,254,6,1.1435296535491943,0.3981347978115082
phase_scan,33,255,4,0.9460654854774475,0.6221835017204285
phase_scan,33,256,6,1.1291011571884155,0.4253893196582794
phase_scan,33,257,4,0.9613839983940125,0.7375739812850952
phase_scan,33,258,6,1.153133511543274,0.5167613625526428
phase_scan,33,259,4,0.9353784918785095,0.40859082341194153
phase_scan,33,260,6,1.137417197227478,0.4456322491168976
phase_scan,33,261,4,0.9496644139289856,0.6118142604827881
phase_scan,33,262,6,1.1410958766937256,0.6976818442344666
phase_scan,33,263,4,0.9275888800621033,0.43609029054641724
phase_scan,33,264,6,1.1480656862258911,0.6591845154762268
phase_scan,33,265,4,0.9510130882263184,0.5556198954582214
phase_scan,33,266,6,1.1656817197799683,0.431850790977478
phase_scan,33,267,4,0.9431350827217102,0.6884199380874634
phase_scan,33,268,6,1.1559613943099976,0.556964635848999
phase_scan,33,269,4,0.9174755215644836,0.3824308514595032
phase_scan,33,270,6,1.1389102935791016,0.4400070905685425
phase_scan,33,271,4,0.9435263276100159,0.45098352432250977
phase_scan,33,272,6,1.1497423648834229,0.5132231116294861
phase_scan,33,273,4,0.9489445686340332,0.45564597845077515
phase_scan,33,274,6,1.1565816402435303,0.5632724761962891
phase_scan,33,275,4,0.9368941783905029,0.5193160772323608
phase_scan,33,276,6,1.1443054676055908,0.48921501636505127
phase_scan,33,277,4,0.9450618624687195,0.5128458738327026
phase_scan,33,278,6,1.1319812536239624,0.5404993891716003
phase_scan,33,279,4,0.9565939903259277,0.5716588497161865
phase_scan,33,280,6,1.157807469367981,0.4739533066749573
phase_scan,33,281,4,0.9507421255111694,0.6623722910881042
phase_scan,33,282,6,1.1269316673278809,0.3048076629638672
phase_scan,33,283,4,0.9538490176200867,0.5789464712142944
phase_scan,33,284,6,1.1459282636642456,0.48103198409080505
phase_scan,33,285,4,0.953610360622406,0.4726409912109375
phase_scan,33,286,6,1.1466128826141357,0.4134844243526459
phase_scan,33,287,4,0.9244226813316345,0.43641355633735657
phase_scan,33,288,6,1.1558109521865845,0.3894096314907074
phase_scan,33,289,4,0.9939206838607788,0.7828035950660706
phase_scan,33,290,6,1.132546067237854,0.32233190536499023
phase_scan,33,291,4,0.9451057314872742,0.5601212978363037
phase_scan,33,292,6,1.1270288228988647,0.5749521851539612
phase_scan,33,293,4,0.927948534488678,0.49855902791023254
phase_scan,33,294,6,1.1412073373794556,0.5845081210136414
phase_scan,33,295,4,0.9456114768981934,0.7067721486091614
phase_scan,33,296,6,1.1451754570007324,0.5709177851676941
phase_scan,33,297,4,0.9540070295333862,0.6102221012115479
phase_scan,33,298,6,1.1262177228927612,0.5455306172370911
phase_scan,33,299,4,0.9573814272880554,0.44422125816345215
phase_scan,33,300,6,1.148441195487976,0.7324554324150085
phase_scan,33,301,4,0.9425933361053467,0.7112588882446289
phase_scan,33,302,6,1.1469224691390991,0.5327097177505493
phase_scan,33,303,4,0.9312883615493774,0.4432886242866516
phase_scan,33,304,6,1.146397590637207,0.4219217300415039
phase_scan,33,305,4,0.9383428692817688,0.46303844451904297
phase_scan,33,306,6,1.112302541732788,0.2573592960834503
phase_scan,33,307,4,0.9372797608375549,0.5295618176460266
phase_scan,33,308,6,1.1149393320083618,0.25464481115341187
phase_scan,33,309,4,0.9682265520095825,0.5582056045532227
phase_scan,33,310,6,1.1369632482528687,0.46438002586364746
phase_scan,33,311,4,0.9415382146835327,0.41584649682044983
phase_scan,33,312,6,1.1357134580612183,0.35829082131385803
phase_scan,33,313,4,0.9326815605163574,0.4621976912021637
phase_scan,33,314,6,1.1258463859558105,0.5477843284606934
phase_scan,33,315,4,0.942374587059021,0.5788254737854004
phase_scan,33,316,6,1.1301137208938599,0.39816784858703613
phase_scan,33,317,4,0.9418634176254272,0.4103406071662903
phase_scan,33,318,6,1.1247148513793945,0.39347192645072937
phase_scan,33,319,4,0.9279331564903259,0.46329036355018616
phase_scan,33,320,6,1.1273752450942993,0.5476214289665222
phase_scan,33,321,4,0.9391418695449829,0.4067874848842621
phase_scan,33,322,6,1.1271368265151978,0.41899222135543823
phase_scan,33,323,4,0.9371112585067749,0.5192458033561707
phase_scan,33,324,6,1.1225073337554932,0.3867121934890747
phase_scan,33,325,4,0.9291844367980957,0.42434823513031006
phase_scan,33,326,6,1.1339854001998901,0.6398138999938965
phase_scan,33,327,4,0.914019763469696,0.4258837103843689
phase_scan,33,328,6,1.1248795986175537,0.4274250268936157
phase_scan,33,329,4,0.9205390810966492,0.6450648307800293
phase_scan,33,330,6,1.140382170677185,0.4199067950248718
phase_scan,33,331,4,0.9447091817855835,0.5964179635047913
phase_scan,33,332,6,1.1430295705795288,0.727455198764801
phase_scan,33,333,4,0.9177113771438599,0.33889245986938477
phase_scan,33,334,6,1.1150413751602173,0.30774104595184326
phase_scan,33,335,4,0.92524653673172,0.6090530157089233
phase_scan,33,336,6,1.1325708627700806,0.5153622031211853
phase_scan,33,337,4,0.9307757019996643,0.7155543565750122
phase_scan,33,338,6,1.1198464632034302,0.41914671659469604
phase_scan,33,339,4,0.9231210947036743,0.4128250479698181
phase_scan,33,340,6,1.133690595626831,0.3694070279598236
phase_scan,33,341,4,0.9187458753585815,0.5883950591087341
phase_scan,33,342,6,1.145492672920227,0.4941723346710205
phase_scan,33,343,4,0.9100859761238098,0.4879305064678192
phase_scan,33,344,6,1.132346272468567,0.3963797092437744
phase_scan,33,345,4,0.9110921025276184,0.41012173891067505
phase_scan,33,346,6,1.1193848848342896,0.3454548716545105
phase_scan,33,347,4,0.9173073172569275,0.39345023036003113
phase_scan,33,348,6,1.1253623962402344,0.37450289726257324
phase_scan,33,349,4,0.970011830329895,0.611027717590332
phase_scan,33,350,6,1.1254686117172241,0.3757621645927429
phase_scan,33,351,4,0.9336384534835815,0.39393505454063416
phase_scan,33,352,6,1.1254640817642212,0.26279646158218384
phase_scan,33,353,4,0.9473679661750793,0.5368005037307739
phase_scan,33,354,6,1.1151944398880005,0.3126808702945709
phase_scan,33,355,4,0.9108783006668091,0.4064710736274719
phase_scan,33,356,6,1.1185795068740845,0.34795546531677246
phase_scan,33,357,4,0.9330664277076721,0.5470603108406067
phase_scan,33,358,6,1.1198471784591675,0.2780352532863617
phase_scan,33,359,4,0.9065632820129395,0.45323899388313293
phase_scan,33,360,6,1.1289814710617065,0.3820422887802124
phase_scan,33,361,4,0.90379798412323,0.45710933208465576
phase_scan,33,362,6,1.121644139289856,0.4980591833591461
phase_scan,33,363,4,0.9289713501930237,0.6953787207603455
phase_scan,33,364,6,1.1213241815567017,0.3847847580909729
phase_scan,33,365,4,0.9080902338027954,0.4558442533016205
phase_scan,33,366,6,1.116005539894104,0.3840842545032501
phase_scan,33,367,4,0.9095295071601868,0.5693821907043457
phase_scan,33,368,6,1.110194444656372,0.3638066351413727
phase_scan,33,369,4,0.906467080116272,0.33315804600715637
phase_scan,33,370,6,1.1226531267166138,0.3207893967628479
phase_scan,33,371,4,0.905525267124176,0.3838307857513428
phase_scan,33,372,6,1.1011649370193481,0.45605969429016113
phase_scan,33,373,4,0.9211477637290955,0.543590784072876
phase_scan,33,374,6,1.131940245628357,0.7148114442825317
phase_scan,33,375,4,0.9480302929878235,0.6891093850135803
phase_scan,33,376,6,1.1236776113510132,0.5600834488868713
phase_scan,33,377,4,0.9173768758773804,0.7082026600837708
phase_scan,33,378,6,1.1221039295196533,0.5243130326271057
phase_scan,33,379,4,0.8997988104820251,0.6238917112350464
phase_scan,33,380,6,1.1251057386398315,0.5232411623001099
phase_scan,33,381,4,0.9205332398414612,0.4005010426044464
phase_scan,33,382,6,1.1223572492599487,0.6385948657989502
phase_scan,33,383,4,0.9086272716522217,0.6047689318656921
phase_scan,33,384,6,1.1224478483200073,0.2982667088508606
phase_scan,33,385,4,0.9033449292182922,0.6087697148323059
phase_scan,33,386,6,1.1191914081573486,0.5511716604232788
phase_scan,33,387,4,0.9043898582458496,0.410861074924469
phase_scan,33,388,6,1.1146489381790161,0.6405468583106995
phase_scan,33,389,4,0.9143233895301819,0.47882041335105896
phase_scan,33,390,6,1.1123429536819458,0.409626305103302
phase_scan,33,391,4,0.8908140063285828,0.5998841524124146
phase_scan,33,392,6,1.1184463500976562,0.3719100058078766
phase_scan,33,393,4,0.9108972549438477,0.42758744955062866
phase_scan,33,394,6,1.1100825071334839,0.37631431221961975
phase_scan,33,395,4,0.9092459082603455,0.4409269690513611
phase_scan,33,396,6,1.1202763319015503,0.2954253554344177
phase_scan,33,397,4,0.9043803215026855,0.43137040734291077
phase_scan,33,398,6,1.1204420328140259,0.36522406339645386
phase_scan,33,399,4,0.914943277835846,0.4319043755531311
phase_scan,33,400,6,1.1162668466567993,0.4034377932548523
phase_scan,33,401,4,0.8965847492218018,0.3980746865272522
phase_scan,33,402,6,1.1210839748382568,0.3121650218963623
phase_scan,33,403,4,0.9108922481536865,0.6417573094367981
phase_scan,33,404,6,1.1238147020339966,0.37788867950439453
phase_scan,33,405,4,0.8934076428413391,0.47736674547195435
phase_scan,33,406,6,1.1217573881149292,0.5611087083816528
phase_scan,33,407,4,0.908135175704956,0.43144646286964417
phase_scan,33,408,6,1.1105438470840454,0.5225969552993774
phase_scan,33,409,4,0.9105554223060608,0.49498143792152405
phase_scan,33,410,6,1.1179336309432983,0.46929827332496643
phase_scan,33,411,4,0.906248152256012,0.5719659924507141
phase_scan,33,412,6,1.1156877279281616,0.3980157971382141
phase_scan,33,413,4,0.9174972176551819,0.7138543128967285
phase_scan,33,414,6,1.1141215562820435,0.43492090702056885
phase_scan,33,415,4,0.8970098495483398,0.3990074098110199
phase_scan,33,416,6,1.1209417581558228,0.5877755880355835
phase_scan,33,417,4,0.9258660078048706,0.5361605882644653
phase_scan,33,418,6,1.1007493734359741,0.3309469223022461
phase_scan,33,419,4,0.9042077660560608,0.35680681467056274
phase_scan,33,420,6,1.1116970777511597,0.3675715923309326
phase_scan,33,421,4,0.9060583114624023,0.4456480145454407
phase_scan,33,422,6,1.124114751815796,0.3673393726348877
phase_scan,33,423,4,0.9153455495834351,0.4099901020526886
phase_scan,33,424,6,1.1121004819869995,0.4641786217689514
phase_scan,33,425,4,0.9285152554512024,0.4252142608165741
phase_scan,33,426,6,1.123494267463684,0.5264401435852051
phase_scan,33,427,4,0.8981575965881348,0.46876204013824463
phase_scan,33,428,6,1.112298607826233,0.5814672112464905
phase_scan,33,429,4,0.8996019959449768,0.47711968421936035
phase_scan,33,430,6,1.112847924232483,0.2923516035079956
phase_scan,33,431,4,0.9024117588996887,0.8182352185249329
phase_scan,33,432,6,1.1098991632461548,0.4079352617263794
phase_scan,33,433,4,0.8760950565338135,0.3916599154472351
phase_scan,33,434,6,1.103054404258728,0.3927983045578003
phase_scan,33,435,4,0.9204462170600891,0.41026267409324646
phase_scan,33,436,6,1.1184650659561157,0.4553157389163971
phase_scan,33,437,4,0.9079880714416504,0.5173044800758362
phase_scan,33,438,6,1.1034685373306274,0.23555752635002136
phase_scan,33,439,4,0.9326510429382324,0.5465409755706787
phase_scan,33,440,6,1.112667202949524,0.434824138879776
phase_scan,33,441,4,0.9108502268791199,0.680392861366272
phase_scan,33,442,6,1.1175616979599,0.5573691725730896
phase_scan,33,443,4,0.9237931370735168,0.7113515734672546
phase_scan,33,444,6,1.1160417795181274,0.4407063126564026
phase_scan,33,445,4,0.9045410752296448,0.744212806224823
phase_scan,33,446,6,1.1060205698013306,0.29891636967658997
phase_scan,33,447,4,0.9029960632324219,0.656230628490448
phase_scan,33,448,6,1.1169185638427734,0.3619388937950134
phase_scan,33,449,4,0.8934902548789978,0.396416038274765
phase_scan,33,450,6,1.1230719089508057,0.4167584478855133
phase_scan,33,451,4,0.9045963287353516,0.37431371212005615
phase_scan,33,452,6,1.1085526943206787,0.3279670476913452
phase_scan,33,453,4,0.9166318774223328,0.48089995980262756
phase_scan,33,454,6,1.106812834739685,0.2576068639755249
phase_scan,33,455,4,0.9019701480865479,0.4057289958000183
phase_scan,33,456,6,1.110448956489563,0.28706860542297363
phase_scan,33,457,4,0.9103245735168457,0.48184505105018616
phase_scan,33,458,6,1.1038066148757935,0.3029451072216034
phase_scan,33,459,4,0.9117560386657715,0.5745331048965454
phase_scan,33,460,6,1.101929783821106,0.3379247784614563
phase_scan,33,461,4,0.919032871723175,0.46408525109291077
phase_scan,33,462,6,1.1067525148391724,0.39106976985931396
phase_scan,33,463,4,0.8788366317749023,0.319132924079895
phase_scan,33,464,6,1.1205183267593384,0.3066312372684479
phase_scan,33,465,4,0.921434223651886,0.4947790503501892
phase_scan,33,466,6,1.1104787588119507,0.2839966118335724
phase_scan,33,467,4,0.9036945700645447,0.41895079612731934
phase_scan,33,468,6,1.1140415668487549,0.6316537857055664
phase_scan,33,469,4,0.8953402042388916,0.5648555159568787
phase_scan,33,470,6,1.10531485080719,0.5681359767913818
phase_scan,33,471,4,0.90682452917099,0.42183777689933777
phase_scan,33,472,6,1.1255229711532593,0.774558961391449
phase_scan,33,473,4,0.8799683451652527,0.4257659614086151
phase_scan,33,474,6,1.1039880514144897,0.29443392157554626
phase_scan,33,475,4,0.8847020864486694,0.5114132761955261
phase_scan,33,476,6,1.1021531820297241,0.34782344102859497
phase_scan,33,477,4,0.8962013721466064,0.31977924704551697
phase_scan,33,478,6,1.110595464706421,0.42367926239967346
phase_scan,33,479,4,0.8943613171577454,0.3872116208076477
phase_scan,33,480,6,1.115249752998352,0.3728429973125458
phase_scan,33,481,4,0.8944798111915588,0.49387887120246887
phase_scan,33,482,6,1.0974538326263428,0.273723304271698
phase_scan,33,483,4,0.8962422013282776,0.4069834351539612
phase_scan,33,484,6,1.1231836080551147,0.5193387269973755
phase_scan,33,485,4,0.9130409955978394,0.5985907316207886
phase_scan,33,486,6,1.0911890268325806,0.24716436862945557
phase_scan,33,487,4,0.9057071208953857,0.6717318892478943
phase_scan,33,488,6,1.1002544164657593,0.32737550139427185
phase_scan,33,489,4,0.8954570293426514,0.42644140124320984
phase_scan,33,490,6,1.1142717599868774,0.6124434471130371
phase_scan,33,491,4,0.8866041302680969,0.4054825007915497
phase_scan,33,492,6,1.1139891147613525,0.3654749393463135
phase_scan,33,493,4,0.90267014503479,0.5974707007408142
phase_scan,33,494,6,1.1082563400268555,0.3765591084957123
phase_scan,33,495,4,0.9171498417854309,0.382809042930603
phase_scan,33,496,6,1.120144009590149,0.242170512676239
phase_scan,33,497,4,0.9119510054588318,0.46029943227767944
phase_scan,33,498,6,1.1229188442230225,0.3873935043811798
phase_scan,33,499,4,0.8922938704490662,0.4150465428829193
phase_scan,33,500,6,1.1052322387695312,0.3791687488555908
phase_scan,33,501,4,0.8961535692214966,0.39050304889678955
phase_scan,33,502,6,1.0968272686004639,0.333516389131546
phase_scan,33,503,4,0.8875798583030701,0.6283177137374878
phase_scan,33,504,6,1.1082966327667236,0.3074767291545868
phase_scan,33,505,4,0.9041978716850281,0.3991537392139435
phase_scan,33,506,6,1.1110738515853882,0.5257102847099304
phase_scan,33,507,4,0.9017731547355652,0.44463860988616943
phase_scan,33,508,6,1.1098136901855469,0.33268672227859497
phase_scan,33,509,4,0.9031348824501038,0.3918302357196808
phase_scan,33,510,6,1.1055208444595337,0.27708837389945984
phase_scan,33,511,4,0.9097485542297363,0.5148320198059082
phase_scan,33,512,6,1.1017206907272339,0.35073769092559814
phase_scan,33,513,4,0.894767165184021,0.37323200702667236
phase_scan,33,514,6,1.110514521598816,0.35399550199508667
phase_scan,33,515,4,0.8946167826652527,0.4432153105735779
phase_scan,33,516,6,1.1144195795059204,0.36755940318107605
phase_scan,33,517,4,0.9083380699157715,0.3725442588329315
phase_scan,33,518,6,1.108902931213379,0.5100849270820618
phase_scan,33,519,4,0.911108672618866,0.42525163292884827
phase_scan,33,520,6,1.0964516401290894,0.24631865322589874
phase_scan,33,521,4,0.8905103802680969,0.5778141617774963
phase_scan,33,522,6,1.1024489402770996,0.4566344916820526
phase_scan,33,523,4,0.8981979489326477,0.5362487435340881
phase_scan,33,524,6,1.1001975536346436,0.21946009993553162
phase_scan,33,525,4,0.8876523971557617,0.34938469529151917
phase_scan,33,526,6,1.116853952407837,0.48000964522361755
phase_scan,33,527,4,0.880099356174469,0.37888795137405396
phase_scan,33,528,6,1.0971041917800903,0.34560051560401917
phase_scan,33,529,4,0.8985401391983032,0.49535420536994934
phase_scan,33,530,6,1.1040064096450806,0.32266953587532043
phase_scan,33,531,4,0.9104100465774536,0.4217554032802582
phase_scan,33,532,6,1.099984884262085,0.2611485719680786
phase_scan,33,533,4,0.879360556602478,0.3168601095676422
phase_scan,33,534,6,1.1097997426986694,0.34781157970428467
phase_scan,33,535,4,0.8868690729141235,0.38817381858825684
phase_scan,33,536,6,1.1036854982376099,0.27551203966140747
phase_scan,33,537,4,0.8964155316352844,0.46533170342445374
phase_scan,33,538,6,1.1044927835464478,0.2817158102989197
phase_scan,33,539,4,0.8965266942977905,0.4200873076915741
phase_scan,33,540,6,1.1145408153533936,0.6253875494003296
phase_scan,33,541,4,0.8808627724647522,0.3442680537700653
phase_scan,33,542,6,1.1024616956710815,0.33049795031547546
phase_scan,33,543,4,0.9047623872756958,0.6474012136459351
phase_scan,33,544,6,1.1053056716918945,0.6006283164024353
phase_scan,33,545,4,0.9102922081947327,0.4796891212463379
phase_scan,33,546,6,1.0945231914520264,0.3995647728443146
phase_scan,33,547,4,0.9038478136062622,0.6570755839347839
phase_scan,33,548,6,1.1087448596954346,0.28621116280555725
phase_scan,33,549,4,0.8967713713645935,0.4391469359397888
phase_scan,33,550,6,1.0956863164901733,0.49956420063972473
phase_scan,33,551,4,0.9032479524612427,0.4314243197441101
phase_scan,33,552,6,1.0936633348464966,0.3378114700317383
phase_scan,33,553,4,0.8885015249252319,0.4072401523590088
phase_scan,33,554,6,1.1045588254928589,0.2832494080066681
phase_scan,33,555,4,0.8649612665176392,0.25028473138809204
phase_scan,33,556,6,1.0974653959274292,0.2463565468788147
phase_scan,33,557,4,0.9005662202835083,0.44186392426490784
phase_scan,33,558,6,1.1047909259796143,0.42749249935150146
phase_scan,33,559,4,0.8787364363670349,0.4354645311832428
phase_scan,33,560,6,1.1110079288482666,0.37026724219322205
phase_scan,33,561,4,0.8964423537254333,0.47621288895606995
phase_scan,33,562,6,1.1099859476089478,0.3009793162345886
phase_scan,33,563,4,0.8828257322311401,0.3782027065753937
phase_scan,33,564,6,1.0919824838638306,0.27112290263175964
phase_scan,33,565,4,0.9059525728225708,0.4774276614189148
phase_scan,33,566,6,1.1059101819992065,0.267162948846817
phase_scan,33,567,4,0.8929160237312317,0.4511898159980774
phase_scan,33,568,6,1.0989683866500854,0.3560776710510254
phase_scan,33,569,4,0.8869233131408691,0.3793134093284607
phase_scan,33,570,6,1.0969077348709106,0.32749536633491516
phase_scan,33,571,4,0.8820316791534424,0.3474184274673462
phase_scan,33,572,6,1.1019670963287354,0.37999871373176575
phase_scan,33,573,4,0.8896499872207642,0.41225484013557434
phase_scan,33,574,6,1.1015324592590332,0.3024504482746124
phase_scan,33,575,4,0.8879716992378235,0.39885082840919495
phase_scan,33,576,6,1.1051284074783325,0.3294484615325928
phase_scan,33,577,4,0.8993714451789856,0.42358848452568054
phase_scan,33,578,6,1.1016567945480347,0.3127455711364746
phase_scan,33,579,4,0.895228922367096,0.4617752134799957
phase_scan,33,580,6,1.1057840585708618,0.34446680545806885
phase_scan,33,581,4,0.8944827318191528,0.48612281680107117
phase_scan,33,582,6,1.0944451093673706,0.27893194556236267
phase_scan,33,583,4,0.8974403142929077,0.4926673173904419
phase_scan,33,584,6,1.1102226972579956,0.5739855170249939
phase_scan,33,585,4,0.9183204174041748,0.47883421182632446
phase_scan,33,586,6,1.1028382778167725,0.3506304919719696
phase_scan,33,587,4,0.8926819562911987,0.4242120087146759
phase_scan,33,588,6,1.104676365852356,0.5871195793151855
phase_scan,33,589,4,0.899222731590271,0.3549782335758209
phase_scan,33,590,6,1.0933442115783691,0.31945937871932983
phase_scan,33,591,4,0.8846230506896973,0.525936484336853
phase_scan,33,592,6,1.1065903902053833,0.4227464199066162
phase_scan,33,593,4,0.9007444977760315,0.4239674210548401
phase_scan,33,594,6,1.0994340181350708,0.3441491723060608
phase_scan,33,595,4,0.9018615484237671,0.4204641282558441
phase_scan,33,596,6,1.0985900163650513,0.2195940464735031
phase_scan,33,597,4,0.8844824433326721,0.4483240842819214
phase_scan,33,598,6,1.111331582069397,0.36921918392181396
phase_scan,33,599,4,0.8940017819404602,0.4565836787223816
phase_scan,33,600,6,1.1082972288131714,0.45130759477615356
phase_scan,33,601,4,0.8842445015907288,0.6948414444923401
phase_scan,33,602,6,1.1138185262680054,0.35064932703971863
phase_scan,33,603,4,0.900038480758667,0.4134334623813629
phase_scan,33,604,6,1.0926717519760132,0.7638134956359863
phase_scan,33,605,4,0.9104387164115906,0.667225182056427
phase_scan,33,606,6,1.0942374467849731,0.6399288177490234
phase_scan,33,607,4,0.8801549673080444,0.31009936332702637
phase_scan,33,608,6,1.1165915727615356,0.8397611975669861
phase_scan,33,609,4,0.871537446975708,0.2453335076570511
phase_scan,33,610,6,1.0974260568618774,0.3299511671066284
phase_scan,33,611,4,0.8937812447547913,0.5489323139190674
phase_scan,33,612,6,1.0929038524627686,0.19385331869125366
phase_scan,33,613,4,0.8989068865776062,0.48674994707107544
phase_scan,33,614,6,1.094413161277771,0.6292821764945984
phase_scan,33,615,4,0.8952891230583191,0.38932451605796814
phase_scan,33,616,6,1.1082267761230469,0.3465064764022827
phase_scan,33,617,4,0.8949142694473267,0.6366079449653625
phase_scan,33,618,6,1.1084928512573242,0.26636508107185364
phase_scan,33,619,4,0.8737133741378784,0.31249889731407166
phase_scan,33,620,6,1.10419762134552,0.47449371218681335
phase_scan,33,621,4,0.910874605178833,0.6401145458221436
phase_scan,33,622,6,1.1056652069091797,0.37448957562446594
phase_scan,33,623,4,0.8761709928512573,0.49256259202957153
phase_scan,33,624,6,1.101177453994751,0.3455686569213867
phase_scan,33,625,4,0.89584881067276,0.36283183097839355
phase_scan,33,626,6,1.0974411964416504,0.2526439428329468
phase_scan,33,627,4,0.8969765901565552,0.40997204184532166
phase_scan,33,628,6,1.104535460472107,0.28901979327201843
phase_scan,33,629,4,0.8906067609786987,0.3077370226383209
phase_scan,33,630,6,1.1007381677627563,0.2743384838104248
phase_scan,33,631,4,0.8964380025863647,0.3490654528141022
phase_scan,33,632,6,1.0976498126983643,0.37894752621650696
phase_scan,33,633,4,0.8818061947822571,0.4321444034576416
phase_scan,33,634,6,1.0911048650741577,0.2608025372028351
phase_scan,33,635,4,0.8893561363220215,0.46157774329185486
phase_scan,33,636,6,1.0970113277435303,0.3652655780315399
phase_scan,33,637,4,0.9003701210021973,0.4644855558872223
phase_scan,33,638,6,1.0972744226455688,0.3242490589618683
phase_scan,33,639,4,0.8796969056129456,0.35210520029067993
phase_scan,33,640,6,1.106135368347168,0.7851203083992004
phase_scan,33,641,4,0.8970530033111572,0.4135671555995941
phase_scan,33,642,6,1.0895885229110718,0.36688515543937683
phase_scan,33,643,4,0.9004181027412415,0.7507749795913696
phase_scan,33,644,6,1.1037973165512085,0.5215344429016113
phase_scan,33,645,4,0.8976815938949585,0.4989534914493561
phase_scan,33,646,6,1.095508098602295,0.4697572588920593
phase_scan,33,647,4,0.9003540277481079,0.8202707767486572
phase_scan,33,648,6,1.1264334917068481,0.45394134521484375
phase_scan,33,649,4,0.8824058771133423,0.3657531142234802
phase_scan,33,650,6,1.1169514656066895,0.6062400937080383
phase_scan,33,651,4,0.869541347026825,0.3357411324977875
phase_scan,33,652,6,1.0928107500076294,0.4092496335506439
phase_scan,33,653,4,0.9172072410583496,0.6854174137115479
phase_scan,33,654,6,1.088492512702942,0.2013591080904007
phase_scan,33,655,4,0.9043555855751038,0.43715426325798035
phase_scan,33,656,6,1.100427508354187,0.5833207964897156
phase_scan,33,657,4,0.875541627407074,0.3244548439979553
phase_scan,33,658,6,1.0953172445297241,0.30692335963249207
phase_scan,33,659,4,0.8898520469665527,0.4868776798248291
phase_scan,33,660,6,1.0910593271255493,0.18320412933826447
phase_scan,33,661,4,0.8791977763175964,0.3123071491718292
phase_scan,33,662,6,1.0912138223648071,0.4155515134334564
phase_scan,33,663,4,0.8794900178909302,0.48316484689712524
phase_scan,33,664,6,1.0991694927215576,0.28337985277175903
phase_scan,33,665,4,0.8898874521255493,0.4496869742870331
phase_scan,33,666,6,1.1004854440689087,0.33426833152770996
phase_scan,33,667,4,0.9006548523902893,0.39682990312576294
phase_scan,33,668,6,1.1040102243423462,0.35078275203704834
phase_scan,33,669,4,0.9043329358100891,0.5126782059669495
phase_scan,33,670,6,1.0834261178970337,0.3936510980129242
phase_scan,33,671,4,0.8892121911048889,0.39643654227256775
phase_scan,33,672,6,1.0966154336929321,0.2769519090652466
phase_scan,33,673,4,0.8710676431655884,0.45554235577583313
phase_scan,33,674,6,1.099102258682251,0.43192407488822937
phase_scan,33,675,4,0.9123604893684387,0.61744624376297
phase_scan,33,676,6,1.0845602750778198,0.2806173861026764
phase_scan,33,677,4,0.887717068195343,0.5249985456466675
phase_scan,33,678,6,1.0852084159851074,0.22024297714233398
phase_scan,33,679,4,0.8955363631248474,0.4364485442638397
phase_scan,33,680,6,1.109509825706482,0.5927691459655762
phase_scan,33,681,4,0.8930659294128418,0.5395599603652954
phase_scan,33,682,6,1.0826120376586914,0.19140321016311646
phase_scan,33,683,4,0.884773850440979,0.5238022804260254
phase_scan,33,684,6,1.0972959995269775,0.5456151366233826
phase_scan,33,685,4,0.8863317966461182,0.36453238129615784
phase_scan,33,686,6,1.0969773530960083,0.2746815085411072
phase_scan,33,687,4,0.8893063068389893,0.36374637484550476
phase_scan,33,688,6,1.0971113443374634,0.3407776951789856
phase_scan,33,689,4,0.8868284225463867,0.4348701238632202
phase_scan,33,690,6,1.0983822345733643,0.26256734132766724
phase_scan,33,691,4,0.8765105605125427,0.33052462339401245
phase_scan,33,692,6,1.0935704708099365,0.32967135310173035
phase_scan,33,693,4,0.8817974328994751,0.3708028495311737
phase_scan,33,694,6,1.0993510484695435,0.2685031294822693
phase_scan,33,695,4,0.8895101547241211,0.4168083369731903
phase_scan,33,696,6,1.0952547788619995,0.22554677724838257
phase_scan,33,697,4,0.888407289981842,0.4320770800113678
phase_scan,33,698,6,1.0889477729797363,0.4806697964668274
phase_scan,33,699,4,0.8657964468002319,0.3494628369808197
phase_scan,33,700,6,1.095349907875061,0.2750275433063507
phase_scan,33,701,4,0.8759215474128723,0.3761131763458252
phase_scan,33,702,6,1.0904017686843872,0.4353514313697815
phase_scan,33,703,4,0.879573404788971,0.31707680225372314
phase_scan,33,704,6,1.0907642841339111,0.2878224551677704
phase_scan,33,705,4,0.8661032319068909,0.3610861599445343
phase_scan,33,706,6,1.0867056846618652,0.27157992124557495
phase_scan,33,707,4,0.8770507574081421,0.3473854660987854
phase_scan,33,708,6,1.1061679124832153,0.49476349353790283
phase_scan,33,709,4,0.9003192186355591,0.46745240688323975
phase_scan,33,710,6,1.098901629447937,0.3845769464969635
phase_scan,33,711,4,0.8809046149253845,0.33665716648101807
phase_scan,33,712,6,1.0968753099441528,0.6185828447341919
phase_scan,33,713,4,0.9028480648994446,0.4429081976413727
phase_scan,33,714,6,1.0911850929260254,0.2795306146144867
phase_scan,33,715,4,0.9078294634819031,0.5792288780212402
phase_scan,33,716,6,1.0927951335906982,0.3033176064491272
phase_scan,33,717,4,0.8924565315246582,0.5464298129081726
phase_scan,33,718,6,1.0938376188278198,0.33915191888809204
phase_scan,33,719,4,0.8611055016517639,0.30296656489372253
phase_scan,33,720,6,1.0961724519729614,0.3155047297477722
phase_scan,33,721,4,0.9176039099693298,0.47783026099205017
phase_scan,33,722,6,1.1032134294509888,0.3573775887489319
phase_scan,33,723,4,0.8867907524108887,0.4177228808403015
phase_scan,33,724,6,1.090252161026001,0.43673351407051086
phase_scan,33,725,4,0.8909659385681152,0.4096662104129791
phase_scan,33,726,6,1.1030160188674927,0.3368586003780365
phase_scan,33,727,4,0.8913998007774353,0.3910207152366638
phase_scan,33,728,6,1.0928477048873901,0.23007147014141083
phase_scan,33,729,4,0.8805269002914429,0.28625139594078064
phase_scan,33,730,6,1.0939531326293945,0.2836458384990692
phase_scan,33,731,4,0.8812191486358643,0.4466223418712616
phase_scan,33,732,6,1.0959089994430542,0.2898578941822052
phase_scan,33,733,4,0.8978617191314697,0.4771500527858734
phase_scan,33,734,6,1.1031233072280884,0.351237952709198
phase_scan,33,735,4,0.9087167382240295,0.4460425078868866
phase_scan,33,736,6,1.1059379577636719,0.43577468395233154
phase_scan,33,737,4,0.9052438139915466,0.4784003794193268
phase_scan,33,738,6,1.1010822057724,0.2518729865550995
phase_scan,33,739,4,0.8910579681396484,0.35788360238075256
phase_scan,33,740,6,1.1005362272262573,0.6143743395805359
phase_scan,33,741,4,0.8726303577423096,0.46632489562034607
phase_scan,33,742,6,1.0887521505355835,0.2903554439544678
phase_scan,33,743,4,0.8857901096343994,0.41994091868400574
phase_scan,33,744,6,1.0923575162887573,0.47331345081329346
phase_scan,33,745,4,0.895463228225708,0.5152703523635864
phase_scan,33,746,6,1.0918011665344238,0.26408037543296814
phase_scan,33,747,4,0.8626822829246521,0.30738598108291626
phase_scan,33,748,6,1.0940070152282715,0.4974668025970459
phase_scan,33,749,4,0.8759897947311401,0.31818297505378723
phase_scan,33,750,6,1.0908913612365723,0.3171144723892212
phase_scan,33,751,4,0.8877716660499573,0.595973014831543
phase_scan,33,752,6,1.0976392030715942,0.2938234210014343
phase_scan,33,753,4,0.8700128793716431,0.28047898411750793
phase_scan,33,754,6,1.0977184772491455,0.5077025294303894
phase_scan,33,755,4,0.8919039368629456,0.6706723570823669
phase_scan,33,756,6,1.0771872997283936,0.22391964495182037
phase_scan,33,757,4,0.8658767342567444,0.2956509292125702
phase_scan,33,758,6,1.0924569368362427,0.607195258140564
phase_scan,33,759,4,0.8902769088745117,0.6283067464828491
phase_scan,33,760,6,1.0900989770889282,0.302528440952301
phase_scan,33,761,4,0.8731976747512817,0.32155466079711914
phase_scan,33,762,6,1.0880627632141113,0.4694221317768097
phase_scan,33,763,4,0.8888416290283203,0.48406240344047546
phase_scan,33,764,6,1.1000144481658936,0.3667595088481903
phase_scan,33,765,4,0.8897280097007751,0.3916354179382324
phase_scan,33,766,6,1.0834170579910278,0.24257558584213257
phase_scan,33,767,4,0.8757914304733276,0.3219544291496277
phase_scan,33,768,6,1.0903226137161255,0.3694436252117157
phase_scan,33,769,4,0.8793674111366272,0.34594807028770447
phase_scan,33,770,6,1.1023564338684082,0.581565260887146
phase_scan,33,771,4,0.8998292088508606,0.7376107573509216
phase_scan,33,772,6,1.0838974714279175,0.208358034491539
phase_scan,33,773,4,0.8780142664909363,0.5407608151435852
phase_scan,33,774,6,1.1046699285507202,0.6054494976997375
phase_scan,33,775,4,0.8690961599349976,0.47525686025619507
phase_scan,33,776,6,1.092560887336731,0.4197773039340973
phase_scan,33,777,4,0.8780726194381714,0.42093944549560547
phase_scan,33,778,6,1.0893189907073975,0.4845740795135498
phase_scan,33,779,4,0.8850547671318054,0.39434465765953064
phase_scan,33,780,6,1.097263216972351,0.2822781503200531
phase_scan,33,781,4,0.9093153476715088,0.6268795728683472
phase_scan,33,782,6,1.0961707830429077,0.3669596314430237
phase_scan,33,783,4,0.8975537419319153,0.44445714354515076
phase_scan,33,784,6,1.0800213813781738,0.23166523873806
phase_scan,33,785,4,0.8929616808891296,0.42451396584510803
phase_scan,33,786,6,1.0902718305587769,0.24474698305130005
phase_scan,33,787,4,0.8747955560684204,0.409088671207428
phase_scan,33,788,6,1.0931459665298462,0.5347439646720886
phase_scan,33,789,4,0.8785451650619507,0.6149100065231323
phase_scan,33,790,6,1.094953179359436,0.4793245494365692
phase_scan,33,791,4,0.8888424038887024,0.49737611413002014
phase_scan,33,792,6,1.1194759607315063,1.1237858533859253
phase_scan,33,793,4,0.8871093392372131,0.43373456597328186
phase_scan,33,794,6,1.1171342134475708,0.8367096185684204
phase_scan,33,795,4,0.8894795775413513,0.4230667054653168
phase_scan,33,796,6,1.0980687141418457,0.766636312007904
phase_scan,33,797,4,0.8771613240242004,0.347137987613678
phase_scan,33,798,6,1.0839518308639526,0.3151344358921051
phase_scan,33,799,4,0.87493896484375,0.5918381810188293
phase_scan,33,800,6,1.0799516439437866,0.3441733419895172
phase_scan,33,801,4,0.8700924515724182,0.43589314818382263
phase_scan,33,802,6,1.0895472764968872,0.6513659358024597
phase_scan,33,803,4,0.8880100250244141,0.7122832536697388
phase_scan,33,804,6,1.080213189125061,0.4568351209163666
phase_scan,33,805,4,0.8695144057273865,0.500008225440979
phase_scan,33,806,6,1.0913739204406738,0.8979727625846863
phase_scan,33,807,4,0.8858156800270081,0.47621965408325195
phase_scan,33,808,6,1.0927373170852661,0.5301272869110107
phase_scan,33,809,4,0.9019156098365784,0.5181635618209839
phase_scan,33,810,6,1.090032935142517,0.31749963760375977
phase_scan,33,811,4,0.8872736692428589,0.4700031876564026
phase_scan,33,812,6,1.0990980863571167,0.45683905482292175
phase_scan,33,813,4,0.8906194567680359,0.5485368967056274
phase_scan,33,814,6,1.0986390113830566,0.5412414073944092
phase_scan,33,815,4,0.8795180320739746,0.40674710273742676
phase_scan,33,816,6,1.1044249534606934,0.6363375186920166
phase_scan,33,817,4,0.8964211344718933,0.5548550486564636
phase_scan,33,818,6,1.0913151502609253,0.3417055308818817
phase_scan,33,819,4,0.8647840023040771,0.3042490780353546
phase_scan,33,820,6,1.0948553085327148,0.33353033661842346
phase_scan,33,821,4,0.9072189927101135,0.5739074945449829
phase_scan,33,822,6,1.0923919677734375,0.3328094780445099
phase_scan,33,823,4,0.8906980156898499,0.4397984743118286
phase_scan,33,824,6,1.0923482179641724,0.22948941588401794
phase_scan,33,825,4,0.8887484073638916,0.383467435836792
phase_scan,33,826,6,1.1110285520553589,0.527432918548584
phase_scan,33,827,4,0.8777934312820435,0.3125744163990021
phase_scan,33,828,6,1.105130672454834,0.3620593249797821
phase_scan,33,829,4,0.8829786777496338,0.4501110315322876
phase_scan,33,830,6,1.0954586267471313,0.2842864394187927
phase_scan,33,831,4,0.8996158242225647,0.44256678223609924
phase_scan,33,832,6,1.100671648979187,0.7097331881523132
phase_scan,33,833,4,0.8803561925888062,0.34104153513908386
phase_scan,33,834,6,1.0928417444229126,0.39340534806251526
phase_scan,33,835,4,0.8661682605743408,0.30087950825691223
phase_scan,33,836,6,1.084384560585022,0.28811967372894287
phase_scan,33,837,4,0.8957483768463135,0.3724915385246277
phase_scan,33,838,6,1.09255051612854,0.46782270073890686
phase_scan,33,839,4,0.87413090467453,0.4405882954597473
phase_scan,33,840,6,1.0903161764144897,0.40506935119628906
phase_scan,33,841,4,0.8849818706512451,0.38074246048927307
phase_scan,33,842,6,1.0991387367248535,0.7497854828834534
phase_scan,33,843,4,0.8827584981918335,0.33886411786079407
phase_scan,33,844,6,1.0908900499343872,0.32286402583122253
phase_scan,33,845,4,0.8792105913162231,0.44076114892959595
phase_scan,33,846,6,1.093695878982544,0.5961443185806274
phase_scan,33,847,4,0.8733580112457275,0.3107817471027374
phase_scan,33,848,6,1.078719973564148,0.31488871574401855
phase_scan,33,849,4,0.8640148043632507,0.315675288438797
phase_scan,33,850,6,1.0751193761825562,0.4120328426361084
phase_scan,33,851,4,0.8957943320274353,0.4626629948616028
phase_scan,33,852,6,1.0903122425079346,0.24432684481143951
phase_scan,33,853,4,0.8872648477554321,0.5137841105461121
phase_scan,33,854,6,1.0879336595535278,0.37308964133262634
phase_scan,33,855,4,0.8585085272789001,0.27247148752212524
phase_scan,33,856,6,1.0860663652420044,0.6081556677818298
phase_scan,33,857,4,0.8849497437477112,0.42646220326423645
phase_scan,33,858,6,1.0888360738754272,0.256020724773407
phase_scan,33,859,4,0.8976643681526184,0.4989078938961029
phase_scan,33,860,6,1.0927934646606445,0.22598399221897125
phase_scan,33,861,4,0.8633003830909729,0.2642194926738739
phase_scan,33,862,6,1.0915290117263794,0.5085164308547974
phase_scan,33,863,4,0.8768811821937561,0.3861980438232422
phase_scan,33,864,6,1.086978793144226,0.3031303286552429
phase_scan,33,865,4,0.8628619313240051,0.4207298159599304
phase_scan,33,866,6,1.0967351198196411,0.47688284516334534
phase_scan,33,867,4,0.8819618821144104,0.4350835084915161
phase_scan,33,868,6,1.0887372493743896,0.4601651132106781
phase_scan,33,869,4,0.8817044496536255,0.5408754944801331
phase_scan,33,870,6,1.0791575908660889,0.3332696855068207
phase_scan,33,871,4,0.863344132900238,0.2841951847076416
phase_scan,33,872,6,1.0922178030014038,0.6603278517723083
phase_scan,33,873,4,0.8785116076469421,0.47199785709381104
phase_scan,33,874,6,1.0915321111679077,0.5242142081260681
phase_scan,33,875,4,0.8570817708969116,0.33096975088119507
phase_scan,33,876,6,1.0926200151443481,0.5770787596702576
phase_scan,33,877,4,0.8667622804641724,0.33728259801864624
phase_scan,33,878,6,1.1110203266143799,0.4352746903896332
phase_scan,33,879,4,0.8779954314231873,0.5531730055809021
phase_scan,33,880,6,1.080004334449768,0.43286845088005066
phase_scan,33,881,4,0.8746197819709778,0.4518950879573822
phase_scan,33,882,6,1.0883458852767944,0.49562591314315796
phase_scan,33,883,4,0.8853210210800171,0.5156515836715698
phase_scan,33,884,6,1.0916274785995483,0.3769817352294922
phase_scan,33,885,4,0.875494658946991,0.5456820130348206
phase_scan,33,886,6,1.1041512489318848,0.6327237486839294
phase_scan,33,887,4,0.8871651291847229,0.41041988134384155
phase_scan,33,888,6,1.0784796476364136,0.2733568847179413
phase_scan,33,889,4,0.8752960562705994,0.5603533387184143
phase_scan,33,890,6,1.0849970579147339,0.3964046537876129
phase_scan,33,891,4,0.8701352477073669,0.3657952845096588
phase_scan,33,892,6,1.087677240371704,0.5472302436828613
phase_scan,33,893,4,0.879711389541626,0.3944334387779236
phase_scan,33,894,6,1.0950545072555542,0.5254096984863281
phase_scan,33,895,4,0.8732684254646301,0.3328767716884613
phase_scan,33,896,6,1.09077787399292,0.5306177735328674
phase_scan,33,897,4,0.876115083694458,0.5474041104316711
phase_scan,33,898,6,1.0787876844406128,0.2765837013721466
phase_scan,33,899,4,0.8758947253227234,0.3153434991836548
phase_scan,33,900,6,1.0912622213363647,0.39324620366096497
phase_scan,44,1,4,1.4008522033691406,2.0598297119140625
phase_scan,44,2,6,1.772159218788147,3.583857774734497
phase_scan,44,3,4,1.513365626335144,0.7714927792549133
phase_scan,44,4,6,1.718611717224121,0.6406060457229614
phase_scan,44,5,4,1.4924044609069824,0.5500476956367493
phase_scan,44,6,6,1.7173757553100586,0.7577353119850159
phase_scan,44,7,4,1.497137188911438,0.6261847019195557
phase_scan,44,8,6,1.6694167852401733,0.5371090769767761
phase_scan,44,9,4,1.4268680810928345,0.3330964148044586
phase_scan,44,10,6,1.6604610681533813,0.27023378014564514
phase_scan,44,11,4,1.434452772140503,0.25867387652397156
phase_scan,44,12,6,1.6433725357055664,0.1611444652080536
phase_scan,44,13,4,1.4174784421920776,0.09242592751979828
phase_scan,44,14,6,1.6403875350952148,0.09861493855714798
phase_scan,44,15,4,1.4063464403152466,0.0737818107008934
phase_scan,44,16,6,1.6394017934799194,0.07148927450180054
phase_scan,44,17,4,1.4112372398376465,0.07563126087188721
phase_scan,44,18,6,1.6361206769943237,0.07334897667169571
phase_scan,44,19,4,1.4095402956008911,0.06372856348752975
phase_scan,44,20,6,1.6397199630737305,0.05074332281947136
phase_scan,44,21,4,1.4126087427139282,0.05429130420088768
phase_scan,44,22,6,1.6405149698257446,0.045076001435518265
phase_scan,44,23,4,1.4126595258712769,0.04402335360646248
phase_scan,44,24,6,1.635027527809143,0.04603525996208191
phase_scan,44,25,4,1.4135085344314575,0.05700378865003586
phase_scan,44,26,6,1.635986328125,0.035899173468351364
phase_scan,44,27,4,1.4101645946502686,0.03973132744431496
phase_scan,44,28,6,1.6355153322219849,0.04718070849776268
phase_scan,44,29,4,1.4111340045928955,0.048770833760499954
phase_scan,44,30,6,1.638067364692688,0.03226468712091446
phase_scan,44,31,4,1.412428617477417,0.04187896475195885
phase_scan,44,32,6,1.6370259523391724,0.037979092448949814
phase_scan,44,33,4,1.4136756658554077,0.04181227460503578
phase_scan,44,34,6,1.6379895210266113,0.03210096061229706
phase_scan,44,35,4,1.4138875007629395,0.058235108852386475
phase_scan,44,36,6,1.6379586458206177,0.032678812742233276
phase_scan,44,37,4,1.412002682685852,0.0344817079603672
phase_scan,44,38,6,1.637147307395935,0.033256009221076965
phase_scan,44,39,4,1.4101041555404663,0.03844349458813667
phase_scan,44,40,6,1.6351970434188843,0.0384628102183342
phase_scan,44,41,4,1.413745403289795,0.050225455313920975
phase_scan,44,42,6,1.6367393732070923,0.032412488013505936
phase_scan,44,43,4,1.4116644859313965,0.027529364451766014
phase_scan,44,44,6,1.6368275880813599,0.03498680517077446
phase_scan,44,45,4,1.4124367237091064,0.04728948324918747
phase_scan,44,46,6,1.6353999376296997,0.030196063220500946
phase_scan,44,47,4,1.411474585533142,0.04497229680418968
phase_scan,44,48,6,1.6380571126937866,0.035094548016786575
phase_scan,44,49,4,1.4131340980529785,0.04409323260188103
phase_scan,44,50,6,1.6351237297058105,0.03676505386829376
phase_scan,44,51,4,1.4113930463790894,0.03027818351984024
phase_scan,44,52,6,1.6384652853012085,0.03961846977472305
phase_scan,44,53,4,1.4128843545913696,0.028870489448308945
phase_scan,44,54,6,1.6385024785995483,0.034572675824165344
phase_scan,44,55,4,1.4105589389801025,0.03741397708654404
phase_scan,44,56,6,1.6366280317306519,0.0363273024559021
phase_scan,44,57,4,1.4115843772888184,0.033858124166727066
phase_scan,44,58,6,1.6355971097946167,0.03146936371922493
phase_scan,44,59,4,1.4111816883087158,0.03680650144815445
phase_scan,44,60,6,1.637342929840088,0.0243027675896883
phase_scan,44,61,4,1.410102367401123,0.03500746563076973
phase_scan,44,62,6,1.6381465196609497,0.03296614810824394
phase_scan,44,63,4,1.4106494188308716,0.03080062009394169
phase_scan,44,64,6,1.6373944282531738,0.02966001257300377
phase_scan,44,65,4,1.4115508794784546,0.04402810335159302
phase_scan,44,66,6,1.6391853094100952,0.03714141994714737
phase_scan,44,67,4,1.4113057851791382,0.032149557024240494
phase_scan,44,68,6,1.6355818510055542,0.029326366260647774
phase_scan,44,69,4,1.4127345085144043,0.03797971457242966
phase_scan,44,70,6,1.6360944509506226,0.02213965728878975
phase_scan,44,71,4,1.411155343055725,0.037325140088796616
phase_scan,44,72,6,1.6356582641601562,0.04100450873374939
phase_scan,44,73,4,1.4120912551879883,0.02441531978547573
phase_scan,44,74,6,1.6372929811477661,0.028063835576176643
phase_scan,44,75,4,1.4126955270767212,0.028058117255568504
phase_scan,44,76,6,1.637513518333435,0.03146424517035484
phase_scan,44,77,4,1.4113045930862427,0.037516992539167404
phase_scan,44,78,6,1.638562798500061,0.03846350684762001
phase_scan,44,79,4,1.410752296447754,0.03959017992019653
phase_scan,44,80,6,1.6396499872207642,0.035288795828819275
phase_scan,44,81,4,1.4121044874191284,0.034644145518541336
phase_scan,44,82,6,1.635697841644287,0.030462535098195076
phase_scan,44,83,4,1.410974144935608,0.033560752868652344
phase_scan,44,84,6,1.635757565498352,0.03229779377579689
phase_scan,44,85,4,1.4124401807785034,0.035575609654188156
phase_scan,44,86,6,1.6370009183883667,0.02250318042933941
phase_scan,44,87,4,1.4121609926223755,0.03847470134496689
phase_scan,44,88,6,1.6402188539505005,0.031970128417015076
phase_scan,44,89,4,1.4121456146240234,0.032367754727602005
phase_scan,44,90,6,1.6348198652267456,0.031683214008808136
phase_scan,44,91,4,1.412847638130188,0.03371644392609596
phase_scan,44,92,6,1.6361528635025024,0.03656286001205444
phase_scan,44,93,4,1.4113627672195435,0.03516250476241112
phase_scan,44,94,6,1.6360241174697876,0.027667364105582237
phase_scan,44,95,4,1.4116562604904175,0.03377746418118477
phase_scan,44,96,6,1.6355074644088745,0.03317486122250557
phase_scan,44,97,4,1.4075510501861572,0.04256826266646385
phase_scan,44,98,6,1.6365966796875,0.03035202994942665
phase_scan,44,99,4,1.409966230392456,0.03874146565794945
phase_scan,44,100,6,1.6360340118408203,0.03660925477743149
phase_scan,44,101,4,1.4104375839233398,0.036662545055150986
phase_scan,44,102,6,1.6351981163024902,0.032692018896341324
phase_scan,44,103,4,1.4112850427627563,0.03737831860780716
phase_scan,44,104,6,1.6327837705612183,0.04338420554995537
phase_scan,44,105,4,1.4138623476028442,0.04440475255250931
phase_scan,44,106,6,1.6362947225570679,0.028322763741016388
phase_scan,44,107,4,1.4103913307189941,0.03329610079526901
phase_scan,44,108,6,1.6357671022415161,0.026492096483707428
phase_scan,44,109,4,1.411281704902649,0.03674539923667908
phase_scan,44,110,6,1.6350191831588745,0.034193918108940125
phase_scan,44,111,4,1.4146242141723633,0.04094688594341278
phase_scan,44,112,6,1.6355314254760742,0.030257059261202812
phase_scan,44,113,4,1.4107568264007568,0.032362718135118484
phase_scan,44,114,6,1.6311535835266113,0.04648802801966667
phase_scan,44,115,4,1.4114112854003906,0.04721542075276375
phase_scan,44,116,6,1.6355153322219849,0.03841197118163109
phase_scan,44,117,4,1.4149330854415894,0.04999350383877754
phase_scan,44,118,6,1.6374564170837402,0.032114915549755096
phase_scan,44,119,4,1.4090795516967773,0.047692205756902695
phase_scan,44,120,6,1.6373558044433594,0.03206406161189079
phase_scan,44,121,4,1.4124497175216675,0.0454174168407917
phase_scan,44,122,6,1.6390377283096313,0.03780358284711838
phase_scan,44,123,4,1.4143153429031372,0.04838527739048004
phase_scan,44,124,6,1.6363006830215454,0.03890285640954971
phase_scan,44,125,4,1.4122655391693115,0.03760099411010742
phase_scan,44,126,6,1.6381597518920898,0.03695209324359894
phase_scan,44,127,4,1.416847825050354,0.05311860889196396
phase_scan,44,128,6,1.6350626945495605,0.03447846695780754
phase_scan,44,129,4,1.407312273979187,0.05452951416373253
phase_scan,44,130,6,1.633594036102295,0.04090879485011101
phase_scan,44,131,4,1.413731336593628,0.04044541344046593
phase_scan,44,132,6,1.632418155670166,0.04502968117594719
phase_scan,44,133,4,1.4106407165527344,0.05031604692339897
phase_scan,44,134,6,1.631618618965149,0.036325931549072266
phase_scan,44,135,4,1.4099477529525757,0.05236183851957321
phase_scan,44,136,6,1.6324535608291626,0.04322770610451698
phase_scan,44,137,4,1.4140019416809082,0.05413246154785156
phase_scan,44,138,6,1.6361888647079468,0.03990683704614639
phase_scan,44,139,4,1.4186738729476929,0.06189168989658356
phase_scan,44,140,6,1.6403732299804688,0.05075379088521004
phase_scan,44,141,4,1.411123514175415,0.04737665131688118
phase_scan,44,142,6,1.6374019384384155,0.052064646035432816
phase_scan,44,143,4,1.410860300064087,0.058990079909563065
phase_scan,44,144,6,1.6354479789733887,0.04720044508576393
phase_scan,44,145,4,1.4122121334075928,0.05362771078944206
phase_scan,44,146,6,1.641668438911438,0.048085421323776245
phase_scan,44,147,4,1.4126224517822266,0.07350904494524002
phase_scan,44,148,6,1.6321457624435425,0.055003970861434937
phase_scan,44,149,4,1.4093350172042847,0.05272422358393669
phase_scan,44,150,6,1.6372383832931519,0.05350074917078018
phase_scan,44,151,4,1.4080076217651367,0.05728112533688545
phase_scan,44,152,6,1.6381617784500122,0.042581308633089066
phase_scan,44,153,4,1.4090633392333984,0.06801747530698776
phase_scan,44,154,6,1.633545994758606,0.040261685848236084
phase_scan,44,155,4,1.409159541130066,0.059609513729810715
phase_scan,44,156,6,1.6329892873764038,0.04044235497713089
phase_scan,44,157,4,1.4126635789871216,0.07123858481645584
phase_scan,44,158,6,1.6353663206100464,0.04156875982880592
phase_scan,44,159,4,1.4122782945632935,0.06111035868525505
phase_scan,44,160,6,1.634529948234558,0.06677807867527008
phase_scan,44,161,4,1.4094319343566895,0.057469386607408524
phase_scan,44,162,6,1.631991982460022,0.06284606456756592
phase_scan,44,163,4,1.41037118434906,0.09039963036775589
phase_scan,44,164,6,1.6313978433609009,0.06748785823583603
phase_scan,44,165,4,1.3987703323364258,0.10912656784057617
phase_scan,44,166,6,1.6233010292053223,0.12755481898784637
phase_scan,44,167,4,1.3948580026626587,0.185908243060112
phase_scan,44,168,6,1.598798155784607,0.23197689652442932
phase_scan,44,169,4,1.4226579666137695,0.19130276143550873
phase_scan,44,170,6,1.6276582479476929,0.2035360485315323
phase_scan,44,171,4,1.3931673765182495,0.29547786712646484
phase_scan,44,172,6,1.6196500062942505,0.6128368973731995
phase_scan,44,173,4,1.3822002410888672,0.7528694272041321
phase_scan,44,174,6,1.599239468574524,0.48706066608428955
phase_scan,44,175,4,1.3755077123641968,0.6186670660972595
phase_scan,44,176,6,1.6498583555221558,2.2125134468078613
phase_scan,44,177,4,1.4681522846221924,0.6711164712905884
phase_scan,44,178,6,1.6492209434509277,0.6051343679428101
phase_scan,44,179,4,1.3753453493118286,0.7668837308883667
phase_scan,44,180,6,1.5987650156021118,0.39000728726387024
phase_scan,44,181,4,1.3870835304260254,0.39808517694473267
phase_scan,44,182,6,1.6208816766738892,0.2288491576910019
phase_scan,44,183,4,1.3952213525772095,0.247158944606781
phase_scan,44,184,6,1.6201287508010864,0.28160232305526733
phase_scan,44,185,4,1.3432271480560303,0.4734220504760742
phase_scan,44,186,6,1.6004481315612793,0.3020808696746826
phase_scan,44,187,4,1.3827646970748901,0.5764153599739075
phase_scan,44,188,6,1.6279516220092773,0.8126599192619324
phase_scan,44,189,4,1.3954976797103882,0.47101646661758423
phase_scan,44,190,6,1.5964068174362183,0.3117349147796631
phase_scan,44,191,4,1.4077441692352295,0.30794766545295715
phase_scan,44,192,6,1.5988713502883911,0.31010791659355164
phase_scan,44,193,4,1.376021385192871,0.32718753814697266
phase_scan,44,194,6,1.590554118156433,0.3412172198295593
phase_scan,44,195,4,1.3592009544372559,0.21573299169540405
phase_scan,44,196,6,1.5483893156051636,0.21149685978889465
phase_scan,44,197,4,1.3324553966522217,0.38886600732803345
phase_scan,44,198,6,1.5446075201034546,0.448199599981308
phase_scan,44,199,4,1.3012480735778809,0.7164819240570068
phase_scan,44,200,6,1.5080558061599731,2.008997917175293
phase_scan,44,201,4,1.329300880432129,1.0580626726150513
phase_scan,44,202,6,1.496679425239563,0.3947179317474365
phase_scan,44,203,4,1.2899776697158813,1.2905607223510742
phase_scan,44,204,6,1.5161638259887695,0.8564086556434631
phase_scan,44,205,4,1.2188265323638916,0.7827763557434082
phase_scan,44,206,6,1.5247517824172974,0.6996495723724365
phase_scan,44,207,4,1.2732988595962524,0.9724771976470947
phase_scan,44,208,6,1.5074187517166138,0.7130534052848816
phase_scan,44,209,4,1.2600294351577759,0.7482962608337402
phase_scan,44,210,6,1.522917628288269,0.5613387823104858
phase_scan,44,211,4,1.2911109924316406,0.3895356357097626
phase_scan,44,212,6,1.4952597618103027,0.49996113777160645
phase_scan,44,213,4,1.2510952949523926,0.9883466362953186
phase_scan,44,214,6,1.4532356262207031,0.7470492124557495
phase_scan,44,215,4,1.153813123703003,1.120593786239624
phase_scan,44,216,6,1.486150860786438,1.1837778091430664
phase_scan,44,217,4,1.2679388523101807,0.8015890121459961
phase_scan,44,218,6,1.4319041967391968,0.8174923658370972
phase_scan,44,219,4,1.2172480821609497,0.5503201484680176
phase_scan,44,220,6,1.3738913536071777,0.8484254479408264
phase_scan,44,221,4,1.1955277919769287,0.6442343592643738
phase_scan,44,222,6,1.3793936967849731,0.5130249857902527
phase_scan,44,223,4,1.1651992797851562,0.5786969065666199
phase_scan,44,224,6,1.3872524499893188,1.3023345470428467
phase_scan,44,225,4,1.142927885055542,1.0562281608581543
phase_scan,44,226,6,1.3998461961746216,0.5310224294662476
phase_scan,44,227,4,1.1577045917510986,0.6061743497848511
phase_scan,44,228,6,1.3792219161987305,0.42983052134513855
phase_scan,44,229,4,1.1546992063522339,0.611474335193634
phase_scan,44,230,6,1.3917808532714844,0.4747227430343628
phase_scan,44,231,4,1.1377074718475342,0.4137827754020691
phase_scan,44,232,6,1.3409286737442017,0.8724943995475769
phase_scan,44,233,4,1.0652492046356201,0.6533488035202026
phase_scan,44,234,6,1.3421648740768433,0.7757983803749084
phase_scan,44,235,4,1.0892388820648193,0.7004086375236511
phase_scan,44,236,6,1.2995588779449463,0.49940863251686096
phase_scan,44,237,4,1.0795899629592896,0.6115447282791138
phase_scan,44,238,6,1.251976728439331,0.3778420388698578
phase_scan,44,239,4,1.026356816291809,0.5636887550354004
phase_scan,44,240,6,1.303139567375183,0.3373403549194336
phase_scan,44,241,4,1.0676504373550415,0.7529823184013367
phase_scan,44,242,6,1.2516058683395386,0.396435409784317
phase_scan,44,243,4,1.0732994079589844,0.5137507319450378
phase_scan,44,244,6,1.2366527318954468,0.3856395483016968
phase_scan,44,245,4,1.0426771640777588,0.7341775298118591
phase_scan,44,246,6,1.2420737743377686,0.49766430258750916
phase_scan,44,247,4,1.085318684577942,0.5272498726844788
phase_scan,44,248,6,1.261359453201294,0.38317230343818665
phase_scan,44,249,4,1.0129501819610596,0.4273107647895813
phase_scan,44,250,6,1.208202838897705,0.39117544889450073
phase_scan,44,251,4,1.032165288925171,0.43685880303382874
phase_scan,44,252,6,1.2042851448059082,0.42445895075798035
phase_scan,44,253,4,1.030132532119751,0.4343080520629883
phase_scan,44,254,6,1.2061182260513306,0.38708487153053284
phase_scan,44,255,4,1.032387375831604,0.4120463728904724
phase_scan,44,256,6,1.2614877223968506,0.6238487362861633
phase_scan,44,257,4,1.0062390565872192,0.5880755186080933
phase_scan,44,258,6,1.1883476972579956,0.3408033847808838
phase_scan,44,259,4,0.9984980225563049,0.3750716745853424
phase_scan,44,260,6,1.182824730873108,0.34577879309654236
phase_scan,44,261,4,0.9959911108016968,0.50272536277771
phase_scan,44,262,6,1.1936074495315552,0.4926493167877197
phase_scan,44,263,4,0.9524618983268738,0.42372313141822815
phase_scan,44,264,6,1.205781102180481,0.8157463669776917
phase_scan,44,265,4,1.035732626914978,0.7244651913642883
phase_scan,44,266,6,1.1805702447891235,0.3558919131755829
phase_scan,44,267,4,0.9746010303497314,0.47136059403419495
phase_scan,44,268,6,1.1624507904052734,0.4667797088623047
phase_scan,44,269,4,0.9624502062797546,0.46344220638275146
phase_scan,44,270,6,1.2026194334030151,0.6289103031158447
phase_scan,44,271,4,0.972960352897644,0.5603554844856262
phase_scan,44,272,6,1.1391587257385254,0.33155548572540283
phase_scan,44,273,4,0.9798122048377991,0.6284728646278381
phase_scan,44,274,6,1.1754851341247559,0.5453103184700012
phase_scan,44,275,4,0.9899551272392273,0.4883737862110138
phase_scan,44,276,6,1.155347466468811,0.4197099506855011
phase_scan,44,277,4,0.9886682033538818,0.7182527780532837
phase_scan,44,278,6,1.1577848196029663,0.42339080572128296
phase_scan,44,279,4,0.9414165616035461,0.5908478498458862
phase_scan,44,280,6,1.1821516752243042,0.5421180129051208
phase_scan,44,281,4,0.9872643351554871,0.5668544173240662
phase_scan,44,282,6,1.1575461626052856,0.5730178356170654
phase_scan,44,283,4,0.9653043150901794,0.6341083645820618
phase_scan,44,284,6,1.1589761972427368,0.4142770767211914
phase_scan,44,285,4,0.9595193862915039,0.6622904539108276
phase_scan,44,286,6,1.1712112426757812,0.47174474596977234
phase_scan,44,287,4,0.9862337708473206,0.9931246638298035
phase_scan,44,288,6,1.1895604133605957,0.5184161067008972
phase_scan,44,289,4,0.9445334672927856,0.5281686186790466
phase_scan,44,290,6,1.1498314142227173,0.6001627445220947
phase_scan,44,291,4,0.9979009628295898,0.7667416334152222
phase_scan,44,292,6,1.1446688175201416,0.508661150932312
phase_scan,44,293,4,0.9343162775039673,0.47540247440338135
phase_scan,44,294,6,1.1586889028549194,0.7313096523284912
phase_scan,44,295,4,0.9440150856971741,0.7387188673019409
phase_scan,44,296,6,1.181815266609192,1.1832630634307861
phase_scan,44,297,4,0.9162404537200928,0.3740539252758026
phase_scan,44,298,6,1.1591674089431763,0.9073153138160706
phase_scan,44,299,4,0.9348034858703613,0.5783846378326416
phase_scan,44,300,6,1.149431824684143,0.36607295274734497
phase_scan,44,301,4,0.9631986618041992,0.6263374090194702
phase_scan,44,302,6,1.1397234201431274,0.3604429364204407
phase_scan,44,303,4,0.9556507468223572,0.4399309754371643
phase_scan,44,304,6,1.1647754907608032,0.5272437334060669
phase_scan,44,305,4,0.9590697288513184,0.43376949429512024
phase_scan,44,306,6,1.129689335823059,0.46831250190734863
phase_scan,44,307,4,0.9560058116912842,0.4743914306163788
phase_scan,44,308,6,1.1568268537521362,0.7601233720779419
phase_scan,44,309,4,0.9338287711143494,0.3793276250362396
phase_scan,44,310,6,1.1509644985198975,0.5327125787734985
phase_scan,44,311,4,0.9578818678855896,0.6829314827919006
phase_scan,44,312,6,1.121587872505188,0.3657025396823883
phase_scan,44,313,4,0.9687848687171936,0.7734866142272949
phase_scan,44,314,6,1.1303799152374268,0.6030584573745728
phase_scan,44,315,4,0.975490152835846,0.6584223508834839
phase_scan,44,316,6,1.1557306051254272,0.8401522040367126
phase_scan,44,317,4,0.956925094127655,0.5888444781303406
phase_scan,44,318,6,1.151399850845337,0.6955641508102417
phase_scan,44,319,4,0.9464914202690125,0.6407656073570251
phase_scan,44,320,6,1.1622220277786255,0.524126410484314
phase_scan,44,321,4,0.9528576135635376,0.6613168120384216
phase_scan,44,322,6,1.14348304271698,0.35737544298171997
phase_scan,44,323,4,0.9235875010490417,0.7663729190826416
phase_scan,44,324,6,1.1457101106643677,0.4843541085720062
phase_scan,44,325,4,0.9171525835990906,0.4295946955680847
phase_scan,44,326,6,1.123253345489502,0.6236919164657593
phase_scan,44,327,4,0.9357998967170715,0.739804208278656
phase_scan,44,328,6,1.142913579940796,0.5548883676528931
phase_scan,44,329,4,0.9521493911743164,0.5826769471168518
phase_scan,44,330,6,1.1456907987594604,0.39333873987197876
phase_scan,44,331,4,0.9080482721328735,0.46230095624923706
phase_scan,44,332,6,1.136582612991333,0.42367807030677795
phase_scan,44,333,4,0.9495307803153992,0.4792554974555969
phase_scan,44,334,6,1.127581000328064,0.43019258975982666
phase_scan,44,335,4,0.928645133972168,0.5116145610809326
phase_scan,44,336,6,1.1444658041000366,0.3729781210422516
phase_scan,44,337,4,0.9394153356552124,0.5588806867599487
phase_scan,44,338,6,1.1243551969528198,0.4153592884540558
phase_scan,44,339,4,0.9307867288589478,0.42242980003356934
phase_scan,44,340,6,1.1605669260025024,0.5141321420669556
phase_scan,44,341,4,0.9521942138671875,0.45121145248413086
phase_scan,44,342,6,1.1288412809371948,0.4426172375679016
phase_scan,44,343,4,0.9091813564300537,0.48390763998031616
phase_scan,44,344,6,1.1218011379241943,0.4617256820201874
phase_scan,44,345,4,0.9249777793884277,0.5774979591369629
phase_scan,44,346,6,1.135780692100525,0.3998403251171112
phase_scan,44,347,4,0.9276044964790344,0.5241507291793823
phase_scan,44,348,6,1.1229034662246704,0.35444414615631104
phase_scan,44,349,4,0.9055244326591492,0.4855702221393585
phase_scan,44,350,6,1.1204382181167603,0.35648906230926514
phase_scan,44,351,4,0.9022090435028076,0.2954728901386261
phase_scan,44,352,6,1.1019648313522339,0.27910393476486206
phase_scan,44,353,4,0.9548176527023315,0.5185854434967041
phase_scan,44,354,6,1.1083260774612427,0.271697461605072
phase_scan,44,355,4,0.9143627285957336,0.4270053505897522
phase_scan,44,356,6,1.1325424909591675,0.4606321454048157
phase_scan,44,357,4,0.934643566608429,0.49873924255371094
phase_scan,44,358,6,1.1324646472930908,0.37658825516700745
phase_scan,44,359,4,0.9268034100532532,0.5436082482337952
phase_scan,44,360,6,1.1107317209243774,0.31669577956199646
phase_scan,44,361,4,0.9324891567230225,0.4712323844432831
phase_scan,44,362,6,1.1140166521072388,0.4835813045501709
phase_scan,44,363,4,0.9351606965065002,0.5132929086685181
phase_scan,44,364,6,1.1183115243911743,0.3021802306175232
phase_scan,44,365,4,0.9331735968589783,0.668257474899292
phase_scan,44,366,6,1.139515995979309,0.4249914586544037
phase_scan,44,367,4,0.9377887845039368,0.4801795482635498
phase_scan,44,368,6,1.1342130899429321,0.8555502891540527
phase_scan,44,369,4,0.9558125138282776,0.6117991805076599
phase_scan,44,370,6,1.1237013339996338,0.505603551864624
phase_scan,44,371,4,0.9616913199424744,0.8922647833824158
phase_scan,44,372,6,1.1426810026168823,0.5002319812774658
phase_scan,44,373,4,0.9216833114624023,0.7243561744689941
phase_scan,44,374,6,1.1207646131515503,0.5650280117988586
phase_scan,44,375,4,0.9114314317703247,0.5343533158302307
phase_scan,44,376,6,1.123005747795105,0.4542427062988281
phase_scan,44,377,4,0.9317592978477478,0.44325605034828186
phase_scan,44,378,6,1.1345394849777222,0.5993804335594177
phase_scan,44,379,4,0.9313555359840393,0.3628960847854614
phase_scan,44,380,6,1.1275383234024048,0.37577295303344727
phase_scan,44,381,4,0.9462298154830933,0.47254541516304016
phase_scan,44,382,6,1.1266953945159912,0.451412558555603
phase_scan,44,383,4,0.9171192646026611,0.4590950608253479
phase_scan,44,384,6,1.1087898015975952,0.29237863421440125
phase_scan,44,385,4,0.9124743938446045,0.36106157302856445
phase_scan,44,386,6,1.1201461553573608,0.4482189416885376
phase_scan,44,387,4,0.9335653185844421,0.6875321269035339
phase_scan,44,388,6,1.1258808374404907,0.312573105096817
phase_scan,44,389,4,0.9213585257530212,0.42711547017097473
phase_scan,44,390,6,1.1287060976028442,0.3962444067001343
phase_scan,44,391,4,0.9222204089164734,0.33953022956848145
phase_scan,44,392,6,1.1138383150100708,0.2891596257686615
phase_scan,44,393,4,0.9169244170188904,0.5092076063156128
phase_scan,44,394,6,1.1138795614242554,0.5722398161888123
phase_scan,44,395,4,0.9286368489265442,0.4711550176143646
phase_scan,44,396,6,1.137266993522644,0.314854234457016
phase_scan,44,397,4,0.932913601398468,0.32565802335739136
phase_scan,44,398,6,1.1203100681304932,0.47580233216285706
phase_scan,44,399,4,0.9224891662597656,0.5279823541641235
phase_scan,44,400,6,1.1140340566635132,0.4654819071292877
phase_scan,44,401,4,0.9196975827217102,0.568801760673523
phase_scan,44,402,6,1.1246711015701294,0.475929856300354
phase_scan,44,403,4,0.9304862022399902,0.6612386703491211
phase_scan,44,404,6,1.1264657974243164,0.30639714002609253
phase_scan,44,405,4,0.8996056914329529,0.3425600528717041
phase_scan,44,406,6,1.1056413650512695,0.4273427128791809
phase_scan,44,407,4,0.927072286605835,0.559847354888916
phase_scan,44,408,6,1.119118094444275,0.28024691343307495
phase_scan,44,409,4,0.9193940758705139,0.4617558419704437
phase_scan,44,410,6,1.132346749305725,0.46144598722457886
phase_scan,44,411,4,0.9042730927467346,0.4515429437160492
phase_scan,44,412,6,1.1198095083236694,0.5602293610572815
phase_scan,44,413,4,0.9357025623321533,0.522868275642395
phase_scan,44,414,6,1.1354409456253052,0.7285909056663513
phase_scan,44,415,4,0.9336577653884888,0.5661623477935791
phase_scan,44,416,6,1.124634027481079,0.920555055141449
phase_scan,44,417,4,0.9175010323524475,0.4138961732387543
phase_scan,44,418,6,1.1285158395767212,0.4301292598247528
phase_scan,44,419,4,0.9423825740814209,0.6785643100738525
phase_scan,44,420,6,1.1135998964309692,0.35800105333328247
phase_scan,44,421,4,0.9173301458358765,0.4952172338962555
phase_scan,44,422,6,1.1282249689102173,0.6029267311096191
phase_scan,44,423,4,0.9269211292266846,0.44524726271629333
phase_scan,44,424,6,1.1245241165161133,0.45157355070114136
phase_scan,44,425,4,0.9259433150291443,0.6185423135757446
phase_scan,44,426,6,1.1307579278945923,0.6728340983390808
phase_scan,44,427,4,0.9167643189430237,0.5180573463439941
phase_scan,44,428,6,1.1189786195755005,0.3329832851886749
phase_scan,44,429,4,0.907162070274353,0.3866945207118988
phase_scan,44,430,6,1.118437647819519,0.4379991888999939
phase_scan,44,431,4,0.9172908663749695,0.41716960072517395
phase_scan,44,432,6,1.1094404458999634,0.37033236026763916
phase_scan,44,433,4,0.9378626942634583,0.4238694906234741
phase_scan,44,434,6,1.110649824142456,0.4016610085964203
phase_scan,44,435,4,0.9061099290847778,0.49709850549697876
phase_scan,44,436,6,1.1346012353897095,0.36663302779197693
phase_scan,44,437,4,0.9216522574424744,0.40273767709732056
phase_scan,44,438,6,1.1217412948608398,0.385733038187027
phase_scan,44,439,4,0.9243166446685791,0.45244553685188293
phase_scan,44,440,6,1.1108927726745605,0.20534099638462067
phase_scan,44,441,4,0.9037038683891296,0.39943158626556396
phase_scan,44,442,6,1.1125696897506714,0.4546903371810913
phase_scan,44,443,4,0.9012540578842163,0.3806125819683075
phase_scan,44,444,6,1.1273646354675293,0.38917723298072815
phase_scan,44,445,4,0.9089357852935791,0.3662235736846924
phase_scan,44,446,6,1.1231207847595215,0.3877737522125244
phase_scan,44,447,4,0.9317027926445007,0.5778858065605164
phase_scan,44,448,6,1.11298406124115,0.3316892087459564
phase_scan,44,449,4,0.9153443574905396,0.6040287613868713
phase_scan,44,450,6,1.111486554145813,0.3017485737800598
phase_scan,44,451,4,0.9184799790382385,0.36825862526893616
phase_scan,44,452,6,1.116021990776062,0.7927139401435852
phase_scan,44,453,4,0.9221314191818237,0.47142547369003296
phase_scan,44,454,6,1.1136127710342407,0.4034775197505951
phase_scan,44,455,4,0.9087519645690918,0.6430945992469788
phase_scan,44,456,6,1.1147888898849487,0.3971184492111206
phase_scan,44,457,4,0.9130244851112366,0.42686131596565247
phase_scan,44,458,6,1.1232300996780396,0.4040120244026184
phase_scan,44,459,4,0.9138598442077637,0.5958740711212158
phase_scan,44,460,6,1.1218764781951904,0.3827126920223236
phase_scan,44,461,4,0.9110953211784363,0.36605846881866455
phase_scan,44,462,6,1.1190775632858276,0.40032947063446045
phase_scan,44,463,4,0.9003625512123108,0.3639935553073883
phase_scan,44,464,6,1.11129891872406,0.6414933800697327
phase_scan,44,465,4,0.9109472036361694,0.3597370982170105
phase_scan,44,466,6,1.110075831413269,0.41397738456726074
phase_scan,44,467,4,0.9041948914527893,0.6948485970497131
phase_scan,44,468,6,1.1124886274337769,0.5499871969223022
phase_scan,44,469,4,0.9140125513076782,0.4720873236656189
phase_scan,44,470,6,1.110326886177063,0.3394516408443451
phase_scan,44,471,4,0.9134727120399475,0.40639305114746094
phase_scan,44,472,6,1.1213511228561401,0.4242258369922638
phase_scan,44,473,4,0.9211428761482239,0.38799381256103516
phase_scan,44,474,6,1.1077003479003906,0.6806198358535767
phase_scan,44,475,4,0.8989899754524231,0.4779159426689148
phase_scan,44,476,6,1.1055206060409546,0.5570723414421082
phase_scan,44,477,4,0.9170960783958435,0.6968841552734375
phase_scan,44,478,6,1.1106082201004028,0.4860570430755615
phase_scan,44,479,4,0.9012429118156433,0.36782538890838623
phase_scan,44,480,6,1.1192452907562256,0.7419582605361938
phase_scan,44,481,4,0.9045979976654053,0.837631344795227
phase_scan,44,482,6,1.1096622943878174,0.4225651025772095
phase_scan,44,483,4,0.918944239616394,0.4220249056816101
phase_scan,44,484,6,1.113517165184021,0.6929501891136169
phase_scan,44,485,4,0.8981372117996216,0.3278582990169525
phase_scan,44,486,6,1.1266192197799683,0.40443533658981323
phase_scan,44,487,4,0.8916835784912109,0.39376699924468994
phase_scan,44,488,6,1.1031315326690674,0.34922918677330017
phase_scan,44,489,4,0.9027635455131531,0.41890108585357666
phase_scan,44,490,6,1.106083631515503,0.7731705904006958
phase_scan,44,491,4,0.9323055148124695,0.43426787853240967
phase_scan,44,492,6,1.1184111833572388,0.6793838143348694
phase_scan,44,493,4,0.9261704683303833,0.5154345035552979
phase_scan,44,494,6,1.1199928522109985,0.7054492235183716
phase_scan,44,495,4,0.901259183883667,0.3604886531829834
phase_scan,44,496,6,1.0987135171890259,0.2317696064710617
phase_scan,44,497,4,0.8979822397232056,0.37570399045944214
phase_scan,44,498,6,1.117730736732483,0.30813562870025635
phase_scan,44,499,4,0.9048089385032654,0.5578168034553528
phase_scan,44,500,6,1.1208900213241577,0.6939036250114441
phase_scan,44,501,4,0.8909173011779785,0.3933890461921692
phase_scan,44,502,6,1.1024610996246338,0.2886523902416229
phase_scan,44,503,4,0.8970510363578796,0.5222059488296509
phase_scan,44,504,6,1.1147150993347168,0.3404904007911682
phase_scan,44,505,4,0.911273181438446,0.48770642280578613
phase_scan,44,506,6,1.1028584241867065,0.29762810468673706
phase_scan,44,507,4,0.9003689289093018,0.49696511030197144
phase_scan,44,508,6,1.0942325592041016,0.2509933114051819
phase_scan,44,509,4,0.891345739364624,0.37446129322052
phase_scan,44,510,6,1.1106921434402466,0.5522325038909912
phase_scan,44,511,4,0.9041706919670105,0.46319591999053955
phase_scan,44,512,6,1.109423041343689,0.335963636636734
phase_scan,44,513,4,0.9041441679000854,0.4660811722278595
phase_scan,44,514,6,1.1042989492416382,0.316396027803421
phase_scan,44,515,4,0.8882120847702026,0.47426530718803406
phase_scan,44,516,6,1.1124922037124634,0.5311449766159058
phase_scan,44,517,4,0.915221095085144,0.42873576283454895
phase_scan,44,518,6,1.1132649183273315,0.271821528673172
phase_scan,44,519,4,0.921626627445221,0.5635196566581726
phase_scan,44,520,6,1.097805142402649,0.36238783597946167
phase_scan,44,521,4,0.9358350038528442,0.5208562612533569
phase_scan,44,522,6,1.107751488685608,0.29218795895576477
phase_scan,44,523,4,0.9006351828575134,0.6279158592224121
phase_scan,44,524,6,1.1094986200332642,0.302716463804245
phase_scan,44,525,4,0.9215189218521118,0.5486739873886108
phase_scan,44,526,6,1.1041678190231323,0.3690878450870514
phase_scan,44,527,4,0.8977656960487366,0.5805366039276123
phase_scan,44,528,6,1.1037650108337402,0.3760884404182434
phase_scan,44,529,4,0.9047762155532837,0.505290150642395
phase_scan,44,530,6,1.1042548418045044,0.4680880904197693
phase_scan,44,531,4,0.9159719347953796,0.5325170755386353
phase_scan,44,532,6,1.1166561841964722,0.34371501207351685
phase_scan,44,533,4,0.8939729332923889,0.27755600214004517
phase_scan,44,534,6,1.1106661558151245,0.3416242301464081
phase_scan,44,535,4,0.9060827493667603,0.36424434185028076
phase_scan,44,536,6,1.1063059568405151,0.38773736357688904
phase_scan,44,537,4,0.9092677235603333,0.4884127676486969
phase_scan,44,538,6,1.1240692138671875,0.36006614565849304
phase_scan,44,539,4,0.8951454758644104,0.4062333405017853
phase_scan,44,540,6,1.1070176362991333,0.2645644545555115
phase_scan,44,541,4,0.8842628598213196,0.27368825674057007
phase_scan,44,542,6,1.1124694347381592,0.3667703866958618
phase_scan,44,543,4,0.8935378789901733,0.5007015466690063
phase_scan,44,544,6,1.1074038743972778,0.5813158750534058
phase_scan,44,545,4,0.9088820815086365,0.5352339744567871
phase_scan,44,546,6,1.1117395162582397,0.33248594403266907
phase_scan,44,547,4,0.9035547971725464,0.42243528366088867
phase_scan,44,548,6,1.1129945516586304,0.4009177088737488
phase_scan,44,549,4,0.8991578817367554,0.4181544780731201
phase_scan,44,550,6,1.0921282768249512,0.21909436583518982
phase_scan,44,551,4,0.8907366394996643,0.378873735666275
phase_scan,44,552,6,1.1208858489990234,0.36717933416366577
phase_scan,44,553,4,0.9228091835975647,0.7174055576324463
phase_scan,44,554,6,1.1102880239486694,0.4960327744483948
phase_scan,44,555,4,0.8950344324111938,0.34612342715263367
phase_scan,44,556,6,1.1011178493499756,0.3154052793979645
phase_scan,44,557,4,0.8861797451972961,0.5829200744628906
phase_scan,44,558,6,1.0942084789276123,0.32152649760246277
phase_scan,44,559,4,0.9168999195098877,0.5430001616477966
phase_scan,44,560,6,1.1073031425476074,0.35020557045936584
phase_scan,44,561,4,0.8909206986427307,0.5563308000564575
phase_scan,44,562,6,1.098994493484497,0.26568010449409485
phase_scan,44,563,4,0.8989107012748718,0.4042419195175171
phase_scan,44,564,6,1.1067336797714233,0.379503071308136
phase_scan,44,565,4,0.9055894613265991,0.49325960874557495
phase_scan,44,566,6,1.0987581014633179,0.4033728241920471
phase_scan,44,567,4,0.9007424116134644,0.48204609751701355
phase_scan,44,568,6,1.1070064306259155,0.2737395465373993
phase_scan,44,569,4,0.9233797192573547,0.47722071409225464
phase_scan,44,570,6,1.1085786819458008,0.8726086616516113
phase_scan,44,571,4,0.9065002799034119,0.7169187068939209
phase_scan,44,572,6,1.1037914752960205,0.5383673310279846
phase_scan,44,573,4,0.9242217540740967,0.40024903416633606
phase_scan,44,574,6,1.1066664457321167,0.8467617034912109
phase_scan,44,575,4,0.8828848600387573,0.3573327958583832
phase_scan,44,576,6,1.111228108406067,0.5451014637947083
phase_scan,44,577,4,0.9053505063056946,0.47199350595474243
phase_scan,44,578,6,1.117398977279663,0.5863315463066101
phase_scan,44,579,4,0.8955268263816833,0.42416349053382874
phase_scan,44,580,6,1.0999130010604858,0.2922038435935974
phase_scan,44,581,4,0.9029800891876221,0.9266725778579712
phase_scan,44,582,6,1.117210865020752,0.40967485308647156
phase_scan,44,583,4,0.8838144540786743,0.39031466841697693
phase_scan,44,584,6,1.1049234867095947,0.7746469974517822
phase_scan,44,585,4,0.8983906507492065,0.6488603353500366
phase_scan,44,586,6,1.0995221138000488,0.5104972720146179
phase_scan,44,587,4,0.9043331742286682,0.47357726097106934
phase_scan,44,588,6,1.103926420211792,0.8111361861228943
phase_scan,44,589,4,0.9060661196708679,0.6670429706573486
phase_scan,44,590,6,1.1262811422348022,0.6377956867218018
phase_scan,44,591,4,0.8999625444412231,0.7035187482833862
phase_scan,44,592,6,1.108091950416565,0.2964164614677429
phase_scan,44,593,4,0.9155972599983215,0.47314852476119995
phase_scan,44,594,6,1.123178482055664,1.0946605205535889
phase_scan,44,595,4,0.8934578895568848,0.44571518898010254
phase_scan,44,596,6,1.1226805448532104,0.8533392548561096
phase_scan,44,597,4,0.9090385437011719,0.5198935270309448
phase_scan,44,598,6,1.1068185567855835,0.7400967478752136
phase_scan,44,599,4,0.9112740159034729,0.3938383162021637
phase_scan,44,600,6,1.1022125482559204,0.4336387515068054
phase_scan,44,601,4,0.894463300704956,0.3942793011665344
phase_scan,44,602,6,1.1052340269088745,0.5092977285385132
phase_scan,44,603,4,0.8847115635871887,0.43581345677375793
phase_scan,44,604,6,1.1065627336502075,0.7382810115814209
phase_scan,44,605,4,0.907274067401886,0.410098671913147
phase_scan,44,606,6,1.0894099473953247,0.274522989988327
phase_scan,44,607,4,0.8934499025344849,0.6283977627754211
phase_scan,44,608,6,1.1056677103042603,0.3560984432697296
phase_scan,44,609,4,0.8812412023544312,0.2556825578212738
phase_scan,44,610,6,1.1052335500717163,0.5597314834594727
phase_scan,44,611,4,0.9023862481117249,0.4783914089202881
phase_scan,44,612,6,1.0904463529586792,0.23822684586048126
phase_scan,44,613,4,0.877632737159729,0.556111752986908
phase_scan,44,614,6,1.1016261577606201,0.3597358763217926
phase_scan,44,615,4,0.87724769115448,0.3674793839454651
phase_scan,44,616,6,1.1158820390701294,0.9035809636116028
phase_scan,44,617,4,0.8831135034561157,0.47008222341537476
phase_scan,44,618,6,1.113775610923767,0.5977585911750793
phase_scan,44,619,4,0.9067448377609253,0.4709760248661041
phase_scan,44,620,6,1.1030285358428955,0.540034294128418
phase_scan,44,621,4,0.872538685798645,0.27219340205192566
phase_scan,44,622,6,1.1007541418075562,0.30780458450317383
phase_scan,44,623,4,0.8751869797706604,0.25694721937179565
phase_scan,44,624,6,1.1121071577072144,0.4398704469203949
phase_scan,44,625,4,0.8836680054664612,0.28660324215888977
phase_scan,44,626,6,1.093727946281433,0.4161520302295685
phase_scan,44,627,4,0.905509889125824,0.4161613881587982
phase_scan,44,628,6,1.0913769006729126,0.2894003689289093
phase_scan,44,629,4,0.8799717426300049,0.25269389152526855
phase_scan,44,630,6,1.0936349630355835,0.4002252221107483
phase_scan,44,631,4,0.891882061958313,0.41976091265678406
phase_scan,44,632,6,1.0934330224990845,0.31137776374816895
phase_scan,44,633,4,0.8948224782943726,0.5255640745162964
phase_scan,44,634,6,1.0849287509918213,0.340635746717453
phase_scan,44,635,4,0.8958514928817749,0.5032103061676025
phase_scan,44,636,6,1.094657063484192,0.44550463557243347
phase_scan,44,637,4,0.896108865737915,0.44700875878334045
phase_scan,44,638,6,1.1007633209228516,0.4325525760650635
phase_scan,44,639,4,0.8807123899459839,0.3380099833011627
phase_scan,44,640,6,1.0949405431747437,0.6138661503791809
phase_scan,44,641,4,0.879711389541626,0.4206065535545349
phase_scan,44,642,6,1.0956051349639893,0.33346065878868103
phase_scan,44,643,4,0.908839762210846,0.40694165229797363
phase_scan,44,644,6,1.094848394393921,0.36993223428726196
phase_scan,44,645,4,0.8936960697174072,0.3545018136501312
phase_scan,44,646,6,1.0974546670913696,0.3936031758785248
phase_scan,44,647,4,0.8991562128067017,0.6016652584075928
phase_scan,44,648,6,1.0921586751937866,0.2557152509689331
phase_scan,44,649,4,0.8899545669555664,0.38796523213386536
phase_scan,44,650,6,1.1077791452407837,0.7830708026885986
phase_scan,44,651,4,0.8825060725212097,0.45867568254470825
phase_scan,44,652,6,1.0980629920959473,0.2471926212310791
phase_scan,44,653,4,0.888515830039978,0.5823095440864563
phase_scan,44,654,6,1.0981675386428833,0.3738727569580078
phase_scan,44,655,4,0.8971109986305237,0.3660942316055298
phase_scan,44,656,6,1.104952096939087,0.3922116160392761
phase_scan,44,657,4,0.878372848033905,0.3682769536972046
phase_scan,44,658,6,1.1083042621612549,0.35776710510253906
phase_scan,44,659,4,0.8935154676437378,0.4773094356060028
phase_scan,44,660,6,1.1064509153366089,0.31286925077438354
phase_scan,44,661,4,0.8731856942176819,0.31739741563796997
phase_scan,44,662,6,1.098551630973816,0.3091810941696167
phase_scan,44,663,4,0.9323053359985352,0.5709341168403625
phase_scan,44,664,6,1.102450966835022,0.3347816467285156
phase_scan,44,665,4,0.8888527750968933,0.33129990100860596
phase_scan,44,666,6,1.098540186882019,0.6240689754486084
phase_scan,44,667,4,0.8916633129119873,0.3520638942718506
phase_scan,44,668,6,1.0957908630371094,0.19663077592849731
phase_scan,44,669,4,0.8866155743598938,0.7008471488952637
phase_scan,44,670,6,1.0971558094024658,0.37036722898483276
phase_scan,44,671,4,0.8706827163696289,0.3293807804584503
phase_scan,44,672,6,1.0978330373764038,0.44913509488105774
phase_scan,44,673,4,0.8921950459480286,0.5236200094223022
phase_scan,44,674,6,1.1030911207199097,0.37575745582580566
phase_scan,44,675,4,0.8854691982269287,0.36336952447891235
phase_scan,44,676,6,1.0919908285140991,0.6115009188652039
phase_scan,44,677,4,0.895947277545929,0.47114256024360657
phase_scan,44,678,6,1.102870225906372,0.42567136883735657
phase_scan,44,679,4,0.8961563110351562,0.4944947361946106
phase_scan,44,680,6,1.106172800064087,0.4299674928188324
phase_scan,44,681,4,0.8888292908668518,0.5125526785850525
phase_scan,44,682,6,1.0951863527297974,0.4738400876522064
phase_scan,44,683,4,0.8795165419578552,0.504220187664032
phase_scan,44,684,6,1.1029149293899536,0.5334452986717224
phase_scan,44,685,4,0.9046638607978821,0.46885260939598083
phase_scan,44,686,6,1.0999945402145386,0.6726301908493042
phase_scan,44,687,4,0.9044732451438904,0.5347434878349304
phase_scan,44,688,6,1.1031877994537354,0.40072426199913025
phase_scan,44,689,4,0.872847318649292,0.40280306339263916
phase_scan,44,690,6,1.107854962348938,0.5119430422782898
phase_scan,44,691,4,0.903590738773346,0.5530202388763428
phase_scan,44,692,6,1.0993281602859497,0.5921382308006287
phase_scan,44,693,4,0.8908238410949707,0.6564944386482239
phase_scan,44,694,6,1.1011046171188354,0.3477109968662262
phase_scan,44,695,4,0.8892003893852234,0.3579101860523224
phase_scan,44,696,6,1.0936564207077026,0.41079017519950867
phase_scan,44,697,4,0.8996806740760803,0.3891751766204834
phase_scan,44,698,6,1.0909254550933838,0.2818315029144287
phase_scan,44,699,4,0.8873075842857361,0.47671830654144287
phase_scan,44,700,6,1.1026214361190796,0.3342517614364624
phase_scan,44,701,4,0.8847095370292664,0.3034343123435974
phase_scan,44,702,6,1.0957142114639282,0.39097926020622253
phase_scan,44,703,4,0.8685867190361023,0.36977675557136536
phase_scan,44,704,6,1.0887211561203003,0.25963619351387024
phase_scan,44,705,4,0.8796314597129822,0.3481411933898926
phase_scan,44,706,6,1.0971382856369019,0.45214980840682983
phase_scan,44,707,4,0.8874230980873108,0.3327590823173523
phase_scan,44,708,6,1.0891029834747314,0.2713582217693329
phase_scan,44,709,4,0.872053861618042,0.32711029052734375
phase_scan,44,710,6,1.0909916162490845,0.3107566237449646
phase_scan,44,711,4,0.8886266946792603,0.45629122853279114
phase_scan,44,712,6,1.0904300212860107,0.29885929822921753
phase_scan,44,713,4,0.8755149245262146,0.372408002614975
phase_scan,44,714,6,1.1118661165237427,0.3407709002494812
phase_scan,44,715,4,0.8818396329879761,0.41273826360702515
phase_scan,44,716,6,1.094556450843811,0.23927092552185059
phase_scan,44,717,4,0.8884909152984619,0.40625888109207153
phase_scan,44,718,6,1.103598952293396,0.36655735969543457
phase_scan,44,719,4,0.881870687007904,0.3413083255290985
phase_scan,44,720,6,1.1079903841018677,0.3290112614631653
phase_scan,44,721,4,0.882174551486969,0.37522995471954346
phase_scan,44,722,6,1.0870709419250488,0.2812258303165436
phase_scan,44,723,4,0.8768989443778992,0.43236497044563293
phase_scan,44,724,6,1.087467074394226,0.28562358021736145
phase_scan,44,725,4,0.8813329935073853,0.29473310708999634
phase_scan,44,726,6,1.0926966667175293,0.2616097629070282
phase_scan,44,727,4,0.8986430764198303,0.548405110836029
phase_scan,44,728,6,1.1000529527664185,0.267293781042099
phase_scan,44,729,4,0.8885529637336731,0.4450320601463318
phase_scan,44,730,6,1.1019091606140137,0.812094509601593
phase_scan,44,731,4,0.8967683911323547,0.495653361082077
phase_scan,44,732,6,1.096669316291809,0.6972749829292297
phase_scan,44,733,4,0.8857610821723938,0.43436816334724426
phase_scan,44,734,6,1.1090880632400513,0.785729706287384
phase_scan,44,735,4,0.8843652009963989,0.4246959090232849
phase_scan,44,736,6,1.0831588506698608,0.31684479117393494
phase_scan,44,737,4,0.8863893747329712,0.600741982460022
phase_scan,44,738,6,1.0900204181671143,0.6362100839614868
phase_scan,44,739,4,0.877941906452179,0.41253626346588135
phase_scan,44,740,6,1.0966895818710327,0.28886330127716064
phase_scan,44,741,4,0.8916188478469849,0.4790089428424835
phase_scan,44,742,6,1.0901039838790894,0.272948294878006
phase_scan,44,743,4,0.8751223087310791,0.2893477976322174
phase_scan,44,744,6,1.1012789011001587,0.7213562726974487
phase_scan,44,745,4,0.9029529094696045,0.9732390642166138
phase_scan,44,746,6,1.0899988412857056,0.2918471097946167
phase_scan,44,747,4,0.9047759771347046,0.5555356740951538
phase_scan,44,748,6,1.0941821336746216,0.5280246138572693
phase_scan,44,749,4,0.8876332640647888,0.7773754000663757
phase_scan,44,750,6,1.091253638267517,0.4628085792064667
phase_scan,44,751,4,0.887492299079895,0.5245525240898132
phase_scan,44,752,6,1.1044470071792603,0.8765900135040283
phase_scan,44,753,4,0.8667380213737488,0.3724178969860077
phase_scan,44,754,6,1.0928633213043213,0.4094942510128021
phase_scan,44,755,4,0.9133296012878418,0.5693846344947815
phase_scan,44,756,6,1.091160535812378,0.24197764694690704
phase_scan,44,757,4,0.8948122262954712,0.4246375560760498
phase_scan,44,758,6,1.1088796854019165,0.2939446270465851
phase_scan,44,759,4,0.8967840671539307,0.45226600766181946
phase_scan,44,760,6,1.0842357873916626,0.24325963854789734
phase_scan,44,761,4,0.898718535900116,0.3399166464805603
phase_scan,44,762,6,1.0918232202529907,0.30398431420326233
phase_scan,44,763,4,0.867723822593689,0.2672358453273773
phase_scan,44,764,6,1.1033934354782104,0.2944681644439697
phase_scan,44,765,4,0.8869577050209045,0.6833891868591309
phase_scan,44,766,6,1.094814658164978,0.8275139927864075
phase_scan,44,767,4,0.8699822425842285,0.38301166892051697
phase_scan,44,768,6,1.099875807762146,0.4256213307380676
phase_scan,44,769,4,0.8904052972793579,0.40952205657958984
phase_scan,44,770,6,1.083534598350525,0.5062066316604614
phase_scan,44,771,4,0.8934141993522644,0.4522183835506439
phase_scan,44,772,6,1.08734929561615,0.3060685098171234
phase_scan,44,773,4,0.8923754096031189,0.44834479689598083
phase_scan,44,774,6,1.0831693410873413,0.27949798107147217
phase_scan,44,775,4,0.9050924181938171,0.5068790316581726
phase_scan,44,776,6,1.1006168127059937,0.6825844645500183
phase_scan,44,777,4,0.8920312523841858,0.509797215461731
phase_scan,44,778,6,1.0931681394577026,0.4120452105998993
phase_scan,44,779,4,0.8740700483322144,0.31810328364372253
phase_scan,44,780,6,1.0894943475723267,0.4744985103607178
phase_scan,44,781,4,0.8850187659263611,0.3876707851886749
phase_scan,44,782,6,1.0880094766616821,0.2595056891441345
phase_scan,44,783,4,0.874754786491394,0.4308188259601593
phase_scan,44,784,6,1.0951261520385742,0.34058621525764465
phase_scan,44,785,4,0.8690258264541626,0.2903774678707123
phase_scan,44,786,6,1.0910755395889282,0.26450541615486145
phase_scan,44,787,4,0.8716493844985962,0.41568291187286377
phase_scan,44,788,6,1.1007411479949951,0.2605431377887726
phase_scan,44,789,4,0.8824779391288757,0.3635087013244629
phase_scan,44,790,6,1.0857720375061035,0.30160048604011536
phase_scan,44,791,4,0.8680554628372192,0.3604722023010254
phase_scan,44,792,6,1.0872420072555542,0.24783457815647125
phase_scan,44,793,4,0.8621208667755127,0.31996554136276245
phase_scan,44,794,6,1.093397855758667,0.3660747706890106
phase_scan,44,795,4,0.8671607971191406,0.2198658287525177
phase_scan,44,796,6,1.0929385423660278,0.3126857578754425
phase_scan,44,797,4,0.8607598543167114,0.5295748114585876
phase_scan,44,798,6,1.0859997272491455,0.35068127512931824
phase_scan,44,799,4,0.8862379789352417,0.40938040614128113
phase_scan,44,800,6,1.0953116416931152,0.3927372992038727
phase_scan,44,801,4,0.8740823268890381,0.3315429091453552
phase_scan,44,802,6,1.0902918577194214,0.2794000506401062
phase_scan,44,803,4,0.893217146396637,0.7741144299507141
phase_scan,44,804,6,1.083276629447937,0.4221055507659912
phase_scan,44,805,4,0.8792107701301575,0.3937702476978302
phase_scan,44,806,6,1.0881775617599487,0.47436654567718506
phase_scan,44,807,4,0.8811352252960205,0.5222097039222717
phase_scan,44,808,6,1.1019233465194702,0.23608602583408356
phase_scan,44,809,4,0.9066072702407837,0.48172420263290405
phase_scan,44,810,6,1.0953129529953003,0.5247446894645691
phase_scan,44,811,4,0.8856791853904724,0.4336443245410919
phase_scan,44,812,6,1.0875489711761475,0.46554625034332275
phase_scan,44,813,4,0.8820095062255859,0.43909576535224915
phase_scan,44,814,6,1.0929960012435913,0.6793777346611023
phase_scan,44,815,4,0.875386118888855,0.4356974959373474
phase_scan,44,816,6,1.0878479480743408,0.4699573814868927
phase_scan,44,817,4,0.8635491132736206,0.25974199175834656
phase_scan,44,818,6,1.0919932126998901,0.5403836965560913
phase_scan,44,819,4,0.8647364974021912,0.34842145442962646
phase_scan,44,820,6,1.0895196199417114,0.34372758865356445
phase_scan,44,821,4,0.8808274269104004,0.36674126982688904
phase_scan,44,822,6,1.0798263549804688,0.28682461380958557
phase_scan,44,823,4,0.8897984027862549,0.48678749799728394
phase_scan,44,824,6,1.097851276397705,0.5252663493156433
phase_scan,44,825,4,0.8795860409736633,0.3921087384223938
phase_scan,44,826,6,1.0914952754974365,0.6290661096572876
phase_scan,44,827,4,0.8772134184837341,0.43643686175346375
phase_scan,44,828,6,1.0873838663101196,0.35422584414482117
phase_scan,44,829,4,0.879149854183197,0.46160969138145447
phase_scan,44,830,6,1.0941321849822998,0.6346385478973389
phase_scan,44,831,4,0.8744223117828369,0.4023369252681732
phase_scan,44,832,6,1.0887550115585327,0.886699378490448
phase_scan,44,833,4,0.8751885294914246,0.6114803552627563
phase_scan,44,834,6,1.1069072484970093,0.6762741208076477
phase_scan,44,835,4,0.887492835521698,0.41120079159736633
phase_scan,44,836,6,1.1013829708099365,0.9214423894882202
phase_scan,44,837,4,0.9151871204376221,0.48404601216316223
phase_scan,44,838,6,1.1034108400344849,0.7215489149093628
phase_scan,44,839,4,0.9089085459709167,0.5868890285491943
phase_scan,44,840,6,1.1047148704528809,0.9733651280403137
phase_scan,44,841,4,0.8667189478874207,0.2127012312412262
phase_scan,44,842,6,1.0900839567184448,0.22892272472381592
phase_scan,44,843,4,0.9046295881271362,0.4663487672805786
phase_scan,44,844,6,1.0915595293045044,0.2968812882900238
phase_scan,44,845,4,0.8944920301437378,0.37099507451057434
phase_scan,44,846,6,1.083520531654358,0.6944628357887268
phase_scan,44,847,4,0.8636385798454285,0.28940868377685547
phase_scan,44,848,6,1.0909417867660522,0.564503014087677
phase_scan,44,849,4,0.8662042617797852,0.5572381019592285
phase_scan,44,850,6,1.0978143215179443,0.7546759247779846
phase_scan,44,851,4,0.8840218186378479,0.42262664437294006
phase_scan,44,852,6,1.0831785202026367,0.34378376603126526
phase_scan,44,853,4,0.8857240676879883,0.6973873972892761
phase_scan,44,854,6,1.0858336687088013,0.18766725063323975
phase_scan,44,855,4,0.8738127946853638,0.2715601325035095
phase_scan,44,856,6,1.090438961982727,0.5786417126655579
phase_scan,44,857,4,0.8671489953994751,0.36094701290130615
phase_scan,44,858,6,1.0796232223510742,0.4561949372291565
phase_scan,44,859,4,0.8873217701911926,0.42019546031951904
phase_scan,44,860,6,1.0858430862426758,0.501803994178772
phase_scan,44,861,4,0.8907870054244995,0.43911105394363403
phase_scan,44,862,6,1.0983160734176636,0.4214651584625244
phase_scan,44,863,4,0.8688974976539612,0.3219340443611145
phase_scan,44,864,6,1.0977541208267212,0.6696853637695312
phase_scan,44,865,4,0.9008083939552307,0.42778074741363525
phase_scan,44,866,6,1.0846456289291382,0.4448958933353424
phase_scan,44,867,4,0.9096386432647705,0.6203582286834717
phase_scan,44,868,6,1.0985462665557861,0.644113302230835
phase_scan,44,869,4,0.8846144676208496,0.38046762347221375
phase_scan,44,870,6,1.0869189500808716,0.44484764337539673
phase_scan,44,871,4,0.8735566735267639,0.5772256851196289
phase_scan,44,872,6,1.1016664505004883,0.5050280094146729
phase_scan,44,873,4,0.8716498613357544,0.3270355761051178
phase_scan,44,874,6,1.0914915800094604,0.8789268732070923
phase_scan,44,875,4,0.888512372970581,0.4820719361305237
phase_scan,44,876,6,1.1087454557418823,1.0539789199829102
phase_scan,44,877,4,0.9048656821250916,0.527452826499939
phase_scan,44,878,6,1.0981980562210083,1.1851015090942383
phase_scan,44,879,4,0.8707977533340454,0.37003543972969055
phase_scan,44,880,6,1.0820449590682983,0.48931440711021423
phase_scan,44,881,4,0.8866322636604309,0.7660567164421082
phase_scan,44,882,6,1.0809290409088135,0.25454431772232056
phase_scan,44,883,4,0.8878765106201172,0.5798800587654114
phase_scan,44,884,6,1.0896164178848267,0.5006794929504395
phase_scan,44,885,4,0.8716423511505127,0.35316020250320435
phase_scan,44,886,6,1.0916216373443604,0.47805458307266235
phase_scan,44,887,4,0.8886780142784119,0.4420754015445709
phase_scan,44,888,6,1.092693567276001,0.5461057424545288
phase_scan,44,889,4,0.8853399753570557,0.35447385907173157
phase_scan,44,890,6,1.0897266864776611,0.37531447410583496
phase_scan,44,891,4,0.87445068359375,0.5865599513053894
phase_scan,44,892,6,1.0790249109268188,0.16612793505191803
phase_scan,44,893,4,0.8808214068412781,0.42878931760787964
phase_scan,44,894,6,1.0912549495697021,0.5665947198867798
phase_scan,44,895,4,0.8726651668548584,0.28725582361221313
phase_scan,44,896,6,1.084482192993164,0.30391836166381836
phase_scan,44,897,4,0.8910734057426453,0.6210826635360718
phase_scan,44,898,6,1.084265112876892,0.3935166001319885
phase_scan,44,899,4,0.8932151198387146,0.41624218225479126
phase_scan,44,900,6,1.1029270887374878,0.5756301879882812
phase_competitive,11,1,4,2.7445266246795654,30.955827713012695
phase_competitive,11,2,6,1.862167239189148,18.865671157836914
phase_competitive,11,3,4,1.018486499786377,5.118005275726318
phase_competitive,11,4,6,1.247350811958313,3.4369773864746094
phase_competitive,11,5,4,0.7665964961051941,1.1267625093460083
phase_competitive,11,6,6,1.074837565422058,1.0465816259384155
phase_competitive,11,7,4,0.7671673893928528,0.8592372536659241
phase_competitive,11,8,6,1.051137924194336,0.8852449059486389
phase_competitive,11,9,4,0.7711191773414612,0.6994989514350891
phase_competitive,11,10,6,1.0546574592590332,0.581505537033081
phase_competitive,11,11,4,0.7793652415275574,0.699794590473175
phase_competitive,11,12,6,1.0169824361801147,0.6409896612167358
phase_competitive,11,13,4,0.7374396920204163,0.7119295597076416
phase_competitive,11,14,6,1.025052547454834,0.609194815158844
phase_competitive,11,15,4,0.7474736571311951,0.61793452501297
phase_competitive,11,16,6,0.9901039600372314,0.7106038331985474
phase_competitive,11,17,4,0.7040623426437378,0.7663735747337341
phase_competitive,11,18,6,0.9590228199958801,0.8822372555732727
phase_competitive,11,19,4,0.6965660452842712,0.8329598903656006
phase_competitive,11,20,6,0.921869695186615,1.1646952629089355
phase_competitive,11,21,4,0.646935760974884,1.40349543094635
phase_competitive,11,22,6,0.8668205142021179,1.6990551948547363
phase_competitive,11,23,4,0.53275066614151,1.6474353075027466
phase_competitive,11,24,6,0.7544729113578796,1.9879026412963867
phase_competitive,11,25,4,0.4228431284427643,2.1814608573913574
phase_competitive,11,26,6,0.6207990050315857,4.992794513702393
phase_competitive,11,27,4,0.45872747898101807,7.776749610900879
phase_competitive,11,28,6,0.9871397018432617,30.95981788635254
phase_competitive,11,29,4,0.6921278834342957,12.408930778503418
phase_competitive,11,30,6,0.8360405564308167,15.55804443359375
phase_competitive,11,31,4,0.44314372539520264,5.755804538726807
phase_competitive,11,32,6,0.7326548099517822,6.443317413330078
phase_competitive,11,33,4,0.38538432121276855,3.6445670127868652
phase_competitive,11,34,6,0.5339685678482056,3.0836565494537354
phase_competitive,11,35,4,0.3553059697151184,1.7853578329086304
phase_competitive,11,36,6,0.49438992142677307,2.5987017154693604
phase_competitive,11,37,4,0.3080228567123413,1.5300679206848145
phase_competitive,11,38,6,0.4619247019290924,2.2306175231933594
phase_competitive,11,39,4,0.27387258410453796,1.6718535423278809
phase_competitive,11,40,6,0.46203628182411194,2.0797088146209717
phase_competitive,11,41,4,0.30151844024658203,2.3729872703552246
phase_competitive,11,42,6,0.4115050137042999,2.0270917415618896
phase_competitive,11,43,4,0.2016960084438324,1.9989386796951294
phase_competitive,11,44,6,0.44594958424568176,3.0594823360443115
phase_competitive,11,45,4,0.29151371121406555,2.4406890869140625
phase_competitive,11,46,6,0.3741885721683502,1.645587682723999
phase_competitive,11,47,4,0.1972605139017105,1.869497537612915
phase_competitive,11,48,6,0.43235278129577637,3.8398494720458984
phase_competitive,11,49,4,0.2704453766345978,2.269298553466797
phase_competitive,11,50,6,0.4140675365924835,2.580519914627075
phase_competitive,11,51,4,0.24770255386829376,2.8753507137298584
phase_competitive,11,52,6,0.33308908343315125,1.8218573331832886
phase_competitive,11,53,4,0.2021028846502304,1.530369520187378
phase_competitive,11,54,6,0.41672220826148987,3.310920000076294
phase_competitive,11,55,4,0.22650401294231415,2.32239031791687
phase_competitive,11,56,6,0.3946183919906616,2.6486778259277344
phase_competitive,11,57,4,0.1950518935918808,1.6052685976028442
phase_competitive,11,58,6,0.3796210289001465,2.2862727642059326
phase_competitive,11,59,4,0.2926805317401886,2.6470673084259033
phase_competitive,11,60,6,0.3673056662082672,2.574799060821533
phase_competitive,11,61,4,0.2344513237476349,1.9171440601348877
phase_competitive,11,62,6,0.35335052013397217,2.1269102096557617
phase_competitive,11,63,4,0.19741442799568176,1.5503911972045898
phase_competitive,11,64,6,0.36409518122673035,2.359513521194458
phase_competitive,11,65,4,0.2082597017288208,1.4548894166946411
phase_competitive,11,66,6,0.38838502764701843,2.636186122894287
phase_competitive,11,67,4,0.21987497806549072,2.32545804977417
phase_competitive,11,68,6,0.31177273392677307,1.7203805446624756
phase_competitive,11,69,4,0.15894822776317596,1.3372087478637695
phase_competitive,11,70,6,0.3420952260494232,1.9027912616729736
phase_competitive,11,71,4,0.22218112647533417,2.3532323837280273
phase_competitive,11,72,6,0.32296571135520935,2.639280080795288
phase_competitive,11,73,4,0.19625379145145416,2.313854694366455
phase_competitive,11,74,6,0.3325527012348175,2.274038553237915
phase_competitive,11,75,4,0.2312752902507782,2.5750949382781982
phase_competitive,11,76,6,0.3549577295780182,2.6160285472869873
phase_competitive,11,77,4,0.162479430437088,1.5953952074050903
phase_competitive,11,78,6,0.3830866813659668,2.374765634536743
phase_competitive,11,79,4,0.2219809740781784,1.9616888761520386
phase_competitive,11,80,6,0.3929157257080078,2.5669150352478027
phase_competitive,11,81,4,0.25307363271713257,2.198935031890869
phase_competitive,11,82,6,0.3112601041793823,1.6934385299682617
phase_competitive,11,83,4,0.1631079763174057,1.507748007774353
phase_competitive,11,84,6,0.3739106357097626,2.42260479927063
phase_competitive,11,85,4,0.22444859147071838,1.8568207025527954
phase_competitive,11,86,6,0.4169844090938568,2.711106061935425
phase_competitive,11,87,4,0.2356971651315689,2.1161153316497803
phase_competitive,11,88,6,0.3977125883102417,2.0252206325531006
phase_competitive,11,89,4,0.2212504744529724,1.5653157234191895
phase_competitive,11,90,6,0.30845728516578674,1.4038050174713135
phase_competitive,11,91,4,0.23020096123218536,1.6038691997528076
phase_competitive,11,92,6,0.34234368801116943,2.1587913036346436
phase_competitive,11,93,4,0.2140764743089676,1.6955437660217285
phase_competitive,11,94,6,0.34251412749290466,1.9304720163345337
phase_competitive,11,95,4,0.18242962658405304,1.7164825201034546
phase_competitive,11,96,6,0.31532952189445496,2.405691385269165
phase_competitive,11,97,4,0.18134069442749023,1.9975054264068604
phase_competitive,11,98,6,0.3175080120563507,1.7465319633483887
phase_competitive,11,99,4,0.20992372930049896,1.8333653211593628
phase_competitive,11,100,6,0.2759639024734497,1.3882495164871216
phase_competitive,11,101,4,0.20374555885791779,1.7410645484924316
phase_competitive,11,102,6,0.31675198674201965,2.104233741760254
phase_competitive,11,103,4,0.17950603365898132,1.2729743719100952
phase_competitive,11,104,6,0.33890068531036377,2.2961697578430176
phase_competitive,11,105,4,0.1498522013425827,1.4116657972335815
phase_competitive,11,106,6,0.2648906409740448,1.323992133140564
phase_competitive,11,107,4,0.20712269842624664,1.8017594814300537
phase_competitive,11,108,6,0.35742029547691345,2.569662094116211
phase_competitive,11,109,4,0.18384328484535217,1.4367002248764038
phase_competitive,11,110,6,0.35048606991767883,2.419779062271118
phase_competitive,11,111,4,0.15703649818897247,1.1906461715698242
phase_competitive,11,112,6,0.292528361082077,2.0627686977386475
phase_competitive,11,113,4,0.19168399274349213,1.5228327512741089
phase_competitive,11,114,6,0.32337239384651184,1.9294157028198242
phase_competitive,11,115,4,0.24997638165950775,1.9290220737457275
phase_competitive,11,116,6,0.31629693508148193,1.9141395092010498
phase_competitive,11,117,4,0.1900593638420105,1.3403466939926147
phase_competitive,11,118,6,0.30771568417549133,1.565278172492981
phase_competitive,11,119,4,0.1418808251619339,1.4374783039093018
phase_competitive,11,120,6,0.26216110587120056,1.8162882328033447
phase_competitive,11,121,4,0.1647426038980484,1.2969456911087036
phase_competitive,11,122,6,0.3769548237323761,2.5592730045318604
phase_competitive,11,123,4,0.18662351369857788,1.6520382165908813
phase_competitive,11,124,6,0.3288165032863617,2.247083902359009
phase_competitive,11,125,4,0.16271676123142242,1.3136440515518188
phase_competitive,11,126,6,0.27671197056770325,1.1937135457992554
phase_competitive,11,127,4,0.19687531888484955,1.720365285873413
phase_competitive,11,128,6,0.2924289107322693,1.5485012531280518
phase_competitive,11,129,4,0.15286949276924133,1.1579816341400146
phase_competitive,11,130,6,0.29276180267333984,1.3671807050704956
phase_competitive,11,131,4,0.214750275015831,1.846919059753418
phase_competitive,11,132,6,0.29261285066604614,1.6371479034423828
phase_competitive,11,133,4,0.16357655823230743,1.4366657733917236
phase_competitive,11,134,6,0.2935178279876709,1.532409906387329
phase_competitive,11,135,4,0.19902174174785614,1.3084498643875122
phase_competitive,11,136,6,0.30364856123924255,1.8130981922149658
phase_competitive,11,137,4,0.15758027136325836,1.1153212785720825
phase_competitive,11,138,6,0.3116307854652405,1.8331407308578491
phase_competitive,11,139,4,0.14384037256240845,1.289564609527588
phase_competitive,11,140,6,0.2980518043041229,1.1925325393676758
phase_competitive,11,141,4,0.15033461153507233,1.4770041704177856
phase_competitive,11,142,6,0.2951626479625702,1.7910919189453125
phase_competitive,11,143,4,0.14116667211055756,0.9514632821083069
phase_competitive,11,144,6,0.27045944333076477,1.727036476135254
phase_competitive,11,145,4,0.19561763107776642,1.7937349081039429
phase_competitive,11,146,6,0.2924174964427948,1.8665525913238525
phase_competitive,11,147,4,0.2149181365966797,2.3018381595611572
phase_competitive,11,148,6,0.2951389253139496,1.3541980981826782
phase_competitive,11,149,4,0.14236311614513397,1.43269944190979
phase_competitive,11,150,6,0.2827887237071991,1.696558952331543
phase_competitive,11,151,4,0.18338847160339355,1.6752618551254272
phase_competitive,11,152,6,0.2769704759120941,1.4361859560012817
phase_competitive,11,153,4,0.15216222405433655,1.0198957920074463
phase_competitive,11,154,6,0.23632101714611053,1.1074440479278564
phase_competitive,11,155,4,0.15546263754367828,1.0785605907440186
phase_competitive,11,156,6,0.26843419671058655,1.0139362812042236
phase_competitive,11,157,4,0.21883681416511536,1.653702974319458
phase_competitive,11,158,6,0.3207412660121918,1.5108498334884644
phase_competitive,11,159,4,0.14003127813339233,0.9831199645996094
phase_competitive,11,160,6,0.3125218451023102,1.5820636749267578
phase_competitive,11,161,4,0.17613358795642853,1.3243566751480103
phase_competitive,11,162,6,0.2558997571468353,0.8801712989807129
phase_competitive,11,163,4,0.19431449472904205,1.4318538904190063
phase_competitive,11,164,6,0.2430528849363327,1.425046443939209
phase_competitive,11,165,4,0.19485728442668915,1.5841628313064575
phase_competitive,11,166,6,0.2886454164981842,1.3596413135528564
phase_competitive,11,167,4,0.13664667308330536,0.940095841884613
phase_competitive,11,168,6,0.29971081018447876,1.3188817501068115
phase_competitive,11,169,4,0.13966737687587738,0.867134690284729
phase_competitive,11,170,6,0.2405916303396225,1.4412628412246704
phase_competitive,11,171,4,0.18105173110961914,1.0998411178588867
phase_competitive,11,172,6,0.30484738945961,1.5558818578720093
phase_competitive,11,173,4,0.15167921781539917,1.0511152744293213
phase_competitive,11,174,6,0.3201617896556854,2.092491865158081
phase_competitive,11,175,4,0.1804661899805069,1.5370447635650635
phase_competitive,11,176,6,0.3147672712802887,1.6097568273544312
phase_competitive,11,177,4,0.14851593971252441,1.4560221433639526
phase_competitive,11,178,6,0.2601630985736847,0.8464747071266174
phase_competitive,11,179,4,0.12289578467607498,1.0103503465652466
phase_competitive,11,180,6,0.32224979996681213,2.240065574645996
phase_competitive,11,181,4,0.1753721684217453,1.0988596677780151
phase_competitive,11,182,6,0.305285781621933,1.7129979133605957
phase_competitive,11,183,4,0.1466873586177826,1.3828407526016235
phase_competitive,11,184,6,0.3005501925945282,1.7037181854248047
phase_competitive,11,185,4,0.14758722484111786,0.9806826710700989
phase_competitive,11,186,6,0.2923405170440674,1.6493911743164062
phase_competitive,11,187,4,0.19829009473323822,1.7207762002944946
phase_competitive,11,188,6,0.2892526090145111,1.304344654083252
phase_competitive,11,189,4,0.1941191405057907,1.4009153842926025
phase_competitive,11,190,6,0.2500556409358978,1.4281326532363892
phase_competitive,11,191,4,0.13090768456459045,0.8010031580924988
phase_competitive,11,192,6,0.2861648499965668,1.1448543071746826
phase_competitive,11,193,4,0.17993368208408356,1.3196430206298828
phase_competitive,11,194,6,0.2804712653160095,1.768388271331787
phase_competitive,11,195,4,0.12174816429615021,0.8603644967079163
phase_competitive,11,196,6,0.28933748602867126,1.7356908321380615
phase_competitive,11,197,4,0.16436316072940826,1.7452408075332642
phase_competitive,11,198,6,0.2939715087413788,1.713274598121643
phase_competitive,11,199,4,0.16179196536540985,1.4262447357177734
phase_competitive,11,200,6,0.2248186320066452,1.0968923568725586
phase_competitive,11,201,4,0.15199074149131775,1.3400136232376099
phase_competitive,11,202,6,0.30208176374435425,1.5214457511901855
phase_competitive,11,203,4,0.16067643463611603,1.2316551208496094
phase_competitive,11,204,6,0.24992619454860687,1.2262067794799805
phase_competitive,11,205,4,0.11266712844371796,0.7289310693740845
phase_competitive,11,206,6,0.238786980509758,1.0830861330032349
phase_competitive,11,207,4,0.1666669100522995,1.2490739822387695
phase_competitive,11,208,6,0.26232513785362244,1.4389328956604004
phase_competitive,11,209,4,0.21817897260189056,2.0453813076019287
phase_competitive,11,210,6,0.27729132771492004,1.2255622148513794
phase_competitive,11,211,4,0.15940265357494354,1.2367441654205322
phase_competitive,11,212,6,0.27107709646224976,1.4758739471435547
phase_competitive,11,213,4,0.15021932125091553,0.856304943561554
phase_competitive,11,214,6,0.2632864713668823,1.3067659139633179
phase_competitive,11,215,4,0.16442659497261047,1.2451261281967163
phase_competitive,11,216,6,0.2672271430492401,1.4225021600723267
phase_competitive,11,217,4,0.13499197363853455,1.142601490020752
phase_competitive,11,218,6,0.27467411756515503,1.3893438577651978
phase_competitive,11,219,4,0.13370724022388458,0.9822268486022949
phase_competitive,11,220,6,0.24731455743312836,0.9941491484642029
phase_competitive,11,221,4,0.13721910119056702,0.9475032687187195
phase_competitive,11,222,6,0.25219884514808655,1.2963197231292725
phase_competitive,11,223,4,0.17991822957992554,1.215804934501648
phase_competitive,11,224,6,0.2656232416629791,1.2294116020202637
phase_competitive,11,225,4,0.14261358976364136,1.0531712770462036
phase_competitive,11,226,6,0.2177443951368332,1.0967422723770142
phase_competitive,11,227,4,0.18896928429603577,1.2497491836547852
phase_competitive,11,228,6,0.22723866999149323,1.0153368711471558
phase_competitive,11,229,4,0.1265818029642105,0.8336117267608643
phase_competitive,11,230,6,0.2621379792690277,1.1495178937911987
phase_competitive,11,231,4,0.1504649519920349,1.229730248451233
phase_competitive,11,232,6,0.26538053154945374,1.4022315740585327
phase_competitive,11,233,4,0.11725016683340073,0.7780194282531738
phase_competitive,11,234,6,0.24010126292705536,0.9169861674308777
phase_competitive,11,235,4,0.14568392932415009,1.0906925201416016
phase_competitive,11,236,6,0.2108546644449234,1.0302202701568604
phase_competitive,11,237,4,0.1339752972126007,0.8115295767784119
phase_competitive,11,238,6,0.28224074840545654,1.3438891172409058
phase_competitive,11,239,4,0.12342463433742523,0.8205994367599487
phase_competitive,11,240,6,0.26201331615448,1.1127656698226929
phase_competitive,11,241,4,0.1368100643157959,0.9525626301765442
phase_competitive,11,242,6,0.2517687678337097,1.3876370191574097
phase_competitive,11,243,4,0.13242439925670624,0.9154515862464905
phase_competitive,11,244,6,0.23375199735164642,0.9763746857643127
phase_competitive,11,245,4,0.11969107389450073,0.9115996360778809
phase_competitive,11,246,6,0.25248727202415466,1.324661374092102
phase_competitive,11,247,4,0.14611034095287323,1.063805103302002
phase_competitive,11,248,6,0.24933385848999023,1.269547700881958
phase_competitive,11,249,4,0.17334450781345367,1.5503919124603271
phase_competitive,11,250,6,0.23109453916549683,0.8553977608680725
phase_competitive,11,251,4,0.12042702734470367,0.731723427772522
phase_competitive,11,252,6,0.21559204161167145,1.015743613243103
phase_competitive,11,253,4,0.12040383368730545,0.9594318866729736
phase_competitive,11,254,6,0.27530166506767273,1.5073561668395996
phase_competitive,11,255,4,0.1275145262479782,1.0392974615097046
phase_competitive,11,256,6,0.24930782616138458,1.2975108623504639
phase_competitive,11,257,4,0.13223925232887268,0.996633768081665
phase_competitive,11,258,6,0.24223583936691284,0.9435157179832458
phase_competitive,11,259,4,0.15613730251789093,1.135420799255371
phase_competitive,11,260,6,0.2294202595949173,1.120631217956543
phase_competitive,11,261,4,0.1265116184949875,0.8603510856628418
phase_competitive,11,262,6,0.22603410482406616,0.7627647519111633
phase_competitive,11,263,4,0.12995225191116333,1.0839606523513794
phase_competitive,11,264,6,0.21706347167491913,1.0016369819641113
phase_competitive,11,265,4,0.10587651282548904,0.7241353988647461
phase_competitive,11,266,6,0.24364884197711945,0.9374952912330627
phase_competitive,11,267,4,0.1354689747095108,1.083405613899231
phase_competitive,11,268,6,0.21905647218227386,1.171602725982666
phase_competitive,11,269,4,0.11314048618078232,0.7139506936073303
phase_competitive,11,270,6,0.24788278341293335,0.9184008836746216
phase_competitive,11,271,4,0.12292248755693436,0.9127408862113953
phase_competitive,11,272,6,0.24241304397583008,1.2406805753707886
phase_competitive,11,273,4,0.129498690366745,1.020727515220642
phase_competitive,11,274,6,0.2502862513065338,1.0265103578567505
phase_competitive,11,275,4,0.1376878023147583,0.870281994342804
phase_competitive,11,276,6,0.2096007615327835,0.7611246109008789
phase_competitive,11,277,4,0.12290249764919281,0.7965723276138306
phase_competitive,11,278,6,0.22252249717712402,1.0173919200897217
phase_competitive,11,279,4,0.14146564900875092,1.1701951026916504
phase_competitive,11,280,6,0.23449766635894775,0.86582350730896
phase_competitive,11,281,4,0.08570285141468048,0.48592835664749146
phase_competitive,11,282,6,0.21621732413768768,1.0567570924758911
phase_competitive,11,283,4,0.1481122374534607,0.8612729907035828
phase_competitive,11,284,6,0.22575785219669342,1.0361469984054565
phase_competitive,11,285,4,0.13383017480373383,1.1756377220153809
phase_competitive,11,286,6,0.2296692281961441,0.9049260020256042
phase_competitive,11,287,4,0.12042426317930222,0.8814923763275146
phase_competitive,11,288,6,0.1924365609884262,0.617786169052124
phase_competitive,11,289,4,0.13557927310466766,1.117377519607544
phase_competitive,11,290,6,0.2261427640914917,1.1670901775360107
phase_competitive,11,291,4,0.10981770604848862,0.6366546750068665
phase_competitive,11,292,6,0.2104482650756836,0.9817625880241394
phase_competitive,11,293,4,0.10529342293739319,0.7959761619567871
phase_competitive,11,294,6,0.20430819690227509,0.7245336174964905
phase_competitive,11,295,4,0.13645760715007782,0.8434181213378906
phase_competitive,11,296,6,0.22210295498371124,0.6788150668144226
phase_competitive,11,297,4,0.08141564577817917,0.5152814388275146
phase_competitive,11,298,6,0.18906231224536896,0.6214011311531067
phase_competitive,11,299,4,0.1051008552312851,0.847222626209259
phase_competitive,11,300,6,0.21853786706924438,0.9962825775146484
phase_competitive,11,301,4,0.11375798285007477,0.7032159566879272
phase_competitive,11,302,6,0.2386200875043869,1.0740255117416382
phase_competitive,11,303,4,0.13834668695926666,0.9675091505050659
phase_competitive,11,304,6,0.1954069286584854,0.8116235136985779
phase_competitive,11,305,4,0.14603838324546814,0.8148550987243652
phase_competitive,11,306,6,0.2695479094982147,1.382506012916565
phase_competitive,11,307,4,0.11049401760101318,0.9372237920761108
phase_competitive,11,308,6,0.22253839671611786,0.9691132307052612
phase_competitive,11,309,4,0.12320735305547714,0.9844501614570618
phase_competitive,11,310,6,0.244243323802948,0.8557766079902649
phase_competitive,11,311,4,0.11139068752527237,0.8735675811767578
phase_competitive,11,312,6,0.218282088637352,0.8167668581008911
phase_competitive,11,313,4,0.14739277958869934,1.0181604623794556
phase_competitive,11,314,6,0.18948763608932495,0.7559873461723328
phase_competitive,11,315,4,0.13433964550495148,0.8055503964424133
phase_competitive,11,316,6,0.28613224625587463,1.211782693862915
phase_competitive,11,317,4,0.14923208951950073,1.0350180864334106
phase_competitive,11,318,6,0.22358886897563934,0.9532631039619446
phase_competitive,11,319,4,0.13302093744277954,0.9102169871330261
phase_competitive,11,320,6,0.19218868017196655,0.8811103105545044
phase_competitive,11,321,4,0.11085853725671768,0.8775904774665833
phase_competitive,11,322,6,0.21607190370559692,0.927146315574646
phase_competitive,11,323,4,0.08953271806240082,0.4257335960865021
phase_competitive,11,324,6,0.2152060717344284,1.1323202848434448
phase_competitive,11,325,4,0.10381948947906494,0.7562189698219299
phase_competitive,11,326,6,0.21559076011180878,0.9394084811210632
phase_competitive,11,327,4,0.13193120062351227,1.0110784769058228
phase_competitive,11,328,6,0.19558300077915192,0.9045557975769043
phase_competitive,11,329,4,0.08799674361944199,0.6197638511657715
phase_competitive,11,330,6,0.22619543969631195,0.9038087725639343
phase_competitive,11,331,4,0.10140853375196457,0.7236712574958801
phase_competitive,11,332,6,0.19048398733139038,0.6963698267936707
phase_competitive,11,333,4,0.08615922927856445,0.5021358132362366
phase_competitive,11,334,6,0.21208637952804565,0.6883201003074646
phase_competitive,11,335,4,0.12587961554527283,0.9214697480201721
phase_competitive,11,336,6,0.20492501556873322,0.7657628059387207
phase_competitive,11,337,4,0.1600898951292038,1.0386507511138916
phase_competitive,11,338,6,0.1837698072195053,0.9896195530891418
phase_competitive,11,339,4,0.12957489490509033,0.7762863636016846
phase_competitive,11,340,6,0.21041148900985718,0.8637372851371765
phase_competitive,11,341,4,0.12565425038337708,0.7578005194664001
phase_competitive,11,342,6,0.18255050480365753,0.7997494339942932
phase_competitive,11,343,4,0.08162101358175278,0.53533935546875
phase_competitive,11,344,6,0.2032591551542282,0.789214551448822
phase_competitive,11,345,4,0.09546373039484024,0.6198747158050537
phase_competitive,11,346,6,0.2030138522386551,1.0168077945709229
phase_competitive,11,347,4,0.10880693793296814,0.7487816214561462
phase_competitive,11,348,6,0.20142483711242676,1.0295766592025757
phase_competitive,11,349,4,0.09841938316822052,0.6387549042701721
phase_competitive,11,350,6,0.20765326917171478,0.6734957098960876
phase_competitive,11,351,4,0.09338703751564026,0.5362839102745056
phase_competitive,11,352,6,0.21377722918987274,0.9341809153556824
phase_competitive,11,353,4,0.0959101989865303,0.9386694431304932
phase_competitive,11,354,6,0.2075488120317459,1.0107107162475586
phase_competitive,11,355,4,0.10329403728246689,0.6778958439826965
phase_competitive,11,356,6,0.23018355667591095,1.290984034538269
phase_competitive,11,357,4,0.12426755577325821,1.0235873460769653
phase_competitive,11,358,6,0.22449685633182526,0.8861117362976074
phase_competitive,11,359,4,0.14442574977874756,0.923370897769928
phase_competitive,11,360,6,0.17664606869220734,0.9125950932502747
phase_competitive,11,361,4,0.10456467419862747,0.7269390225410461
phase_competitive,11,362,6,0.1998864859342575,0.8096384406089783
phase_competitive,11,363,4,0.08063037693500519,0.5478531122207642
phase_competitive,11,364,6,0.20857922732830048,0.7761979699134827
phase_competitive,11,365,4,0.11845409870147705,1.050027847290039
phase_competitive,11,366,6,0.22164642810821533,1.1043273210525513
phase_competitive,11,367,4,0.11988680064678192,0.8053674697875977
phase_competitive,11,368,6,0.19691038131713867,0.9028478860855103
phase_competitive,11,369,4,0.10861140489578247,0.7638149857521057
phase_competitive,11,370,6,0.1816004365682602,0.7271521091461182
phase_competitive,11,371,4,0.12490028887987137,0.8652804493904114
phase_competitive,11,372,6,0.20093746483325958,1.1939232349395752
phase_competitive,11,373,4,0.1170312762260437,0.907288134098053
phase_competitive,11,374,6,0.18738813698291779,0.9164205193519592
phase_competitive,11,375,4,0.11251577734947205,0.9728177785873413
phase_competitive,11,376,6,0.23215247690677643,1.1506245136260986
phase_competitive,11,377,4,0.11246062070131302,0.7857937812805176
phase_competitive,11,378,6,0.2017936259508133,0.9522901177406311
phase_competitive,11,379,4,0.09508662670850754,0.6922220587730408
phase_competitive,11,380,6,0.21020722389221191,1.0116398334503174
phase_competitive,11,381,4,0.11718437820672989,0.8134275674819946
phase_competitive,11,382,6,0.18577994406223297,1.1188914775848389
phase_competitive,11,383,4,0.09956744313240051,0.6808407306671143
phase_competitive,11,384,6,0.2047220915555954,0.9645386934280396
phase_competitive,11,385,4,0.13326619565486908,1.265731692314148
phase_competitive,11,386,6,0.2285171002149582,1.068545937538147
phase_competitive,11,387,4,0.11044277250766754,0.9345293641090393
phase_competitive,11,388,6,0.27444157004356384,1.567729115486145
phase_competitive,11,389,4,0.11719942837953568,1.109417200088501
phase_competitive,11,390,6,0.2096175104379654,1.043290138244629
phase_competitive,11,391,4,0.10479947924613953,0.8896329998970032
phase_competitive,11,392,6,0.1981736421585083,0.8304333090782166
phase_competitive,11,393,4,0.11751223355531693,0.8448804616928101
phase_competitive,11,394,6,0.21335677802562714,1.0257296562194824
phase_competitive,11,395,4,0.14337940514087677,1.1153700351715088
phase_competitive,11,396,6,0.18014144897460938,0.7190105319023132
phase_competitive,11,397,4,0.11913729459047318,0.7860079407691956
phase_competitive,11,398,6,0.20200663805007935,0.868877112865448
phase_competitive,11,399,4,0.0771026462316513,0.8514426350593567
phase_competitive,11,400,6,0.2008497714996338,1.122540831565857
phase_competitive,11,401,4,0.10220306366682053,0.7858245968818665
phase_competitive,11,402,6,0.18120406568050385,0.8137186765670776
phase_competitive,11,403,4,0.1648915708065033,1.6842832565307617
phase_competitive,11,404,6,0.23868107795715332,1.5157413482666016
phase_competitive,11,405,4,0.11145243048667908,0.8861601948738098
phase_competitive,11,406,6,0.17436669766902924,0.7820849418640137
phase_competitive,11,407,4,0.08753636479377747,1.098561406135559
phase_competitive,11,408,6,0.17667926847934723,0.8399249911308289
phase_competitive,11,409,4,0.08172859251499176,0.6388728022575378
phase_competitive,11,410,6,0.1657177358865738,0.8828825354576111
phase_competitive,11,411,4,0.11576073616743088,0.9807280898094177
phase_competitive,11,412,6,0.1876734346151352,0.7906737327575684
phase_competitive,11,413,4,0.09438084065914154,0.6937211751937866
phase_competitive,11,414,6,0.16567955911159515,0.8074967861175537
phase_competitive,11,415,4,0.0684598982334137,0.6003137826919556
phase_competitive,11,416,6,0.1846817284822464,0.8507407903671265
phase_competitive,11,417,4,0.12767764925956726,0.9150528311729431
phase_competitive,11,418,6,0.1994730830192566,0.8113495111465454
phase_competitive,11,419,4,0.10084371268749237,0.6909309029579163
phase_competitive,11,420,6,0.17613708972930908,0.7014661431312561
phase_competitive,11,421,4,0.0997374951839447,0.7802291512489319
phase_competitive,11,422,6,0.17732810974121094,0.7559078931808472
phase_competitive,11,423,4,0.0878979042172432,0.620452344417572
phase_competitive,11,424,6,0.19341711699962616,0.7660147547721863
phase_competitive,11,425,4,0.09816247969865799,0.7004060745239258
phase_competitive,11,426,6,0.16052697598934174,0.7132763266563416
phase_competitive,11,427,4,0.07495710253715515,0.7136344313621521
phase_competitive,11,428,6,0.17764444649219513,0.9156564474105835
phase_competitive,11,429,4,0.1248580738902092,1.234793782234192
phase_competitive,11,430,6,0.1846083551645279,1.0325947999954224
phase_competitive,11,431,4,0.11518966406583786,1.2072724103927612
phase_competitive,11,432,6,0.1566435843706131,0.7940626740455627
phase_competitive,11,433,4,0.056110840290784836,0.5597506165504456
phase_competitive,11,434,6,0.1939389556646347,1.0159155130386353
phase_competitive,11,435,4,0.07940411567687988,0.8521496653556824
phase_competitive,11,436,6,0.20893335342407227,1.0837922096252441
phase_competitive,11,437,4,0.08504736423492432,1.023568868637085
phase_competitive,11,438,6,0.15228892862796783,0.6905928254127502
phase_competitive,11,439,4,0.08511101454496384,0.7830188870429993
phase_competitive,11,440,6,0.2288769632577896,1.4752119779586792
phase_competitive,11,441,4,0.11534304916858673,0.9448791146278381
phase_competitive,11,442,6,0.18611766397953033,0.7217584848403931
phase_competitive,11,443,4,0.08940012753009796,0.9864688515663147
phase_competitive,11,444,6,0.1630326211452484,0.8479275107383728
phase_competitive,11,445,4,0.08503244072198868,0.7627158761024475
phase_competitive,11,446,6,0.1763547658920288,0.8625384569168091
phase_competitive,11,447,4,0.11110159754753113,0.8765614628791809
phase_competitive,11,448,6,0.2003028243780136,0.9751391410827637
phase_competitive,11,449,4,0.09755390882492065,0.6824038624763489
phase_competitive,11,450,6,0.144919753074646,0.6569662690162659
phase_competitive,11,451,4,0.13353478908538818,0.9522570371627808
phase_competitive,11,452,6,0.20978689193725586,1.569486379623413
phase_competitive,11,453,4,0.12134543806314468,0.7655143141746521
phase_competitive,11,454,6,0.17943431437015533,0.9927759766578674
phase_competitive,11,455,4,0.08753585815429688,0.6513770818710327
phase_competitive,11,456,6,0.17169083654880524,0.7153416275978088
phase_competitive,11,457,4,0.08369982242584229,0.8869264125823975
phase_competitive,11,458,6,0.19893069565296173,1.226434588432312
phase_competitive,11,459,4,0.07372445613145828,0.6791335344314575
phase_competitive,11,460,6,0.1837032586336136,0.9294016361236572
phase_competitive,11,461,4,0.10932637751102448,0.9587553143501282
phase_competitive,11,462,6,0.20160885155200958,0.8915371894836426
phase_competitive,11,463,4,0.11523471772670746,0.8092078566551208
phase_competitive,11,464,6,0.18833088874816895,1.1609621047973633
phase_competitive,11,465,4,0.058571238070726395,0.4027440845966339
phase_competitive,11,466,6,0.14771994948387146,0.6509758830070496
phase_competitive,11,467,4,0.09309490770101547,0.7245458960533142
phase_competitive,11,468,6,0.1583680957555771,1.027504563331604
phase_competitive,11,469,4,0.06767521053552628,0.658993661403656
phase_competitive,11,470,6,0.16672010719776154,0.8261603713035583
phase_competitive,11,471,4,0.08330120891332626,0.7227873802185059
phase_competitive,11,472,6,0.18830156326293945,0.8757818341255188
phase_competitive,11,473,4,0.09615004062652588,0.8229638338088989
phase_competitive,11,474,6,0.14473654329776764,0.7232115268707275
phase_competitive,11,475,4,0.09656104445457458,0.870123565196991
phase_competitive,11,476,6,0.17288880050182343,0.7938732504844666
phase_competitive,11,477,4,0.0717090591788292,0.7564414739608765
phase_competitive,11,478,6,0.1911149024963379,0.8029701113700867
phase_competitive,11,479,4,0.09156531095504761,0.7833914160728455
phase_competitive,11,480,6,0.15225930511951447,0.5843526721000671
phase_competitive,11,481,4,0.07855135202407837,0.5427891612052917
phase_competitive,11,482,6,0.1905921846628189,0.9249885082244873
phase_competitive,11,483,4,0.07527195662260056,0.8065796494483948
phase_competitive,11,484,6,0.16384471952915192,0.7994303107261658
phase_competitive,11,485,4,0.08070588111877441,0.7379950881004333
phase_competitive,11,486,6,0.15844234824180603,0.8219671249389648
phase_competitive,11,487,4,0.08118222653865814,0.8837543725967407
phase_competitive,11,488,6,0.18194866180419922,1.1238410472869873
phase_competitive,11,489,4,0.08303914219141006,0.9095771908760071
phase_competitive,11,490,6,0.16901487112045288,1.1137341260910034
phase_competitive,11,491,4,0.09617498517036438,1.0410549640655518
phase_competitive,11,492,6,0.15697048604488373,0.6860038638114929
phase_competitive,11,493,4,0.09357921779155731,0.760512113571167
phase_competitive,11,494,6,0.21768362820148468,1.175920844078064
phase_competitive,11,495,4,0.08321903645992279,0.7184049487113953
phase_competitive,11,496,6,0.18056237697601318,0.9802501201629639
phase_competitive,11,497,4,0.07762246578931808,0.647533655166626
phase_competitive,11,498,6,0.17954416573047638,0.7335572242736816
phase_competitive,11,499,4,0.09137089550495148,0.7947770953178406
phase_competitive,11,500,6,0.16817767918109894,0.8003495931625366
phase_competitive,11,501,4,0.12612147629261017,1.072383999824524
phase_competitive,11,502,6,0.18399102985858917,0.9470905065536499
phase_competitive,11,503,4,0.10049499571323395,0.7604228258132935
phase_competitive,11,504,6,0.20370535552501678,1.0004633665084839
phase_competitive,11,505,4,0.06997107714414597,0.5962862968444824
phase_competitive,11,506,6,0.1678657978773117,0.7952849268913269
phase_competitive,11,507,4,0.10838858038187027,0.7765608429908752
phase_competitive,11,508,6,0.17206983268260956,0.7555177211761475
phase_competitive,11,509,4,0.13828761875629425,1.107235312461853
phase_competitive,11,510,6,0.15930597484111786,0.7899230718612671
phase_competitive,11,511,4,0.0900302454829216,0.7905498743057251
phase_competitive,11,512,6,0.20794105529785156,1.177862286567688
phase_competitive,11,513,4,0.10274192690849304,0.8033730387687683
phase_competitive,11,514,6,0.17198346555233002,0.8476669192314148
phase_competitive,11,515,4,0.09852231293916702,0.9702958464622498
phase_competitive,11,516,6,0.16742801666259766,0.8968997597694397
phase_competitive,11,517,4,0.09390521794557571,1.1035244464874268
phase_competitive,11,518,6,0.1983330249786377,0.9762596487998962
phase_competitive,11,519,4,0.06816544383764267,0.5746874213218689
phase_competitive,11,520,6,0.16548235714435577,0.938805103302002
phase_competitive,11,521,4,0.08434372395277023,0.7047343850135803
phase_competitive,11,522,6,0.19108115136623383,0.849448025226593
phase_competitive,11,523,4,0.11683987826108932,0.8453419804573059
phase_competitive,11,524,6,0.18911677598953247,0.7836363911628723
phase_competitive,11,525,4,0.10345801711082458,0.7306402325630188
phase_competitive,11,526,6,0.16034899652004242,0.6251469850540161
phase_competitive,11,527,4,0.09770280867815018,0.5874956846237183
phase_competitive,11,528,6,0.1659904271364212,0.6332725882530212
phase_competitive,11,529,4,0.10315652936697006,0.946321964263916
phase_competitive,11,530,6,0.19444262981414795,0.8623456358909607
phase_competitive,11,531,4,0.07097669690847397,0.6451455354690552
phase_competitive,11,532,6,0.17656457424163818,0.8605152368545532
phase_competitive,11,533,4,0.08947285264730453,0.7493156790733337
phase_competitive,11,534,6,0.17892523109912872,0.7233047485351562
phase_competitive,11,535,4,0.08855511993169785,0.7608754634857178
phase_competitive,11,536,6,0.18085749447345734,0.9611015915870667
phase_competitive,11,537,4,0.10369604825973511,0.8065780401229858
phase_competitive,11,538,6,0.1780182272195816,0.9029463529586792
phase_competitive,11,539,4,0.08805344253778458,0.7503361105918884
phase_competitive,11,540,6,0.1847359538078308,1.043546199798584
phase_competitive,11,541,4,0.07441049069166183,0.733572244644165
phase_competitive,11,542,6,0.17683760821819305,0.8199874758720398
phase_competitive,11,543,4,0.08525633066892624,0.690369725227356
phase_competitive,11,544,6,0.15531551837921143,1.1300389766693115
phase_competitive,11,545,4,0.0719953402876854,0.6619551777839661
phase_competitive,11,546,6,0.13891276717185974,0.8169270157814026
phase_competitive,11,547,4,0.0686277374625206,0.7147353291511536
phase_competitive,11,548,6,0.16659994423389435,0.986920177936554
phase_competitive,11,549,4,0.09194961935281754,0.9381910562515259
phase_competitive,11,550,6,0.16578027606010437,0.7058899402618408
phase_competitive,11,551,4,0.0983734056353569,0.9483721256256104
phase_competitive,11,552,6,0.18007738888263702,0.9623420834541321
phase_competitive,11,553,4,0.11728199571371078,0.7227202653884888
phase_competitive,11,554,6,0.16455183923244476,0.5703811645507812
phase_competitive,11,555,4,0.10638675093650818,0.8595998883247375
phase_competitive,11,556,6,0.17555923759937286,0.9506122469902039
phase_competitive,11,557,4,0.12131837010383606,0.8233007192611694
phase_competitive,11,558,6,0.1556124985218048,0.7413719296455383
phase_competitive,11,559,4,0.08188486099243164,0.6638970375061035
phase_competitive,11,560,6,0.21120810508728027,0.7761226296424866
phase_competitive,11,561,4,0.0826098769903183,0.6953717470169067
phase_competitive,11,562,6,0.17999757826328278,1.1339763402938843
phase_competitive,11,563,4,0.09078111499547958,0.6868427991867065
phase_competitive,11,564,6,0.15789712965488434,0.5716224312782288
phase_competitive,11,565,4,0.10845505446195602,0.8985769748687744
phase_competitive,11,566,6,0.1747654229402542,0.9651801586151123
phase_competitive,11,567,4,0.06787782907485962,0.615576982498169
phase_competitive,11,568,6,0.17822666466236115,0.7569095492362976
phase_competitive,11,569,4,0.11153852194547653,0.9535719752311707
phase_competitive,11,570,6,0.18816880881786346,0.9809610843658447
phase_competitive,11,571,4,0.09577173739671707,0.7047615051269531
phase_competitive,11,572,6,0.1937187761068344,0.9265751838684082
phase_competitive,11,573,4,0.10229716449975967,0.8099332451820374
phase_competitive,11,574,6,0.19011841714382172,0.9698196053504944
phase_competitive,11,575,4,0.09552992135286331,0.7144761681556702
phase_competitive,11,576,6,0.17071418464183807,0.8181989789009094
phase_competitive,11,577,4,0.0781543031334877,0.6049848794937134
phase_competitive,11,578,6,0.16964130103588104,0.9530849456787109
phase_competitive,11,579,4,0.107211172580719,0.8458690643310547
phase_competitive,11,580,6,0.1674511581659317,0.9333574175834656
phase_competitive,11,581,4,0.08052611351013184,0.8081353306770325
phase_competitive,11,582,6,0.17312400043010712,0.8119456768035889
phase_competitive,11,583,4,0.08999370038509369,0.7170068025588989
phase_competitive,11,584,6,0.20519165694713593,1.1535903215408325
phase_competitive,11,585,4,0.07183787971735,0.6158618330955505
phase_competitive,11,586,6,0.14907078444957733,0.6675321459770203
phase_competitive,11,587,4,0.06246541440486908,0.5007335543632507
phase_competitive,11,588,6,0.15818379819393158,0.8042903542518616
phase_competitive,11,589,4,0.08607084304094315,0.644791841506958
phase_competitive,11,590,6,0.1770312786102295,0.8669285178184509
phase_competitive,11,591,4,0.11377204209566116,0.7601127028465271
phase_competitive,11,592,6,0.13218216598033905,0.5715957283973694
phase_competitive,11,593,4,0.11703761667013168,0.8309537172317505
phase_competitive,11,594,6,0.1603919267654419,0.6122680306434631
phase_competitive,11,595,4,0.06281311810016632,0.475709468126297
phase_competitive,11,596,6,0.14026662707328796,0.6059473156929016
phase_competitive,11,597,4,0.09273337572813034,0.8132238388061523
phase_competitive,11,598,6,0.16237102448940277,0.8446791768074036
phase_competitive,11,599,4,0.0774138867855072,0.5887216329574585
phase_competitive,11,600,6,0.16890935599803925,0.8966270089149475
phase_competitive,11,601,4,0.07131975144147873,0.5445656180381775
phase_competitive,11,602,6,0.1489059180021286,0.606967031955719
phase_competitive,11,603,4,0.07496426999568939,0.6332913041114807
phase_competitive,11,604,6,0.1826731115579605,0.9939850568771362
phase_competitive,11,605,4,0.050988972187042236,0.5365371704101562
phase_competitive,11,606,6,0.1801205277442932,0.7759429812431335
phase_competitive,11,607,4,0.053620558232069016,0.5077875256538391
phase_competitive,11,608,6,0.17548197507858276,1.1505059003829956
phase_competitive,11,609,4,0.06502600014209747,0.7084435224533081
phase_competitive,11,610,6,0.1515309065580368,1.2485793828964233
phase_competitive,11,611,4,0.07139531522989273,0.6671524047851562
phase_competitive,11,612,6,0.154121533036232,0.7611938118934631
phase_competitive,11,613,4,0.09027473628520966,0.8785353899002075
phase_competitive,11,614,6,0.1679292470216751,0.6276872754096985
phase_competitive,11,615,4,0.0955972820520401,0.6511658430099487
phase_competitive,11,616,6,0.14779449999332428,0.7797694206237793
phase_competitive,11,617,4,0.08777256309986115,0.7324256896972656
phase_competitive,11,618,6,0.145500048995018,0.5296177864074707
phase_competitive,11,619,4,0.07823695242404938,0.5193498730659485
phase_competitive,11,620,6,0.17424322664737701,0.812391996383667
phase_competitive,11,621,4,0.0815444067120552,0.7412949800491333
phase_competitive,11,622,6,0.17177431285381317,0.9029020667076111
phase_competitive,11,623,4,0.0597001351416111,0.3299821615219116
phase_competitive,11,624,6,0.18196938931941986,0.7415167093276978
phase_competitive,11,625,4,0.06815967708826065,0.5926550030708313
phase_competitive,11,626,6,0.14347130060195923,0.7226860523223877
phase_competitive,11,627,4,0.0944751501083374,0.6463041305541992
phase_competitive,11,628,6,0.1489165872335434,0.5450096726417542
phase_competitive,11,629,4,0.08061380684375763,0.6222386360168457
phase_competitive,11,630,6,0.19877012073993683,1.2143586874008179
phase_competitive,11,631,4,0.08160941302776337,0.625205397605896
phase_competitive,11,632,6,0.1519617885351181,0.8831568956375122
phase_competitive,11,633,4,0.07408413290977478,0.689293384552002
phase_competitive,11,634,6,0.15120796859264374,0.6550310850143433
phase_competitive,11,635,4,0.08639618009328842,0.6897976994514465
phase_competitive,11,636,6,0.1612735241651535,0.7670504450798035
phase_competitive,11,637,4,0.08214455097913742,0.5602126717567444
phase_competitive,11,638,6,0.1554044634103775,0.742412269115448
phase_competitive,11,639,4,0.07669070363044739,0.6134517192840576
phase_competitive,11,640,6,0.14923767745494843,0.45586952567100525
phase_competitive,11,641,4,0.046231094747781754,0.43821173906326294
phase_competitive,11,642,6,0.17095820605754852,0.8163380026817322
phase_competitive,11,643,4,0.07056359946727753,0.5540062189102173
phase_competitive,11,644,6,0.13999931514263153,0.4820936620235443
phase_competitive,11,645,4,0.06288177520036697,0.5602966547012329
phase_competitive,11,646,6,0.16988585889339447,0.9084039330482483
phase_competitive,11,647,4,0.06803928315639496,0.540699303150177
phase_competitive,11,648,6,0.15526323020458221,0.640908420085907
phase_competitive,11,649,4,0.07195860892534256,0.6792429685592651
phase_competitive,11,650,6,0.15840981900691986,0.7416089773178101
phase_competitive,11,651,4,0.08379010111093521,0.8293073773384094
phase_competitive,11,652,6,0.17249847948551178,0.7569634914398193
phase_competitive,11,653,4,0.06821489334106445,0.5642980337142944
phase_competitive,11,654,6,0.16792283952236176,1.0171129703521729
phase_competitive,11,655,4,0.08145882189273834,0.6800283193588257
phase_competitive,11,656,6,0.1371443271636963,0.6117045283317566
phase_competitive,11,657,4,0.06977272033691406,0.6983175873756409
phase_competitive,11,658,6,0.18261730670928955,0.9295006394386292
phase_competitive,11,659,4,0.1109580397605896,0.6654772162437439
phase_competitive,11,660,6,0.13599732518196106,0.45261985063552856
phase_competitive,11,661,4,0.07677099108695984,0.5354806780815125
phase_competitive,11,662,6,0.16725367307662964,0.6698496341705322
phase_competitive,11,663,4,0.03871007263660431,0.3100613057613373
phase_competitive,11,664,6,0.14867296814918518,0.5281288027763367
phase_competitive,11,665,4,0.07232707738876343,0.5442391037940979
phase_competitive,11,666,6,0.15487951040267944,0.7134705781936646
phase_competitive,11,667,4,0.0802377313375473,0.7249036431312561
phase_competitive,11,668,6,0.1674865484237671,0.8689572811126709
phase_competitive,11,669,4,0.07313279062509537,0.5737031698226929
phase_competitive,11,670,6,0.14882861077785492,0.6456485390663147
phase_competitive,11,671,4,0.08895929157733917,0.5345134735107422
phase_competitive,11,672,6,0.15012381970882416,0.712925374507904
phase_competitive,11,673,4,0.09857946634292603,0.7076436281204224
phase_competitive,11,674,6,0.14750032126903534,0.6493183970451355
phase_competitive,11,675,4,0.07684799283742905,0.6681163907051086
phase_competitive,11,676,6,0.15332286059856415,0.7531110644340515
phase_competitive,11,677,4,0.04668110981583595,0.42223823070526123
phase_competitive,11,678,6,0.15234623849391937,0.49403029680252075
phase_competitive,11,679,4,0.0512370839715004,0.40313002467155457
phase_competitive,11,680,6,0.16821826994419098,0.669366717338562
phase_competitive,11,681,4,0.06050252541899681,0.4693053066730499
phase_competitive,11,682,6,0.15701673924922943,0.760829508304596
phase_competitive,11,683,4,0.07388955354690552,0.5507897734642029
phase_competitive,11,684,6,0.1582692414522171,0.7831952571868896
phase_competitive,11,685,4,0.0667685866355896,0.45239517092704773
phase_competitive,11,686,6,0.13588334619998932,0.507703423500061
phase_competitive,11,687,4,0.09099528938531876,0.8373465538024902
phase_competitive,11,688,6,0.1453736275434494,0.6599448323249817
phase_competitive,11,689,4,0.06766805797815323,0.5938513278961182
phase_competitive,11,690,6,0.16576607525348663,0.842545211315155
phase_competitive,11,691,4,0.06764597445726395,0.5497184991836548
phase_competitive,11,692,6,0.15634320676326752,0.8330885171890259
phase_competitive,11,693,4,0.08806529641151428,0.6994889378547668
phase_competitive,11,694,6,0.15726886689662933,0.6532435417175293
phase_competitive,11,695,4,0.059630438685417175,0.5830462574958801
phase_competitive,11,696,6,0.17705444991588593,0.9565457701683044
phase_competitive,11,697,4,0.0789065733551979,0.5764753818511963
phase_competitive,11,698,6,0.178114652633667,0.880567193031311
phase_competitive,11,699,4,0.08858048915863037,0.7196863293647766
phase_competitive,11,700,6,0.16051249206066132,0.9022709727287292
phase_competitive,11,701,4,0.08649522066116333,0.6741317510604858
phase_competitive,11,702,6,0.14008447527885437,0.5297176241874695
phase_competitive,11,703,4,0.04969374090433121,0.4314693212509155
phase_competitive,11,704,6,0.16704607009887695,0.6323049664497375
phase_competitive,11,705,4,0.050038039684295654,0.4577074646949768
phase_competitive,11,706,6,0.1350669413805008,0.43108290433883667
phase_competitive,11,707,4,0.05950292572379112,0.5883707404136658
phase_competitive,11,708,6,0.1547035276889801,0.6571754217147827
phase_competitive,11,709,4,0.08301688730716705,0.5232971906661987
phase_competitive,11,710,6,0.1707022786140442,0.6293425559997559
phase_competitive,11,711,4,0.08364897966384888,0.6860520839691162
phase_competitive,11,712,6,0.16190636157989502,0.6879104375839233
phase_competitive,11,713,4,0.07860798388719559,0.7472329139709473
phase_competitive,11,714,6,0.16796959936618805,1.458013653755188
phase_competitive,11,715,4,0.06790310144424438,0.6178925633430481
phase_competitive,11,716,6,0.14685137569904327,0.8084574937820435
phase_competitive,11,717,4,0.08423589169979095,0.7085767984390259
phase_competitive,11,718,6,0.15039628744125366,0.5698263645172119
phase_competitive,11,719,4,0.079372838139534,0.7088380455970764
phase_competitive,11,720,6,0.16914202272891998,0.6000068783760071
phase_competitive,11,721,4,0.05955546349287033,0.5181386470794678
phase_competitive,11,722,6,0.1317177563905716,0.4036687910556793
phase_competitive,11,723,4,0.07826495915651321,0.7456180453300476
phase_competitive,11,724,6,0.19786010682582855,1.3618519306182861
phase_competitive,11,725,4,0.06038191542029381,0.49374493956565857
phase_competitive,11,726,6,0.15542110800743103,0.587600588798523
phase_competitive,11,727,4,0.07402985543012619,0.6340063810348511
phase_competitive,11,728,6,0.12599992752075195,0.46831202507019043
phase_competitive,11,729,4,0.059897951781749725,0.5692734122276306
phase_competitive,11,730,6,0.15263749659061432,0.5984116196632385
phase_competitive,11,731,4,0.06255796551704407,0.4249536097049713
phase_competitive,11,732,6,0.15186351537704468,0.8429229259490967
phase_competitive,11,733,4,0.06569446623325348,0.5157406330108643
phase_competitive,11,734,6,0.17076991498470306,0.8191904425621033
phase_competitive,11,735,4,0.061270397156476974,0.41058826446533203
phase_competitive,11,736,6,0.15725792944431305,0.47810640931129456
phase_competitive,11,737,4,0.06377140432596207,0.6450592875480652
phase_competitive,11,738,6,0.14079318940639496,0.5026348829269409
phase_competitive,11,739,4,0.07114337384700775,0.631223738193512
phase_competitive,11,740,6,0.20425085723400116,0.8018997311592102
phase_competitive,11,741,4,0.08328206837177277,0.6785711646080017
phase_competitive,11,742,6,0.1695273518562317,0.7957949638366699
phase_competitive,11,743,4,0.10317371040582657,0.9526567459106445
phase_competitive,11,744,6,0.14805085957050323,0.9596254825592041
phase_competitive,11,745,4,0.08328428119421005,0.7769156694412231
phase_competitive,11,746,6,0.14028558135032654,1.059563398361206
phase_competitive,11,747,4,0.05094122886657715,0.5523372888565063
phase_competitive,11,748,6,0.14607472717761993,0.6543864011764526
phase_competitive,11,749,4,0.07675725966691971,0.5769535303115845
phase_competitive,11,750,6,0.15890349447727203,0.8329014182090759
phase_competitive,11,751,4,0.10165013372898102,0.9095670580863953
phase_competitive,11,752,6,0.16214324533939362,0.7123678922653198
phase_competitive,11,753,4,0.041209105402231216,0.46825358271598816
phase_competitive,11,754,6,0.1280369758605957,0.5566679835319519
phase_competitive,11,755,4,0.0891708955168724,0.6940579414367676
phase_competitive,11,756,6,0.17147429287433624,0.6377001404762268
phase_competitive,11,757,4,0.06769869476556778,0.618578314781189
phase_competitive,11,758,6,0.14010073244571686,0.5680005550384521
phase_competitive,11,759,4,0.056814044713974,0.5336786508560181
phase_competitive,11,760,6,0.15557746589183807,0.6002195477485657
phase_competitive,11,761,4,0.07357095927000046,0.5859979391098022
phase_competitive,11,762,6,0.14564403891563416,0.6459677219390869
phase_competitive,11,763,4,0.07909629493951797,0.6566362977027893
phase_competitive,11,764,6,0.1596803218126297,0.5563191771507263
phase_competitive,11,765,4,0.06279569864273071,0.591890275478363
phase_competitive,11,766,6,0.15206997096538544,0.6877570152282715
phase_competitive,11,767,4,0.06498045474290848,0.47523248195648193
phase_competitive,11,768,6,0.14798739552497864,0.6448196172714233
phase_competitive,11,769,4,0.07899434119462967,0.5798091292381287
phase_competitive,11,770,6,0.13313472270965576,0.6339355707168579
phase_competitive,11,771,4,0.07624620944261551,0.6308160424232483
phase_competitive,11,772,6,0.1599399745464325,0.8117650151252747
phase_competitive,11,773,4,0.08246855437755585,0.8179154992103577
phase_competitive,11,774,6,0.13703607022762299,0.4555620849132538
phase_competitive,11,775,4,0.08912614732980728,0.7142152786254883
phase_competitive,11,776,6,0.1376386433839798,0.5711091160774231
phase_competitive,11,777,4,0.050916511565446854,0.518041729927063
phase_competitive,11,778,6,0.1586167812347412,0.7075175046920776
phase_competitive,11,779,4,0.05205100029706955,0.4815059304237366
phase_competitive,11,780,6,0.14893648028373718,1.0128430128097534
phase_competitive,11,781,4,0.06964137405157089,0.5921268463134766
phase_competitive,11,782,6,0.14579088985919952,0.703855574131012
phase_competitive,11,783,4,0.07987623661756516,0.7360572814941406
phase_competitive,11,784,6,0.15238802134990692,1.0819276571273804
phase_competitive,11,785,4,0.1121700182557106,1.08135986328125
phase_competitive,11,786,6,0.1768513321876526,0.9952213168144226
phase_competitive,11,787,4,0.057450033724308014,0.3705454170703888
phase_competitive,11,788,6,0.1337970644235611,0.5071951746940613
phase_competitive,11,789,4,0.05605292692780495,0.4999544024467468
phase_competitive,11,790,6,0.1355176419019699,0.6724960803985596
phase_competitive,11,791,4,0.06380248069763184,0.4781748354434967
phase_competitive,11,792,6,0.1705939769744873,0.6583380103111267
phase_competitive,11,793,4,0.05194520205259323,0.4174949824810028
phase_competitive,11,794,6,0.15650130808353424,0.5139580368995667
phase_competitive,11,795,4,0.052921149879693985,0.47188326716423035
phase_competitive,11,796,6,0.1633465737104416,0.7060024738311768
phase_competitive,11,797,4,0.07673802971839905,0.6091464757919312
phase_competitive,11,798,6,0.15680548548698425,0.6477155685424805
phase_competitive,11,799,4,0.06975662708282471,0.6766283512115479
phase_competitive,11,800,6,0.14168377220630646,0.7673001885414124
phase_competitive,11,801,4,0.05807538330554962,0.4377543330192566
phase_competitive,11,802,6,0.13915839791297913,0.8055745959281921
phase_competitive,11,803,4,0.06378474086523056,0.5634747743606567
phase_competitive,11,804,6,0.14566496014595032,0.6661736965179443
phase_competitive,11,805,4,0.06529488414525986,0.6798457503318787
phase_competitive,11,806,6,0.12243068218231201,0.6327852606773376
phase_competitive,11,807,4,0.06752622127532959,0.46697354316711426
phase_competitive,11,808,6,0.1519801914691925,0.6379142999649048
phase_competitive,11,809,4,0.07771819829940796,0.7052106261253357
phase_competitive,11,810,6,0.14531011879444122,0.6840420365333557
phase_competitive,11,811,4,0.06591679155826569,0.682195782661438
phase_competitive,11,812,6,0.1578112691640854,0.6338112354278564
phase_competitive,11,813,4,0.054436009377241135,0.5410298109054565
phase_competitive,11,814,6,0.15892641246318817,0.8481359481811523
phase_competitive,11,815,4,0.060864776372909546,0.4937761723995209
phase_competitive,11,816,6,0.14172576367855072,0.6981228590011597
phase_competitive,11,817,4,0.06933692842721939,0.8314659595489502
phase_competitive,11,818,6,0.17651093006134033,1.047257661819458
phase_competitive,11,819,4,0.06862165033817291,0.638525128364563
phase_competitive,11,820,6,0.13747593760490417,0.6680478453636169
phase_competitive,11,821,4,0.07736635953187943,0.7021145224571228
phase_competitive,11,822,6,0.1715482920408249,0.7961578965187073
phase_competitive,11,823,4,0.03227631375193596,0.311979204416275
phase_competitive,11,824,6,0.14933784306049347,0.6318119764328003
phase_competitive,11,825,4,0.07975883781909943,0.5769597291946411
phase_competitive,11,826,6,0.14907394349575043,0.5819039940834045
phase_competitive,11,827,4,0.07276815921068192,0.5585914850234985
phase_competitive,11,828,6,0.18573878705501556,0.8096903562545776
phase_competitive,11,829,4,0.06658587604761124,0.697512686252594
phase_competitive,11,830,6,0.14504946768283844,0.6531111001968384
phase_competitive,11,831,4,0.08703044801950455,0.7783528566360474
phase_competitive,11,832,6,0.12789879739284515,0.6456620693206787
phase_competitive,11,833,4,0.07855924963951111,0.7672587633132935
phase_competitive,11,834,6,0.15259306132793427,0.6705909371376038
phase_competitive,11,835,4,0.05481848493218422,0.4800328016281128
phase_competitive,11,836,6,0.14287905395030975,0.7008172273635864
phase_competitive,11,837,4,0.04210296645760536,0.4593248963356018
phase_competitive,11,838,6,0.1491931825876236,0.8837175965309143
phase_competitive,11,839,4,0.04897799715399742,0.41218098998069763
phase_competitive,11,840,6,0.1400691121816635,0.8658684492111206
phase_competitive,11,841,4,0.07015766948461533,0.7574810981750488
phase_competitive,11,842,6,0.13864150643348694,0.6816028356552124
phase_competitive,11,843,4,0.07808046787977219,0.8311445713043213
phase_competitive,11,844,6,0.1456027776002884,0.884397566318512
phase_competitive,11,845,4,0.09175056219100952,0.773881196975708
phase_competitive,11,846,6,0.15070916712284088,0.8184416890144348
phase_competitive,11,847,4,0.07131853699684143,0.518913745880127
phase_competitive,11,848,6,0.13864371180534363,0.6659867167472839
phase_competitive,11,849,4,0.10656888037919998,0.918770432472229
phase_competitive,11,850,6,0.1586885303258896,0.7394880652427673
phase_competitive,11,851,4,0.06816155463457108,0.5647975206375122
phase_competitive,11,852,6,0.12174412608146667,0.4607436954975128
phase_competitive,11,853,4,0.05648677796125412,0.4715231955051422
phase_competitive,11,854,6,0.13407094776630402,0.5668849945068359
phase_competitive,11,855,4,0.048629313707351685,0.4368084967136383
phase_competitive,11,856,6,0.14438463747501373,0.7011451125144958
phase_competitive,11,857,4,0.06560306251049042,0.5364663004875183
phase_competitive,11,858,6,0.1695346087217331,0.7131657600402832
phase_competitive,11,859,4,0.061436381191015244,0.5779894590377808
phase_competitive,11,860,6,0.137941375374794,0.6260726451873779
phase_competitive,11,861,4,0.07406067848205566,0.7826493382453918
phase_competitive,11,862,6,0.1384328156709671,0.5199084877967834
phase_competitive,11,863,4,0.044171784073114395,0.3573301136493683
phase_competitive,11,864,6,0.13193948566913605,0.6090335845947266
phase_competitive,11,865,4,0.04133548215031624,0.39075589179992676
phase_competitive,11,866,6,0.12393242120742798,0.5682415962219238
phase_competitive,11,867,4,0.04584492743015289,0.36238911747932434
phase_competitive,11,868,6,0.12871049344539642,0.7910703420639038
phase_competitive,11,869,4,0.07685243338346481,0.6271111369132996
phase_competitive,11,870,6,0.1533953994512558,0.8388156890869141
phase_competitive,11,871,4,0.044254060834646225,0.4778907001018524
phase_competitive,11,872,6,0.13775265216827393,0.9908397793769836
phase_competitive,11,873,4,0.06136317551136017,0.39884909987449646
phase_competitive,11,874,6,0.16029438376426697,1.0098987817764282
phase_competitive,11,875,4,0.06827577948570251,0.6774096488952637
phase_competitive,11,876,6,0.14086385071277618,0.5922427177429199
phase_competitive,11,877,4,0.06167357787489891,0.5515592098236084
phase_competitive,11,878,6,0.12875311076641083,0.6362476944923401
phase_competitive,11,879,4,0.08793795108795166,0.668864369392395
phase_competitive,11,880,6,0.1278771460056305,0.6756534576416016
phase_competitive,11,881,4,0.05333900451660156,0.5872883796691895
phase_competitive,11,882,6,0.12328395992517471,0.5268010497093201
phase_competitive,11,883,4,0.03690497949719429,0.4052306115627289
phase_competitive,11,884,6,0.15939435362815857,0.7928481698036194
phase_competitive,11,885,4,0.04524480178952217,0.45418211817741394
phase_competitive,11,886,6,0.1309143453836441,0.5657368898391724
phase_competitive,11,887,4,0.04609563201665878,0.461286723613739
phase_competitive,11,888,6,0.13674601912498474,0.5004728436470032
phase_competitive,11,889,4,0.054724231362342834,0.4997727572917938
phase_competitive,11,890,6,0.1340607851743698,0.4990404546260834
phase_competitive,11,891,4,0.028398344293236732,0.32503437995910645
phase_competitive,11,892,6,0.1565500795841217,0.7682523727416992
phase_competitive,11,893,4,0.04413018748164177,0.5104777216911316
phase_competitive,11,894,6,0.15035583078861237,0.8718847036361694
phase_competitive,11,895,4,0.0679888054728508,0.6981553435325623
phase_competitive,11,896,6,0.12670902907848358,0.9874657392501831
phase_competitive,11,897,4,0.057578492909669876,0.7072760462760925
phase_competitive,11,898,6,0.1393890678882599,0.7712175250053406
phase_competitive,11,899,4,0.08637186139822006,0.8557997345924377
phase_competitive,11,900,6,0.17351531982421875,1.023011565208435
phase_competitive,22,1,4,2.1202125549316406,23.075206756591797
phase_competitive,22,2,6,1.431032657623291,6.115402698516846
phase_competitive,22,3,4,0.8099542856216431,2.1080923080444336
phase_competitive,22,4,6,1.193511724472046,2.442902088165283
phase_competitive,22,5,4,0.7880366444587708,1.2687067985534668
phase_competitive,22,6,6,1.0882357358932495,1.1358050107955933
phase_competitive,22,7,4,0.8237015604972839,0.9808252453804016
phase_competitive,22,8,6,1.074679970741272,0.8406258821487427
phase_competitive,22,9,4,0.7621712684631348,0.8202598094940186
phase_competitive,22,10,6,1.0590317249298096,0.6252217888832092
phase_competitive,22,11,4,0.7752988934516907,0.8395985960960388
phase_competitive,22,12,6,1.0482650995254517,0.5758601427078247
phase_competitive,22,13,4,0.7648634910583496,0.7676045894622803
phase_competitive,22,14,6,1.0260814428329468,0.7203030586242676
phase_competitive,22,15,4,0.7136217355728149,0.6017128229141235
phase_competitive,22,16,6,1.005198359489441,0.6610727906227112
phase_competitive,22,17,4,0.7153892517089844,0.6773366928100586
phase_competitive,22,18,6,0.9853675961494446,0.7464734315872192
phase_competitive,22,19,4,0.6647650599479675,0.7843419313430786
phase_competitive,22,20,6,0.9502130150794983,0.873042643070221
phase_competitive,22,21,4,0.6643100380897522,1.1412252187728882
phase_competitive,22,22,6,0.886000394821167,1.173697829246521
phase_competitive,22,23,4,0.6254152059555054,1.4166229963302612
phase_competitive,22,24,6,0.8000182509422302,1.8060327768325806
phase_competitive,22,25,4,0.5234703421592712,1.9596381187438965
phase_competitive,22,26,6,0.7389497756958008,2.8989310264587402
phase_competitive,22,27,4,0.45261499285697937,2.9723966121673584
phase_competitive,22,28,6,0.5534911155700684,5.015835762023926
phase_competitive,22,29,4,0.44765642285346985,6.157817363739014
phase_competitive,22,30,6,0.9161087870597839,11.251896858215332
phase_competitive,22,31,4,0.5028182864189148,7.132906436920166
phase_competitive,22,32,6,0.561537504196167,5.136920928955078
phase_competitive,22,33,4,0.3336620032787323,3.495764970779419
phase_competitive,22,34,6,0.46753302216529846,2.947597026824951
phase_competitive,22,35,4,0.3258347511291504,2.9209866523742676
phase_competitive,22,36,6,0.45947062969207764,2.3860199451446533
phase_competitive,22,37,4,0.30320990085601807,2.822357177734375
phase_competitive,22,38,6,0.5064403414726257,2.4198789596557617
phase_competitive,22,39,4,0.33064746856689453,2.196321725845337
phase_competitive,22,40,6,0.4293009340763092,2.9150311946868896
phase_competitive,22,41,4,0.23911546170711517,2.0426979064941406
phase_competitive,22,42,6,0.36452388763427734,2.1598153114318848
phase_competitive,22,43,4,0.2399977594614029,2.7223901748657227
phase_competitive,22,44,6,0.4332304298877716,3.4935810565948486
phase_competitive,22,45,4,0.24566465616226196,2.8534724712371826
phase_competitive,22,46,6,0.48669806122779846,5.289028644561768
phase_competitive,22,47,4,0.3024875223636627,4.109335422515869
phase_competitive,22,48,6,0.469719260931015,4.91228723526001
phase_competitive,22,49,4,0.2099682241678238,2.667501449584961
phase_competitive,22,50,6,0.4224916398525238,4.315251350402832
phase_competitive,22,51,4,0.2724703848361969,3.8537757396698
phase_competitive,22,52,6,0.42582055926322937,3.6761183738708496
phase_competitive,22,53,4,0.23011988401412964,2.3417561054229736
phase_competitive,22,54,6,0.43958213925361633,4.103041172027588
phase_competitive,22,55,4,0.26569899916648865,3.2438368797302246
phase_competitive,22,56,6,0.40813490748405457,2.984351873397827
phase_competitive,22,57,4,0.22417685389518738,2.202878713607788
phase_competitive,22,58,6,0.39237749576568604,2.486473560333252
phase_competitive,22,59,4,0.3283156156539917,2.596005916595459
phase_competitive,22,60,6,0.46235692501068115,3.689521312713623
phase_competitive,22,61,4,0.21183724701404572,2.289829730987549
phase_competitive,22,62,6,0.3422867953777313,1.7186696529388428
phase_competitive,22,63,4,0.3458220958709717,2.9199349880218506
phase_competitive,22,64,6,0.36368000507354736,2.8753654956817627
phase_competitive,22,65,4,0.22331693768501282,1.7330727577209473
phase_competitive,22,66,6,0.3122486472129822,1.8383755683898926
phase_competitive,22,67,4,0.17126035690307617,2.157256603240967
phase_competitive,22,68,6,0.3831193447113037,3.267655611038208
phase_competitive,22,69,4,0.15611359477043152,1.3365771770477295
phase_competitive,22,70,6,0.36621060967445374,3.4189038276672363
phase_competitive,22,71,4,0.20334076881408691,2.656196117401123
phase_competitive,22,72,6,0.31733623147010803,2.4376611709594727
phase_competitive,22,73,4,0.17907114326953888,1.5431759357452393
phase_competitive,22,74,6,0.36414602398872375,3.061661958694458
phase_competitive,22,75,4,0.20437262952327728,2.2290022373199463
phase_competitive,22,76,6,0.4245014488697052,2.8843860626220703
phase_competitive,22,77,4,0.18881377577781677,1.934078574180603
phase_competitive,22,78,6,0.3519740104675293,2.5981156826019287
phase_competitive,22,79,4,0.2078065425157547,2.5595109462738037
phase_competitive,22,80,6,0.3320348560810089,2.159748077392578
phase_competitive,22,81,4,0.20765385031700134,2.031883478164673
phase_competitive,22,82,6,0.30072906613349915,1.8994865417480469
phase_competitive,22,83,4,0.19587358832359314,1.9399045705795288
phase_competitive,22,84,6,0.3588874340057373,2.7758896350860596
phase_competitive,22,85,4,0.20761162042617798,2.3856160640716553
phase_competitive,22,86,6,0.28598734736442566,1.8193215131759644
phase_competitive,22,87,4,0.21479302644729614,1.9514988660812378
phase_competitive,22,88,6,0.32280197739601135,2.471827268600464
phase_competitive,22,89,4,0.16312609612941742,1.4621840715408325
phase_competitive,22,90,6,0.29564449191093445,1.9179807901382446
phase_competitive,22,91,4,0.2191784679889679,2.64178466796875
phase_competitive,22,92,6,0.36027947068214417,2.6401710510253906
phase_competitive,22,93,4,0.1676817685365677,1.6360923051834106
phase_competitive,22,94,6,0.3062617778778076,1.6397408246994019
phase_competitive,22,95,4,0.17447654902935028,1.7000384330749512
phase_competitive,22,96,6,0.32323265075683594,2.2075231075286865
phase_competitive,22,97,4,0.21984407305717468,2.3699448108673096
phase_competitive,22,98,6,0.2917451560497284,1.9847501516342163
phase_competitive,22,99,4,0.2051633596420288,1.9899568557739258
phase_competitive,22,100,6,0.32971206307411194,1.9902634620666504
phase_competitive,22,101,4,0.2001473754644394,1.9013011455535889
phase_competitive,22,102,6,0.34195923805236816,2.408545732498169
phase_competitive,22,103,4,0.17583146691322327,1.97063410282135
phase_competitive,22,104,6,0.30675044655799866,1.5678187608718872
phase_competitive,22,105,4,0.13218706846237183,1.0884050130844116
phase_competitive,22,106,6,0.32295310497283936,2.142997980117798
phase_competitive,22,107,4,0.1483912169933319,1.2479437589645386
phase_competitive,22,108,6,0.33568713068962097,2.4813506603240967
phase_competitive,22,109,4,0.20087750256061554,2.2480766773223877
phase_competitive,22,110,6,0.28740349411964417,2.3493916988372803
phase_competitive,22,111,4,0.16774138808250427,1.8648899793624878
phase_competitive,22,112,6,0.3334256708621979,2.1077475547790527
phase_competitive,22,113,4,0.24904896318912506,1.9632781744003296
phase_competitive,22,114,6,0.317101389169693,1.7559679746627808
phase_competitive,22,115,4,0.20045724511146545,1.8522775173187256
phase_competitive,22,116,6,0.38904985785484314,3.4478776454925537
phase_competitive,22,117,4,0.2178940325975418,1.7230684757232666
phase_competitive,22,118,6,0.3050440847873688,1.7586889266967773
phase_competitive,22,119,4,0.1658533215522766,1.6759090423583984
phase_competitive,22,120,6,0.28578314185142517,1.710107445716858
phase_competitive,22,121,4,0.16523121297359467,1.4926282167434692
phase_competitive,22,122,6,0.3438150882720947,2.0857584476470947
phase_competitive,22,123,4,0.1998956948518753,1.9218239784240723
phase_competitive,22,124,6,0.35399794578552246,2.2212698459625244
phase_competitive,22,125,4,0.2793722152709961,2.4892871379852295
phase_competitive,22,126,6,0.3317481577396393,1.9766521453857422
phase_competitive,22,127,4,0.22162844240665436,1.917386531829834
phase_competitive,22,128,6,0.3461625576019287,2.300147294998169
phase_competitive,22,129,4,0.21843835711479187,1.7626203298568726
phase_competitive,22,130,6,0.3133196532726288,1.8012008666992188
phase_competitive,22,131,4,0.20664887130260468,1.865727186203003
phase_competitive,22,132,6,0.26360204815864563,1.7115920782089233
phase_competitive,22,133,4,0.1644485592842102,1.356215476989746
phase_competitive,22,134,6,0.292071670293808,1.5152491331100464
phase_competitive,22,135,4,0.17605401575565338,1.464632511138916
phase_competitive,22,136,6,0.3186846375465393,2.284045696258545
phase_competitive,22,137,4,0.20863744616508484,1.4214870929718018
phase_competitive,22,138,6,0.25342831015586853,1.3402544260025024
phase_competitive,22,139,4,0.18898896872997284,2.0425853729248047
phase_competitive,22,140,6,0.3142392933368683,1.6921354532241821
phase_competitive,22,141,4,0.15868204832077026,1.2815158367156982
phase_competitive,22,142,6,0.3014184534549713,1.535585641860962
phase_competitive,22,143,4,0.14881691336631775,1.645743489265442
phase_competitive,22,144,6,0.33150771260261536,2.401991367340088
phase_competitive,22,145,4,0.1698279231786728,1.3294037580490112
phase_competitive,22,146,6,0.2808067202568054,1.62810480594635
phase_competitive,22,147,4,0.17674589157104492,1.5012856721878052
phase_competitive,22,148,6,0.2975439131259918,1.7518233060836792
phase_competitive,22,149,4,0.1575433760881424,1.3727678060531616
phase_competitive,22,150,6,0.2841266393661499,1.3672596216201782
phase_competitive,22,151,4,0.15058887004852295,1.1950739622116089
phase_competitive,22,152,6,0.2913799285888672,1.2346760034561157
phase_competitive,22,153,4,0.1645003855228424,1.0644530057907104
phase_competitive,22,154,6,0.3101116120815277,1.7593356370925903
phase_competitive,22,155,4,0.20505326986312866,2.033942461013794
phase_competitive,22,156,6,0.27751827239990234,1.3569798469543457
phase_competitive,22,157,4,0.2584195137023926,2.026355743408203
phase_competitive,22,158,6,0.3414728343486786,2.320936441421509
phase_competitive,22,159,4,0.18288221955299377,1.395243763923645
phase_competitive,22,160,6,0.31337636709213257,2.1334104537963867
phase_competitive,22,161,4,0.14668509364128113,1.1960548162460327
phase_competitive,22,162,6,0.2805228531360626,1.5006777048110962
phase_competitive,22,163,4,0.20489440858364105,1.7694047689437866
phase_competitive,22,164,6,0.31658968329429626,1.965891718864441
phase_competitive,22,165,4,0.2166023701429367,1.9446297883987427
phase_competitive,22,166,6,0.3107161819934845,1.7172749042510986
phase_competitive,22,167,4,0.16583134233951569,1.1797000169754028
phase_competitive,22,168,6,0.27100637555122375,1.356221079826355
phase_competitive,22,169,4,0.2065105438232422,1.2298671007156372
phase_competitive,22,170,6,0.28114181756973267,1.5404267311096191
phase_competitive,22,171,4,0.13213178515434265,1.1559666395187378
phase_competitive,22,172,6,0.2653302550315857,1.4328457117080688
phase_competitive,22,173,4,0.16237440705299377,1.5102348327636719
phase_competitive,22,174,6,0.2761180102825165,1.2038252353668213
phase_competitive,22,175,4,0.14101579785346985,1.2573492527008057
phase_competitive,22,176,6,0.24761728942394257,1.5292255878448486
phase_competitive,22,177,4,0.12941868603229523,1.0193918943405151
phase_competitive,22,178,6,0.21983937919139862,0.9182723164558411
phase_competitive,22,179,4,0.17381404340267181,1.4804859161376953
phase_competitive,22,180,6,0.26286759972572327,1.500577449798584
phase_competitive,22,181,4,0.16712062060832977,1.2952378988265991
phase_competitive,22,182,6,0.2598161995410919,1.3694987297058105
phase_competitive,22,183,4,0.1431100219488144,1.3286802768707275
phase_competitive,22,184,6,0.2923050820827484,1.7126057147979736
phase_competitive,22,185,4,0.12289653718471527,0.8557024002075195
phase_competitive,22,186,6,0.28233617544174194,1.6004571914672852
phase_competitive,22,187,4,0.14523762464523315,1.012777328491211
phase_competitive,22,188,6,0.2993972599506378,1.3479372262954712
phase_competitive,22,189,4,0.16829849779605865,1.2936270236968994
phase_competitive,22,190,6,0.25446251034736633,1.1848748922348022
phase_competitive,22,191,4,0.21616043150424957,1.6203263998031616
phase_competitive,22,192,6,0.31276044249534607,2.0547373294830322
phase_competitive,22,193,4,0.14320486783981323,0.9520580768585205
phase_competitive,22,194,6,0.2548050582408905,1.3918225765228271
phase_competitive,22,195,4,0.17268042266368866,1.521406650543213
phase_competitive,22,196,6,0.2769158184528351,1.4711748361587524
phase_competitive,22,197,4,0.1543438732624054,1.342036247253418
phase_competitive,22,198,6,0.28596311807632446,1.6701264381408691
phase_competitive,22,199,4,0.15353411436080933,1.1290385723114014
phase_competitive,22,200,6,0.25515133142471313,1.504630446434021
phase_competitive,22,201,4,0.19859424233436584,1.8705159425735474
phase_competitive,22,202,6,0.27890440821647644,1.2080620527267456
phase_competitive,22,203,4,0.13228732347488403,1.329367995262146
phase_competitive,22,204,6,0.2633402943611145,1.3071479797363281
phase_competitive,22,205,4,0.1745285987854004,1.2450804710388184
phase_competitive,22,206,6,0.3247338831424713,2.2151763439178467
phase_competitive,22,207,4,0.21913447976112366,2.0331363677978516
phase_competitive,22,208,6,0.27264314889907837,1.4002010822296143
phase_competitive,22,209,4,0.13263586163520813,1.1080924272537231
phase_competitive,22,210,6,0.2637617588043213,1.322170615196228
phase_competitive,22,211,4,0.12834888696670532,0.9728348255157471
phase_competitive,22,212,6,0.2639462947845459,1.0140761137008667
phase_competitive,22,213,4,0.13751868903636932,0.9022119045257568
phase_competitive,22,214,6,0.25046488642692566,1.059820294380188
phase_competitive,22,215,4,0.18071730434894562,1.4952847957611084
phase_competitive,22,216,6,0.25588566064834595,1.1291464567184448
phase_competitive,22,217,4,0.1394573152065277,1.173279881477356
phase_competitive,22,218,6,0.2314501851797104,1.3903191089630127
phase_competitive,22,219,4,0.12268707156181335,0.8593041300773621
phase_competitive,22,220,6,0.2780006527900696,1.233160376548767
phase_competitive,22,221,4,0.15405704081058502,1.3204281330108643
phase_competitive,22,222,6,0.27509835362434387,1.332103967666626
phase_competitive,22,223,4,0.17308375239372253,1.1563516855239868
phase_competitive,22,224,6,0.2561228275299072,1.019054651260376
phase_competitive,22,225,4,0.14572027325630188,1.5225845575332642
phase_competitive,22,226,6,0.2662124037742615,0.9179382920265198
phase_competitive,22,227,4,0.12728144228458405,0.8564352989196777
phase_competitive,22,228,6,0.2482881397008896,1.1437077522277832
phase_competitive,22,229,4,0.16606032848358154,1.6334130764007568
phase_competitive,22,230,6,0.25774648785591125,1.0682686567306519
phase_competitive,22,231,4,0.14960992336273193,1.0127058029174805
phase_competitive,22,232,6,0.25397101044654846,1.3688199520111084
phase_competitive,22,233,4,0.15437987446784973,1.2292693853378296
phase_competitive,22,234,6,0.26131466031074524,1.2630354166030884
phase_competitive,22,235,4,0.1438133716583252,1.0009205341339111
phase_competitive,22,236,6,0.27882376313209534,1.2394146919250488
phase_competitive,22,237,4,0.14731845259666443,0.809499204158783
phase_competitive,22,238,6,0.23722220957279205,1.1523799896240234
phase_competitive,22,239,4,0.11601551622152328,0.6426716446876526
phase_competitive,22,240,6,0.2157740443944931,0.9008369445800781
phase_competitive,22,241,4,0.17366929352283478,1.1108638048171997
phase_competitive,22,242,6,0.2748044431209564,1.684543251991272
phase_competitive,22,243,4,0.1812909096479416,1.2181127071380615
phase_competitive,22,244,6,0.26403042674064636,0.9652121067047119
phase_competitive,22,245,4,0.1785447895526886,1.3180125951766968
phase_competitive,22,246,6,0.25472167134284973,1.185974359512329
phase_competitive,22,247,4,0.13154582679271698,1.1114054918289185
phase_competitive,22,248,6,0.22797976434230804,1.074731469154358
phase_competitive,22,249,4,0.12676726281642914,0.6555625200271606
phase_competitive,22,250,6,0.2782209813594818,1.531337857246399
phase_competitive,22,251,4,0.17334990203380585,1.430954098701477
phase_competitive,22,252,6,0.22517891228199005,0.8809537887573242
phase_competitive,22,253,4,0.14190590381622314,1.0103859901428223
phase_competitive,22,254,6,0.23717565834522247,0.828380286693573
phase_competitive,22,255,4,0.10638737678527832,0.8685561418533325
phase_competitive,22,256,6,0.22801941633224487,0.9697798490524292
phase_competitive,22,257,4,0.1323017030954361,1.1454448699951172
phase_competitive,22,258,6,0.276040256023407,1.4609907865524292
phase_competitive,22,259,4,0.14814773201942444,0.937933087348938
phase_competitive,22,260,6,0.2703249752521515,1.4480664730072021
phase_competitive,22,261,4,0.11125773936510086,0.9019815325737
phase_competitive,22,262,6,0.25061437487602234,1.4455946683883667
phase_competitive,22,263,4,0.14826907217502594,0.9483619332313538
phase_competitive,22,264,6,0.2316015213727951,1.073642373085022
phase_competitive,22,265,4,0.14658252894878387,1.0270090103149414
phase_competitive,22,266,6,0.24264271557331085,1.2275458574295044
phase_competitive,22,267,4,0.16825926303863525,1.2669405937194824
phase_competitive,22,268,6,0.23512955009937286,1.1007050275802612
phase_competitive,22,269,4,0.12855365872383118,1.1132240295410156
phase_competitive,22,270,6,0.2513302266597748,1.021564245223999
phase_competitive,22,271,4,0.14038261771202087,0.8738225102424622
phase_competitive,22,272,6,0.24333639442920685,1.1481750011444092
phase_competitive,22,273,4,0.1395166665315628,0.9545585513114929
phase_competitive,22,274,6,0.24546702206134796,1.0532163381576538
phase_competitive,22,275,4,0.14521101117134094,0.9533805847167969
phase_competitive,22,276,6,0.22825782001018524,1.0357012748718262
phase_competitive,22,277,4,0.1389537751674652,0.8656259179115295
phase_competitive,22,278,6,0.23801493644714355,1.239447832107544
phase_competitive,22,279,4,0.14925046265125275,1.2042189836502075
phase_competitive,22,280,6,0.23177744448184967,0.9352200031280518
phase_competitive,22,281,4,0.09504138678312302,0.6044245958328247
phase_competitive,22,282,6,0.22514654695987701,1.0162899494171143
phase_competitive,22,283,4,0.14256080985069275,1.0835152864456177
phase_competitive,22,284,6,0.28649958968162537,1.2690314054489136
phase_competitive,22,285,4,0.13553231954574585,0.8994935750961304
phase_competitive,22,286,6,0.255272775888443,1.241302728652954
phase_competitive,22,287,4,0.1294907033443451,0.7443231344223022
phase_competitive,22,288,6,0.27063223719596863,1.1649856567382812
phase_competitive,22,289,4,0.15945136547088623,1.0922961235046387
phase_competitive,22,290,6,0.2174682468175888,0.849396288394928
phase_competitive,22,291,4,0.1437542736530304,1.0023037195205688
phase_competitive,22,292,6,0.22276312112808228,1.0626286268234253
phase_competitive,22,293,4,0.11607979238033295,0.7614830732345581
phase_competitive,22,294,6,0.25193700194358826,1.267764925956726
phase_competitive,22,295,4,0.15848571062088013,0.9028016328811646
phase_competitive,22,296,6,0.2449052929878235,1.005856990814209
phase_competitive,22,297,4,0.134764164686203,0.9409796595573425
phase_competitive,22,298,6,0.252765953540802,1.0045454502105713
phase_competitive,22,299,4,0.13527004420757294,1.0271447896957397
phase_competitive,22,300,6,0.2095123529434204,0.961875319480896
phase_competitive,22,301,4,0.13786832988262177,0.8029319643974304
phase_competitive,22,302,6,0.24155020713806152,0.9503355622291565
phase_competitive,22,303,4,0.11673574894666672,0.7352995872497559
phase_competitive,22,304,6,0.251110315322876,1.1376817226409912
phase_competitive,22,305,4,0.12362037599086761,0.9259074330329895
phase_competitive,22,306,6,0.22059009969234467,0.9324109554290771
phase_competitive,22,307,4,0.10521887242794037,0.7968702912330627
phase_competitive,22,308,6,0.2610343396663666,1.0039644241333008
phase_competitive,22,309,4,0.15082451701164246,0.9409077763557434
phase_competitive,22,310,6,0.20312197506427765,0.7803947329521179
phase_competitive,22,311,4,0.10075055807828903,0.7824321985244751
phase_competitive,22,312,6,0.2276015728712082,1.1483123302459717
phase_competitive,22,313,4,0.12919314205646515,0.9151405692100525
phase_competitive,22,314,6,0.19513608515262604,1.0363785028457642
phase_competitive,22,315,4,0.10534917563199997,0.5849698781967163
phase_competitive,22,316,6,0.2159838229417801,0.9258790612220764
phase_competitive,22,317,4,0.1205391064286232,1.023910641670227
phase_competitive,22,318,6,0.19949980080127716,0.9542137384414673
phase_competitive,22,319,4,0.16626471281051636,1.3534051179885864
phase_competitive,22,320,6,0.23864196240901947,0.8520045876502991
phase_competitive,22,321,4,0.1083146408200264,0.697205662727356
phase_competitive,22,322,6,0.24272142350673676,1.1727290153503418
phase_competitive,22,323,4,0.15334410965442657,1.0117453336715698
phase_competitive,22,324,6,0.22565613687038422,0.6698394417762756
phase_competitive,22,325,4,0.13069689273834229,0.7807816863059998
phase_competitive,22,326,6,0.20637066662311554,0.8197417855262756
phase_competitive,22,327,4,0.1272769570350647,0.8818485140800476
phase_competitive,22,328,6,0.2063460499048233,0.7863367199897766
phase_competitive,22,329,4,0.119536854326725,0.9101192355155945
phase_competitive,22,330,6,0.20676012337207794,0.9965768456459045
phase_competitive,22,331,4,0.11856108903884888,0.7197402119636536
phase_competitive,22,332,6,0.24162077903747559,1.1145309209823608
phase_competitive,22,333,4,0.10799405723810196,0.8316925764083862
phase_competitive,22,334,6,0.24504081904888153,0.9525432586669922
phase_competitive,22,335,4,0.12058545649051666,0.8764945864677429
phase_competitive,22,336,6,0.24121499061584473,1.3050906658172607
phase_competitive,22,337,4,0.12873832881450653,1.1563305854797363
phase_competitive,22,338,6,0.24171747267246246,1.3539538383483887
phase_competitive,22,339,4,0.11950928717851639,0.877256453037262
phase_competitive,22,340,6,0.23918485641479492,1.182739496231079
phase_competitive,22,341,4,0.1311381608247757,1.0630578994750977
phase_competitive,22,342,6,0.23020386695861816,1.3017175197601318
phase_competitive,22,343,4,0.13367445766925812,0.9228532314300537
phase_competitive,22,344,6,0.21626995503902435,0.9621719121932983
phase_competitive,22,345,4,0.15706303715705872,0.9873614311218262
phase_competitive,22,346,6,0.21225549280643463,0.9993486404418945
phase_competitive,22,347,4,0.09971246123313904,0.6026862263679504
phase_competitive,22,348,6,0.2563682794570923,1.0584464073181152
phase_competitive,22,349,4,0.13092784583568573,0.7760809063911438
phase_competitive,22,350,6,0.23259896039962769,0.908446192741394
phase_competitive,22,351,4,0.10930807143449783,0.9024903178215027
phase_competitive,22,352,6,0.25750795006752014,0.9411345720291138
phase_competitive,22,353,4,0.08288146555423737,0.45094621181488037
phase_competitive,22,354,6,0.2338024526834488,0.9849895238876343
phase_competitive,22,355,4,0.15578702092170715,1.162931203842163
phase_competitive,22,356,6,0.2600645124912262,1.1383225917816162
phase_competitive,22,357,4,0.14156240224838257,0.9030945897102356
phase_competitive,22,358,6,0.20862112939357758,0.7808613181114197
phase_competitive,22,359,4,0.10126769542694092,0.636054515838623
phase_competitive,22,360,6,0.24355880916118622,0.9107550382614136
phase_competitive,22,361,4,0.11118663847446442,0.7095034122467041
phase_competitive,22,362,6,0.20480354130268097,0.6602639555931091
phase_competitive,22,363,4,0.14875826239585876,0.9674443006515503
phase_competitive,22,364,6,0.21799446642398834,0.9256147146224976
phase_competitive,22,365,4,0.14727947115898132,1.1009973287582397
phase_competitive,22,366,6,0.21181930601596832,0.9264665246009827
phase_competitive,22,367,4,0.12186001986265182,0.5830305814743042
phase_competitive,22,368,6,0.20027677714824677,0.7267065644264221
phase_competitive,22,369,4,0.1227768287062645,0.8251055479049683
phase_competitive,22,370,6,0.23173058032989502,1.130242943763733
phase_competitive,22,371,4,0.11439252644777298,0.5700905323028564
phase_competitive,22,372,6,0.20483951270580292,0.9682332873344421
phase_competitive,22,373,4,0.12957312166690826,0.9318063855171204
phase_competitive,22,374,6,0.17240644991397858,0.814703643321991
phase_competitive,22,375,4,0.15336133539676666,0.8989388346672058
phase_competitive,22,376,6,0.20979267358779907,1.2399741411209106
phase_competitive,22,377,4,0.10738560557365417,0.6972234845161438
phase_competitive,22,378,6,0.2472444325685501,0.9896926283836365
phase_competitive,22,379,4,0.13432224094867706,0.9344854950904846
phase_competitive,22,380,6,0.20194502174854279,0.8025639653205872
phase_competitive,22,381,4,0.128069207072258,0.6603699922561646
phase_competitive,22,382,6,0.26654133200645447,0.9663535952568054
phase_competitive,22,383,4,0.09359221905469894,0.7247549295425415
phase_competitive,22,384,6,0.2531708776950836,1.2324886322021484
phase_competitive,22,385,4,0.11478448659181595,0.668632984161377
phase_competitive,22,386,6,0.2548564374446869,1.0304641723632812
phase_competitive,22,387,4,0.07149691879749298,0.5573917627334595
phase_competitive,22,388,6,0.20359106361865997,0.8536341786384583
phase_competitive,22,389,4,0.10238794982433319,0.512033224105835
phase_competitive,22,390,6,0.1938191056251526,0.8195269107818604
phase_competitive,22,391,4,0.13584157824516296,0.5084531903266907
phase_competitive,22,392,6,0.25264450907707214,1.0437976121902466
phase_competitive,22,393,4,0.14474722743034363,1.036604404449463
phase_competitive,22,394,6,0.21124599874019623,0.9259633421897888
phase_competitive,22,395,4,0.11662640422582626,0.768766462802887
phase_competitive,22,396,6,0.21067094802856445,0.8934152126312256
phase_competitive,22,397,4,0.11775381863117218,0.8334160447120667
phase_competitive,22,398,6,0.19328133761882782,0.8971896767616272
phase_competitive,22,399,4,0.10988198220729828,0.7752647995948792
phase_competitive,22,400,6,0.23108257353305817,0.9702937006950378
phase_competitive,22,401,4,0.14195092022418976,1.054426670074463
phase_competitive,22,402,6,0.23949752748012543,0.8812594413757324
phase_competitive,22,403,4,0.19510117173194885,1.3072675466537476
phase_competitive,22,404,6,0.1856818050146103,0.7304844856262207
phase_competitive,22,405,4,0.09039391577243805,0.5540403723716736
phase_competitive,22,406,6,0.23027174174785614,0.9912432432174683
phase_competitive,22,407,4,0.13978178799152374,0.7284477949142456
phase_competitive,22,408,6,0.194338858127594,0.7073996067047119
phase_competitive,22,409,4,0.09595184773206711,0.525352418422699
phase_competitive,22,410,6,0.21424008905887604,0.8672966957092285
phase_competitive,22,411,4,0.11035145074129105,0.802024781703949
phase_competitive,22,412,6,0.2259053736925125,0.9402133822441101
phase_competitive,22,413,4,0.0971677154302597,0.5505619049072266
phase_competitive,22,414,6,0.23523354530334473,1.0673855543136597
phase_competitive,22,415,4,0.07467202842235565,0.5270406603813171
phase_competitive,22,416,6,0.1989680528640747,0.8223373293876648
phase_competitive,22,417,4,0.14062155783176422,0.8257871270179749
phase_competitive,22,418,6,0.21711264550685883,0.7108167409896851
phase_competitive,22,419,4,0.13073180615901947,0.8314555883407593
phase_competitive,22,420,6,0.18372412025928497,0.6004196405410767
phase_competitive,22,421,4,0.08084578067064285,0.6967255473136902
phase_competitive,22,422,6,0.17829972505569458,0.7037588357925415
phase_competitive,22,423,4,0.12336651980876923,0.9285855293273926
phase_competitive,22,424,6,0.21003001928329468,0.9946749210357666
phase_competitive,22,425,4,0.09572755545377731,0.6867290735244751
phase_competitive,22,426,6,0.2345523238182068,0.9179596304893494
phase_competitive,22,427,4,0.10586430877447128,0.8584992289543152
phase_competitive,22,428,6,0.1839064508676529,0.7974026203155518
phase_competitive,22,429,4,0.12281592190265656,0.8818966150283813
phase_competitive,22,430,6,0.20476311445236206,0.7487038969993591
phase_competitive,22,431,4,0.11252699792385101,0.7587015628814697
phase_competitive,22,432,6,0.17805977165699005,0.6581050157546997
phase_competitive,22,433,4,0.11696705967187881,0.6420402526855469
phase_competitive,22,434,6,0.17511136829853058,0.5627821683883667
phase_competitive,22,435,4,0.09949646890163422,0.658653736114502
phase_competitive,22,436,6,0.18010319769382477,0.724596381187439
phase_competitive,22,437,4,0.10571367293596268,0.6803485155105591
phase_competitive,22,438,6,0.18897660076618195,0.6744672656059265
phase_competitive,22,439,4,0.09732533991336823,0.8813108205795288
phase_competitive,22,440,6,0.18800009787082672,0.9112034440040588
phase_competitive,22,441,4,0.1251177191734314,0.7621611952781677
phase_competitive,22,442,6,0.18696384131908417,0.9658282399177551
phase_competitive,22,443,4,0.09919170290231705,0.6794192790985107
phase_competitive,22,444,6,0.2186671942472458,1.181314468383789
phase_competitive,22,445,4,0.11900423467159271,0.8374421000480652
phase_competitive,22,446,6,0.1917029172182083,0.9060596823692322
phase_competitive,22,447,4,0.1037297397851944,0.7262438535690308
phase_competitive,22,448,6,0.1875602751970291,0.7732471823692322
phase_competitive,22,449,4,0.10721784830093384,0.8020520210266113
phase_competitive,22,450,6,0.16468758881092072,0.9218543171882629
phase_competitive,22,451,4,0.14467786252498627,0.8403764963150024
phase_competitive,22,452,6,0.21546564996242523,1.1626489162445068
phase_competitive,22,453,4,0.07752498984336853,0.7273958921432495
phase_competitive,22,454,6,0.18324531614780426,1.0094938278198242
phase_competitive,22,455,4,0.07526904344558716,0.6263437271118164
phase_competitive,22,456,6,0.17596614360809326,1.2288857698440552
phase_competitive,22,457,4,0.10336968302726746,1.1049129962921143
phase_competitive,22,458,6,0.200043186545372,1.1589195728302002
phase_competitive,22,459,4,0.10378866642713547,0.9243190884590149
phase_competitive,22,460,6,0.2312445193529129,1.3147720098495483
phase_competitive,22,461,4,0.1102021262049675,0.8505662679672241
phase_competitive,22,462,6,0.18335027992725372,0.8459501266479492
phase_competitive,22,463,4,0.1229567751288414,0.9177790880203247
phase_competitive,22,464,6,0.20511175692081451,1.1762382984161377
phase_competitive,22,465,4,0.09026064723730087,0.6071755886077881
phase_competitive,22,466,6,0.2188912034034729,0.9912594556808472
phase_competitive,22,467,4,0.09292998909950256,0.6521798968315125
phase_competitive,22,468,6,0.21677936613559723,0.9303290247917175
phase_competitive,22,469,4,0.11065316945314407,0.6943572759628296
phase_competitive,22,470,6,0.2139250487089157,0.856073260307312
phase_competitive,22,471,4,0.09589163213968277,0.5717171430587769
phase_competitive,22,472,6,0.19151674211025238,0.8513283729553223
phase_competitive,22,473,4,0.08568406850099564,0.6346558332443237
phase_competitive,22,474,6,0.19024722278118134,1.0049054622650146
phase_competitive,22,475,4,0.1123197004199028,0.9006428122520447
phase_competitive,22,476,6,0.15158377587795258,0.6797229051589966
phase_competitive,22,477,4,0.09807196259498596,0.5590941905975342
phase_competitive,22,478,6,0.20938070118427277,1.2564820051193237
phase_competitive,22,479,4,0.05727832391858101,0.5862540006637573
phase_competitive,22,480,6,0.22265125811100006,1.4084213972091675
phase_competitive,22,481,4,0.11766136437654495,0.8450914025306702
phase_competitive,22,482,6,0.20457977056503296,0.9839988350868225
phase_competitive,22,483,4,0.08425714075565338,0.7543289661407471
phase_competitive,22,484,6,0.16790789365768433,0.6624171137809753
phase_competitive,22,485,4,0.07959398627281189,0.694742739200592
phase_competitive,22,486,6,0.19559280574321747,0.9333139061927795
phase_competitive,22,487,4,0.09679863601922989,1.0199999809265137
phase_competitive,22,488,6,0.19058965146541595,1.1142741441726685
phase_competitive,22,489,4,0.11104901880025864,1.0278832912445068
phase_competitive,22,490,6,0.17046691477298737,0.6980493664741516
phase_competitive,22,491,4,0.1189349889755249,0.9860299229621887
phase_competitive,22,492,6,0.19424457848072052,1.047676920890808
phase_competitive,22,493,4,0.10811404883861542,0.7505437731742859
phase_competitive,22,494,6,0.1710204929113388,0.7720205187797546
phase_competitive,22,495,4,0.1200861856341362,0.9240043759346008
phase_competitive,22,496,6,0.1683192253112793,0.689995288848877
phase_competitive,22,497,4,0.10774490982294083,0.7234140634536743
phase_competitive,22,498,6,0.16415631771087646,0.6710294485092163
phase_competitive,22,499,4,0.09555944800376892,0.562817394733429
phase_competitive,22,500,6,0.16750264167785645,0.7615192532539368
phase_competitive,22,501,4,0.07582730054855347,0.7374778389930725
phase_competitive,22,502,6,0.20119105279445648,1.3996572494506836
phase_competitive,22,503,4,0.07655154168605804,0.6896409392356873
phase_competitive,22,504,6,0.1502447873353958,0.7605429887771606
phase_competitive,22,505,4,0.05190369486808777,0.49344611167907715
phase_competitive,22,506,6,0.2257954627275467,1.3959227800369263
phase_competitive,22,507,4,0.08447133749723434,0.9465885758399963
phase_competitive,22,508,6,0.16615569591522217,0.8122251629829407
phase_competitive,22,509,4,0.10250542312860489,1.0208842754364014
phase_competitive,22,510,6,0.16757738590240479,0.8385745286941528
phase_competitive,22,511,4,0.059280894696712494,0.4819902181625366
phase_competitive,22,512,6,0.18601013720035553,0.8599423766136169
phase_competitive,22,513,4,0.08174175024032593,0.6156119704246521
phase_competitive,22,514,6,0.16917641460895538,0.6150034666061401
phase_competitive,22,515,4,0.0738348737359047,0.6232163906097412
phase_competitive,22,516,6,0.20357514917850494,1.0166479349136353
phase_competitive,22,517,4,0.06626186519861221,0.6246633529663086
phase_competitive,22,518,6,0.17909926176071167,0.8928033113479614
phase_competitive,22,519,4,0.06747643649578094,0.6157907247543335
phase_competitive,22,520,6,0.18796338140964508,0.8690767288208008
phase_competitive,22,521,4,0.09928446263074875,0.9269704818725586
phase_competitive,22,522,6,0.17239224910736084,0.7844230532646179
phase_competitive,22,523,4,0.10020779818296432,0.7556093335151672
phase_competitive,22,524,6,0.17727136611938477,0.9736060500144958
phase_competitive,22,525,4,0.08523513376712799,0.7618205547332764
phase_competitive,22,526,6,0.18078507483005524,0.7826074361801147
phase_competitive,22,527,4,0.08090408891439438,0.6164945363998413
phase_competitive,22,528,6,0.14510153234004974,0.6514828205108643
phase_competitive,22,529,4,0.0846729576587677,0.7802370190620422
phase_competitive,22,530,6,0.14845490455627441,0.6568731069564819
phase_competitive,22,531,4,0.07659109681844711,0.6418056488037109
phase_competitive,22,532,6,0.17787356674671173,0.9671356081962585
phase_competitive,22,533,4,0.06158595159649849,0.4471032917499542
phase_competitive,22,534,6,0.1743786782026291,0.9726269841194153
phase_competitive,22,535,4,0.07953783124685287,0.6202537417411804
phase_competitive,22,536,6,0.16977240145206451,0.8783303499221802
phase_competitive,22,537,4,0.06815200299024582,0.5211301445960999
phase_competitive,22,538,6,0.17810986936092377,0.7416964769363403
phase_competitive,22,539,4,0.09229693561792374,0.9610664248466492
phase_competitive,22,540,6,0.181268110871315,0.9324395060539246
phase_competitive,22,541,4,0.10197816789150238,0.9083373546600342
phase_competitive,22,542,6,0.16784949600696564,0.9759774804115295
phase_competitive,22,543,4,0.08960827440023422,0.8675082325935364
phase_competitive,22,544,6,0.17675568163394928,1.1158887147903442
phase_competitive,22,545,4,0.07335128635168076,0.6833519339561462
phase_competitive,22,546,6,0.18233078718185425,1.1249841451644897
phase_competitive,22,547,4,0.08017117530107498,0.7988988757133484
phase_competitive,22,548,6,0.16894441843032837,0.5867943167686462
phase_competitive,22,549,4,0.08168621361255646,0.7357672452926636
phase_competitive,22,550,6,0.2211315780878067,1.1878665685653687
phase_competitive,22,551,4,0.0738644227385521,0.7211880087852478
phase_competitive,22,552,6,0.1774282455444336,0.6099713444709778
phase_competitive,22,553,4,0.08831062912940979,0.8141764998435974
phase_competitive,22,554,6,0.19736266136169434,0.9924221634864807
phase_competitive,22,555,4,0.12555329501628876,1.0669621229171753
phase_competitive,22,556,6,0.17656512558460236,0.7631869316101074
phase_competitive,22,557,4,0.06325465440750122,0.6133021712303162
phase_competitive,22,558,6,0.20999367535114288,0.8754639029502869
phase_competitive,22,559,4,0.09682868421077728,0.7719138860702515
phase_competitive,22,560,6,0.1902756541967392,0.8408310413360596
phase_competitive,22,561,4,0.12041723728179932,0.7833563685417175
phase_competitive,22,562,6,0.18556053936481476,0.9540830254554749
phase_competitive,22,563,4,0.0963929072022438,0.7053261399269104
phase_competitive,22,564,6,0.1762961596250534,0.9016486406326294
phase_competitive,22,565,4,0.0651167705655098,0.511938214302063
phase_competitive,22,566,6,0.14705125987529755,0.5639939904212952
phase_competitive,22,567,4,0.09352868795394897,0.828476071357727
phase_competitive,22,568,6,0.167612686753273,1.0495787858963013
phase_competitive,22,569,4,0.09436690807342529,0.7622632384300232
phase_competitive,22,570,6,0.17461055517196655,0.708736002445221
phase_competitive,22,571,4,0.08293551951646805,0.7281783819198608
phase_competitive,22,572,6,0.18400584161281586,1.167241096496582
phase_competitive,22,573,4,0.06284928321838379,0.5649585723876953
phase_competitive,22,574,6,0.17921145260334015,0.6524799466133118
phase_competitive,22,575,4,0.09626103192567825,0.5860661268234253
phase_competitive,22,576,6,0.18316863477230072,0.9600798487663269
phase_competitive,22,577,4,0.06146387383341789,0.5244712233543396
phase_competitive,22,578,6,0.15749935805797577,0.7306624054908752
phase_competitive,22,579,4,0.07875698804855347,0.7215263843536377
phase_competitive,22,580,6,0.18425887823104858,0.7337312698364258
phase_competitive,22,581,4,0.09284856915473938,0.6438146233558655
phase_competitive,22,582,6,0.17703880369663239,0.6553576588630676
phase_competitive,22,583,4,0.11971431970596313,1.0538880825042725
phase_competitive,22,584,6,0.17019514739513397,0.918146550655365
phase_competitive,22,585,4,0.06730987876653671,0.646453857421875
phase_competitive,22,586,6,0.18832896649837494,0.8026849031448364
phase_competitive,22,587,4,0.11385291069746017,0.9487413763999939
phase_competitive,22,588,6,0.18613892793655396,0.8568746447563171
phase_competitive,22,589,4,0.0830826535820961,0.7320987582206726
phase_competitive,22,590,6,0.16864009201526642,0.7924603223800659
phase_competitive,22,591,4,0.06219073757529259,0.5914319753646851
phase_competitive,22,592,6,0.21758109331130981,1.082020878791809
phase_competitive,22,593,4,0.10719607025384903,0.8787457346916199
phase_competitive,22,594,6,0.14374664425849915,0.6933111548423767
phase_competitive,22,595,4,0.08442632853984833,0.7233079075813293
phase_competitive,22,596,6,0.19854414463043213,1.0078932046890259
phase_competitive,22,597,4,0.05931176617741585,0.5690752863883972
phase_competitive,22,598,6,0.15936435759067535,0.7558825016021729
phase_competitive,22,599,4,0.08792172372341156,0.6684640645980835
phase_competitive,22,600,6,0.1524188071489334,0.8226693272590637
phase_competitive,22,601,4,0.10291788727045059,0.7654683589935303
phase_competitive,22,602,6,0.19343668222427368,0.6425502300262451
phase_competitive,22,603,4,0.08203591406345367,0.6659100651741028
phase_competitive,22,604,6,0.19286896288394928,1.1271308660507202
phase_competitive,22,605,4,0.09526176750659943,0.8241888284683228
phase_competitive,22,606,6,0.16249756515026093,0.6893855929374695
phase_competitive,22,607,4,0.06963635236024857,0.4261176884174347
phase_competitive,22,608,6,0.15997295081615448,0.7059676647186279
phase_competitive,22,609,4,0.10476066917181015,0.7854853868484497
phase_competitive,22,610,6,0.17075620591640472,0.7831175327301025
phase_competitive,22,611,4,0.06858169287443161,0.5672188997268677
phase_competitive,22,612,6,0.13846492767333984,0.5859748125076294
phase_competitive,22,613,4,0.06503592431545258,0.5916356444358826
phase_competitive,22,614,6,0.18025948107242584,0.930167019367218
phase_competitive,22,615,4,0.08265440165996552,0.6679158210754395
phase_competitive,22,616,6,0.1632995456457138,0.6264867186546326
phase_competitive,22,617,4,0.09972470253705978,0.9035699367523193
phase_competitive,22,618,6,0.18049614131450653,0.7113837599754333
phase_competitive,22,619,4,0.06972809880971909,0.5490495562553406
phase_competitive,22,620,6,0.15993350744247437,0.5940493941307068
phase_competitive,22,621,4,0.08244843780994415,0.6972489953041077
phase_competitive,22,622,6,0.19288752973079681,1.0632308721542358
phase_competitive,22,623,4,0.08851997554302216,0.7376388311386108
phase_competitive,22,624,6,0.15391905605793,0.6727351546287537
phase_competitive,22,625,4,0.10432809591293335,0.8232854604721069
phase_competitive,22,626,6,0.14965711534023285,0.5955079793930054
phase_competitive,22,627,4,0.08588811010122299,0.6137424111366272
phase_competitive,22,628,6,0.16199548542499542,0.8639695048332214
phase_competitive,22,629,4,0.10138589143753052,0.8972921967506409
phase_competitive,22,630,6,0.15132524073123932,0.7953755259513855
phase_competitive,22,631,4,0.06156334653496742,0.6136766672134399
phase_competitive,22,632,6,0.19205111265182495,1.3506745100021362
phase_competitive,22,633,4,0.09117268025875092,0.7751191854476929
phase_competitive,22,634,6,0.13898181915283203,0.5628364682197571
phase_competitive,22,635,4,0.07257410883903503,0.7033213376998901
phase_competitive,22,636,6,0.17483650147914886,0.7837267518043518
phase_competitive,22,637,4,0.1521269530057907,1.2323288917541504
phase_competitive,22,638,6,0.1648770421743393,0.5728738307952881
phase_competitive,22,639,4,0.088158518075943,0.7620097994804382
phase_competitive,22,640,6,0.17250953614711761,0.7381515502929688
phase_competitive,22,641,4,0.07810277491807938,0.7813467979431152
phase_competitive,22,642,6,0.15115350484848022,0.8232223391532898
phase_competitive,22,643,4,0.06066758185625076,0.475883811712265
phase_competitive,22,644,6,0.1511770635843277,0.613659143447876
phase_competitive,22,645,4,0.08005990087985992,0.6663892269134521
phase_competitive,22,646,6,0.17176656424999237,0.8468629717826843
phase_competitive,22,647,4,0.07703735679388046,0.7090882658958435
phase_competitive,22,648,6,0.16514946520328522,1.0719406604766846
phase_competitive,22,649,4,0.06754759699106216,0.6958233118057251
phase_competitive,22,650,6,0.16564978659152985,0.695761501789093
phase_competitive,22,651,4,0.06945888698101044,0.5155963897705078
phase_competitive,22,652,6,0.1913188248872757,1.055811882019043
phase_competitive,22,653,4,0.07441548258066177,0.5204436182975769
phase_competitive,22,654,6,0.17641520500183105,0.8813607692718506
phase_competitive,22,655,4,0.10302365571260452,0.8062756657600403
phase_competitive,22,656,6,0.14713571965694427,0.5947564840316772
phase_competitive,22,657,4,0.0815328061580658,0.6289346814155579
phase_competitive,22,658,6,0.13915760815143585,0.516563892364502
phase_competitive,22,659,4,0.08410591632127762,0.6534456014633179
phase_competitive,22,660,6,0.14426565170288086,0.7064282298088074
phase_competitive,22,661,4,0.08529971539974213,0.616934061050415
phase_competitive,22,662,6,0.16320350766181946,0.6119347810745239
phase_competitive,22,663,4,0.08259037137031555,0.568588376045227
phase_competitive,22,664,6,0.15660011768341064,0.546294629573822
phase_competitive,22,665,4,0.08978767693042755,0.6313164234161377
phase_competitive,22,666,6,0.15859454870224,0.5993634462356567
phase_competitive,22,667,4,0.08058461546897888,0.6220307350158691
phase_competitive,22,668,6,0.1368045061826706,0.6060460209846497
phase_competitive,22,669,4,0.09814289957284927,0.906499445438385
phase_competitive,22,670,6,0.14649038016796112,0.6776681542396545
phase_competitive,22,671,4,0.0711611658334732,0.6070476770401001
phase_competitive,22,672,6,0.17605625092983246,0.9241407513618469
phase_competitive,22,673,4,0.08968047052621841,0.9415814280509949
phase_competitive,22,674,6,0.1685400754213333,0.9698088765144348
phase_competitive,22,675,4,0.08477386087179184,0.8203057646751404
phase_competitive,22,676,6,0.17460882663726807,1.0315816402435303
phase_competitive,22,677,4,0.08662399649620056,0.828667402267456
phase_competitive,22,678,6,0.1442292183637619,0.7867776155471802
phase_competitive,22,679,4,0.06939337402582169,0.5797873139381409
phase_competitive,22,680,6,0.14398707449436188,0.6026260852813721
phase_competitive,22,681,4,0.07752244919538498,0.6742474436759949
phase_competitive,22,682,6,0.17528004944324493,0.6676337122917175
phase_competitive,22,683,4,0.1513274759054184,1.0124924182891846
phase_competitive,22,684,6,0.1674816608428955,0.8096678853034973
phase_competitive,22,685,4,0.09368571639060974,0.6210943460464478
phase_competitive,22,686,6,0.15015719830989838,0.6157110333442688
phase_competitive,22,687,4,0.07300665229558945,0.7133892774581909
phase_competitive,22,688,6,0.13810011744499207,0.6466988921165466
phase_competitive,22,689,4,0.0712842047214508,0.6436346173286438
phase_competitive,22,690,6,0.14942666888237,0.5748398303985596
phase_competitive,22,691,4,0.06618263572454453,0.640048623085022
phase_competitive,22,692,6,0.16430288553237915,0.7089402675628662
phase_competitive,22,693,4,0.08413180708885193,0.8271800875663757
phase_competitive,22,694,6,0.14307379722595215,0.6383466720581055
phase_competitive,22,695,4,0.058317236602306366,0.3871507942676544
phase_competitive,22,696,6,0.15156139433383942,0.6335213780403137
phase_competitive,22,697,4,0.06633539497852325,0.5858343839645386
phase_competitive,22,698,6,0.1648189127445221,0.5667910575866699
phase_competitive,22,699,4,0.061505015939474106,0.5795693397521973
phase_competitive,22,700,6,0.13308210670948029,0.6962113976478577
phase_competitive,22,701,4,0.054396260529756546,0.575982928276062
phase_competitive,22,702,6,0.1560705304145813,0.8127717971801758
phase_competitive,22,703,4,0.056382402777671814,0.5349308848381042
phase_competitive,22,704,6,0.15958628058433533,0.6084384322166443
phase_competitive,22,705,4,0.04446950554847717,0.4552758038043976
phase_competitive,22,706,6,0.16285820305347443,0.8043934106826782
phase_competitive,22,707,4,0.12132196128368378,1.0650771856307983
phase_competitive,22,708,6,0.16128577291965485,0.7840070724487305
phase_competitive,22,709,4,0.0900304913520813,0.6299626231193542
phase_competitive,22,710,6,0.13459227979183197,0.6827489733695984
phase_competitive,22,711,4,0.04957590624690056,0.5397881865501404
phase_competitive,22,712,6,0.16434957087039948,0.7469611763954163
phase_competitive,22,713,4,0.059898875653743744,0.4697045087814331
phase_competitive,22,714,6,0.16257967054843903,0.7777429223060608
phase_competitive,22,715,4,0.0868505984544754,0.7876117825508118
phase_competitive,22,716,6,0.16622784733772278,0.8223627805709839
phase_competitive,22,717,4,0.06908314675092697,0.621045708656311
phase_competitive,22,718,6,0.16091449558734894,0.7019190788269043
phase_competitive,22,719,4,0.09568904340267181,1.0100839138031006
phase_competitive,22,720,6,0.15887603163719177,0.6400251984596252
phase_competitive,22,721,4,0.07759251445531845,0.790107011795044
phase_competitive,22,722,6,0.1497107893228531,0.7426978349685669
phase_competitive,22,723,4,0.09453729540109634,0.8930808305740356
phase_competitive,22,724,6,0.15001867711544037,1.3276180028915405
phase_competitive,22,725,4,0.06602251529693604,0.7030983567237854
phase_competitive,22,726,6,0.1507740169763565,0.8712277412414551
phase_competitive,22,727,4,0.0706452950835228,0.49214038252830505
phase_competitive,22,728,6,0.14205899834632874,0.6305516362190247
phase_competitive,22,729,4,0.08231110870838165,0.7292847633361816
phase_competitive,22,730,6,0.14953812956809998,0.6968755125999451
phase_competitive,22,731,4,0.12150504440069199,1.1088676452636719
phase_competitive,22,732,6,0.15526504814624786,0.572329580783844
phase_competitive,22,733,4,0.07466895133256912,0.6501116752624512
phase_competitive,22,734,6,0.14874279499053955,0.5986033082008362
phase_competitive,22,735,4,0.05987231060862541,0.6114956736564636
phase_competitive,22,736,6,0.17627425491809845,0.727469265460968
phase_competitive,22,737,4,0.0648462250828743,0.5460695028305054
phase_competitive,22,738,6,0.15496794879436493,0.778168261051178
phase_competitive,22,739,4,0.09010270237922668,0.8698199391365051
phase_competitive,22,740,6,0.1596745252609253,0.662670373916626
phase_competitive,22,741,4,0.07792646437883377,0.7013704180717468
phase_competitive,22,742,6,0.1494961827993393,0.7191501259803772
phase_competitive,22,743,4,0.0986224040389061,0.8033704161643982
phase_competitive,22,744,6,0.1690724492073059,0.7392796874046326
phase_competitive,22,745,4,0.06628333032131195,0.5123052000999451
phase_competitive,22,746,6,0.14413820207118988,0.6073623299598694
phase_competitive,22,747,4,0.07389351725578308,0.5179659128189087
phase_competitive,22,748,6,0.15437205135822296,0.5395781397819519
phase_competitive,22,749,4,0.06080472469329834,0.6717254519462585
phase_competitive,22,750,6,0.1296427696943283,0.6431697010993958
phase_competitive,22,751,4,0.057965658605098724,0.5040144920349121
phase_competitive,22,752,6,0.1677207350730896,0.824559211730957
phase_competitive,22,753,4,0.08714838325977325,0.6148667335510254
phase_competitive,22,754,6,0.14699742197990417,0.552304208278656
phase_competitive,22,755,4,0.07442732900381088,0.5780260562896729
phase_competitive,22,756,6,0.15579354763031006,0.8270016312599182
phase_competitive,22,757,4,0.07601989805698395,0.6874004006385803
phase_competitive,22,758,6,0.15728089213371277,0.9297369122505188
phase_competitive,22,759,4,0.07678574323654175,0.769410252571106
phase_competitive,22,760,6,0.14907006919384003,0.780640184879303
phase_competitive,22,761,4,0.07277964800596237,0.6394693851470947
phase_competitive,22,762,6,0.1474464386701584,0.777683675289154
phase_competitive,22,763,4,0.08658356964588165,1.1232080459594727
phase_competitive,22,764,6,0.16643039882183075,0.9156644344329834
phase_competitive,22,765,4,0.05977596342563629,0.6411865949630737
phase_competitive,22,766,6,0.1945583075284958,0.7097569108009338
phase_competitive,22,767,4,0.07474475353956223,0.7627769112586975
phase_competitive,22,768,6,0.1516091376543045,1.255316138267517
phase_competitive,22,769,4,0.0838388204574585,0.7500054836273193
phase_competitive,22,770,6,0.18504886329174042,0.9904096126556396
phase_competitive,22,771,4,0.08057192713022232,0.8100444078445435
phase_competitive,22,772,6,0.1298804134130478,0.5191935300827026
phase_competitive,22,773,4,0.0635981336236,0.6838862299919128
phase_competitive,22,774,6,0.14517123997211456,0.5631194114685059
phase_competitive,22,775,4,0.05476732552051544,0.5181226134300232
phase_competitive,22,776,6,0.1780223250389099,0.6358184218406677
phase_competitive,22,777,4,0.09087339043617249,0.8329906463623047
phase_competitive,22,778,6,0.1589050143957138,0.642964243888855
phase_competitive,22,779,4,0.07384096831083298,0.6567144989967346
phase_competitive,22,780,6,0.17472608387470245,0.8657822608947754
phase_competitive,22,781,4,0.08751102536916733,0.7999151349067688
phase_competitive,22,782,6,0.1572970598936081,0.7124225497245789
phase_competitive,22,783,4,0.07096724212169647,0.7161033749580383
phase_competitive,22,784,6,0.1299772709608078,0.6130053400993347
phase_competitive,22,785,4,0.05832451209425926,0.46218377351760864
phase_competitive,22,786,6,0.1377817839384079,0.60215824842453
phase_competitive,22,787,4,0.07133738696575165,0.8157768845558167
phase_competitive,22,788,6,0.16020549833774567,0.7762616872787476
phase_competitive,22,789,4,0.05761807784438133,0.7496106624603271
phase_competitive,22,790,6,0.15964527428150177,0.7256535291671753
phase_competitive,22,791,4,0.07572780549526215,0.9179966449737549
phase_competitive,22,792,6,0.16130352020263672,0.8144559860229492
phase_competitive,22,793,4,0.06271202117204666,0.6889557242393494
phase_competitive,22,794,6,0.14452193677425385,0.605454683303833
phase_competitive,22,795,4,0.0784970372915268,0.7948511242866516
phase_competitive,22,796,6,0.1503024846315384,0.7453839182853699
phase_competitive,22,797,4,0.10092289745807648,1.0200657844543457
phase_competitive,22,798,6,0.17371691763401031,0.8227944374084473
phase_competitive,22,799,4,0.08229468017816544,0.917618989944458
phase_competitive,22,800,6,0.1370982676744461,0.7646626830101013
phase_competitive,22,801,4,0.08423782140016556,0.8067373037338257
phase_competitive,22,802,6,0.1352471560239792,0.48990142345428467
phase_competitive,22,803,4,0.09353780001401901,0.8825114965438843
phase_competitive,22,804,6,0.14241118729114532,0.8883116245269775
phase_competitive,22,805,4,0.09197918325662613,0.8090714812278748
phase_competitive,22,806,6,0.18040259182453156,0.833072304725647
phase_competitive,22,807,4,0.07064300775527954,0.5527541041374207
phase_competitive,22,808,6,0.1670781373977661,0.9670433402061462
phase_competitive,22,809,4,0.059912968426942825,0.5091783404350281
phase_competitive,22,810,6,0.15441830456256866,0.6847782731056213
phase_competitive,22,811,4,0.08861347287893295,0.8166244626045227
phase_competitive,22,812,6,0.1333484649658203,0.7130514979362488
phase_competitive,22,813,4,0.03793610259890556,0.4022115170955658
phase_competitive,22,814,6,0.16792410612106323,1.1306101083755493
phase_competitive,22,815,4,0.0570448562502861,0.5429911613464355
phase_competitive,22,816,6,0.1358489990234375,0.6235994100570679
phase_competitive,22,817,4,0.06540076434612274,0.6179115772247314
phase_competitive,22,818,6,0.17192180454730988,1.031662940979004
phase_competitive,22,819,4,0.050888992846012115,0.6586711406707764
phase_competitive,22,820,6,0.14363619685173035,0.9763522744178772
phase_competitive,22,821,4,0.056952327489852905,0.4423784911632538
phase_competitive,22,822,6,0.15116189420223236,0.9249290227890015
phase_competitive,22,823,4,0.05237412452697754,0.5862661004066467
phase_competitive,22,824,6,0.13066627085208893,0.7096042633056641
phase_competitive,22,825,4,0.07497893273830414,0.7811001539230347
phase_competitive,22,826,6,0.16793936491012573,0.8802682161331177
phase_competitive,22,827,4,0.05565506964921951,0.49405747652053833
phase_competitive,22,828,6,0.1470586210489273,0.5968800187110901
phase_competitive,22,829,4,0.06638690829277039,0.6472980380058289
phase_competitive,22,830,6,0.171168252825737,1.054017424583435
phase_competitive,22,831,4,0.0606183297932148,0.7230004668235779
phase_competitive,22,832,6,0.16542011499404907,1.3616982698440552
phase_competitive,22,833,4,0.03557886555790901,0.40204688906669617
phase_competitive,22,834,6,0.1524714082479477,0.7853432893753052
phase_competitive,22,835,4,0.10955467075109482,0.9750626087188721
phase_competitive,22,836,6,0.13972108066082,0.6915637850761414
phase_competitive,22,837,4,0.07518304884433746,0.6888141632080078
phase_competitive,22,838,6,0.13323397934436798,0.7009987235069275
phase_competitive,22,839,4,0.04938348010182381,0.48389768600463867
phase_competitive,22,840,6,0.1641951948404312,0.8561296463012695
phase_competitive,22,841,4,0.09344882518053055,0.9175742268562317
phase_competitive,22,842,6,0.13657888770103455,0.588773250579834
phase_competitive,22,843,4,0.059028808027505875,0.7016667127609253
phase_competitive,22,844,6,0.14398373663425446,0.7506328225135803
phase_competitive,22,845,4,0.056439924985170364,0.6329591870307922
phase_competitive,22,846,6,0.11879908293485641,0.7991457581520081
phase_competitive,22,847,4,0.08429953455924988,0.9560742378234863
phase_competitive,22,848,6,0.13297075033187866,0.8988532423973083
phase_competitive,22,849,4,0.06343643367290497,0.6915435791015625
phase_competitive,22,850,6,0.13578064739704132,0.5748974680900574
phase_competitive,22,851,4,0.05605020001530647,0.6147858500480652
phase_competitive,22,852,6,0.1447763890028,0.9472207427024841
phase_competitive,22,853,4,0.053173504769802094,0.5587062835693359
phase_competitive,22,854,6,0.14254646003246307,0.973483145236969
phase_competitive,22,855,4,0.054034262895584106,0.5154531002044678
phase_competitive,22,856,6,0.16200418770313263,0.9242170453071594
phase_competitive,22,857,4,0.06196167692542076,0.4895716905593872
phase_competitive,22,858,6,0.12713134288787842,0.6386740803718567
phase_competitive,22,859,4,0.052337635308504105,0.4898437559604645
phase_competitive,22,860,6,0.16418859362602234,0.8471787571907043
phase_competitive,22,861,4,0.13090857863426208,1.0956231355667114
phase_competitive,22,862,6,0.13215450942516327,0.6100479960441589
phase_competitive,22,863,4,0.06361345201730728,0.5410847663879395
phase_competitive,22,864,6,0.11913419514894485,0.6288349032402039
phase_competitive,22,865,4,0.048520151525735855,0.4161931872367859
phase_competitive,22,866,6,0.11844036728143692,0.5288411974906921
phase_competitive,22,867,4,0.04224442318081856,0.4808593690395355
phase_competitive,22,868,6,0.13018469512462616,0.5899167060852051
phase_competitive,22,869,4,0.05439745634794235,0.4573022723197937
phase_competitive,22,870,6,0.14383229613304138,0.698558509349823
phase_competitive,22,871,4,0.05205234885215759,0.6530289053916931
phase_competitive,22,872,6,0.13833864033222198,0.6838821768760681
phase_competitive,22,873,4,0.053586602210998535,0.6200387477874756
phase_competitive,22,874,6,0.19572721421718597,1.2858648300170898
phase_competitive,22,875,4,0.04610184207558632,0.6852585077285767
phase_competitive,22,876,6,0.1565966159105301,1.0150655508041382
phase_competitive,22,877,4,0.055327896028757095,0.65938800573349
phase_competitive,22,878,6,0.09773259609937668,0.4960795044898987
phase_competitive,22,879,4,0.07413078844547272,0.7858924865722656
phase_competitive,22,880,6,0.1598197966814041,0.7428258061408997
phase_competitive,22,881,4,0.06257975101470947,0.9426203370094299
phase_competitive,22,882,6,0.10684796422719955,0.4574759602546692
phase_competitive,22,883,4,0.0630732923746109,0.6248533129692078
phase_competitive,22,884,6,0.1618698686361313,0.9444602131843567
phase_competitive,22,885,4,0.05632592737674713,0.597322404384613
phase_competitive,22,886,6,0.13120028376579285,0.8855161070823669
phase_competitive,22,887,4,0.10805918276309967,1.0935834646224976
phase_competitive,22,888,6,0.14339953660964966,0.7288726568222046
phase_competitive,22,889,4,0.09166274219751358,0.8376407027244568
phase_competitive,22,890,6,0.12873674929141998,0.5202240943908691
phase_competitive,22,891,4,0.06444729119539261,0.6191221475601196
phase_competitive,22,892,6,0.10597299784421921,0.5262389779090881
phase_competitive,22,893,4,0.048955440521240234,0.44280946254730225
phase_competitive,22,894,6,0.12469560652971268,0.8389493823051453
phase_competitive,22,895,4,0.062318120151758194,0.5581299662590027
phase_competitive,22,896,6,0.1337202787399292,0.5759827494621277
phase_competitive,22,897,4,0.06250867992639542,0.5672487616539001
phase_competitive,22,898,6,0.11870487779378891,0.6773620247840881
phase_competitive,22,899,4,0.07158316671848297,0.6432269215583801
phase_competitive,22,900,6,0.15346279740333557,0.8505295515060425
phase_competitive,33,1,4,2.6940906047821045,46.346595764160156
phase_competitive,33,2,6,1.4048668146133423,11.79897689819336
phase_competitive,33,3,4,0.8223166465759277,1.483264446258545
phase_competitive,33,4,6,1.10908043384552,0.8283392786979675
phase_competitive,33,5,4,0.800909698009491,0.48701995611190796
phase_competitive,33,6,6,1.112128734588623,0.6578001976013184
phase_competitive,33,7,4,0.7903643250465393,0.3409043550491333
phase_competitive,33,8,6,1.10014808177948,0.20603135228157043
phase_competitive,33,9,4,0.7903777360916138,0.1824672371149063
phase_competitive,33,10,6,1.0939923524856567,0.2110224813222885
phase_competitive,33,11,4,0.7916424870491028,0.18000559508800507
phase_competitive,33,12,6,1.097678303718567,0.2234198898077011
phase_competitive,33,13,4,0.794305145740509,0.06407152861356735
phase_competitive,33,14,6,1.0987248420715332,0.09945227205753326
phase_competitive,33,15,4,0.7939433455467224,0.17968295514583588
phase_competitive,33,16,6,1.0968788862228394,0.07774841785430908
phase_competitive,33,17,4,0.7893888354301453,0.20828740298748016
phase_competitive,33,18,6,1.0954307317733765,0.07737009227275848
phase_competitive,33,19,4,0.7922104001045227,0.12109610438346863
phase_competitive,33,20,6,1.0923433303833008,0.11619739979505539
phase_competitive,33,21,4,0.7867261171340942,0.17146959900856018
phase_competitive,33,22,6,1.081360936164856,0.27651259303092957
phase_competitive,33,23,4,0.7732958197593689,0.37029892206192017
phase_competitive,33,24,6,1.0796691179275513,0.28080153465270996
phase_competitive,33,25,4,0.772412896156311,0.30291205644607544
phase_competitive,33,26,6,1.0731993913650513,0.3191165030002594
phase_competitive,33,27,4,0.7613486051559448,0.369143009185791
phase_competitive,33,28,6,1.0550516843795776,0.4521965980529785
phase_competitive,33,29,4,0.7628068327903748,0.4859449863433838
phase_competitive,33,30,6,1.0087052583694458,0.5692766308784485
phase_competitive,33,31,4,0.7206437587738037,0.523638904094696
phase_competitive,33,32,6,1.044116735458374,0.5945874452590942
phase_competitive,33,33,4,0.743350088596344,0.5843536853790283
phase_competitive,33,34,6,1.015140414237976,0.6927493214607239
phase_competitive,33,35,4,0.7145763635635376,0.7315372824668884
phase_competitive,33,36,6,1.005096435546875,0.728515088558197
phase_competitive,33,37,4,0.7448645830154419,0.9204310178756714
phase_competitive,33,38,6,0.9164659976959229,1.293937087059021
phase_competitive,33,39,4,0.6501679420471191,1.1208261251449585
phase_competitive,33,40,6,0.9043617248535156,1.287399172782898
phase_competitive,33,41,4,0.6355423927307129,1.18771231174469
phase_competitive,33,42,6,0.7790144085884094,1.6576591730117798
phase_competitive,33,43,4,0.5246541500091553,2.0025720596313477
phase_competitive,33,44,6,0.6885087490081787,2.4723758697509766
phase_competitive,33,45,4,0.38112467527389526,3.5122125148773193
phase_competitive,33,46,6,1.0227421522140503,7.512682914733887
phase_competitive,33,47,4,0.6049289703369141,6.804811000823975
phase_competitive,33,48,6,1.0375036001205444,8.503016471862793
phase_competitive,33,49,4,0.6129886507987976,4.831179141998291
phase_competitive,33,50,6,0.7286887764930725,4.397732257843018
phase_competitive,33,51,4,0.4485541582107544,3.0190865993499756
phase_competitive,33,52,6,0.6561191082000732,2.996431350708008
phase_competitive,33,53,4,0.3754784166812897,1.8652079105377197
phase_competitive,33,54,6,0.5665685534477234,2.3397202491760254
phase_competitive,33,55,4,0.37616705894470215,2.0321030616760254
phase_competitive,33,56,6,0.5797862410545349,2.795103073120117
phase_competitive,33,57,4,0.3168259859085083,1.5624297857284546
phase_competitive,33,58,6,0.5374157428741455,1.9987393617630005
phase_competitive,33,59,4,0.3675777316093445,1.7712339162826538
phase_competitive,33,60,6,0.5427531003952026,1.969881534576416
phase_competitive,33,61,4,0.38932329416275024,1.817507266998291
phase_competitive,33,62,6,0.49646177887916565,2.0227324962615967
phase_competitive,33,63,4,0.2824147641658783,1.6285561323165894
phase_competitive,33,64,6,0.4639720916748047,2.3998091220855713
phase_competitive,33,65,4,0.32040175795555115,2.4218478202819824
phase_competitive,33,66,6,0.44327792525291443,2.446303367614746
phase_competitive,33,67,4,0.25577422976493835,1.6259251832962036
phase_competitive,33,68,6,0.4150294065475464,2.361196756362915
phase_competitive,33,69,4,0.26993170380592346,2.171372652053833
phase_competitive,33,70,6,0.5416948199272156,4.512775421142578
phase_competitive,33,71,4,0.27122804522514343,2.269167423248291
phase_competitive,33,72,6,0.3744015693664551,2.107283592224121
phase_competitive,33,73,4,0.31576940417289734,2.2079238891601562
phase_competitive,33,74,6,0.4871993064880371,3.0289745330810547
phase_competitive,33,75,4,0.3506788909435272,2.456038475036621
phase_competitive,33,76,6,0.4231962263584137,2.3573241233825684
phase_competitive,33,77,4,0.27192074060440063,1.768670916557312
phase_competitive,33,78,6,0.38681718707084656,1.8567724227905273
phase_competitive,33,79,4,0.29668325185775757,1.692500352859497
phase_competitive,33,80,6,0.4216034710407257,2.7249906063079834
phase_competitive,33,81,4,0.24438241124153137,1.5446938276290894
phase_competitive,33,82,6,0.39049458503723145,1.7874479293823242
phase_competitive,33,83,4,0.23077739775180817,1.2870584726333618
phase_competitive,33,84,6,0.36265432834625244,1.584635615348816
phase_competitive,33,85,4,0.2657366693019867,1.5619298219680786
phase_competitive,33,86,6,0.3394041359424591,1.286784291267395
phase_competitive,33,87,4,0.2144320160150528,1.5745033025741577
phase_competitive,33,88,6,0.40686461329460144,2.2947394847869873
phase_competitive,33,89,4,0.2662309408187866,2.1560006141662598
phase_competitive,33,90,6,0.3537265956401825,1.9054673910140991
phase_competitive,33,91,4,0.16351789236068726,1.0986710786819458
phase_competitive,33,92,6,0.3692617416381836,2.048278570175171
phase_competitive,33,93,4,0.2214631587266922,1.5727511644363403
phase_competitive,33,94,6,0.3860379159450531,1.9691115617752075
phase_competitive,33,95,4,0.26215410232543945,2.3621625900268555
phase_competitive,33,96,6,0.2926202714443207,1.6347318887710571
phase_competitive,33,97,4,0.1739264875650406,1.0183824300765991
phase_competitive,33,98,6,0.35693374276161194,2.0673060417175293
phase_competitive,33,99,4,0.19350746273994446,1.3518836498260498
phase_competitive,33,100,6,0.40300503373146057,2.536320447921753
phase_competitive,33,101,4,0.2093692570924759,1.7681552171707153
phase_competitive,33,102,6,0.3809089958667755,2.537640333175659
phase_competitive,33,103,4,0.27860474586486816,2.08313250541687
phase_competitive,33,104,6,0.3555234670639038,2.0735132694244385
phase_competitive,33,105,4,0.23609726130962372,2.324014186859131
phase_competitive,33,106,6,0.3160790503025055,1.6532871723175049
phase_competitive,33,107,4,0.16626529395580292,1.1575851440429688
phase_competitive,33,108,6,0.30592766404151917,1.7488231658935547
phase_competitive,33,109,4,0.16211503744125366,1.2260911464691162
phase_competitive,33,110,6,0.3183872401714325,1.4596972465515137
phase_competitive,33,111,4,0.22185485064983368,1.7834243774414062
phase_competitive,33,112,6,0.30535903573036194,1.5067527294158936
phase_competitive,33,113,4,0.14844410121440887,1.2668695449829102
phase_competitive,33,114,6,0.285098671913147,1.2124477624893188
phase_competitive,33,115,4,0.22651521861553192,2.0167553424835205
phase_competitive,33,116,6,0.36637237668037415,2.2886457443237305
phase_competitive,33,117,4,0.16638870537281036,1.245688796043396
phase_competitive,33,118,6,0.31266340613365173,1.846709132194519
phase_competitive,33,119,4,0.15670105814933777,1.2844825983047485
phase_competitive,33,120,6,0.25885263085365295,1.028525948524475
phase_competitive,33,121,4,0.16882768273353577,1.3817925453186035
phase_competitive,33,122,6,0.353994220495224,2.115673065185547
phase_competitive,33,123,4,0.190073162317276,1.7107468843460083
phase_competitive,33,124,6,0.26729440689086914,1.3882278203964233
phase_competitive,33,125,4,0.17701151967048645,1.2526850700378418
phase_competitive,33,126,6,0.2572997212409973,1.0527907609939575
phase_competitive,33,127,4,0.23739103972911835,1.3890992403030396
phase_competitive,33,128,6,0.319626122713089,2.065206289291382
phase_competitive,33,129,4,0.15577508509159088,1.1627206802368164
phase_competitive,33,130,6,0.31830912828445435,1.7594895362854004
phase_competitive,33,131,4,0.16632145643234253,1.0372169017791748
phase_competitive,33,132,6,0.30496126413345337,1.730670690536499
phase_competitive,33,133,4,0.15082408487796783,1.1462771892547607
phase_competitive,33,134,6,0.335246205329895,1.7767530679702759
phase_competitive,33,135,4,0.12643727660179138,1.059342384338379
phase_competitive,33,136,6,0.2667118310928345,1.3581613302230835
phase_competitive,33,137,4,0.1761014461517334,1.2602216005325317
phase_competitive,33,138,6,0.2529469430446625,1.196337342262268
phase_competitive,33,139,4,0.16984765231609344,1.2806135416030884
phase_competitive,33,140,6,0.2951781153678894,1.6900581121444702
phase_competitive,33,141,4,0.18029716610908508,1.3604443073272705
phase_competitive,33,142,6,0.31415075063705444,2.0288939476013184
phase_competitive,33,143,4,0.17387717962265015,1.2805315256118774
phase_competitive,33,144,6,0.3111021816730499,1.6484533548355103
phase_competitive,33,145,4,0.1569099873304367,1.4687445163726807
phase_competitive,33,146,6,0.27210351824760437,1.5482856035232544
phase_competitive,33,147,4,0.13246767222881317,1.1393954753875732
phase_competitive,33,148,6,0.2643606960773468,1.5074591636657715
phase_competitive,33,149,4,0.19114169478416443,1.5156806707382202
phase_competitive,33,150,6,0.2694200575351715,1.6127434968948364
phase_competitive,33,151,4,0.18045946955680847,1.4492301940917969
phase_competitive,33,152,6,0.316202849149704,2.316234588623047
phase_competitive,33,153,4,0.20499219000339508,2.0806477069854736
phase_competitive,33,154,6,0.32981422543525696,1.7267307043075562
phase_competitive,33,155,4,0.1305505335330963,1.1610908508300781
phase_competitive,33,156,6,0.24802488088607788,1.0492671728134155
phase_competitive,33,157,4,0.13964296877384186,1.2211737632751465
phase_competitive,33,158,6,0.2618321180343628,1.0040632486343384
phase_competitive,33,159,4,0.15723535418510437,1.15946626663208
phase_competitive,33,160,6,0.2528151571750641,0.9214770793914795
phase_competitive,33,161,4,0.16106899082660675,1.2337435483932495
phase_competitive,33,162,6,0.30839774012565613,1.6309497356414795
phase_competitive,33,163,4,0.18292877078056335,1.4027223587036133
phase_competitive,33,164,6,0.2865449786186218,1.5788004398345947
phase_competitive,33,165,4,0.17117071151733398,1.4048008918762207
phase_competitive,33,166,6,0.28537970781326294,1.8391166925430298
phase_competitive,33,167,4,0.16894033551216125,0.8315491080284119
phase_competitive,33,168,6,0.3044159710407257,1.5664730072021484
phase_competitive,33,169,4,0.20032550394535065,1.3025511503219604
phase_competitive,33,170,6,0.2646771967411041,0.985316812992096
phase_competitive,33,171,4,0.1979173868894577,1.4107111692428589
phase_competitive,33,172,6,0.2888936698436737,1.5685735940933228
phase_competitive,33,173,4,0.16047078371047974,0.9257774353027344
phase_competitive,33,174,6,0.288242906332016,1.6276941299438477
phase_competitive,33,175,4,0.12670616805553436,0.9198721647262573
phase_competitive,33,176,6,0.25033077597618103,1.20978581905365
phase_competitive,33,177,4,0.14172904193401337,1.0279799699783325
phase_competitive,33,178,6,0.30210229754447937,1.343216061592102
phase_competitive,33,179,4,0.17786772549152374,1.4816093444824219
phase_competitive,33,180,6,0.27467718720436096,1.0522769689559937
phase_competitive,33,181,4,0.1342242956161499,1.0029546022415161
phase_competitive,33,182,6,0.2539619505405426,1.1625522375106812
phase_competitive,33,183,4,0.15288083255290985,0.9984952211380005
phase_competitive,33,184,6,0.2725920081138611,1.4189488887786865
phase_competitive,33,185,4,0.16367825865745544,1.5216504335403442
phase_competitive,33,186,6,0.27716174721717834,1.2439310550689697
phase_competitive,33,187,4,0.11597350239753723,0.8275729417800903
phase_competitive,33,188,6,0.2751976549625397,1.4188499450683594
phase_competitive,33,189,4,0.16260944306850433,1.2703090906143188
phase_competitive,33,190,6,0.2690446078777313,1.2983309030532837
phase_competitive,33,191,4,0.13464593887329102,0.982083261013031
phase_competitive,33,192,6,0.23573608696460724,0.8617503643035889
phase_competitive,33,193,4,0.12793594598770142,0.860817551612854
phase_competitive,33,194,6,0.2377389669418335,1.1015052795410156
phase_competitive,33,195,4,0.11072021722793579,0.8904651403427124
phase_competitive,33,196,6,0.25877711176872253,1.0908621549606323
phase_competitive,33,197,4,0.13073888421058655,0.634599506855011
phase_competitive,33,198,6,0.2679259181022644,1.5680475234985352
phase_competitive,33,199,4,0.16585536301136017,1.3946363925933838
phase_competitive,33,200,6,0.24215923249721527,1.4071637392044067
phase_competitive,33,201,4,0.14724066853523254,1.059548258781433
phase_competitive,33,202,6,0.24536921083927155,1.163360834121704
phase_competitive,33,203,4,0.17708072066307068,1.5923172235488892
phase_competitive,33,204,6,0.25026729702949524,1.0062059164047241
phase_competitive,33,205,4,0.13690121471881866,0.9511384963989258
phase_competitive,33,206,6,0.21578681468963623,0.7010487914085388
phase_competitive,33,207,4,0.1601191908121109,0.9675444960594177
phase_competitive,33,208,6,0.22037267684936523,0.9540203809738159
phase_competitive,33,209,4,0.16401195526123047,1.2052899599075317
phase_competitive,33,210,6,0.20664311945438385,0.7955760955810547
phase_competitive,33,211,4,0.15151190757751465,1.2496192455291748
phase_competitive,33,212,6,0.2333488017320633,1.0219706296920776
phase_competitive,33,213,4,0.11253929138183594,0.8788672685623169
phase_competitive,33,214,6,0.20371954143047333,0.8876180052757263
phase_competitive,33,215,4,0.14459413290023804,1.2077285051345825
phase_competitive,33,216,6,0.2385679930448532,1.2304587364196777
phase_competitive,33,217,4,0.1535472273826599,1.197981357574463
phase_competitive,33,218,6,0.2746088206768036,1.1660748720169067
phase_competitive,33,219,4,0.0968414768576622,0.7113354206085205
phase_competitive,33,220,6,0.2115510106086731,0.8566245436668396
phase_competitive,33,221,4,0.14737986028194427,0.9332717657089233
phase_competitive,33,222,6,0.280186265707016,0.9791911840438843
phase_competitive,33,223,4,0.11067146062850952,0.7384645938873291
phase_competitive,33,224,6,0.2462771087884903,1.113997459411621
phase_competitive,33,225,4,0.11419835686683655,0.7702170610427856
phase_competitive,33,226,6,0.2325349599123001,0.8998475074768066
phase_competitive,33,227,4,0.12922720611095428,0.8525381088256836
phase_competitive,33,228,6,0.2465854287147522,0.977624773979187
phase_competitive,33,229,4,0.13178600370883942,1.336822748184204
phase_competitive,33,230,6,0.20806623995304108,1.1516695022583008
phase_competitive,33,231,4,0.1277434378862381,1.1139848232269287
phase_competitive,33,232,6,0.2298300713300705,0.8982751369476318
phase_competitive,33,233,4,0.13963682949543,1.1977216005325317
phase_competitive,33,234,6,0.24073535203933716,0.9212464094161987
phase_competitive,33,235,4,0.1310066133737564,0.9413130283355713
phase_competitive,33,236,6,0.22546106576919556,0.8662657141685486
phase_competitive,33,237,4,0.1203479990363121,1.0289987325668335
phase_competitive,33,238,6,0.24855543673038483,1.1879781484603882
phase_competitive,33,239,4,0.14324292540550232,1.1205905675888062
phase_competitive,33,240,6,0.24509264528751373,1.0430583953857422
phase_competitive,33,241,4,0.13276037573814392,0.7168015241622925
phase_competitive,33,242,6,0.23747499287128448,0.893366813659668
phase_competitive,33,243,4,0.13899865746498108,0.8976940512657166
phase_competitive,33,244,6,0.24454927444458008,0.9493714570999146
phase_competitive,33,245,4,0.19317473471164703,1.1179332733154297
phase_competitive,33,246,6,0.21889682114124298,1.0874336957931519
phase_competitive,33,247,4,0.1303931176662445,1.081480860710144
phase_competitive,33,248,6,0.2116107940673828,1.0061917304992676
phase_competitive,33,249,4,0.12360119819641113,1.0673161745071411
phase_competitive,33,250,6,0.22074104845523834,0.8361247777938843
phase_competitive,33,251,4,0.09346681833267212,0.5400811433792114
phase_competitive,33,252,6,0.2332504838705063,1.2550452947616577
phase_competitive,33,253,4,0.1495264619588852,1.0494931936264038
phase_competitive,33,254,6,0.23844891786575317,0.8823774456977844
phase_competitive,33,255,4,0.12755313515663147,0.7172922492027283
phase_competitive,33,256,6,0.20976276695728302,0.9586756229400635
phase_competitive,33,257,4,0.1243484690785408,0.9032015800476074
phase_competitive,33,258,6,0.23125173151493073,1.1625169515609741
phase_competitive,33,259,4,0.12831535935401917,0.8357788324356079
phase_competitive,33,260,6,0.2151743322610855,1.0061906576156616
phase_competitive,33,261,4,0.11445227265357971,0.8494887948036194
phase_competitive,33,262,6,0.20478455722332,0.7870633602142334
phase_competitive,33,263,4,0.11003003269433975,0.6636437177658081
phase_competitive,33,264,6,0.23187987506389618,1.2289186716079712
phase_competitive,33,265,4,0.1562441885471344,1.2640676498413086
phase_competitive,33,266,6,0.2714361250400543,1.2209711074829102
phase_competitive,33,267,4,0.13747677206993103,1.1546121835708618
phase_competitive,33,268,6,0.2268422245979309,1.069139838218689
phase_competitive,33,269,4,0.10325882583856583,0.92503422498703
phase_competitive,33,270,6,0.22898633778095245,1.0159255266189575
phase_competitive,33,271,4,0.11667969077825546,0.7513351440429688
phase_competitive,33,272,6,0.24854552745819092,1.078829050064087
phase_competitive,33,273,4,0.13275885581970215,1.163981556892395
phase_competitive,33,274,6,0.2545481324195862,1.0645066499710083
phase_competitive,33,275,4,0.09902812540531158,0.7141210436820984
phase_competitive,33,276,6,0.2362733632326126,1.0432507991790771
phase_competitive,33,277,4,0.10566368699073792,0.7761209607124329
phase_competitive,33,278,6,0.22470884025096893,1.0787577629089355
phase_competitive,33,279,4,0.14187943935394287,0.9239554405212402
phase_competitive,33,280,6,0.28410956263542175,1.6284631490707397
phase_competitive,33,281,4,0.17096354067325592,1.5407557487487793
phase_competitive,33,282,6,0.20544742047786713,0.7568924427032471
phase_competitive,33,283,4,0.12574529647827148,0.9267228841781616
phase_competitive,33,284,6,0.20011349022388458,0.6417760848999023
phase_competitive,33,285,4,0.13749906420707703,1.0030784606933594
phase_competitive,33,286,6,0.2430925816297531,1.0798571109771729
phase_competitive,33,287,4,0.12253270298242569,0.7194259762763977
phase_competitive,33,288,6,0.2294621616601944,1.1163746118545532
phase_competitive,33,289,4,0.16132603585720062,1.1325345039367676
phase_competitive,33,290,6,0.19366644322872162,0.6548140048980713
phase_competitive,33,291,4,0.12502135336399078,0.9911537766456604
phase_competitive,33,292,6,0.23836635053157806,1.1121208667755127
phase_competitive,33,293,4,0.1451946496963501,0.895588755607605
phase_competitive,33,294,6,0.24026094377040863,1.0816434621810913
phase_competitive,33,295,4,0.16463181376457214,1.0145701169967651
phase_competitive,33,296,6,0.25693079829216003,1.4146133661270142
phase_competitive,33,297,4,0.15353603661060333,1.1053330898284912
phase_competitive,33,298,6,0.18956981599330902,0.6049764752388
phase_competitive,33,299,4,0.13596242666244507,0.8186416029930115
phase_competitive,33,300,6,0.21500764787197113,0.9143736362457275
phase_competitive,33,301,4,0.1347762495279312,0.8891651034355164
phase_competitive,33,302,6,0.2404494285583496,0.8118177056312561
phase_competitive,33,303,4,0.14082558453083038,0.9060904383659363
phase_competitive,33,304,6,0.2715456187725067,1.0240265130996704
phase_competitive,33,305,4,0.11550401151180267,0.6685661673545837
phase_competitive,33,306,6,0.17145133018493652,0.766954779624939
phase_competitive,33,307,4,0.1199834942817688,0.7973917722702026
phase_competitive,33,308,6,0.19084148108959198,0.8997116684913635
phase_competitive,33,309,4,0.15188853442668915,1.0225064754486084
phase_competitive,33,310,6,0.21518941223621368,0.8482954502105713
phase_competitive,33,311,4,0.1331724375486374,1.0934041738510132
phase_competitive,33,312,6,0.24761027097702026,1.0727465152740479
phase_competitive,33,313,4,0.14123152196407318,0.9232917428016663
phase_competitive,33,314,6,0.18342392146587372,0.7348833680152893
phase_competitive,33,315,4,0.15860651433467865,1.2482541799545288
phase_competitive,33,316,6,0.22802497446537018,1.1916589736938477
phase_competitive,33,317,4,0.14317451417446136,1.0324817895889282
phase_competitive,33,318,6,0.2126333862543106,0.747124969959259
phase_competitive,33,319,4,0.12480198591947556,0.6043675541877747
phase_competitive,33,320,6,0.21269337832927704,0.8152315020561218
phase_competitive,33,321,4,0.16941803693771362,1.111676573753357
phase_competitive,33,322,6,0.19861994683742523,0.7539309859275818
phase_competitive,33,323,4,0.16217677295207977,1.1376698017120361
phase_competitive,33,324,6,0.1976415514945984,0.7028405070304871
phase_competitive,33,325,4,0.10635030269622803,0.7032992243766785
phase_competitive,33,326,6,0.22358860075473785,1.1771619319915771
phase_competitive,33,327,4,0.11402667313814163,0.6961660385131836
phase_competitive,33,328,6,0.20226716995239258,0.9095803499221802
phase_competitive,33,329,4,0.10805603861808777,0.6800697445869446
phase_competitive,33,330,6,0.23133540153503418,0.8797640204429626
phase_competitive,33,331,4,0.12398272752761841,1.0620689392089844
phase_competitive,33,332,6,0.23337292671203613,1.2136733531951904
phase_competitive,33,333,4,0.13708005845546722,0.8904056549072266
phase_competitive,33,334,6,0.18669265508651733,0.822486162185669
phase_competitive,33,335,4,0.11612343043088913,0.8782865405082703
phase_competitive,33,336,6,0.2228497713804245,1.3300622701644897
phase_competitive,33,337,4,0.13900552690029144,0.762602686882019
phase_competitive,33,338,6,0.212688148021698,0.9846669435501099
phase_competitive,33,339,4,0.13955795764923096,0.7380530834197998
phase_competitive,33,340,6,0.23567380011081696,0.8284296989440918
phase_competitive,33,341,4,0.09812681376934052,0.7052521705627441
phase_competitive,33,342,6,0.23548154532909393,0.995377242565155
phase_competitive,33,343,4,0.09051242470741272,0.6606519818305969
phase_competitive,33,344,6,0.23981569707393646,0.9457024931907654
phase_competitive,33,345,4,0.11418426036834717,1.1000206470489502
phase_competitive,33,346,6,0.1999007612466812,0.8797645568847656
phase_competitive,33,347,4,0.10187910497188568,0.9044551253318787
phase_competitive,33,348,6,0.21077220141887665,1.1174856424331665
phase_competitive,33,349,4,0.17857785522937775,1.2636162042617798
phase_competitive,33,350,6,0.20794479548931122,0.9272719621658325
phase_competitive,33,351,4,0.1359618455171585,0.7106516361236572
phase_competitive,33,352,6,0.2094428539276123,0.8121132850646973
phase_competitive,33,353,4,0.14777494966983795,0.9505915641784668
phase_competitive,33,354,6,0.21177423000335693,0.9966784715652466
phase_competitive,33,355,4,0.09474581480026245,0.7223153710365295
phase_competitive,33,356,6,0.19407902657985687,0.8247458338737488
phase_competitive,33,357,4,0.17277948558330536,1.3504199981689453
phase_competitive,33,358,6,0.21875132620334625,0.77739417552948
phase_competitive,33,359,4,0.10930971056222916,0.7364724278450012
phase_competitive,33,360,6,0.1956927627325058,0.7213250398635864
phase_competitive,33,361,4,0.09123502671718597,0.711054265499115
phase_competitive,33,362,6,0.2150619626045227,1.1226310729980469
phase_competitive,33,363,4,0.11572341620922089,0.6743810772895813
phase_competitive,33,364,6,0.22734880447387695,1.155756950378418
phase_competitive,33,365,4,0.08994495123624802,0.7504274249076843
phase_competitive,33,366,6,0.22337301075458527,0.953007698059082
phase_competitive,33,367,4,0.08489540964365005,0.5269801020622253
phase_competitive,33,368,6,0.1807624250650406,0.7276346683502197
phase_competitive,33,369,4,0.09897433966398239,0.598494291305542
phase_competitive,33,370,6,0.22019104659557343,0.8363260626792908
phase_competitive,33,371,4,0.10917498171329498,0.683306097984314
phase_competitive,33,372,6,0.16068218648433685,0.8054108619689941
phase_competitive,33,373,4,0.13494880497455597,1.0804202556610107
phase_competitive,33,374,6,0.21665585041046143,0.9736231565475464
phase_competitive,33,375,4,0.14070576429367065,0.9886007308959961
phase_competitive,33,376,6,0.18732650578022003,0.9485490322113037
phase_competitive,33,377,4,0.09411472082138062,0.6447595357894897
phase_competitive,33,378,6,0.18902617692947388,1.1417816877365112
phase_competitive,33,379,4,0.0849866047501564,0.8219432830810547
phase_competitive,33,380,6,0.20843660831451416,1.1326953172683716
phase_competitive,33,381,4,0.11699801683425903,0.9339648485183716
phase_competitive,33,382,6,0.21097946166992188,1.1417796611785889
phase_competitive,33,383,4,0.08963468670845032,0.9069035053253174
phase_competitive,33,384,6,0.20575974881649017,1.016660213470459
phase_competitive,33,385,4,0.09680977463722229,0.8685648441314697
phase_competitive,33,386,6,0.21825814247131348,1.0703651905059814
phase_competitive,33,387,4,0.09320200234651566,0.6237108707427979
phase_competitive,33,388,6,0.18923139572143555,0.8995562195777893
phase_competitive,33,389,4,0.12121953815221786,1.1035279035568237
phase_competitive,33,390,6,0.18306732177734375,1.0442918539047241
phase_competitive,33,391,4,0.06743582338094711,0.6328608393669128
phase_competitive,33,392,6,0.18884675204753876,0.9141548871994019
phase_competitive,33,393,4,0.08671020716428757,0.6872454285621643
phase_competitive,33,394,6,0.18339334428310394,0.8287363052368164
phase_competitive,33,395,4,0.07987912744283676,0.7838843464851379
phase_competitive,33,396,6,0.21401017904281616,0.9017594456672668
phase_competitive,33,397,4,0.10439175367355347,0.9521020650863647
phase_competitive,33,398,6,0.20534907281398773,1.1204619407653809
phase_competitive,33,399,4,0.13718532025814056,1.3341985940933228
phase_competitive,33,400,6,0.18453527987003326,0.8916091918945312
phase_competitive,33,401,4,0.10882542282342911,0.7859826683998108
phase_competitive,33,402,6,0.22087453305721283,0.9571215510368347
phase_competitive,33,403,4,0.08857006579637527,0.8115540742874146
phase_competitive,33,404,6,0.2199125736951828,1.0747326612472534
phase_competitive,33,405,4,0.08240941166877747,0.5130529999732971
phase_competitive,33,406,6,0.16163985431194305,0.7207755446434021
phase_competitive,33,407,4,0.10131016373634338,0.8705112338066101
phase_competitive,33,408,6,0.17536480724811554,0.7668193578720093
phase_competitive,33,409,4,0.09927376359701157,0.753193199634552
phase_competitive,33,410,6,0.1998690962791443,1.0797640085220337
phase_competitive,33,411,4,0.08725215494632721,0.641232967376709
phase_competitive,33,412,6,0.20738358795642853,1.1978507041931152
phase_competitive,33,413,4,0.11217492818832397,0.9586924314498901
phase_competitive,33,414,6,0.19072799384593964,1.3167933225631714
phase_competitive,33,415,4,0.0762171670794487,0.8199631571769714
phase_competitive,33,416,6,0.19691549241542816,1.061171054840088
phase_competitive,33,417,4,0.11470331996679306,0.9781369566917419
phase_competitive,33,418,6,0.17359693348407745,0.9449477791786194
phase_competitive,33,419,4,0.08602729439735413,0.7109370231628418
phase_competitive,33,420,6,0.20507116615772247,0.9847632646560669
phase_competitive,33,421,4,0.08854445070028305,0.722596287727356
phase_competitive,33,422,6,0.18468505144119263,0.7287817001342773
phase_competitive,33,423,4,0.11260002851486206,0.8110730648040771
phase_competitive,33,424,6,0.16444477438926697,0.7946743369102478
phase_competitive,33,425,4,0.14118313789367676,1.2036067247390747
phase_competitive,33,426,6,0.18555743992328644,0.8780758380889893
phase_competitive,33,427,4,0.10486364364624023,0.9743748903274536
phase_competitive,33,428,6,0.18784059584140778,0.9246707558631897
phase_competitive,33,429,4,0.07728391140699387,0.7281210422515869
phase_competitive,33,430,6,0.21459579467773438,1.237004280090332
phase_competitive,33,431,4,0.09372223168611526,0.885233461856842
phase_competitive,33,432,6,0.18060670793056488,0.8639515042304993
phase_competitive,33,433,4,0.06297750771045685,0.6252179741859436
phase_competitive,33,434,6,0.1648123860359192,0.7887166738510132
phase_competitive,33,435,4,0.1378590166568756,1.006582498550415
phase_competitive,33,436,6,0.18232649564743042,1.0510950088500977
phase_competitive,33,437,4,0.10310924798250198,0.8224979639053345
phase_competitive,33,438,6,0.19335003197193146,1.386519193649292
phase_competitive,33,439,4,0.14968357980251312,1.0792986154556274
phase_competitive,33,440,6,0.20214419066905975,1.0994380712509155
phase_competitive,33,441,4,0.12310236692428589,1.0819076299667358
phase_competitive,33,442,6,0.19383615255355835,0.8603789806365967
phase_competitive,33,443,4,0.09548317641019821,0.601590633392334
phase_competitive,33,444,6,0.2010008692741394,0.849324643611908
phase_competitive,33,445,4,0.09753048419952393,0.5857608914375305
phase_competitive,33,446,6,0.19568084180355072,0.9532365202903748
phase_competitive,33,447,4,0.09175656735897064,0.7360841631889343
phase_competitive,33,448,6,0.17532731592655182,0.7460100650787354
phase_competitive,33,449,4,0.07152707129716873,0.6243858933448792
phase_competitive,33,450,6,0.20354945957660675,0.9425380229949951
phase_competitive,33,451,4,0.08766473084688187,0.7635990381240845
phase_competitive,33,452,6,0.16759926080703735,0.8258317112922668
phase_competitive,33,453,4,0.11025186628103256,1.0112810134887695
phase_competitive,33,454,6,0.20298360288143158,1.8451679944992065
phase_competitive,33,455,4,0.08202122896909714,0.776101291179657
phase_competitive,33,456,6,0.18446147441864014,1.6761442422866821
phase_competitive,33,457,4,0.08077071607112885,0.7113378643989563
phase_competitive,33,458,6,0.19173206388950348,1.2904821634292603
phase_competitive,33,459,4,0.09427095949649811,1.254808783531189
phase_competitive,33,460,6,0.1601439267396927,0.7904845476150513
phase_competitive,33,461,4,0.1017647311091423,0.865930438041687
phase_competitive,33,462,6,0.1671922355890274,0.6560554504394531
phase_competitive,33,463,4,0.0660405308008194,0.6983094215393066
phase_competitive,33,464,6,0.18453115224838257,0.6721234321594238
phase_competitive,33,465,4,0.10826949030160904,0.8020713925361633
phase_competitive,33,466,6,0.18375980854034424,0.8132256269454956
phase_competitive,33,467,4,0.08603915572166443,0.6051721572875977
phase_competitive,33,468,6,0.1840461939573288,0.9723526835441589
phase_competitive,33,469,4,0.0971895158290863,0.7393864989280701
phase_competitive,33,470,6,0.15659448504447937,0.6902914643287659
phase_competitive,33,471,4,0.087877556681633,0.7505079507827759
phase_competitive,33,472,6,0.1962154358625412,1.0980446338653564
phase_competitive,33,473,4,0.06761056184768677,0.7129551768302917
phase_competitive,33,474,6,0.15412186086177826,0.6929410099983215
phase_competitive,33,475,4,0.07165341824293137,0.7075859904289246
phase_competitive,33,476,6,0.1816345602273941,0.9828630685806274
phase_competitive,33,477,4,0.08856742829084396,0.7275893092155457
phase_competitive,33,478,6,0.1729150265455246,0.6238096356391907
phase_competitive,33,479,4,0.08298055082559586,0.6432838439941406
phase_competitive,33,480,6,0.19740314781665802,1.1328153610229492
phase_competitive,33,481,4,0.09517575055360794,0.7960863709449768
phase_competitive,33,482,6,0.1512308567762375,0.8142004013061523
phase_competitive,33,483,4,0.08241959661245346,0.6136621832847595
phase_competitive,33,484,6,0.16858337819576263,0.5426959991455078
phase_competitive,33,485,4,0.09765792638063431,0.7526262402534485
phase_competitive,33,486,6,0.15118825435638428,0.6813918948173523
phase_competitive,33,487,4,0.08872859179973602,0.6633210182189941
phase_competitive,33,488,6,0.18389581143856049,0.9136473536491394
phase_competitive,33,489,4,0.09572011232376099,0.78509920835495
phase_competitive,33,490,6,0.1838485598564148,0.8909736275672913
phase_competitive,33,491,4,0.0635819137096405,0.6518917083740234
phase_competitive,33,492,6,0.18825161457061768,1.0169137716293335
phase_competitive,33,493,4,0.08259514719247818,0.9809314012527466
phase_competitive,33,494,6,0.16796302795410156,1.0274856090545654
phase_competitive,33,495,4,0.11111621558666229,1.049442172050476
phase_competitive,33,496,6,0.20333100855350494,1.0089921951293945
phase_competitive,33,497,4,0.0964260920882225,1.0068132877349854
phase_competitive,33,498,6,0.19361425936222076,1.3093633651733398
phase_competitive,33,499,4,0.056408245116472244,0.58231520652771
phase_competitive,33,500,6,0.15244290232658386,0.7598898410797119
phase_competitive,33,501,4,0.09278702735900879,0.8712961673736572
phase_competitive,33,502,6,0.16895587742328644,1.0919402837753296
phase_competitive,33,503,4,0.08017268031835556,0.7268851399421692
phase_competitive,33,504,6,0.17391465604305267,0.7521944046020508
phase_competitive,33,505,4,0.0971561074256897,0.7534990906715393
phase_competitive,33,506,6,0.181537464261055,0.6560515761375427
phase_competitive,33,507,4,0.09387495368719101,0.5904810428619385
phase_competitive,33,508,6,0.19855661690235138,0.9975683689117432
phase_competitive,33,509,4,0.10346892476081848,0.8234224915504456
phase_competitive,33,510,6,0.1688513159751892,0.6202618479728699
phase_competitive,33,511,4,0.08597493171691895,0.9017494916915894
phase_competitive,33,512,6,0.16171108186244965,0.7283685803413391
phase_competitive,33,513,4,0.09246256947517395,0.844118058681488
phase_competitive,33,514,6,0.1663350611925125,0.7908380031585693
phase_competitive,33,515,4,0.10398340225219727,0.7738231420516968
phase_competitive,33,516,6,0.2148756980895996,1.0174294710159302
phase_competitive,33,517,4,0.10850177705287933,1.0197198390960693
phase_competitive,33,518,6,0.17012958228588104,1.1418523788452148
phase_competitive,33,519,4,0.09440016001462936,0.8364580869674683
phase_competitive,33,520,6,0.14162561297416687,0.6736935377120972
phase_competitive,33,521,4,0.0723450556397438,0.8448876142501831
phase_competitive,33,522,6,0.15006209909915924,0.7344619035720825
phase_competitive,33,523,4,0.08264372497797012,0.7554835677146912
phase_competitive,33,524,6,0.17451991140842438,0.9362127780914307
phase_competitive,33,525,4,0.09026994556188583,0.7450441718101501
phase_competitive,33,526,6,0.18946772813796997,1.0515553951263428
phase_competitive,33,527,4,0.05392933636903763,0.5936113595962524
phase_competitive,33,528,6,0.15105663239955902,0.8677958250045776
phase_competitive,33,529,4,0.11908767372369766,1.2344719171524048
phase_competitive,33,530,6,0.17862065136432648,0.8889303803443909
phase_competitive,33,531,4,0.09281064569950104,0.8187008500099182
phase_competitive,33,532,6,0.16843046247959137,0.7970080375671387
phase_competitive,33,533,4,0.0870184674859047,0.635430634021759
phase_competitive,33,534,6,0.17494197189807892,0.7932723760604858
phase_competitive,33,535,4,0.05640062689781189,0.5935227870941162
phase_competitive,33,536,6,0.18952202796936035,0.953930675983429
phase_competitive,33,537,4,0.08512707054615021,0.6589401364326477
phase_competitive,33,538,6,0.1661485880613327,0.7405717372894287
phase_competitive,33,539,4,0.0861482098698616,0.7826252579689026
phase_competitive,33,540,6,0.1760540008544922,0.7236063480377197
phase_competitive,33,541,4,0.055999744683504105,0.6621005535125732
phase_competitive,33,542,6,0.17355860769748688,0.8069928884506226
phase_competitive,33,543,4,0.08570575714111328,0.6632878184318542
phase_competitive,33,544,6,0.1670740693807602,0.8628911375999451
phase_competitive,33,545,4,0.10936710238456726,0.9039209485054016
phase_competitive,33,546,6,0.13858628273010254,0.7622883915901184
phase_competitive,33,547,4,0.07306946069002151,0.7718841433525085
phase_competitive,33,548,6,0.17041552066802979,1.0946027040481567
phase_competitive,33,549,4,0.10256180912256241,0.7969020009040833
phase_competitive,33,550,6,0.173847496509552,0.9423928260803223
phase_competitive,33,551,4,0.11450955271720886,0.9622312188148499
phase_competitive,33,552,6,0.1554471105337143,0.9936853051185608
phase_competitive,33,553,4,0.09014985710382462,0.9215481877326965
phase_competitive,33,554,6,0.17085357010364532,0.7182586193084717
phase_competitive,33,555,4,0.04973963275551796,0.49487775564193726
phase_competitive,33,556,6,0.1666351556777954,0.8034873008728027
phase_competitive,33,557,4,0.0785917118191719,0.6596742868423462
phase_competitive,33,558,6,0.1662253886461258,0.885958731174469
phase_competitive,33,559,4,0.07027624547481537,0.6231765151023865
phase_competitive,33,560,6,0.19240911304950714,1.2165018320083618
phase_competitive,33,561,4,0.09706909209489822,0.858122706413269
phase_competitive,33,562,6,0.16901318728923798,0.653739869594574
phase_competitive,33,563,4,0.06747793406248093,0.6642769575119019
phase_competitive,33,564,6,0.1537790447473526,0.6124624609947205
phase_competitive,33,565,4,0.08162189275026321,0.7665055990219116
phase_competitive,33,566,6,0.19816093146800995,0.8195010423660278
phase_competitive,33,567,4,0.0988309234380722,0.8191621899604797
phase_competitive,33,568,6,0.17693674564361572,0.9555174708366394
phase_competitive,33,569,4,0.06404642760753632,0.6246069669723511
phase_competitive,33,570,6,0.1607407033443451,1.075423002243042
phase_competitive,33,571,4,0.06985527276992798,0.5761978030204773
phase_competitive,33,572,6,0.1500120609998703,0.9209719300270081
phase_competitive,33,573,4,0.08901400119066238,0.8072307109832764
phase_competitive,33,574,6,0.16727425158023834,0.8693187832832336
phase_competitive,33,575,4,0.08368584513664246,0.8562054634094238
phase_competitive,33,576,6,0.1702444702386856,0.6889076232910156
phase_competitive,33,577,4,0.10355892777442932,0.8331928253173828
phase_competitive,33,578,6,0.16775952279567719,0.8430659770965576
phase_competitive,33,579,4,0.08117098361253738,0.5993154048919678
phase_competitive,33,580,6,0.16809618473052979,0.7283837795257568
phase_competitive,33,581,4,0.11129309982061386,0.8363503217697144
phase_competitive,33,582,6,0.14827774465084076,0.7322825789451599
phase_competitive,33,583,4,0.08370424807071686,0.567817211151123
phase_competitive,33,584,6,0.182179793715477,0.7676620483398438
phase_competitive,33,585,4,0.10627447813749313,0.6153212785720825
phase_competitive,33,586,6,0.2002522200345993,0.8705127835273743
phase_competitive,33,587,4,0.0752515196800232,0.5001447796821594
phase_competitive,33,588,6,0.1597461849451065,0.8428770303726196
phase_competitive,33,589,4,0.09690748155117035,0.758745014667511
phase_competitive,33,590,6,0.1595269739627838,0.8245694637298584
phase_competitive,33,591,4,0.07183577120304108,0.6575077772140503
phase_competitive,33,592,6,0.15444715321063995,0.5936943292617798
phase_competitive,33,593,4,0.09630396217107773,0.5820490121841431
phase_competitive,33,594,6,0.15381120145320892,0.6973864436149597
phase_competitive,33,595,4,0.07649696618318558,0.6529111266136169
phase_competitive,33,596,6,0.15190944075584412,0.8786361813545227
phase_competitive,33,597,4,0.07998743653297424,0.8463749289512634
phase_competitive,33,598,6,0.18673235177993774,0.7252537608146667
phase_competitive,33,599,4,0.06329197436571121,0.625748872756958
phase_competitive,33,600,6,0.18208736181259155,0.6187748312950134
phase_competitive,33,601,4,0.08142563700675964,0.7470793128013611
phase_competitive,33,602,6,0.19643838703632355,0.9523022174835205
phase_competitive,33,603,4,0.10709314793348312,0.8015775680541992
phase_competitive,33,604,6,0.13018359243869781,0.5361617207527161
phase_competitive,33,605,4,0.0958424061536789,0.7316080331802368
phase_competitive,33,606,6,0.14720027148723602,0.6228408813476562
phase_competitive,33,607,4,0.06397734582424164,0.4908705949783325
phase_competitive,33,608,6,0.18912707269191742,0.8351913690567017
phase_competitive,33,609,4,0.06473051011562347,0.4891984462738037
phase_competitive,33,610,6,0.16809727251529694,0.8486186861991882
phase_competitive,33,611,4,0.07918550074100494,0.6598166823387146
phase_competitive,33,612,6,0.14049561321735382,0.6183339357376099
phase_competitive,33,613,4,0.09287494421005249,0.850918173789978
phase_competitive,33,614,6,0.13405367732048035,0.7339189052581787
phase_competitive,33,615,4,0.09921760112047195,0.7266005873680115
phase_competitive,33,616,6,0.1896456629037857,1.0129282474517822
phase_competitive,33,617,4,0.07125949114561081,0.6917845010757446
phase_competitive,33,618,6,0.16278497874736786,0.7646191120147705
phase_competitive,33,619,4,0.06647482514381409,0.6651814579963684
phase_competitive,33,620,6,0.20101608335971832,1.2835735082626343
phase_competitive,33,621,4,0.098586305975914,0.8501848578453064
phase_competitive,33,622,6,0.19292058050632477,1.371482014656067
phase_competitive,33,623,4,0.07047998160123825,0.7696945071220398
phase_competitive,33,624,6,0.1648978292942047,0.7057420015335083
phase_competitive,33,625,4,0.10245051980018616,0.7375185489654541
phase_competitive,33,626,6,0.1530611664056778,0.5773818492889404
phase_competitive,33,627,4,0.1051550954580307,0.9104357957839966
phase_competitive,33,628,6,0.16068027913570404,0.5974261164665222
phase_competitive,33,629,4,0.09635771811008453,0.7213917374610901
phase_competitive,33,630,6,0.1631746143102646,0.72562575340271
phase_competitive,33,631,4,0.098533034324646,0.6767892837524414
phase_competitive,33,632,6,0.15518365800380707,0.6925816535949707
phase_competitive,33,633,4,0.07265972346067429,0.5605726838111877
phase_competitive,33,634,6,0.15703348815441132,0.6889379620552063
phase_competitive,33,635,4,0.07500196993350983,0.6720869541168213
phase_competitive,33,636,6,0.162314310669899,0.7681866884231567
phase_competitive,33,637,4,0.10314417630434036,0.6923725605010986
phase_competitive,33,638,6,0.17098575830459595,0.7169724702835083
phase_competitive,33,639,4,0.07826309651136398,0.7264240384101868
phase_competitive,33,640,6,0.15850675106048584,0.6685814261436462
phase_competitive,33,641,4,0.08640683442354202,0.6700531840324402
phase_competitive,33,642,6,0.15693163871765137,0.6141493320465088
phase_competitive,33,643,4,0.10052550584077835,1.008304238319397
phase_competitive,33,644,6,0.1540142446756363,0.615935742855072
phase_competitive,33,645,4,0.07510484755039215,0.5508498549461365
phase_competitive,33,646,6,0.1841731071472168,0.9524750709533691
phase_competitive,33,647,4,0.10135296732187271,0.9606938362121582
phase_competitive,33,648,6,0.21158140897750854,1.2218620777130127
phase_competitive,33,649,4,0.09543497860431671,0.8273494243621826
phase_competitive,33,650,6,0.1887272745370865,0.8631755113601685
phase_competitive,33,651,4,0.05215141549706459,0.5201549530029297
phase_competitive,33,652,6,0.1613088697195053,0.694957971572876
phase_competitive,33,653,4,0.10380251705646515,0.8713024854660034
phase_competitive,33,654,6,0.15761540830135345,0.6953346133232117
phase_competitive,33,655,4,0.10354691743850708,0.6985605955123901
phase_competitive,33,656,6,0.15571944415569305,0.7062891721725464
phase_competitive,33,657,4,0.07886814326047897,0.4845793545246124
phase_competitive,33,658,6,0.16396917402744293,0.5784106254577637
phase_competitive,33,659,4,0.0700431540608406,0.6347078084945679
phase_competitive,33,660,6,0.15091581642627716,0.6051615476608276
phase_competitive,33,661,4,0.05766652151942253,0.611428439617157
phase_competitive,33,662,6,0.15329276025295258,0.8473771214485168
phase_competitive,33,663,4,0.08408143371343613,0.7783017158508301
phase_competitive,33,664,6,0.1787373274564743,0.9909886121749878
phase_competitive,33,665,4,0.08332223445177078,0.7443735599517822
phase_competitive,33,666,6,0.17241276800632477,0.8178933262825012
phase_competitive,33,667,4,0.08934348076581955,0.6554011702537537
phase_competitive,33,668,6,0.19184768199920654,1.0071464776992798
phase_competitive,33,669,4,0.10394813120365143,0.7996369004249573
phase_competitive,33,670,6,0.1453908234834671,0.8969785571098328
phase_competitive,33,671,4,0.08460184931755066,0.7040240168571472
phase_competitive,33,672,6,0.15758976340293884,0.6369463801383972
phase_competitive,33,673,4,0.057703178375959396,0.6150103807449341
phase_competitive,33,674,6,0.16596128046512604,0.9271211624145508
phase_competitive,33,675,4,0.10423686355352402,0.7523752450942993
phase_competitive,33,676,6,0.15190733969211578,0.6542636752128601
phase_competitive,33,677,4,0.09237295389175415,0.8959382772445679
phase_competitive,33,678,6,0.13905593752861023,0.8267132043838501
phase_competitive,33,679,4,0.09647897630929947,0.6698524355888367
phase_competitive,33,680,6,0.17267119884490967,0.7484904527664185
phase_competitive,33,681,4,0.08801039308309555,0.8291284441947937
phase_competitive,33,682,6,0.14784099161624908,0.5435351133346558
phase_competitive,33,683,4,0.07021479308605194,0.6001681685447693
phase_competitive,33,684,6,0.15398620069026947,0.7899418473243713
phase_competitive,33,685,4,0.06483707576990128,0.5906985402107239
phase_competitive,33,686,6,0.1683710664510727,0.8995440006256104
phase_competitive,33,687,4,0.07508505135774612,0.5640695691108704
phase_competitive,33,688,6,0.1671348363161087,0.8755325078964233
phase_competitive,33,689,4,0.07348997890949249,0.7113441824913025
phase_competitive,33,690,6,0.1718665510416031,0.9065691232681274
phase_competitive,33,691,4,0.06599237024784088,0.5285558700561523
phase_competitive,33,692,6,0.1686333268880844,1.0133087635040283
phase_competitive,33,693,4,0.08276277780532837,0.6745678782463074
phase_competitive,33,694,6,0.18301339447498322,0.7029901742935181
phase_competitive,33,695,4,0.09265798330307007,0.7566960453987122
phase_competitive,33,696,6,0.1641993224620819,1.044752836227417
phase_competitive,33,697,4,0.08408421277999878,0.6571971774101257
phase_competitive,33,698,6,0.14870904386043549,0.6599659323692322
phase_competitive,33,699,4,0.07509240508079529,0.6353656649589539
phase_competitive,33,700,6,0.18174408376216888,0.6391134858131409
phase_competitive,33,701,4,0.1045512780547142,0.7813175320625305
phase_competitive,33,702,6,0.15110452473163605,0.7494532465934753
phase_competitive,33,703,4,0.07206409424543381,0.4820006787776947
phase_competitive,33,704,6,0.16179880499839783,0.6312594413757324
phase_competitive,33,705,4,0.05926305055618286,0.5415287017822266
phase_competitive,33,706,6,0.1338818520307541,0.4659964442253113
phase_competitive,33,707,4,0.07104400545358658,0.5331590175628662
phase_competitive,33,708,6,0.18884289264678955,0.8416560888290405
phase_competitive,33,709,4,0.09225080907344818,0.7375964522361755
phase_competitive,33,710,6,0.16479745507240295,0.7498554587364197
phase_competitive,33,711,4,0.056558758020401,0.4588578939437866
phase_competitive,33,712,6,0.15825901925563812,0.7979395389556885
phase_competitive,33,713,4,0.10836753249168396,0.753174901008606
phase_competitive,33,714,6,0.1356278359889984,0.5734583139419556
phase_competitive,33,715,4,0.0763736143708229,0.7948946356773376
phase_competitive,33,716,6,0.1308852881193161,0.4720504879951477
phase_competitive,33,717,4,0.08512814342975616,0.7411556243896484
phase_competitive,33,718,6,0.14683327078819275,0.6246717572212219
phase_competitive,33,719,4,0.051695384085178375,0.4775083065032959
phase_competitive,33,720,6,0.14928065240383148,0.771713137626648
phase_competitive,33,721,4,0.11310584098100662,0.9113925695419312
phase_competitive,33,722,6,0.16945499181747437,0.8329388499259949
phase_competitive,33,723,4,0.05476408079266548,0.5224828720092773
phase_competitive,33,724,6,0.13485340774059296,0.6915735006332397
phase_competitive,33,725,4,0.07248185575008392,0.6060882210731506
phase_competitive,33,726,6,0.16361862421035767,0.5828171372413635
phase_competitive,33,727,4,0.08469132333993912,0.7295451164245605
phase_competitive,33,728,6,0.15206755697727203,0.7320449948310852
phase_competitive,33,729,4,0.07885462790727615,0.6141166090965271
phase_competitive,33,730,6,0.1632554978132248,0.7287476062774658
phase_competitive,33,731,4,0.0688052549958229,0.5936473608016968
phase_competitive,33,732,6,0.1555805802345276,0.7099173665046692
phase_competitive,33,733,4,0.08397345244884491,0.6972033977508545
phase_competitive,33,734,6,0.18177606165409088,0.632413923740387
phase_competitive,33,735,4,0.1210082545876503,0.7862606048583984
phase_competitive,33,736,6,0.15886664390563965,0.7234843969345093
phase_competitive,33,737,4,0.09766622632741928,0.7352357506752014
phase_competitive,33,738,6,0.16109244525432587,0.5657017230987549
phase_competitive,33,739,4,0.061383266001939774,0.4620056450366974
phase_competitive,33,740,6,0.15337270498275757,0.644767701625824
phase_competitive,33,741,4,0.07790262252092361,0.819471001625061
phase_competitive,33,742,6,0.13732311129570007,0.42923930287361145
phase_competitive,33,743,4,0.06100952997803688,0.5378398299217224
phase_competitive,33,744,6,0.1672804206609726,0.6841919422149658
phase_competitive,33,745,4,0.09220845252275467,0.8598094582557678
phase_competitive,33,746,6,0.14765627682209015,0.664987325668335
phase_competitive,33,747,4,0.04665147513151169,0.6216320991516113
phase_competitive,33,748,6,0.13192449510097504,0.77645343542099
phase_competitive,33,749,4,0.06520356237888336,0.6829913258552551
phase_competitive,33,750,6,0.14341837167739868,0.8164156675338745
phase_competitive,33,751,4,0.06182703748345375,0.6389004588127136
phase_competitive,33,752,6,0.1618327498435974,0.5656334161758423
phase_competitive,33,753,4,0.05088894069194794,0.5212249159812927
phase_competitive,33,754,6,0.14270158112049103,0.5935244560241699
phase_competitive,33,755,4,0.08522636443376541,0.708117663860321
phase_competitive,33,756,6,0.13633713126182556,0.6794090270996094
phase_competitive,33,757,4,0.05321159586310387,0.46576932072639465
phase_competitive,33,758,6,0.14868910610675812,0.6571834087371826
phase_competitive,33,759,4,0.08273094892501831,0.7195717096328735
phase_competitive,33,760,6,0.14685525000095367,0.6954731941223145
phase_competitive,33,761,4,0.04511995241045952,0.4747122824192047
phase_competitive,33,762,6,0.14413733780384064,0.8550837635993958
phase_competitive,33,763,4,0.09205380827188492,0.822936475276947
phase_competitive,33,764,6,0.17274890840053558,0.9775624871253967
phase_competitive,33,765,4,0.06679122895002365,0.5971426367759705
phase_competitive,33,766,6,0.14513875544071198,0.8418382406234741
phase_competitive,33,767,4,0.04933885857462883,0.489420086145401
phase_competitive,33,768,6,0.16745799779891968,0.7932512760162354
phase_competitive,33,769,4,0.056357815861701965,0.5535920858383179
phase_competitive,33,770,6,0.15508942306041718,0.8394482731819153
phase_competitive,33,771,4,0.08037498593330383,0.5638193488121033
phase_competitive,33,772,6,0.14039750397205353,0.6488420367240906
phase_competitive,33,773,4,0.06646303832530975,0.6399378776550293
phase_competitive,33,774,6,0.17380563914775848,0.9932008981704712
phase_competitive,33,775,4,0.06540888547897339,0.7433048486709595
phase_competitive,33,776,6,0.15250039100646973,0.9512518048286438
phase_competitive,33,777,4,0.08311834931373596,0.6917440295219421
phase_competitive,33,778,6,0.1579955667257309,0.8781383037567139
phase_competitive,33,779,4,0.09213009476661682,0.8393263220787048
phase_competitive,33,780,6,0.1701556295156479,0.6697463393211365
phase_competitive,33,781,4,0.11465712636709213,0.89187091588974
phase_competitive,33,782,6,0.1519155353307724,0.8372929096221924
phase_competitive,33,783,4,0.09468573331832886,0.7693067193031311
phase_competitive,33,784,6,0.1504177302122116,0.7282344698905945
phase_competitive,33,785,4,0.09448420256376266,0.7303651571273804
phase_competitive,33,786,6,0.14828740060329437,0.7255685925483704
phase_competitive,33,787,4,0.06545679271221161,0.610002338886261
phase_competitive,33,788,6,0.15406474471092224,0.7285709381103516
phase_competitive,33,789,4,0.08562108874320984,0.634522557258606
phase_competitive,33,790,6,0.16685850918293,0.6330362558364868
phase_competitive,33,791,4,0.0708119198679924,0.6750205159187317
phase_competitive,33,792,6,0.17394371330738068,0.990390956401825
phase_competitive,33,793,4,0.0878424197435379,0.8869957327842712
phase_competitive,33,794,6,0.1620621681213379,0.933625340461731
phase_competitive,33,795,4,0.07676227390766144,0.621172308921814
phase_competitive,33,796,6,0.11380460113286972,0.40488573908805847
phase_competitive,33,797,4,0.07414927333593369,0.5508353114128113
phase_competitive,33,798,6,0.1496608406305313,0.8479976058006287
phase_competitive,33,799,4,0.05460868403315544,0.43905115127563477
phase_competitive,33,800,6,0.1398843675851822,0.733618974685669
phase_competitive,33,801,4,0.04976838454604149,0.5846947431564331
phase_competitive,33,802,6,0.14283399283885956,0.7109816670417786
phase_competitive,33,803,4,0.0988968014717102,0.993594229221344
phase_competitive,33,804,6,0.11694323271512985,0.6305730938911438
phase_competitive,33,805,4,0.051114097237586975,0.4616812765598297
phase_competitive,33,806,6,0.131049245595932,0.9441630244255066
phase_competitive,33,807,4,0.05832984298467636,0.7171776294708252
phase_competitive,33,808,6,0.1468733698129654,0.8374959826469421
phase_competitive,33,809,4,0.11683204770088196,0.9941139817237854
phase_competitive,33,810,6,0.14740251004695892,0.822544276714325
phase_competitive,33,811,4,0.06794292479753494,0.5846372246742249
phase_competitive,33,812,6,0.15339449048042297,0.8051469326019287
phase_competitive,33,813,4,0.06905051320791245,0.7137653827667236
phase_competitive,33,814,6,0.1568814367055893,0.7635578513145447
phase_competitive,33,815,4,0.06062011793255806,0.5863849520683289
phase_competitive,33,816,6,0.14123935997486115,0.47922834753990173
phase_competitive,33,817,4,0.07495111972093582,0.7001007795333862
phase_competitive,33,818,6,0.14646373689174652,0.6872484683990479
phase_competitive,33,819,4,0.06902078539133072,0.5457007884979248
phase_competitive,33,820,6,0.1734081506729126,0.8652011156082153
phase_competitive,33,821,4,0.12982438504695892,1.4331923723220825
phase_competitive,33,822,6,0.16049659252166748,0.8467785120010376
phase_competitive,33,823,4,0.06753864884376526,0.680219829082489
phase_competitive,33,824,6,0.15450747311115265,0.6660301685333252
phase_competitive,33,825,4,0.06157010793685913,0.49185341596603394
phase_competitive,33,826,6,0.17751801013946533,1.1748110055923462
phase_competitive,33,827,4,0.06292609870433807,0.5140297412872314
phase_competitive,33,828,6,0.18044161796569824,0.9872053861618042
phase_competitive,33,829,4,0.051267359405756,0.5459538102149963
phase_competitive,33,830,6,0.1581345945596695,0.7522717714309692
phase_competitive,33,831,4,0.1396734118461609,1.182971715927124
phase_competitive,33,832,6,0.14283065497875214,0.6490327715873718
phase_competitive,33,833,4,0.08360671252012253,0.7119525074958801
phase_competitive,33,834,6,0.1604488641023636,0.9779580235481262
phase_competitive,33,835,4,0.06130168214440346,0.8698062896728516
phase_competitive,33,836,6,0.12905968725681305,0.5527620315551758
phase_competitive,33,837,4,0.0996401309967041,0.753792941570282
phase_competitive,33,838,6,0.1479039341211319,0.8870868682861328
phase_competitive,33,839,4,0.04325058311223984,0.41889268159866333
phase_competitive,33,840,6,0.15323205292224884,0.7001035809516907
phase_competitive,33,841,4,0.07938974350690842,0.8528829216957092
phase_competitive,33,842,6,0.17812539637088776,0.9855572581291199
phase_competitive,33,843,4,0.0636848583817482,0.5942663550376892
phase_competitive,33,844,6,0.14575301110744476,0.7541872262954712
phase_competitive,33,845,4,0.054667532444000244,0.480106383562088
phase_competitive,33,846,6,0.1637869030237198,0.8842380046844482
phase_competitive,33,847,4,0.05464456230401993,0.4717315137386322
phase_competitive,33,848,6,0.13203315436840057,0.6195418834686279
phase_competitive,33,849,4,0.05986432358622551,0.6106345057487488
phase_competitive,33,850,6,0.11944237351417542,0.5900420546531677
phase_competitive,33,851,4,0.08981023728847504,0.9594790935516357
phase_competitive,33,852,6,0.148829385638237,0.6649292707443237
phase_competitive,33,853,4,0.05744757130742073,0.4330107867717743
phase_competitive,33,854,6,0.15165753662586212,0.9681922197341919
phase_competitive,33,855,4,0.04285956174135208,0.5006945729255676
phase_competitive,33,856,6,0.12480666488409042,0.6526618599891663
phase_competitive,33,857,4,0.06052789092063904,0.5670902729034424
phase_competitive,33,858,6,0.1364884376525879,0.7263887524604797
phase_competitive,33,859,4,0.08343040943145752,0.917254626750946
phase_competitive,33,860,6,0.1417410671710968,0.5642435550689697
phase_competitive,33,861,4,0.045769959688186646,0.5008666515350342
phase_competitive,33,862,6,0.1496877819299698,0.7394147515296936
phase_competitive,33,863,4,0.05276726558804512,0.652843713760376
phase_competitive,33,864,6,0.13459694385528564,0.7114131450653076
phase_competitive,33,865,4,0.036519818007946014,0.4433059096336365
phase_competitive,33,866,6,0.1688758283853531,0.9518148303031921
phase_competitive,33,867,4,0.05784519761800766,0.7070509791374207
phase_competitive,33,868,6,0.12944446504116058,0.7295251488685608
phase_competitive,33,869,4,0.054671380668878555,0.49596622586250305
phase_competitive,33,870,6,0.10246797651052475,0.5498073101043701
phase_competitive,33,871,4,0.04530945420265198,0.5909281969070435
phase_competitive,33,872,6,0.12323776632547379,0.630297839641571
phase_competitive,33,873,4,0.06420164555311203,0.6613821387290955
phase_competitive,33,874,6,0.12739206850528717,0.608919620513916
phase_competitive,33,875,4,0.040772754698991776,0.5147920250892639
phase_competitive,33,876,6,0.14368750154972076,0.6616553068161011
phase_competitive,33,877,4,0.06143168732523918,0.5422599911689758
phase_competitive,33,878,6,0.1609097123146057,0.9719249606132507
phase_competitive,33,879,4,0.057294752448797226,0.6509053707122803
phase_competitive,33,880,6,0.10191064327955246,0.50970858335495
phase_competitive,33,881,4,0.039744894951581955,0.4908483624458313
phase_competitive,33,882,6,0.13233114778995514,0.772235631942749
phase_competitive,33,883,4,0.06621810048818588,0.4972977042198181
phase_competitive,33,884,6,0.1417672038078308,0.6772670149803162
phase_competitive,33,885,4,0.049713991582393646,0.632277250289917
phase_competitive,33,886,6,0.14294245839118958,0.6971461772918701
phase_competitive,33,887,4,0.07642842084169388,0.9819883108139038
phase_competitive,33,888,6,0.11600875854492188,0.6096397638320923
phase_competitive,33,889,4,0.07913865894079208,0.7859867215156555
phase_competitive,33,890,6,0.15719735622406006,1.2318942546844482
phase_competitive,33,891,4,0.05241120234131813,0.6497460603713989
phase_competitive,33,892,6,0.11909624934196472,0.6555375456809998
phase_competitive,33,893,4,0.06449835002422333,0.5696820020675659
phase_competitive,33,894,6,0.14775529503822327,0.9733070135116577
phase_competitive,33,895,4,0.06404402107000351,0.72378009557724
phase_competitive,33,896,6,0.14849893748760223,1.0335978269577026
phase_competitive,33,897,4,0.0626516193151474,0.7262877225875854
phase_competitive,33,898,6,0.10371550917625427,0.5112588405609131
phase_competitive,33,899,4,0.06506014615297318,0.7348818778991699
phase_competitive,33,900,6,0.12759962677955627,0.6881271004676819
phase_competitive,44,1,4,2.4790005683898926,41.19379806518555
phase_competitive,44,2,6,1.7396641969680786,25.651458740234375
phase_competitive,44,3,4,0.9399386048316956,4.485601902008057
phase_competitive,44,4,6,1.2006217241287231,2.911156415939331
phase_competitive,44,5,4,0.8241681456565857,1.5947967767715454
phase_competitive,44,6,6,1.1211609840393066,1.5330843925476074
phase_competitive,44,7,4,0.7678783535957336,1.00190269947052
phase_competitive,44,8,6,1.084517240524292,0.9640682339668274
phase_competitive,44,9,4,0.767768919467926,0.695539653301239
phase_competitive,44,10,6,1.0589075088500977,0.631875216960907
phase_competitive,44,11,4,0.7786456346511841,0.6553235650062561
phase_competitive,44,12,6,1.0400583744049072,0.5461831092834473
phase_competitive,44,13,4,0.7700340747833252,0.797854483127594
phase_competitive,44,14,6,1.0218313932418823,0.7934298515319824
phase_competitive,44,15,4,0.7185960412025452,0.670017659664154
phase_competitive,44,16,6,1.043178677558899,0.7293074131011963
phase_competitive,44,17,4,0.7010764479637146,0.7140097618103027
phase_competitive,44,18,6,1.0553901195526123,0.896021842956543
phase_competitive,44,19,4,0.7153395414352417,0.7689060568809509
phase_competitive,44,20,6,1.0296109914779663,1.238397240638733
phase_competitive,44,21,4,0.7063150405883789,0.9194873571395874
phase_competitive,44,22,6,0.9552997946739197,1.000769853591919
phase_competitive,44,23,4,0.6384469866752625,0.9392901659011841
phase_competitive,44,24,6,0.9001919627189636,1.1101514101028442
phase_competitive,44,25,4,0.6032925844192505,1.1571484804153442
phase_competitive,44,26,6,0.8656927943229675,1.718192219734192
phase_competitive,44,27,4,0.5470085144042969,1.946818470954895
phase_competitive,44,28,6,0.7499528527259827,2.574397325515747
phase_competitive,44,29,4,0.41783884167671204,1.9665127992630005
phase_competitive,44,30,6,0.6505702137947083,3.6113381385803223
phase_competitive,44,31,4,0.416282594203949,4.767455101013184
phase_competitive,44,32,6,0.6024540662765503,6.049212455749512
phase_competitive,44,33,4,0.379828542470932,6.073482513427734
phase_competitive,44,34,6,0.5748874545097351,8.003697395324707
phase_competitive,44,35,4,0.4571802318096161,6.852784633636475
phase_competitive,44,36,6,0.5485649108886719,4.575918674468994
phase_competitive,44,37,4,0.3066999316215515,3.233139991760254
phase_competitive,44,38,6,0.47136905789375305,3.0761642456054688
phase_competitive,44,39,4,0.36293286085128784,3.3194456100463867
phase_competitive,44,40,6,0.40572094917297363,3.1427035331726074
phase_competitive,44,41,4,0.2901046872138977,2.7468996047973633
phase_competitive,44,42,6,0.43261250853538513,2.6594300270080566
phase_competitive,44,43,4,0.25318169593811035,2.275970935821533
phase_competitive,44,44,6,0.4214991331100464,2.0776562690734863
phase_competitive,44,45,4,0.2575891613960266,2.4331228733062744
phase_competitive,44,46,6,0.38047507405281067,2.2898902893066406
phase_competitive,44,47,4,0.2527298331260681,2.0673110485076904
phase_competitive,44,48,6,0.4749002158641815,3.0119292736053467
phase_competitive,44,49,4,0.2540813684463501,2.419355869293213
phase_competitive,44,50,6,0.3745286464691162,3.216562271118164
phase_competitive,44,51,4,0.2012789100408554,1.7483713626861572
phase_competitive,44,52,6,0.3766242563724518,3.37227201461792
phase_competitive,44,53,4,0.1757858246564865,2.1274609565734863
phase_competitive,44,54,6,0.3910675346851349,3.578195571899414
phase_competitive,44,55,4,0.3251885175704956,3.6468875408172607
phase_competitive,44,56,6,0.3783425986766815,3.100736141204834
phase_competitive,44,57,4,0.2691318094730377,2.230675220489502
phase_competitive,44,58,6,0.3870762884616852,3.0772550106048584
phase_competitive,44,59,4,0.2891539931297302,3.3314108848571777
phase_competitive,44,60,6,0.4357317388057709,4.140414237976074
phase_competitive,44,61,4,0.2329062521457672,2.901158571243286
phase_competitive,44,62,6,0.4955858290195465,4.564558506011963
phase_competitive,44,63,4,0.236833855509758,3.667895793914795
phase_competitive,44,64,6,0.4030907452106476,3.3101115226745605
phase_competitive,44,65,4,0.23250247538089752,1.908837914466858
phase_competitive,44,66,6,0.4155839681625366,2.642686605453491
phase_competitive,44,67,4,0.2630328834056854,2.11428165435791
phase_competitive,44,68,6,0.3995189964771271,3.0437536239624023
phase_competitive,44,69,4,0.21700938045978546,1.745324730873108
phase_competitive,44,70,6,0.3460559546947479,2.4239513874053955
phase_competitive,44,71,4,0.2272542119026184,1.952282190322876
phase_competitive,44,72,6,0.3864174783229828,3.007560968399048
phase_competitive,44,73,4,0.2617558538913727,2.9608187675476074
phase_competitive,44,74,6,0.34996703267097473,2.1457905769348145
phase_competitive,44,75,4,0.2514190971851349,2.3692851066589355
phase_competitive,44,76,6,0.44053542613983154,2.927286386489868
phase_competitive,44,77,4,0.21880298852920532,1.819340705871582
phase_competitive,44,78,6,0.3764709234237671,2.752230644226074
phase_competitive,44,79,4,0.25236961245536804,2.3785207271575928
phase_competitive,44,80,6,0.33189478516578674,2.433335304260254
phase_competitive,44,81,4,0.2726905047893524,3.146620512008667
phase_competitive,44,82,6,0.3753523826599121,2.435903549194336
phase_competitive,44,83,4,0.18507924675941467,1.651382565498352
phase_competitive,44,84,6,0.3521905243396759,2.415771961212158
phase_competitive,44,85,4,0.21053794026374817,1.9267288446426392
phase_competitive,44,86,6,0.34099164605140686,2.481832981109619
phase_competitive,44,87,4,0.2330973893404007,2.078239917755127
phase_competitive,44,88,6,0.3489650785923004,2.6501333713531494
phase_competitive,44,89,4,0.23679333925247192,1.7940938472747803
phase_competitive,44,90,6,0.3607041537761688,2.926077127456665
phase_competitive,44,91,4,0.19147957861423492,1.4656190872192383
phase_competitive,44,92,6,0.30842629075050354,1.637459635734558
phase_competitive,44,93,4,0.18274272978305817,1.7508790493011475
phase_competitive,44,94,6,0.36011961102485657,2.176487445831299
phase_competitive,44,95,4,0.21381105482578278,1.8212056159973145
phase_competitive,44,96,6,0.33630239963531494,2.3261470794677734
phase_competitive,44,97,4,0.1851966381072998,1.5677809715270996
phase_competitive,44,98,6,0.3337903916835785,2.303959608078003
phase_competitive,44,99,4,0.13862858712673187,1.119244933128357
phase_competitive,44,100,6,0.2880101501941681,2.119309663772583
phase_competitive,44,101,4,0.1947346180677414,1.5682172775268555
phase_competitive,44,102,6,0.331074059009552,2.026602029800415
phase_competitive,44,103,4,0.16686846315860748,1.9410407543182373
phase_competitive,44,104,6,0.31054800748825073,2.2723376750946045
phase_competitive,44,105,4,0.1759721040725708,1.4247547388076782
phase_competitive,44,106,6,0.31469568610191345,1.8206260204315186
phase_competitive,44,107,4,0.18822936713695526,2.0193381309509277
phase_competitive,44,108,6,0.3765218257904053,2.659135103225708
phase_competitive,44,109,4,0.1579168736934662,1.198604702949524
phase_competitive,44,110,6,0.3124633729457855,1.6486635208129883
phase_competitive,44,111,4,0.23771852254867554,2.541374921798706
phase_competitive,44,112,6,0.36424127221107483,1.9760701656341553
phase_competitive,44,113,4,0.18899056315422058,1.598131775856018
phase_competitive,44,114,6,0.31055667996406555,1.685701847076416
phase_competitive,44,115,4,0.21020497381687164,1.7626150846481323
phase_competitive,44,116,6,0.3191998600959778,2.1364805698394775
phase_competitive,44,117,4,0.24903099238872528,2.705265522003174
phase_competitive,44,118,6,0.2886906564235687,1.5420925617218018
phase_competitive,44,119,4,0.19429118931293488,1.675544261932373
phase_competitive,44,120,6,0.2631905674934387,1.551838994026184
phase_competitive,44,121,4,0.13505232334136963,1.0472402572631836
phase_competitive,44,122,6,0.26719966530799866,1.305930733680725
phase_competitive,44,123,4,0.18421581387519836,1.8895319700241089
phase_competitive,44,124,6,0.2788625955581665,1.3797717094421387
phase_competitive,44,125,4,0.19594621658325195,1.8741952180862427
phase_competitive,44,126,6,0.32164543867111206,2.1524367332458496
phase_competitive,44,127,4,0.15272291004657745,1.4195311069488525
phase_competitive,44,128,6,0.3001597821712494,2.0103533267974854
phase_competitive,44,129,4,0.18150657415390015,1.9655126333236694
phase_competitive,44,130,6,0.3167831599712372,2.79373836517334
phase_competitive,44,131,4,0.20711345970630646,2.6989994049072266
phase_competitive,44,132,6,0.30157533288002014,1.6645965576171875
phase_competitive,44,133,4,0.16755761206150055,1.6923787593841553
phase_competitive,44,134,6,0.28059980273246765,1.996740460395813
phase_competitive,44,135,4,0.19165341556072235,2.2891244888305664
phase_competitive,44,136,6,0.3298880159854889,2.1313929557800293
phase_competitive,44,137,4,0.20748202502727509,1.7737517356872559
phase_competitive,44,138,6,0.32316094636917114,1.9891780614852905
phase_competitive,44,139,4,0.1739654392004013,1.467292308807373
phase_competitive,44,140,6,0.3254821002483368,2.162511110305786
phase_competitive,44,141,4,0.21640101075172424,1.6888619661331177
phase_competitive,44,142,6,0.31921014189720154,1.9509978294372559
phase_competitive,44,143,4,0.1345985382795334,1.1464308500289917
phase_competitive,44,144,6,0.2643149197101593,1.3856943845748901
phase_competitive,44,145,4,0.17380793392658234,1.307673454284668
phase_competitive,44,146,6,0.2726267874240875,1.478662133216858
phase_competitive,44,147,4,0.20741572976112366,1.5870423316955566
phase_competitive,44,148,6,0.26175859570503235,1.4100273847579956
phase_competitive,44,149,4,0.19031038880348206,1.431472659111023
phase_competitive,44,150,6,0.3283991515636444,2.053090810775757
phase_competitive,44,151,4,0.24579688906669617,2.498805046081543
phase_competitive,44,152,6,0.27488794922828674,1.794177770614624
phase_competitive,44,153,4,0.1668836623430252,1.7378922700881958
phase_competitive,44,154,6,0.28569379448890686,1.8069210052490234
phase_competitive,44,155,4,0.144746795296669,1.3829265832901
phase_competitive,44,156,6,0.285440057516098,1.5367431640625
phase_competitive,44,157,4,0.21793226897716522,2.022129535675049
phase_competitive,44,158,6,0.30271151661872864,1.5428227186203003
phase_competitive,44,159,4,0.22106391191482544,2.0669822692871094
phase_competitive,44,160,6,0.2924346625804901,1.4906398057937622
phase_competitive,44,161,4,0.18878482282161713,1.6882858276367188
phase_competitive,44,162,6,0.28818008303642273,1.6458258628845215
phase_competitive,44,163,4,0.20184218883514404,1.600157618522644
phase_competitive,44,164,6,0.2926362156867981,1.4110182523727417
phase_competitive,44,165,4,0.16000664234161377,0.9569066166877747
phase_competitive,44,166,6,0.3038334548473358,1.4773423671722412
phase_competitive,44,167,4,0.17658962309360504,1.6668784618377686
phase_competitive,44,168,6,0.28603988885879517,1.5877081155776978
phase_competitive,44,169,4,0.1518402397632599,0.9758564233779907
phase_competitive,44,170,6,0.26423540711402893,1.292518138885498
phase_competitive,44,171,4,0.18047982454299927,1.69816255569458
phase_competitive,44,172,6,0.23374517261981964,0.9458163976669312
phase_competitive,44,173,4,0.15787532925605774,0.9271813035011292
phase_competitive,44,174,6,0.24013932049274445,1.287794589996338
phase_competitive,44,175,4,0.16795265674591064,1.6867296695709229
phase_competitive,44,176,6,0.27978596091270447,1.77580726146698
phase_competitive,44,177,4,0.14831583201885223,1.1654736995697021
phase_competitive,44,178,6,0.2824421226978302,1.6392570734024048
phase_competitive,44,179,4,0.14419585466384888,1.4297841787338257
phase_competitive,44,180,6,0.3390094041824341,2.4337751865386963
phase_competitive,44,181,4,0.1794414520263672,1.619218111038208
phase_competitive,44,182,6,0.330487996339798,2.560370922088623
phase_competitive,44,183,4,0.1586928367614746,1.5669970512390137
phase_competitive,44,184,6,0.2972278594970703,1.6802704334259033
phase_competitive,44,185,4,0.1326126903295517,1.0053497552871704
phase_competitive,44,186,6,0.29087182879447937,1.4528024196624756
phase_competitive,44,187,4,0.15636378526687622,0.7514937520027161
phase_competitive,44,188,6,0.2756332457065582,1.0784692764282227
phase_competitive,44,189,4,0.1297122985124588,0.7262253761291504
phase_competitive,44,190,6,0.2787243127822876,1.327484130859375
phase_competitive,44,191,4,0.1305517554283142,0.9174113869667053
phase_competitive,44,192,6,0.29662957787513733,1.4919567108154297
phase_competitive,44,193,4,0.14860665798187256,1.1938583850860596
phase_competitive,44,194,6,0.2572663128376007,1.229902982711792
phase_competitive,44,195,4,0.1510990411043167,1.3131412267684937
phase_competitive,44,196,6,0.27892377972602844,1.431360125541687
phase_competitive,44,197,4,0.16498161852359772,1.4588221311569214
phase_competitive,44,198,6,0.2998080551624298,1.8402256965637207
phase_competitive,44,199,4,0.13070955872535706,1.2852636575698853
phase_competitive,44,200,6,0.2560517489910126,1.2530314922332764
phase_competitive,44,201,4,0.1462816745042801,1.2135701179504395
phase_competitive,44,202,6,0.23655074834823608,1.0234153270721436
phase_competitive,44,203,4,0.17881490290164948,1.4461888074874878
phase_competitive,44,204,6,0.2831873893737793,1.4299322366714478
phase_competitive,44,205,4,0.16446450352668762,1.4451241493225098
phase_competitive,44,206,6,0.2853844463825226,1.451627254486084
phase_competitive,44,207,4,0.13398060202598572,0.9624199867248535
phase_competitive,44,208,6,0.24653708934783936,1.312408208847046
phase_competitive,44,209,4,0.10464023798704147,0.8184114694595337
phase_competitive,44,210,6,0.25308430194854736,1.0647802352905273
phase_competitive,44,211,4,0.16187654435634613,1.5340523719787598
phase_competitive,44,212,6,0.23206283152103424,0.8919657468795776
phase_competitive,44,213,4,0.13545697927474976,1.257916808128357
phase_competitive,44,214,6,0.25835487246513367,1.474857211112976
phase_competitive,44,215,4,0.10411420464515686,0.7486832737922668
phase_competitive,44,216,6,0.2188320755958557,1.0892250537872314
phase_competitive,44,217,4,0.13490310311317444,0.9386281371116638
phase_competitive,44,218,6,0.23323047161102295,1.0798087120056152
phase_competitive,44,219,4,0.14549073576927185,1.0808079242706299
phase_competitive,44,220,6,0.2217429280281067,1.013593077659607
phase_competitive,44,221,4,0.17535333335399628,1.5683962106704712
phase_competitive,44,222,6,0.24503332376480103,1.368032455444336
phase_competitive,44,223,4,0.1444062441587448,1.2756848335266113
phase_competitive,44,224,6,0.24459636211395264,1.0123381614685059
phase_competitive,44,225,4,0.08656389266252518,0.5453866720199585
phase_competitive,44,226,6,0.2602805197238922,1.1907670497894287
phase_competitive,44,227,4,0.12168160825967789,0.9332752227783203
phase_competitive,44,228,6,0.2507908046245575,1.3568966388702393
phase_competitive,44,229,4,0.09991514682769775,0.8014734387397766
phase_competitive,44,230,6,0.273357629776001,1.4914813041687012
phase_competitive,44,231,4,0.11715622991323471,1.0280770063400269
phase_competitive,44,232,6,0.25853732228279114,1.36531400680542
phase_competitive,44,233,4,0.1417352706193924,0.9382583498954773
phase_competitive,44,234,6,0.22291098535060883,0.9914443492889404
phase_competitive,44,235,4,0.12316757440567017,0.8431156277656555
phase_competitive,44,236,6,0.22416192293167114,1.370050072669983
phase_competitive,44,237,4,0.1589563935995102,1.0009034872055054
phase_competitive,44,238,6,0.2585124671459198,1.4493508338928223
phase_competitive,44,239,4,0.16065284609794617,1.392298698425293
phase_competitive,44,240,6,0.2309807389974594,1.0091166496276855
phase_competitive,44,241,4,0.14054526388645172,1.1458837985992432
phase_competitive,44,242,6,0.2534979581832886,1.8961527347564697
phase_competitive,44,243,4,0.14866329729557037,1.1264501810073853
phase_competitive,44,244,6,0.24486301839351654,1.0913002490997314
phase_competitive,44,245,4,0.1352895051240921,1.2415717840194702
phase_competitive,44,246,6,0.2331177145242691,1.1882929801940918
phase_competitive,44,247,4,0.16674116253852844,1.4280312061309814
phase_competitive,44,248,6,0.2712887227535248,1.1196582317352295
phase_competitive,44,249,4,0.13317835330963135,0.9412754774093628
phase_competitive,44,250,6,0.23399001359939575,1.2643160820007324
phase_competitive,44,251,4,0.13156577944755554,0.8958829045295715
phase_competitive,44,252,6,0.1853535920381546,0.8745967745780945
phase_competitive,44,253,4,0.15664520859718323,1.198176622390747
phase_competitive,44,254,6,0.23953117430210114,1.2923136949539185
phase_competitive,44,255,4,0.16181357204914093,1.2431281805038452
phase_competitive,44,256,6,0.2969072163105011,1.2821784019470215
phase_competitive,44,257,4,0.17093601822853088,1.2770155668258667
phase_competitive,44,258,6,0.24935881793498993,1.2047063112258911
phase_competitive,44,259,4,0.13124366104602814,0.8147389888763428
phase_competitive,44,260,6,0.2264665812253952,0.9460934996604919
phase_competitive,44,261,4,0.10804954916238785,0.7506877779960632
phase_competitive,44,262,6,0.23576045036315918,0.9504817128181458
phase_competitive,44,263,4,0.11293072998523712,0.6755993962287903
phase_competitive,44,264,6,0.26715612411499023,1.5584468841552734
phase_competitive,44,265,4,0.16895325481891632,1.2278554439544678
phase_competitive,44,266,6,0.22421228885650635,1.044195532798767
phase_competitive,44,267,4,0.12884894013404846,0.9308050870895386
phase_competitive,44,268,6,0.22365814447402954,1.2798038721084595
phase_competitive,44,269,4,0.142302468419075,1.005140781402588
phase_competitive,44,270,6,0.29039686918258667,1.5814968347549438
phase_competitive,44,271,4,0.12412270158529282,1.0325367450714111
phase_competitive,44,272,6,0.18606853485107422,0.8736451268196106
phase_competitive,44,273,4,0.1173989474773407,0.8347710371017456
phase_competitive,44,274,6,0.2465876340866089,1.097641110420227
phase_competitive,44,275,4,0.16408829391002655,1.1812007427215576
phase_competitive,44,276,6,0.18910259008407593,0.8007799386978149
phase_competitive,44,277,4,0.15557073056697845,1.178920865058899
phase_competitive,44,278,6,0.2433018833398819,1.402575135231018
phase_competitive,44,279,4,0.10105998069047928,0.75300133228302
phase_competitive,44,280,6,0.23925089836120605,1.2134898900985718
phase_competitive,44,281,4,0.14927174150943756,1.1393085718154907
phase_competitive,44,282,6,0.2605924904346466,1.4643645286560059
phase_competitive,44,283,4,0.13482698798179626,1.1714593172073364
phase_competitive,44,284,6,0.21969592571258545,0.7508652806282043
phase_competitive,44,285,4,0.14129638671875,1.1837272644042969
phase_competitive,44,286,6,0.24498428404331207,1.110440969467163
phase_competitive,44,287,4,0.16022706031799316,1.0308640003204346
phase_competitive,44,288,6,0.2726440131664276,1.2801822423934937
phase_competitive,44,289,4,0.10926835238933563,0.5765265822410583
phase_competitive,44,290,6,0.22340625524520874,0.9523979425430298
phase_competitive,44,291,4,0.16849331557750702,1.2643038034439087
phase_competitive,44,292,6,0.21887260675430298,0.793965220451355
phase_competitive,44,293,4,0.11742481589317322,0.8259567618370056
phase_competitive,44,294,6,0.21268470585346222,1.122860312461853
phase_competitive,44,295,4,0.11261513084173203,1.0790321826934814
phase_competitive,44,296,6,0.22729098796844482,1.1017038822174072
phase_competitive,44,297,4,0.08919958025217056,0.681363582611084
phase_competitive,44,298,6,0.2037394791841507,0.7988297939300537
phase_competitive,44,299,4,0.09598813951015472,0.8893232941627502
phase_competitive,44,300,6,0.20445579290390015,0.7877528667449951
phase_competitive,44,301,4,0.11913995444774628,0.7688588500022888
phase_competitive,44,302,6,0.2379622459411621,1.055161714553833
phase_competitive,44,303,4,0.14178597927093506,0.9482102990150452
phase_competitive,44,304,6,0.2592971622943878,1.2532247304916382
phase_competitive,44,305,4,0.12211406230926514,1.0237071514129639
phase_competitive,44,306,6,0.17630206048488617,0.6304271221160889
phase_competitive,44,307,4,0.1570199877023697,1.0472556352615356
phase_competitive,44,308,6,0.22974534332752228,0.8993752002716064
phase_competitive,44,309,4,0.11418724805116653,0.9667843580245972
phase_competitive,44,310,6,0.24839724600315094,1.208069086074829
phase_competitive,44,311,4,0.1530584841966629,1.1061642169952393
phase_competitive,44,312,6,0.23288649320602417,0.936451256275177
phase_competitive,44,313,4,0.15024997293949127,1.054714560508728
phase_competitive,44,314,6,0.20355169475078583,0.8693341612815857
phase_competitive,44,315,4,0.13832862675189972,0.8485945463180542
phase_competitive,44,316,6,0.23657821118831635,1.2594809532165527
phase_competitive,44,317,4,0.14854955673217773,1.2697679996490479
phase_competitive,44,318,6,0.2425410896539688,1.3662854433059692
phase_competitive,44,319,4,0.1454743891954422,1.0855907201766968
phase_competitive,44,320,6,0.23976032435894012,1.2389705181121826
phase_competitive,44,321,4,0.13972599804401398,0.9154253005981445
phase_competitive,44,322,6,0.22798316180706024,0.9024457931518555
phase_competitive,44,323,4,0.10245189070701599,0.7404846549034119
phase_competitive,44,324,6,0.24768204987049103,1.1747419834136963
phase_competitive,44,325,4,0.09253587573766708,0.7042293548583984
phase_competitive,44,326,6,0.17380547523498535,0.7196030616760254
phase_competitive,44,327,4,0.10474865138530731,0.7716864943504333
phase_competitive,44,328,6,0.2456144243478775,1.4611077308654785
phase_competitive,44,329,4,0.19329068064689636,1.3698291778564453
phase_competitive,44,330,6,0.23316101729869843,1.0268323421478271
phase_competitive,44,331,4,0.09327582269906998,0.5590003728866577
phase_competitive,44,332,6,0.23909765481948853,0.89182049036026
phase_competitive,44,333,4,0.13304156064987183,0.8800697326660156
phase_competitive,44,334,6,0.20391134917736053,0.7321793437004089
phase_competitive,44,335,4,0.12415314465761185,0.6694140434265137
phase_competitive,44,336,6,0.2517140507698059,0.9375261068344116
phase_competitive,44,337,4,0.12137282639741898,0.8021748065948486
phase_competitive,44,338,6,0.20728524029254913,0.805728018283844
phase_competitive,44,339,4,0.1312064230442047,0.9046008586883545
phase_competitive,44,340,6,0.2774076759815216,1.1234827041625977
phase_competitive,44,341,4,0.15111961960792542,0.9679657220840454
phase_competitive,44,342,6,0.18295669555664062,0.7192680835723877
phase_competitive,44,343,4,0.11602985858917236,0.8199167847633362
phase_competitive,44,344,6,0.1688823252916336,0.7093750834465027
phase_competitive,44,345,4,0.09130600094795227,0.6910684108734131
phase_competitive,44,346,6,0.23523356020450592,1.080573558807373
phase_competitive,44,347,4,0.12397819012403488,0.8232977390289307
phase_competitive,44,348,6,0.18355156481266022,0.826378345489502
phase_competitive,44,349,4,0.10238508880138397,0.8308948278427124
phase_competitive,44,350,6,0.22491346299648285,0.9344438910484314
phase_competitive,44,351,4,0.09100426733493805,0.6950128078460693
phase_competitive,44,352,6,0.17887932062149048,0.8168466687202454
phase_competitive,44,353,4,0.16494344174861908,1.166274070739746
phase_competitive,44,354,6,0.17779135704040527,0.55318683385849
phase_competitive,44,355,4,0.11746419221162796,0.9355117678642273
phase_competitive,44,356,6,0.21018825471401215,0.7022970914840698
phase_competitive,44,357,4,0.10695081949234009,0.7871733903884888
phase_competitive,44,358,6,0.20229977369308472,0.9744865298271179
phase_competitive,44,359,4,0.12623167037963867,1.0318106412887573
phase_competitive,44,360,6,0.19455619156360626,0.8641784191131592
phase_competitive,44,361,4,0.14138415455818176,1.471887469291687
phase_competitive,44,362,6,0.21056455373764038,0.9994891881942749
phase_competitive,44,363,4,0.12532615661621094,0.9268795847892761
phase_competitive,44,364,6,0.22119252383708954,1.0651705265045166
phase_competitive,44,365,4,0.11193928122520447,0.9842841625213623
phase_competitive,44,366,6,0.2306644469499588,1.4113483428955078
phase_competitive,44,367,4,0.11283625662326813,0.7917741537094116
phase_competitive,44,368,6,0.21521048247814178,1.254489541053772
phase_competitive,44,369,4,0.15260723233222961,0.8288105726242065
phase_competitive,44,370,6,0.23547117412090302,0.9792824983596802
phase_competitive,44,371,4,0.15484315156936646,0.7778012752532959
phase_competitive,44,372,6,0.23910056054592133,0.9396772384643555
phase_competitive,44,373,4,0.12697704136371613,0.7659834027290344
phase_competitive,44,374,6,0.20444287359714508,0.7593227028846741
phase_competitive,44,375,4,0.11754877865314484,0.7341053485870361
phase_competitive,44,376,6,0.19612453877925873,0.7219842076301575
phase_competitive,44,377,4,0.12950022518634796,1.0653715133666992
phase_competitive,44,378,6,0.21502016484737396,0.5529670119285583
phase_competitive,44,379,4,0.11653958261013031,0.8551819920539856
phase_competitive,44,380,6,0.1862180083990097,0.7368366122245789
phase_competitive,44,381,4,0.16181720793247223,1.0261731147766113
phase_competitive,44,382,6,0.23416878283023834,1.0139000415802002
phase_competitive,44,383,4,0.09750203043222427,0.7640776038169861
phase_competitive,44,384,6,0.17968778312206268,0.7833857536315918
phase_competitive,44,385,4,0.1057225689291954,0.5762303471565247
phase_competitive,44,386,6,0.19602270424365997,0.8899217247962952
phase_competitive,44,387,4,0.1343887448310852,0.8273628950119019
phase_competitive,44,388,6,0.2328634113073349,1.1221131086349487
phase_competitive,44,389,4,0.12728992104530334,0.827505886554718
phase_competitive,44,390,6,0.1990494579076767,0.9401722550392151
phase_competitive,44,391,4,0.12802068889141083,0.6322008371353149
phase_competitive,44,392,6,0.19769547879695892,0.7399908900260925
phase_competitive,44,393,4,0.09262175112962723,0.7135148048400879
phase_competitive,44,394,6,0.19791476428508759,0.9261815547943115
phase_competitive,44,395,4,0.12957429885864258,0.8805384635925293
phase_competitive,44,396,6,0.25571414828300476,1.2884775400161743
phase_competitive,44,397,4,0.15693306922912598,1.0003231763839722
phase_competitive,44,398,6,0.22552579641342163,1.2585020065307617
phase_competitive,44,399,4,0.11432545632123947,0.8745116591453552
phase_competitive,44,400,6,0.19767224788665771,1.0962469577789307
phase_competitive,44,401,4,0.13109323382377625,0.885841429233551
phase_competitive,44,402,6,0.19702015817165375,0.6077045798301697
phase_competitive,44,403,4,0.10166838020086288,0.8253121376037598
phase_competitive,44,404,6,0.21594488620758057,0.8157596588134766
phase_competitive,44,405,4,0.09207864850759506,0.6119920611381531
phase_competitive,44,406,6,0.20775312185287476,0.8361914157867432
phase_competitive,44,407,4,0.11087915301322937,0.9130901098251343
phase_competitive,44,408,6,0.22417931258678436,0.7910559177398682
phase_competitive,44,409,4,0.11174079775810242,0.5862573385238647
phase_competitive,44,410,6,0.19787780940532684,0.8425511121749878
phase_competitive,44,411,4,0.08750725537538528,0.8839758038520813
phase_competitive,44,412,6,0.18436944484710693,0.806548535823822
phase_competitive,44,413,4,0.0945582240819931,0.7172554731369019
phase_competitive,44,414,6,0.206143319606781,0.8547518849372864
phase_competitive,44,415,4,0.12035856395959854,0.7422872185707092
phase_competitive,44,416,6,0.20753522217273712,1.0800371170043945
phase_competitive,44,417,4,0.12063609063625336,0.7667926549911499
phase_competitive,44,418,6,0.24354462325572968,1.2761218547821045
phase_competitive,44,419,4,0.1560034602880478,1.28932523727417
phase_competitive,44,420,6,0.1941758394241333,0.7261403799057007
phase_competitive,44,421,4,0.1314193457365036,0.9209198355674744
phase_competitive,44,422,6,0.19959484040737152,0.63028484582901
phase_competitive,44,423,4,0.13092710077762604,0.9799319505691528
phase_competitive,44,424,6,0.20431990921497345,0.9131177067756653
phase_competitive,44,425,4,0.1024090126156807,0.6721818447113037
phase_competitive,44,426,6,0.20725739002227783,0.8418699502944946
phase_competitive,44,427,4,0.10433287918567657,0.7870031595230103
phase_competitive,44,428,6,0.18192659318447113,0.8347449898719788
phase_competitive,44,429,4,0.1020171120762825,0.6576108932495117
phase_competitive,44,430,6,0.21340931951999664,0.9879166483879089
phase_competitive,44,431,4,0.1390741616487503,1.0166733264923096
phase_competitive,44,432,6,0.19335682690143585,0.9938831329345703
phase_competitive,44,433,4,0.13161428272724152,1.0152671337127686
phase_competitive,44,434,6,0.18962465226650238,0.7611075043678284
phase_competitive,44,435,4,0.08375545591115952,0.579034149646759
phase_competitive,44,436,6,0.20557504892349243,0.7488898634910583
phase_competitive,44,437,4,0.1259225457906723,0.9005460143089294
phase_competitive,44,438,6,0.19559937715530396,0.7834523916244507
phase_competitive,44,439,4,0.15516185760498047,1.3596893548965454
phase_competitive,44,440,6,0.2031431645154953,0.790136992931366
phase_competitive,44,441,4,0.10954400897026062,0.977599561214447
phase_competitive,44,442,6,0.18578749895095825,0.7735500931739807
phase_competitive,44,443,4,0.10056141763925552,0.7407936453819275
phase_competitive,44,444,6,0.2316380888223648,1.1355243921279907
phase_competitive,44,445,4,0.11475297063589096,0.9131782650947571
phase_competitive,44,446,6,0.18994073569774628,0.7617825865745544
phase_competitive,44,447,4,0.11782956123352051,0.941230833530426
phase_competitive,44,448,6,0.20206700265407562,1.1264487504959106
phase_competitive,44,449,4,0.09396815299987793,0.7554643750190735
phase_competitive,44,450,6,0.1912355273962021,0.8580135107040405
phase_competitive,44,451,4,0.12098047137260437,0.8601986765861511
phase_competitive,44,452,6,0.173514723777771,0.7075343728065491
phase_competitive,44,453,4,0.13061200082302094,1.4967554807662964
phase_competitive,44,454,6,0.18791957199573517,0.7272337079048157
phase_competitive,44,455,4,0.08591129630804062,0.7189988493919373
phase_competitive,44,456,6,0.17888134717941284,0.8148780465126038
phase_competitive,44,457,4,0.10612747818231583,0.9492902159690857
phase_competitive,44,458,6,0.22303469479084015,1.0807853937149048
phase_competitive,44,459,4,0.10334029048681259,0.9024257659912109
phase_competitive,44,460,6,0.2545277178287506,1.4675917625427246
phase_competitive,44,461,4,0.11910100281238556,1.0810577869415283
phase_competitive,44,462,6,0.24635551869869232,1.3366011381149292
phase_competitive,44,463,4,0.09722450375556946,0.7299272418022156
phase_competitive,44,464,6,0.179213747382164,0.9424394965171814
phase_competitive,44,465,4,0.10235700011253357,1.0396995544433594
phase_competitive,44,466,6,0.21152371168136597,1.0796103477478027
phase_competitive,44,467,4,0.09796573221683502,0.7726691365242004
phase_competitive,44,468,6,0.19521383941173553,0.8714657425880432
phase_competitive,44,469,4,0.09486757963895798,0.8493211269378662
phase_competitive,44,470,6,0.16588212549686432,0.5592396855354309
phase_competitive,44,471,4,0.1023821160197258,0.8167594075202942
phase_competitive,44,472,6,0.217170849442482,1.1964820623397827
phase_competitive,44,473,4,0.10597450286149979,0.8052776455879211
phase_competitive,44,474,6,0.18968206644058228,0.8067775964736938
phase_competitive,44,475,4,0.07162514328956604,0.5959542989730835
phase_competitive,44,476,6,0.15704245865345,0.9175485372543335
phase_competitive,44,477,4,0.12639789283275604,1.0978214740753174
phase_competitive,44,478,6,0.17311441898345947,0.7583726644515991
phase_competitive,44,479,4,0.08815702050924301,0.7901089191436768
phase_competitive,44,480,6,0.21156656742095947,1.1079977750778198
phase_competitive,44,481,4,0.06879589706659317,0.748600423336029
phase_competitive,44,482,6,0.1806134432554245,0.9613416790962219
phase_competitive,44,483,4,0.13049004971981049,1.1705238819122314
phase_competitive,44,484,6,0.17253707349300385,0.8908071517944336
phase_competitive,44,485,4,0.11626961082220078,0.9613057971000671
phase_competitive,44,486,6,0.19968420267105103,0.9501348733901978
phase_competitive,44,487,4,0.07969605177640915,0.702586829662323
phase_competitive,44,488,6,0.17468589544296265,0.9968952536582947
phase_competitive,44,489,4,0.10874632745981216,1.1546945571899414
phase_competitive,44,490,6,0.18052387237548828,1.1679799556732178
phase_competitive,44,491,4,0.14300858974456787,1.295987844467163
phase_competitive,44,492,6,0.18483908474445343,1.4937437772750854
phase_competitive,44,493,4,0.12632134556770325,1.0185495615005493
phase_competitive,44,494,6,0.20385338366031647,1.0939321517944336
phase_competitive,44,495,4,0.13581697642803192,0.9620156288146973
phase_competitive,44,496,6,0.18666529655456543,1.0463212728500366
phase_competitive,44,497,4,0.08721811324357986,0.6265301704406738
phase_competitive,44,498,6,0.20225761830806732,1.0280077457427979
phase_competitive,44,499,4,0.11182398349046707,0.9098687767982483
phase_competitive,44,500,6,0.2042633444070816,0.9804057478904724
phase_competitive,44,501,4,0.07467295229434967,0.6119412779808044
phase_competitive,44,502,6,0.20980225503444672,1.1002569198608398
phase_competitive,44,503,4,0.0682872086763382,0.6385647058486938
phase_competitive,44,504,6,0.17824560403823853,0.8996903896331787
phase_competitive,44,505,4,0.09414366632699966,0.8421298265457153
phase_competitive,44,506,6,0.18548423051834106,1.2087512016296387
phase_competitive,44,507,4,0.07086870819330215,0.661747932434082
phase_competitive,44,508,6,0.17671678960323334,0.8808190226554871
phase_competitive,44,509,4,0.09258687496185303,0.8975087404251099
phase_competitive,44,510,6,0.2175678014755249,1.187132477760315
phase_competitive,44,511,4,0.08775624632835388,0.9075040817260742
phase_competitive,44,512,6,0.19354885816574097,1.005610704421997
phase_competitive,44,513,4,0.07953573763370514,0.7641459107398987
phase_competitive,44,514,6,0.16570402681827545,0.837066113948822
phase_competitive,44,515,4,0.07921090722084045,0.5143532156944275
phase_competitive,44,516,6,0.1663331240415573,0.773372232913971
phase_competitive,44,517,4,0.11978437751531601,1.3741390705108643
phase_competitive,44,518,6,0.21424466371536255,1.1361709833145142
phase_competitive,44,519,4,0.13247516751289368,1.1483139991760254
phase_competitive,44,520,6,0.16633157432079315,0.8891602158546448
phase_competitive,44,521,4,0.1446034163236618,1.058016300201416
phase_competitive,44,522,6,0.18267227709293365,0.8250149488449097
phase_competitive,44,523,4,0.07316683232784271,0.48251470923423767
phase_competitive,44,524,6,0.19845859706401825,0.7633886337280273
phase_competitive,44,525,4,0.14131201803684235,1.0669106245040894
phase_competitive,44,526,6,0.17399615049362183,0.7860013246536255
phase_competitive,44,527,4,0.10335440188646317,0.8980517387390137
phase_competitive,44,528,6,0.182681605219841,0.9107464551925659
phase_competitive,44,529,4,0.09515658020973206,0.6843923926353455
phase_competitive,44,530,6,0.18981020152568817,0.7761093378067017
phase_competitive,44,531,4,0.13163699209690094,1.1722698211669922
phase_competitive,44,532,6,0.1916409134864807,1.074957013130188
phase_competitive,44,533,4,0.10261957347393036,0.6138539910316467
phase_competitive,44,534,6,0.18337595462799072,0.8154049515724182
phase_competitive,44,535,4,0.12521858513355255,1.075838327407837
phase_competitive,44,536,6,0.16169197857379913,0.9020211100578308
phase_competitive,44,537,4,0.10306721925735474,0.8368430733680725
phase_competitive,44,538,6,0.23629526793956757,1.2889817953109741
phase_competitive,44,539,4,0.07122374325990677,0.6649367213249207
phase_competitive,44,540,6,0.1937476396560669,0.9336366057395935
phase_competitive,44,541,4,0.07200098782777786,0.5862796306610107
phase_competitive,44,542,6,0.18372224271297455,0.8856104016304016
phase_competitive,44,543,4,0.08933830261230469,0.7300146222114563
phase_competitive,44,544,6,0.17857009172439575,0.960742712020874
phase_competitive,44,545,4,0.08719740062952042,0.8405739665031433
phase_competitive,44,546,6,0.19499807059764862,0.9439544677734375
phase_competitive,44,547,4,0.0832282155752182,0.8047248125076294
phase_competitive,44,548,6,0.1633443683385849,0.7268734574317932
phase_competitive,44,549,4,0.07139134407043457,0.5747168660163879
phase_competitive,44,550,6,0.18422776460647583,0.8928835988044739
phase_competitive,44,551,4,0.07070431858301163,0.8333396315574646
phase_competitive,44,552,6,0.23797167837619781,1.6563005447387695
phase_competitive,44,553,4,0.1275288462638855,0.9588168263435364
phase_competitive,44,554,6,0.20359541475772858,0.8640644550323486
phase_competitive,44,555,4,0.09503994137048721,0.9144553542137146
phase_competitive,44,556,6,0.17001450061798096,0.8428348898887634
phase_competitive,44,557,4,0.06478560715913773,0.6678996086120605
phase_competitive,44,558,6,0.1559247225522995,0.7734514474868774
phase_competitive,44,559,4,0.11181245744228363,0.986762523651123
phase_competitive,44,560,6,0.15686719119548798,0.6397369503974915
phase_competitive,44,561,4,0.07835615426301956,0.7692081928253174
phase_competitive,44,562,6,0.17978690564632416,0.9390506148338318
phase_competitive,44,563,4,0.08448497951030731,0.6103481650352478
phase_competitive,44,564,6,0.196810781955719,1.0325456857681274
phase_competitive,44,565,4,0.10825823247432709,0.7819926142692566
phase_competitive,44,566,6,0.16577571630477905,0.9041551351547241
phase_competitive,44,567,4,0.09150142967700958,0.6237916350364685
phase_competitive,44,568,6,0.16625630855560303,0.7348381876945496
phase_competitive,44,569,4,0.1248902678489685,0.8880050778388977
phase_competitive,44,570,6,0.1441739946603775,0.5247424244880676
phase_competitive,44,571,4,0.07916723191738129,0.49114903807640076
phase_competitive,44,572,6,0.17129267752170563,0.7597426772117615
phase_competitive,44,573,4,0.12466267496347427,1.0066856145858765
phase_competitive,44,574,6,0.16641652584075928,0.7018635272979736
phase_competitive,44,575,4,0.06707505881786346,0.6422905921936035
phase_competitive,44,576,6,0.17732830345630646,0.6896703243255615
phase_competitive,44,577,4,0.07601822912693024,0.6721497774124146
phase_competitive,44,578,6,0.17583028972148895,0.9138466119766235
phase_competitive,44,579,4,0.08092749118804932,0.7797933220863342
phase_competitive,44,580,6,0.16827362775802612,0.9314358830451965
phase_competitive,44,581,4,0.06745694577693939,0.5513343214988708
phase_competitive,44,582,6,0.194185271859169,1.0768914222717285
phase_competitive,44,583,4,0.07074242830276489,0.7036101818084717
phase_competitive,44,584,6,0.1402108520269394,0.6473871469497681
phase_competitive,44,585,4,0.08177703619003296,0.6328215003013611
phase_competitive,44,586,6,0.17000515758991241,1.1251143217086792
phase_competitive,44,587,4,0.10373144596815109,0.9296966791152954
phase_competitive,44,588,6,0.14252139627933502,0.8619203567504883
phase_competitive,44,589,4,0.08812218904495239,0.7604958415031433
phase_competitive,44,590,6,0.21339458227157593,1.0194722414016724
phase_competitive,44,591,4,0.05694142356514931,0.5115606784820557
phase_competitive,44,592,6,0.17756293714046478,0.7829050421714783
phase_competitive,44,593,4,0.10241379588842392,0.801445722579956
phase_competitive,44,594,6,0.17397040128707886,0.7502543926239014
phase_competitive,44,595,4,0.09982548654079437,0.863038957118988
phase_competitive,44,596,6,0.17722152173519135,0.8537857532501221
phase_competitive,44,597,4,0.09827831387519836,0.7332849502563477
phase_competitive,44,598,6,0.1665223091840744,0.8794620633125305
phase_competitive,44,599,4,0.09586694836616516,0.7046590447425842
phase_competitive,44,600,6,0.17893658578395844,0.8644968271255493
phase_competitive,44,601,4,0.09111886471509933,0.7862493991851807
phase_competitive,44,602,6,0.17169804871082306,0.7383460998535156
phase_competitive,44,603,4,0.09669540822505951,0.7449665069580078
phase_competitive,44,604,6,0.2079191952943802,1.165788173675537
phase_competitive,44,605,4,0.10955450683832169,0.8556424379348755
phase_competitive,44,606,6,0.13483066856861115,0.8457431793212891
phase_competitive,44,607,4,0.08680388331413269,0.6552245616912842
phase_competitive,44,608,6,0.17907287180423737,0.7441060543060303
phase_competitive,44,609,4,0.06970617920160294,0.5368789434432983
phase_competitive,44,610,6,0.17530184984207153,0.9567543268203735
phase_competitive,44,611,4,0.08065695315599442,0.7409878969192505
phase_competitive,44,612,6,0.14956827461719513,0.8095243573188782
phase_competitive,44,613,4,0.061931464821100235,0.5837960839271545
phase_competitive,44,614,6,0.18277084827423096,0.9958103895187378
phase_competitive,44,615,4,0.0739923045039177,0.6583153605461121
phase_competitive,44,616,6,0.20340806245803833,0.853584349155426
phase_competitive,44,617,4,0.08607857674360275,0.765764057636261
phase_competitive,44,618,6,0.17113469541072845,0.7560326457023621
phase_competitive,44,619,4,0.11485369503498077,0.8368801474571228
phase_competitive,44,620,6,0.16022641956806183,0.6498906016349792
phase_competitive,44,621,4,0.06293407082557678,0.48748117685317993
phase_competitive,44,622,6,0.1610623151063919,0.49259066581726074
phase_competitive,44,623,4,0.06574369221925735,0.5280046463012695
phase_competitive,44,624,6,0.1766403466463089,0.8358399271965027
phase_competitive,44,625,4,0.08037339150905609,0.5955106019973755
phase_competitive,44,626,6,0.16643930971622467,0.8698065876960754
phase_competitive,44,627,4,0.0880901962518692,0.5685513615608215
phase_competitive,44,628,6,0.1547984927892685,0.7609205842018127
phase_competitive,44,629,4,0.0604638010263443,0.4753011465072632
phase_competitive,44,630,6,0.15028919279575348,0.6957489252090454
phase_competitive,44,631,4,0.07591907680034637,0.7490606904029846
phase_competitive,44,632,6,0.15608440339565277,0.8384153246879578
phase_competitive,44,633,4,0.07892484217882156,0.5966521501541138
phase_competitive,44,634,6,0.13121150434017181,0.7194632887840271
phase_competitive,44,635,4,0.11709682643413544,1.2654122114181519
phase_competitive,44,636,6,0.1429349035024643,0.48275357484817505
phase_competitive,44,637,4,0.09947358816862106,0.8008480668067932
phase_competitive,44,638,6,0.17450624704360962,0.8987001776695251
phase_competitive,44,639,4,0.0813407376408577,0.7663741707801819
phase_competitive,44,640,6,0.154977485537529,0.6055920720100403
phase_competitive,44,641,4,0.053018733859062195,0.59432053565979
phase_competitive,44,642,6,0.14372633397579193,0.6468926072120667
phase_competitive,44,643,4,0.09868740290403366,0.7549442648887634
phase_competitive,44,644,6,0.13743261992931366,0.5436774492263794
phase_competitive,44,645,4,0.07329044491052628,0.5878497362136841
phase_competitive,44,646,6,0.1389886885881424,0.555791437625885
phase_competitive,44,647,4,0.07425577193498611,0.6078997850418091
phase_competitive,44,648,6,0.16165503859519958,0.7018329501152039
phase_competitive,44,649,4,0.07571212947368622,0.8043054938316345
phase_competitive,44,650,6,0.16846416890621185,0.8010645508766174
phase_competitive,44,651,4,0.06328849494457245,0.5788723230361938
phase_competitive,44,652,6,0.19535507261753082,1.6249960660934448
phase_competitive,44,653,4,0.06651436537504196,0.6414021849632263
phase_competitive,44,654,6,0.1718529611825943,1.146810531616211
phase_competitive,44,655,4,0.08447248488664627,0.6681385040283203
phase_competitive,44,656,6,0.1886243373155594,0.7751008868217468
phase_competitive,44,657,4,0.06139732524752617,0.4925915002822876
phase_competitive,44,658,6,0.1887883096933365,0.8120395541191101
phase_competitive,44,659,4,0.08345146477222443,0.5778705477714539
phase_competitive,44,660,6,0.17066168785095215,0.8746132850646973
phase_competitive,44,661,4,0.06877121329307556,0.5644710063934326
phase_competitive,44,662,6,0.16906236112117767,0.6687747836112976
phase_competitive,44,663,4,0.13542072474956512,1.213565468788147
phase_competitive,44,664,6,0.15899071097373962,0.755403995513916
phase_competitive,44,665,4,0.07212647795677185,0.5753846168518066
phase_competitive,44,666,6,0.1709621399641037,1.048997402191162
phase_competitive,44,667,4,0.07873973250389099,0.8339583277702332
phase_competitive,44,668,6,0.15654845535755157,0.60843425989151
phase_competitive,44,669,4,0.08176474273204803,0.8277590274810791
phase_competitive,44,670,6,0.15654005110263824,0.7596395611763
phase_competitive,44,671,4,0.06018230691552162,0.5381722450256348
phase_competitive,44,672,6,0.16086474061012268,0.6118381023406982
phase_competitive,44,673,4,0.08852832764387131,0.6215259432792664
phase_competitive,44,674,6,0.17561407387256622,0.6395001411437988
phase_competitive,44,675,4,0.06583279371261597,0.5164565443992615
phase_competitive,44,676,6,0.1454857736825943,0.7791839838027954
phase_competitive,44,677,4,0.08213378489017487,0.744491457939148
phase_competitive,44,678,6,0.15188072621822357,0.7572914958000183
phase_competitive,44,679,4,0.08920618891716003,0.7572293877601624
phase_competitive,44,680,6,0.1729567050933838,0.8597238063812256
phase_competitive,44,681,4,0.07557842135429382,0.8791144490242004
phase_competitive,44,682,6,0.17737145721912384,1.0132631063461304
phase_competitive,44,683,4,0.06776732951402664,0.48285582661628723
phase_competitive,44,684,6,0.16754768788814545,0.7232137322425842
phase_competitive,44,685,4,0.10317259281873703,0.6391610503196716
phase_competitive,44,686,6,0.14523325860500336,0.5974942445755005
phase_competitive,44,687,4,0.09353805333375931,0.747999370098114
phase_competitive,44,688,6,0.16994990408420563,0.8003511428833008
phase_competitive,44,689,4,0.07373311370611191,0.8119840621948242
phase_competitive,44,690,6,0.1620991975069046,0.6626560091972351
phase_competitive,44,691,4,0.08823813498020172,0.8295801877975464
phase_competitive,44,692,6,0.15752050280570984,0.6754379272460938
phase_competitive,44,693,4,0.07570340484380722,0.5363781452178955
phase_competitive,44,694,6,0.1441519856452942,0.8317225575447083
phase_competitive,44,695,4,0.07760674506425858,0.5756789445877075
phase_competitive,44,696,6,0.1723496913909912,0.8966940641403198
phase_competitive,44,697,4,0.09722401946783066,0.6751981973648071
phase_competitive,44,698,6,0.149616077542305,0.7748106122016907
phase_competitive,44,699,4,0.07087785750627518,0.581419050693512
phase_competitive,44,700,6,0.1828056126832962,0.8540430665016174
phase_competitive,44,701,4,0.09101072698831558,0.8375153541564941
phase_competitive,44,702,6,0.15958191454410553,0.7762269377708435
phase_competitive,44,703,4,0.05360401049256325,0.6384474635124207
phase_competitive,44,704,6,0.17417530715465546,0.8710969090461731
phase_competitive,44,705,4,0.06817340850830078,0.6038812398910522
phase_competitive,44,706,6,0.1704467087984085,0.8735508322715759
phase_competitive,44,707,4,0.09038977324962616,0.5703949928283691
phase_competitive,44,708,6,0.14988018572330475,0.5584251880645752
phase_competitive,44,709,4,0.06639689207077026,0.6840350031852722
phase_competitive,44,710,6,0.14041702449321747,0.5769689679145813
phase_competitive,44,711,4,0.07418473809957504,0.5952672958374023
phase_competitive,44,712,6,0.15185268223285675,0.6074473261833191
phase_competitive,44,713,4,0.0674433559179306,0.5468497276306152
phase_competitive,44,714,6,0.2011210322380066,0.7276169061660767
phase_competitive,44,715,4,0.078753761947155,0.6472437977790833
phase_competitive,44,716,6,0.1608506143093109,0.8724424242973328
phase_competitive,44,717,4,0.0677008330821991,0.5125635266304016
phase_competitive,44,718,6,0.1549944430589676,0.7865299582481384
phase_competitive,44,719,4,0.09276455640792847,0.7964147925376892
phase_competitive,44,720,6,0.19314338266849518,0.8358926773071289
phase_competitive,44,721,4,0.07207250595092773,0.5612163543701172
phase_competitive,44,722,6,0.14807255566120148,0.8331928849220276
phase_competitive,44,723,4,0.05656145513057709,0.5603390336036682
phase_competitive,44,724,6,0.13928048312664032,0.549013614654541
phase_competitive,44,725,4,0.0743505209684372,0.5794674754142761
phase_competitive,44,726,6,0.16714198887348175,0.7736929059028625
phase_competitive,44,727,4,0.08799882233142853,0.6189060211181641
phase_competitive,44,728,6,0.16730666160583496,0.7857998013496399
phase_competitive,44,729,4,0.0839187279343605,0.7877776622772217
phase_competitive,44,730,6,0.1545073240995407,0.6093165278434753
phase_competitive,44,731,4,0.07710425555706024,0.6397683620452881
phase_competitive,44,732,6,0.1518993228673935,0.5772092342376709
phase_competitive,44,733,4,0.06494461745023727,0.5512151122093201
phase_competitive,44,734,6,0.17317400872707367,0.7470307946205139
phase_competitive,44,735,4,0.08051291853189468,0.9975557923316956
phase_competitive,44,736,6,0.1384449154138565,0.7674762010574341
phase_competitive,44,737,4,0.06626124680042267,0.4944097399711609
phase_competitive,44,738,6,0.13155333697795868,0.5766627192497253
phase_competitive,44,739,4,0.062189552932977676,0.6525845527648926
phase_competitive,44,740,6,0.1658482402563095,0.711036741733551
phase_competitive,44,741,4,0.0864715427160263,0.6444658041000366
phase_competitive,44,742,6,0.1479087471961975,0.6338059306144714
phase_competitive,44,743,4,0.06601482629776001,0.42307281494140625
phase_competitive,44,744,6,0.15035571157932281,0.9680476784706116
phase_competitive,44,745,4,0.09071065485477448,0.6634665131568909
phase_competitive,44,746,6,0.15816472470760345,0.6760285496711731
phase_competitive,44,747,4,0.07839014381170273,0.5945901274681091
phase_competitive,44,748,6,0.13567408919334412,0.7451518177986145
phase_competitive,44,749,4,0.06263136118650436,0.5091968178749084
phase_competitive,44,750,6,0.1574171781539917,0.8774234652519226
phase_competitive,44,751,4,0.07207553833723068,0.5235687494277954
phase_competitive,44,752,6,0.15777228772640228,0.6701522469520569
phase_competitive,44,753,4,0.045465465635061264,0.41750696301460266
phase_competitive,44,754,6,0.12984023988246918,0.5049755573272705
phase_competitive,44,755,4,0.0883701890707016,0.7510901093482971
phase_competitive,44,756,6,0.1722889542579651,0.7106077075004578
phase_competitive,44,757,4,0.08893715590238571,0.672936201095581
phase_competitive,44,758,6,0.17858920991420746,0.924986720085144
phase_competitive,44,759,4,0.07990129292011261,0.766710102558136
phase_competitive,44,760,6,0.13575294613838196,0.5449459552764893
phase_competitive,44,761,4,0.09135182946920395,0.6493500471115112
phase_competitive,44,762,6,0.15732549130916595,0.7039386630058289
phase_competitive,44,763,4,0.06533540785312653,0.6151193976402283
phase_competitive,44,764,6,0.14240019023418427,0.6390561461448669
phase_competitive,44,765,4,0.06539169698953629,0.5402637124061584
phase_competitive,44,766,6,0.14519859850406647,0.5899274945259094
phase_competitive,44,767,4,0.05607805773615837,0.4804057776927948
phase_competitive,44,768,6,0.15162889659404755,0.6932376623153687
phase_competitive,44,769,4,0.09591663628816605,0.9297664761543274
phase_competitive,44,770,6,0.13598360121250153,0.6979247331619263
phase_competitive,44,771,4,0.08110052347183228,0.6059303283691406
phase_competitive,44,772,6,0.14433859288692474,0.5765343904495239
phase_competitive,44,773,4,0.07125184684991837,0.6933017373085022
phase_competitive,44,774,6,0.1301560401916504,0.6913894414901733
phase_competitive,44,775,4,0.10577069967985153,1.084562063217163
phase_competitive,44,776,6,0.13788089156150818,0.6837999820709229
phase_competitive,44,777,4,0.05341705307364464,0.4591822922229767
phase_competitive,44,778,6,0.14614234864711761,0.9138272404670715
phase_competitive,44,779,4,0.05849427357316017,0.5493854880332947
phase_competitive,44,780,6,0.14514148235321045,0.7624385356903076
phase_competitive,44,781,4,0.059111934155225754,0.5520797967910767
phase_competitive,44,782,6,0.15321363508701324,0.7152361273765564
phase_competitive,44,783,4,0.07099086791276932,0.6819822192192078
phase_competitive,44,784,6,0.16062574088573456,0.8720690608024597
phase_competitive,44,785,4,0.05742545798420906,0.5772864818572998
phase_competitive,44,786,6,0.13629262149333954,0.8305739164352417
phase_competitive,44,787,4,0.055999405682086945,0.5971766710281372
phase_competitive,44,788,6,0.13940493762493134,0.4810100495815277
phase_competitive,44,789,4,0.06872215121984482,0.6333073973655701
phase_competitive,44,790,6,0.14581935107707977,0.6258242130279541
phase_competitive,44,791,4,0.05660862848162651,0.7194692492485046
phase_competitive,44,792,6,0.15394017100334167,0.6223200559616089
phase_competitive,44,793,4,0.04273131489753723,0.37050679326057434
phase_competitive,44,794,6,0.1645461916923523,0.904843807220459
phase_competitive,44,795,4,0.05635342746973038,0.44296273589134216
phase_competitive,44,796,6,0.1713743656873703,0.8631922602653503
phase_competitive,44,797,4,0.037698596715927124,0.4474616050720215
phase_competitive,44,798,6,0.13901352882385254,0.7330176830291748
phase_competitive,44,799,4,0.07017969340085983,0.6153398752212524
phase_competitive,44,800,6,0.14415939152240753,0.7368054986000061
phase_competitive,44,801,4,0.06649144738912582,0.6153067946434021
phase_competitive,44,802,6,0.14371773600578308,0.5999141335487366
phase_competitive,44,803,4,0.07748007774353027,0.6991022229194641
phase_competitive,44,804,6,0.11823263019323349,0.5514717102050781
phase_competitive,44,805,4,0.07218070328235626,0.6707152724266052
phase_competitive,44,806,6,0.1288798600435257,0.5785038471221924
phase_competitive,44,807,4,0.058587025851011276,0.5451548099517822
phase_competitive,44,808,6,0.20537877082824707,1.0607627630233765
phase_competitive,44,809,4,0.09792661666870117,0.8292446136474609
phase_competitive,44,810,6,0.14037927985191345,0.6332425475120544
phase_competitive,44,811,4,0.08237550407648087,0.8493540287017822
phase_competitive,44,812,6,0.1262499839067459,0.6942121982574463
phase_competitive,44,813,4,0.08013135939836502,0.7228730320930481
phase_competitive,44,814,6,0.14601175487041473,0.7718695998191833
phase_competitive,44,815,4,0.0532110370695591,0.43118226528167725
phase_competitive,44,816,6,0.1348249316215515,0.6141923069953918
phase_competitive,44,817,4,0.059841983020305634,0.5209474563598633
phase_competitive,44,818,6,0.13443808257579803,0.6318502426147461
phase_competitive,44,819,4,0.05555795878171921,0.5537294149398804
phase_competitive,44,820,6,0.13956056535243988,0.7028716802597046
phase_competitive,44,821,4,0.06525163352489471,0.5845468044281006
phase_competitive,44,822,6,0.1303139179944992,0.48998746275901794
phase_competitive,44,823,4,0.07558270543813705,0.5618335604667664
phase_competitive,44,824,6,0.17228849232196808,0.8617069721221924
phase_competitive,44,825,4,0.06729968637228012,0.7028985023498535
phase_competitive,44,826,6,0.1353488713502884,0.617067277431488
phase_competitive,44,827,4,0.0613698773086071,0.7054927945137024
phase_competitive,44,828,6,0.1437777578830719,0.6926984190940857
phase_competitive,44,829,4,0.0761374831199646,0.7709681987762451
phase_competitive,44,830,6,0.15295939147472382,1.2521977424621582
phase_competitive,44,831,4,0.05576961115002632,0.572510838508606
phase_competitive,44,832,6,0.13978824019432068,0.6163460612297058
phase_competitive,44,833,4,0.06483834981918335,0.7861968278884888
phase_competitive,44,834,6,0.17902441322803497,0.706224262714386
phase_competitive,44,835,4,0.06648238003253937,0.6350071430206299
phase_competitive,44,836,6,0.15046191215515137,0.7412633895874023
phase_competitive,44,837,4,0.1158977597951889,0.9707708954811096
phase_competitive,44,838,6,0.16693788766860962,1.0273187160491943
phase_competitive,44,839,4,0.09878600388765335,0.7674161791801453
phase_competitive,44,840,6,0.1465727686882019,0.6532846093177795
phase_competitive,44,841,4,0.0410233810544014,0.41529977321624756
phase_competitive,44,842,6,0.1366536021232605,0.5491752028465271
phase_competitive,44,843,4,0.10073862969875336,0.7074769735336304
phase_competitive,44,844,6,0.14241845905780792,0.5208511352539062
phase_competitive,44,845,4,0.07514014095067978,0.6189970970153809
phase_competitive,44,846,6,0.13121916353702545,0.49982598423957825
phase_competitive,44,847,4,0.048268090933561325,0.6560414433479309
phase_competitive,44,848,6,0.14820493757724762,0.9730725288391113
phase_competitive,44,849,4,0.048431869596242905,0.5945557355880737
phase_competitive,44,850,6,0.14432938396930695,0.6301856637001038
phase_competitive,44,851,4,0.07981656491756439,1.0391141176223755
phase_competitive,44,852,6,0.14105413854122162,0.67904132604599
phase_competitive,44,853,4,0.06995153427124023,1.030013084411621
phase_competitive,44,854,6,0.13708607852458954,0.5193175077438354
phase_competitive,44,855,4,0.05974786728620529,0.4887724220752716
phase_competitive,44,856,6,0.13687269389629364,0.6584823131561279
phase_competitive,44,857,4,0.04429718479514122,0.5812519192695618
phase_competitive,44,858,6,0.11589648574590683,0.5655581951141357
phase_competitive,44,859,4,0.07750269025564194,0.6404415369033813
phase_competitive,44,860,6,0.13736845552921295,0.6072953939437866
phase_competitive,44,861,4,0.06366953998804092,0.6736862063407898
phase_competitive,44,862,6,0.14184026420116425,0.5783745646476746
phase_competitive,44,863,4,0.045243874192237854,0.5104098916053772
phase_competitive,44,864,6,0.1528424769639969,0.7574487328529358
phase_competitive,44,865,4,0.10570067912340164,0.7737179398536682
phase_competitive,44,866,6,0.1416017860174179,0.8009228110313416
phase_competitive,44,867,4,0.09955853968858719,0.8707473278045654
phase_competitive,44,868,6,0.15660221874713898,0.985361635684967
phase_competitive,44,869,4,0.07567892223596573,0.5475706458091736
phase_competitive,44,870,6,0.13127700984477997,0.4295784831047058
phase_competitive,44,871,4,0.05510099604725838,0.5310778021812439
phase_competitive,44,872,6,0.16546295583248138,0.6411075592041016
phase_competitive,44,873,4,0.05033152177929878,0.3605472445487976
phase_competitive,44,874,6,0.12397343665361404,0.4132326543331146
phase_competitive,44,875,4,0.07285413891077042,0.9037278890609741
phase_competitive,44,876,6,0.14915084838867188,0.8593075275421143
phase_competitive,44,877,4,0.07915610074996948,0.7179718613624573
phase_competitive,44,878,6,0.14695385098457336,1.0053714513778687
phase_competitive,44,879,4,0.05027571693062782,0.39832404255867004
phase_competitive,44,880,6,0.11281641572713852,0.48037004470825195
phase_competitive,44,881,4,0.058128681033849716,0.540272057056427
phase_competitive,44,882,6,0.12876397371292114,0.7611349821090698
phase_competitive,44,883,4,0.07436574250459671,0.700964629650116
phase_competitive,44,884,6,0.16206300258636475,0.8734980225563049
phase_competitive,44,885,4,0.06781917810440063,0.7125505208969116
phase_competitive,44,886,6,0.13966433703899384,0.7168115973472595
phase_competitive,44,887,4,0.06622512638568878,0.8206450939178467
phase_competitive,44,888,6,0.12707576155662537,0.5415491461753845
phase_competitive,44,889,4,0.06670089811086655,0.6956790089607239
phase_competitive,44,890,6,0.12665757536888123,0.5316677093505859
phase_competitive,44,891,4,0.05491636320948601,0.5040215253829956
phase_competitive,44,892,6,0.13930250704288483,0.7005432844161987
phase_competitive,44,893,4,0.08474740386009216,0.6787305474281311
phase_competitive,44,894,6,0.1322530210018158,0.620902419090271
phase_competitive,44,895,4,0.06647710502147675,0.5697118639945984
phase_competitive,44,896,6,0.14175008237361908,0.9881083369255066
phase_competitive,44,897,4,0.07000081241130829,0.6934818029403687
phase_competitive,44,898,6,0.1082693561911583,0.4599629342556
phase_competitive,44,899,4,0.10604516416788101,1.0073826313018799
phase_competitive,44,900,6,0.15873463451862335,0.9283097982406616
