arm,system,seed,objective,beta,n,step,exact,pairwise,no_match,interior_offset,competitive_transfer_exact,offsets
S-b1,priority_scan,11,ce,1.0,4,300,0.1669921875,0.5348307291666666,0.2421875,0.4842446910010444,0.75390625,0.000 0.380 0.589 0.000
S-b1,priority_scan,11,ce,1.0,6,300,0.0126953125,0.4573567708333334,0.3020833333333333,0.843283285697301,0.4873046875,0.000 0.383 1.125 1.081 0.784 -0.000
S-b1,priority_scan,11,ce,1.0,8,300,0.001953125,0.4180733816964285,0.3348388671875,1.3716178028671828,0.28515625,0.000 0.655 1.757 1.868 1.705 1.326 0.918 0.000
S-b1,priority_scan,11,ce,1.0,4,600,0.17578125,0.5354817708333334,0.244140625,0.7293436924616495,0.81640625,0.000 0.633 0.825 0.000
S-b1,priority_scan,11,ce,1.0,6,600,0.0234375,0.45188802083333346,0.3082682291666667,1.2118467688560486,0.61328125,0.000 0.823 1.610 1.410 1.004 -0.000
S-b1,priority_scan,11,ce,1.0,8,600,0.0029296875,0.4203055245535714,0.3350830078125,1.8567954831653173,0.3955078125,0.000 1.082 2.457 2.579 2.273 1.723 1.027 0.000
S-b1,priority_scan,11,ce,1.0,4,900,0.3681640625,0.65869140625,0.176513671875,0.6269009908040364,0.88671875,0.000 0.670 0.583 0.000
S-b1,priority_scan,11,ce,1.0,6,900,0.0478515625,0.5368489583333333,0.2526041666666667,0.9944991270701089,0.724609375,0.000 0.889 1.185 1.083 0.820 -0.000
S-b1,priority_scan,11,ce,1.0,8,900,0.0048828125,0.4756208147321428,0.297607421875,1.330924078270241,0.5283203125,0.000 0.858 1.620 1.626 1.655 1.328 0.899 0.000
S-b1,priority_scan,22,ce,1.0,4,300,0.18359375,0.53955078125,0.2412109375,0.10495735539330374,0.7666015625,0.000 -0.077 0.287 0.000
S-b1,priority_scan,22,ce,1.0,6,300,0.025390625,0.46503906250000004,0.29801432291666663,0.2150887250900267,0.50390625,0.000 -0.169 0.153 0.418 0.459 -0.000
S-b1,priority_scan,22,ce,1.0,8,300,0.001953125,0.4325474330357142,0.324462890625,0.2965852507838496,0.287109375,0.000 -0.206 0.256 0.404 0.361 0.531 0.434 0.000
S-b1,priority_scan,22,ce,1.0,4,600,0.16796875,0.5361328125,0.2431640625,0.4800462060504489,0.841796875,0.000 0.345 0.615 0.000
S-b1,priority_scan,22,ce,1.0,6,600,0.021484375,0.4574869791666668,0.30419921875,0.8046532173951465,0.5693359375,0.000 0.335 1.037 1.015 0.831 -0.000
S-b1,priority_scan,22,ce,1.0,8,600,0.0029296875,0.4181431361607142,0.3377685546875,1.300317578845554,0.341796875,0.000 0.523 1.704 1.755 1.629 1.344 0.847 0.000
S-b1,priority_scan,22,ce,1.0,4,900,0.201171875,0.5558268229166667,0.233154296875,0.5276393228107028,0.8798828125,0.000 0.372 0.683 0.000
S-b1,priority_scan,22,ce,1.0,6,900,0.025390625,0.4681640625000001,0.29833984375,0.9062279760837553,0.703125,0.000 0.400 1.196 1.113 0.917 -0.000
S-b1,priority_scan,22,ce,1.0,8,900,0.0,0.4391392299107142,0.3232421875,1.2625006834665935,0.5205078125,0.000 0.413 1.514 1.654 1.636 1.403 0.956 0.000
S-b1,priority_scan,33,ce,1.0,4,300,0.1748046875,0.53955078125,0.238525390625,0.10982606146070692,0.724609375,0.000 0.032 0.187 0.000
S-b1,priority_scan,33,ce,1.0,6,300,0.0244140625,0.46412760416666676,0.29638671875,0.16817261775334658,0.4228515625,0.000 -0.190 0.241 0.237 0.385 -0.000
S-b1,priority_scan,33,ce,1.0,8,300,0.0009765625,0.4293387276785714,0.323974609375,0.2458960480160183,0.197265625,0.000 -0.318 0.265 0.283 0.318 0.504 0.424 0.000
S-b1,priority_scan,33,ce,1.0,4,600,0.177734375,0.5345052083333334,0.24560546875,0.5406668451097276,0.8125,0.000 0.335 0.746 0.000
S-b1,priority_scan,33,ce,1.0,6,600,0.021484375,0.44557291666666676,0.3125,0.9723897278308867,0.5703125,0.000 0.394 1.294 1.279 0.923 -0.000
S-b1,priority_scan,33,ce,1.0,8,600,0.0029296875,0.41695731026785704,0.338134765625,1.381241171448319,0.3251953125,0.000 0.118 1.613 1.945 1.944 1.631 1.037 0.000
S-b1,priority_scan,33,ce,1.0,4,900,0.1708984375,0.53515625,0.244140625,0.7033687829971313,0.8349609375,0.000 0.610 0.797 0.000
S-b1,priority_scan,33,ce,1.0,6,900,0.0166015625,0.4541015625000001,0.3074544270833333,1.1672217150529225,0.6181640625,0.000 0.755 1.506 1.393 1.014 -0.000
S-b1,priority_scan,33,ce,1.0,8,900,0.001953125,0.41437639508928564,0.340576171875,1.7174696922302246,0.4130859375,0.000 0.942 2.267 2.333 2.032 1.715 1.016 0.000
S-b1,priority_scan,44,ce,1.0,4,300,0.1650390625,0.5245768229166667,0.250244140625,0.5345847209294637,0.75390625,0.000 0.318 0.751 0.000
S-b1,priority_scan,44,ce,1.0,6,300,0.0234375,0.45325520833333344,0.3058268229166667,0.8591891328493753,0.50390625,0.000 0.349 1.049 1.171 0.868 -0.000
S-b1,priority_scan,44,ce,1.0,8,300,0.0009765625,0.4172712053571428,0.3367919921875,1.316750689789101,0.2861328125,0.000 0.475 1.394 1.711 1.806 1.519 0.995 0.000
S-b1,priority_scan,44,ce,1.0,4,600,0.1845703125,0.5419921875,0.240478515625,0.4374796814388699,0.833984375,0.000 0.197 0.678 0.000
S-b1,priority_scan,44,ce,1.0,6,600,0.029296875,0.46770833333333345,0.29833984375,0.6683875620365141,0.6083984375,0.000 0.113 0.724 0.944 0.893 -0.000
S-b1,priority_scan,44,ce,1.0,8,600,0.001953125,0.4330357142857142,0.326904296875,0.9434198008643255,0.4580078125,0.000 0.032 0.866 1.178 1.396 1.279 0.908 0.000
S-b1,priority_scan,44,ce,1.0,4,900,0.427734375,0.6954752604166667,0.15576171875,0.2597901556226942,0.853515625,0.000 0.226 0.294 0.000
S-b1,priority_scan,44,ce,1.0,6,900,0.0615234375,0.5304036458333334,0.25634765625,0.4971118768056232,0.6494140625,0.000 0.044 0.590 0.547 0.807 -0.000
S-b1,priority_scan,44,ce,1.0,8,900,0.01171875,0.4839215959821428,0.291259765625,0.7651721327393143,0.4306640625,0.000 -0.011 0.602 0.724 0.960 1.234 1.083 0.000
S-b1,priority_scan,55,ce,1.0,4,300,0.185546875,0.5437825520833334,0.238525390625,0.03274586465623644,0.7548828125,0.000 -0.154 0.219 0.000
S-b1,priority_scan,55,ce,1.0,6,300,0.0205078125,0.46998697916666676,0.29443359375,0.13663202524185164,0.4892578125,0.000 -0.245 0.219 0.238 0.334 -0.000
S-b1,priority_scan,55,ce,1.0,8,300,0.0068359375,0.4347795758928571,0.3231201171875,0.26875332549766257,0.2353515625,0.000 -0.168 0.339 0.260 0.329 0.466 0.386 0.000
S-b1,priority_scan,55,ce,1.0,4,600,0.177734375,0.5421549479166666,0.239990234375,0.43924020396338564,0.8076171875,0.000 0.267 0.612 0.000
S-b1,priority_scan,55,ce,1.0,6,600,0.0166015625,0.4502604166666667,0.30908203125,0.7349131007989246,0.56640625,0.000 0.184 0.974 1.043 0.739 -0.000
S-b1,priority_scan,55,ce,1.0,8,600,0.0048828125,0.4280831473214285,0.3294677734375,1.1903901674129347,0.3662109375,0.000 0.322 1.384 1.654 1.567 1.384 0.832 0.000
S-b1,priority_scan,55,ce,1.0,4,900,0.189453125,0.55615234375,0.231201171875,0.7993961705101861,0.833984375,0.000 0.937 0.661 0.000
S-b1,priority_scan,55,ce,1.0,6,900,0.0126953125,0.47304687500000014,0.29150390625,1.2905838588873544,0.6044921875,0.000 1.463 1.776 1.162 0.762 -0.000
S-b1,priority_scan,55,ce,1.0,8,900,0.0009765625,0.43788364955357134,0.3212890625,1.7117186828895852,0.3994140625,0.000 1.506 2.754 2.322 1.718 1.234 0.735 0.000
S-b1,priority_scan,66,ce,1.0,4,300,0.17578125,0.5335286458333334,0.24267578125,0.37707090377807617,0.701171875,0.000 0.215 0.539 0.000
S-b1,priority_scan,66,ce,1.0,6,300,0.0234375,0.45527343750000004,0.3030598958333333,0.7093761364618936,0.4306640625,0.000 0.354 0.798 0.943 0.742 -0.000
S-b1,priority_scan,66,ce,1.0,8,300,0.0,0.4194684709821428,0.3319091796875,1.0702816866062308,0.201171875,0.000 0.342 1.246 1.478 1.461 1.185 0.709 0.000
S-b1,priority_scan,66,ce,1.0,4,600,0.173828125,0.5353190104166667,0.244140625,0.5941263834635416,0.8310546875,0.000 0.459 0.730 0.000
S-b1,priority_scan,66,ce,1.0,6,600,0.0234375,0.45475260416666674,0.30777994791666663,1.0858549177646637,0.6259765625,0.000 0.751 1.435 1.275 0.883 -0.000
S-b1,priority_scan,66,ce,1.0,8,600,0.0,0.4131905691964285,0.3404541015625,1.6051287562758834,0.3896484375,0.000 0.633 2.142 2.232 1.995 1.604 1.025 0.000
S-b1,priority_scan,66,ce,1.0,4,900,0.3203125,0.6306966145833334,0.191650390625,0.4703586631351047,0.8427734375,0.000 0.427 0.513 0.000
S-b1,priority_scan,66,ce,1.0,6,900,0.03515625,0.5089192708333334,0.26904296875,0.7699827353159585,0.6552734375,0.000 0.504 0.884 0.858 0.834 -0.000
S-b1,priority_scan,66,ce,1.0,8,900,0.01171875,0.46826171874999994,0.3017578125,1.0186122081897875,0.4560546875,0.000 0.367 1.114 1.170 1.210 1.226 1.025 0.000
S-b1,priority_scan,77,ce,1.0,4,300,0.18359375,0.5426432291666666,0.23876953125,0.06700389915042453,0.771484375,0.000 -0.130 0.264 0.000
S-b1,priority_scan,77,ce,1.0,6,300,0.0224609375,0.46269531250000007,0.298828125,0.14108578364054344,0.5166015625,0.000 -0.291 0.091 0.299 0.465 -0.000
S-b1,priority_scan,77,ce,1.0,8,300,0.00390625,0.4319196428571428,0.324951171875,0.2135320062990542,0.291015625,0.000 -0.289 0.122 0.326 0.317 0.421 0.384 0.000
S-b1,priority_scan,77,ce,1.0,4,600,0.1708984375,0.5330403645833334,0.24560546875,0.43485164642333984,0.8212890625,0.000 0.184 0.686 0.000
S-b1,priority_scan,77,ce,1.0,6,600,0.0234375,0.45240885416666676,0.3089192708333333,0.7355202734470366,0.5966796875,0.000 0.133 0.842 1.063 0.904 -0.000
S-b1,priority_scan,77,ce,1.0,8,600,0.0009765625,0.4186662946428571,0.3375244140625,1.0503947072558932,0.365234375,0.000 0.006 0.892 1.583 1.525 1.406 0.890 0.000
S-b1,priority_scan,77,ce,1.0,4,900,0.388671875,0.6725260416666667,0.16796875,0.451959768931071,0.884765625,0.000 0.598 0.306 0.000
S-b1,priority_scan,77,ce,1.0,6,900,0.05859375,0.5332682291666668,0.25455729166666663,0.6409204502900441,0.701171875,0.000 1.020 0.909 0.379 0.256 -0.000
S-b1,priority_scan,77,ce,1.0,8,900,0.001953125,0.4814453124999999,0.292724609375,0.8387079945317022,0.5185546875,0.000 1.406 1.601 1.068 0.560 0.179 0.220 0.000
S-b1,priority_scan,88,ce,1.0,4,300,0.1865234375,0.5462239583333333,0.23681640625,0.25944723023308647,0.7734375,0.000 0.051 0.468 0.000
S-b1,priority_scan,88,ce,1.0,6,300,0.03125,0.4522135416666668,0.30875651041666663,0.5326858659585316,0.515625,0.000 -0.053 0.593 0.860 0.731 -0.000
S-b1,priority_scan,88,ce,1.0,8,300,0.0,0.42529296874999994,0.3304443359375,0.8332148304692021,0.30078125,0.000 -0.109 0.760 1.199 1.194 1.170 0.786 0.000
S-b1,priority_scan,88,ce,1.0,4,600,0.181640625,0.5388997395833334,0.24169921875,0.5230028099483914,0.7783203125,0.000 0.348 0.698 0.000
S-b1,priority_scan,88,ce,1.0,6,600,0.0263671875,0.4588541666666668,0.30338541666666663,0.925214240948359,0.5673828125,0.000 0.524 1.224 1.128 0.825 -0.000
S-b1,priority_scan,88,ce,1.0,8,600,0.001953125,0.41992187499999994,0.3345947265625,1.4920334683524235,0.3623046875,0.000 0.881 2.077 1.919 1.730 1.440 0.905 0.000
S-b1,priority_scan,88,ce,1.0,4,900,0.16796875,0.5338541666666666,0.244873046875,0.7023232513003879,0.8212890625,0.000 0.554 0.851 0.000
S-b1,priority_scan,88,ce,1.0,6,900,0.021484375,0.4552734375000001,0.3055013020833333,1.2111890316009521,0.595703125,0.000 0.639 1.584 1.502 1.120 -0.000
S-b1,priority_scan,88,ce,1.0,8,900,0.0,0.4229910714285714,0.33349609375,1.736385160022312,0.43359375,0.000 0.724 2.005 2.294 2.332 1.869 1.195 0.000
S-b1,position_scan,11,ce,1.0,4,300,0.16796875,0.52685546875,0.251953125,0.5886251838118941,0.8291015625,0.374 0.457 0.940 0.369
S-b1,position_scan,11,ce,1.0,6,300,0.0068359375,0.4192708333333334,0.33268229166666663,0.8887506855858696,0.59375,0.777 0.529 1.032 1.460 1.200 0.222
S-b1,position_scan,11,ce,1.0,8,300,0.0,0.3760463169642857,0.3682861328125,1.2261814162844702,0.3984375,1.158 0.668 1.064 1.595 1.965 1.893 1.292 0.107
S-b1,position_scan,11,ce,1.0,4,600,0.380859375,0.6599934895833333,0.177978515625,0.5213141441345215,0.873046875,0.042 0.466 0.605 0.492
S-b1,position_scan,11,ce,1.0,6,600,0.017578125,0.4746093750000001,0.29313151041666663,0.7634421719445122,0.712890625,0.247 0.320 0.956 1.025 1.066 0.450
S-b1,position_scan,11,ce,1.0,8,600,0.0009765625,0.4388602120535714,0.323486328125,1.0533403593396382,0.5361328125,0.379 0.184 0.995 1.356 1.442 1.498 1.424 0.475
S-b1,position_scan,11,ce,1.0,4,900,0.509765625,0.7376302083333333,0.134765625,0.6376164047806351,0.8701171875,0.134 0.602 0.651 0.660
S-b1,position_scan,11,ce,1.0,6,900,0.0068359375,0.4242838541666668,0.3294270833333333,0.9673308663898045,0.6982421875,0.215 0.715 1.089 1.147 1.086 0.800
S-b1,position_scan,11,ce,1.0,8,900,0.0,0.4470563616071428,0.3160400390625,1.3292939133114283,0.5166015625,0.364 0.722 1.416 1.539 1.627 1.557 1.594 0.850
S-b1,position_scan,22,ce,1.0,4,300,0.2958984375,0.5965169270833333,0.214111328125,0.2524292910540545,0.7958984375,0.323 0.089 0.488 0.180
S-b1,position_scan,22,ce,1.0,6,300,0.033203125,0.4577473958333334,0.3076171875,0.40334528022342253,0.533203125,0.758 0.250 0.395 0.692 0.692 -0.013
S-b1,position_scan,22,ce,1.0,8,300,0.0,0.3988909040178571,0.3526611328125,0.5050319527822829,0.3232421875,1.169 0.441 0.400 0.522 0.722 0.944 0.724 -0.217
S-b1,position_scan,22,ce,1.0,4,600,0.416015625,0.6788736979166667,0.166748046875,0.5517299528475161,0.841796875,0.203 0.576 0.436 0.643
S-b1,position_scan,22,ce,1.0,6,600,0.0126953125,0.4349609375000001,0.3193359375,0.8556317620807224,0.6533203125,0.437 0.670 0.957 0.834 1.083 0.733
S-b1,position_scan,22,ce,1.0,8,600,0.0,0.4127022879464285,0.34033203125,1.1797753212943909,0.404296875,0.613 0.705 1.353 1.328 1.163 1.287 1.661 0.762
S-b1,position_scan,22,ce,1.0,4,900,0.5458984375,0.7607421875,0.122314453125,0.5914487220622875,0.8876953125,-0.130 0.463 0.526 0.786
S-b1,position_scan,22,ce,1.0,6,900,0.01171875,0.4535156250000001,0.30729166666666663,0.8884927166832819,0.73828125,-0.092 0.339 0.885 0.991 1.336 0.892
S-b1,position_scan,22,ce,1.0,8,900,0.0,0.44757952008928564,0.315185546875,1.2072422390892392,0.5634765625,0.038 0.070 1.050 1.388 1.391 1.585 2.043 0.923
S-b1,position_scan,33,ce,1.0,4,300,0.3349609375,0.6150716145833334,0.204833984375,0.036997221134327074,0.8134765625,0.176 -0.142 0.199 0.054
S-b1,position_scan,33,ce,1.0,6,300,0.064453125,0.49798177083333345,0.2810872395833333,0.022282176547580253,0.5390625,0.537 -0.138 -0.030 0.148 0.331 -0.199
S-b1,position_scan,33,ce,1.0,8,300,0.005859375,0.4264090401785714,0.331787109375,-0.010782158564007478,0.3525390625,0.889 0.011 -0.161 -0.232 0.102 0.315 0.345 -0.454
S-b1,position_scan,33,ce,1.0,4,600,0.4501953125,0.7037760416666667,0.153076171875,0.41471936084606026,0.8759765625,0.123 0.578 0.313 0.353
S-b1,position_scan,33,ce,1.0,6,600,0.0546875,0.5091145833333335,0.27197265625,0.6575516594780817,0.6708984375,0.254 0.731 0.936 0.639 0.620 0.362
S-b1,position_scan,33,ce,1.0,8,600,0.0,0.4491489955357142,0.314697265625,0.8944962705884661,0.513671875,0.339 0.538 1.339 1.313 0.946 0.795 0.922 0.409
S-b1,position_scan,33,ce,1.0,4,900,0.375,0.6569010416666666,0.17919921875,0.771398279401991,0.8935546875,0.024 0.805 0.772 0.738
S-b1,position_scan,33,ce,1.0,6,900,0.0,0.4361328125000001,0.3181966145833333,1.1082933876249526,0.7744140625,0.045 0.791 1.360 1.291 1.288 0.811
S-b1,position_scan,33,ce,1.0,8,900,0.0,0.5031389508928572,0.279052734375,1.5088435960194422,0.6259765625,0.112 0.549 1.724 1.929 1.821 1.823 1.856 0.861
S-b1,position_scan,44,ce,1.0,4,300,0.1826171875,0.5325520833333334,0.247314453125,0.5589293992077863,0.7607421875,0.367 0.386 0.925 0.366
S-b1,position_scan,44,ce,1.0,6,300,0.0107421875,0.43457031250000006,0.32080078125,0.7751446300082737,0.537109375,0.801 0.442 0.829 1.265 1.130 0.209
S-b1,position_scan,44,ce,1.0,8,300,0.0,0.3939034598214285,0.354248046875,1.0391746059296623,0.3515625,1.192 0.588 0.949 1.085 1.664 1.715 1.220 0.054
S-b1,position_scan,44,ce,1.0,4,600,0.30078125,0.6048177083333333,0.2080078125,0.6200727268501565,0.8271484375,0.303 0.611 0.632 0.617
S-b1,position_scan,44,ce,1.0,6,600,0.0068359375,0.42018229166666676,0.330078125,0.9444554779264662,0.6015625,0.580 0.691 0.982 1.043 1.350 0.656
S-b1,position_scan,44,ce,1.0,8,600,0.0,0.41667829241071425,0.3367919921875,1.3224410821521093,0.408203125,0.740 0.778 1.305 1.495 1.436 1.758 1.771 0.715
S-b1,position_scan,44,ce,1.0,4,900,0.48046875,0.7102864583333333,0.152587890625,0.6300460850750959,0.8994140625,0.135 0.487 0.669 0.735
S-b1,position_scan,44,ce,1.0,6,900,0.0087890625,0.4472005208333334,0.3128255208333333,0.9792894654803806,0.76171875,0.205 0.632 0.888 1.100 1.398 0.879
S-b1,position_scan,44,ce,1.0,8,900,0.0,0.4612165178571428,0.306640625,1.3352165714142816,0.63671875,0.324 0.548 1.171 1.244 1.535 1.938 1.992 0.918
S-b1,position_scan,55,ce,1.0,4,300,0.2109375,0.5478515625,0.240234375,0.4602075064623798,0.7939453125,0.415 0.380 0.732 0.269
S-b1,position_scan,55,ce,1.0,6,300,0.0146484375,0.4368489583333335,0.3191731770833333,0.723784499698215,0.5234375,0.866 0.538 0.847 1.184 0.990 0.060
S-b1,position_scan,55,ce,1.0,8,300,0.0,0.3868582589285714,0.3580322265625,0.9673861473325698,0.255859375,1.294 0.722 0.919 1.308 1.478 1.538 0.929 -0.122
S-b1,position_scan,55,ce,1.0,4,600,0.40234375,0.6682942708333333,0.17431640625,0.5673448244730631,0.8623046875,0.006 0.566 0.478 0.658
S-b1,position_scan,55,ce,1.0,6,600,0.0185546875,0.4574218750000001,0.3056640625,0.7970709535810683,0.70703125,0.116 0.508 0.992 0.842 0.909 0.735
S-b1,position_scan,55,ce,1.0,8,600,0.0009765625,0.42006138392857134,0.3365478515625,1.0572539435492623,0.5400390625,0.166 0.151 1.191 1.383 1.173 1.130 1.583 0.790
S-b1,position_scan,55,ce,1.0,4,900,0.5556640625,0.7596028645833334,0.124755859375,0.5750838473991112,0.908203125,0.294 0.627 0.483 0.615
S-b1,position_scan,55,ce,1.0,6,900,0.0185546875,0.45527343750000016,0.3076171875,0.8957743777169123,0.775390625,0.435 0.933 1.163 0.958 0.697 0.729
S-b1,position_scan,55,ce,1.0,8,900,0.0,0.4349190848214285,0.325439453125,1.2688811241634306,0.6552734375,0.658 0.973 1.618 1.619 1.413 1.120 1.374 0.766
S-b1,position_scan,66,ce,1.0,4,300,0.20703125,0.5387369791666666,0.24658203125,0.44117154898466887,0.7880859375,0.392 0.385 0.730 0.209
S-b1,position_scan,66,ce,1.0,6,300,0.01171875,0.43763020833333344,0.31949869791666663,0.6582249932818943,0.537109375,0.829 0.456 0.792 1.065 0.941 0.037
S-b1,position_scan,66,ce,1.0,8,300,0.0,0.3846609933035714,0.3623046875,0.9227959125761002,0.32421875,1.271 0.709 0.891 1.141 1.405 1.534 0.948 -0.169
S-b1,position_scan,66,ce,1.0,4,600,0.3173828125,0.62548828125,0.1953125,0.573504059403031,0.87109375,0.136 0.580 0.588 0.553
S-b1,position_scan,66,ce,1.0,6,600,0.0166015625,0.45104166666666673,0.30875651041666663,0.8896587027443781,0.685546875,0.372 0.621 1.109 1.027 1.135 0.556
S-b1,position_scan,66,ce,1.0,8,600,0.0,0.4271065848214285,0.330078125,1.217472099122547,0.4482421875,0.464 0.595 1.312 1.529 1.434 1.534 1.523 0.597
S-b1,position_scan,66,ce,1.0,4,900,0.5029296875,0.73388671875,0.137451171875,0.6215370584417272,0.900390625,0.190 0.593 0.583 0.688
S-b1,position_scan,66,ce,1.0,6,900,0.0068359375,0.4199218750000001,0.3313802083333333,0.9545623593860203,0.7421875,0.267 0.758 1.053 0.995 1.139 0.828
S-b1,position_scan,66,ce,1.0,8,900,0.0,0.4448242187499999,0.318359375,1.3336072460053454,0.599609375,0.431 0.772 1.373 1.570 1.505 1.505 1.733 0.876
S-b1,position_scan,77,ce,1.0,4,300,0.13671875,0.5071614583333334,0.260009765625,0.6823266435552527,0.7724609375,0.316 0.496 1.110 0.441
S-b1,position_scan,77,ce,1.0,6,300,0.0009765625,0.4165364583333334,0.33317057291666663,0.9792495303683811,0.5458984375,0.798 0.393 1.139 1.580 1.476 0.309
S-b1,position_scan,77,ce,1.0,8,300,0.0,0.381103515625,0.3638916015625,1.3289562482682484,0.3447265625,1.119 0.608 0.957 1.664 2.146 2.230 1.511 0.186
S-b1,position_scan,77,ce,1.0,4,600,0.41796875,0.67236328125,0.171875,0.5383927292293972,0.8896484375,0.124 0.479 0.530 0.606
S-b1,position_scan,77,ce,1.0,6,600,0.015625,0.45084635416666674,0.3107096354166667,0.8305572801166109,0.7138671875,0.307 0.528 0.958 0.876 1.121 0.670
S-b1,position_scan,77,ce,1.0,8,600,0.0,0.43160574776785704,0.3272705078125,1.1342578653305297,0.517578125,0.426 0.500 1.202 1.244 1.264 1.443 1.573 0.715
S-b1,position_scan,77,ce,1.0,4,900,0.373046875,0.6520182291666666,0.1826171875,0.7333929450423629,0.9130859375,0.087 0.723 0.688 0.789
S-b1,position_scan,77,ce,1.0,6,900,0.0,0.41744791666666675,0.33317057291666663,1.1070207092497084,0.740234375,0.165 0.859 1.309 1.235 1.248 0.884
S-b1,position_scan,77,ce,1.0,8,900,0.0,0.4827008928571428,0.2930908203125,1.5204173610323954,0.5908203125,0.304 0.664 1.782 1.847 1.817 1.712 1.889 0.932
S-b1,position_scan,88,ce,1.0,4,300,0.19921875,0.5432942708333334,0.241943359375,0.5594174067179362,0.810546875,0.349 0.444 0.848 0.386
S-b1,position_scan,88,ce,1.0,6,300,0.013671875,0.4362630208333334,0.31819661458333337,0.8128047916624281,0.5546875,0.772 0.518 0.845 1.246 1.181 0.273
S-b1,position_scan,88,ce,1.0,8,300,0.0,0.39093889508928564,0.355712890625,1.0086099874405634,0.3037109375,1.164 0.630 0.867 1.147 1.421 1.615 1.251 0.130
S-b1,position_scan,88,ce,1.0,4,600,0.2919921875,0.6067708333333333,0.205322265625,0.6489143989704274,0.8408203125,0.272 0.638 0.696 0.613
S-b1,position_scan,88,ce,1.0,6,600,0.00390625,0.41484375000000007,0.3330078125,0.9772792789671156,0.6416015625,0.547 0.747 1.065 1.106 1.300 0.669
S-b1,position_scan,88,ce,1.0,8,600,0.0,0.4163643973214285,0.3382568359375,1.358645473207746,0.4345703125,0.721 0.852 1.410 1.469 1.524 1.788 1.752 0.715
S-b1,position_scan,88,ce,1.0,4,900,0.5634765625,0.7630208333333334,0.122802734375,0.5728465097921865,0.890625,0.208 0.604 0.477 0.638
S-b1,position_scan,88,ce,1.0,6,900,0.01953125,0.4548828125000001,0.3074544270833333,0.853826774491204,0.7421875,0.313 0.725 1.017 0.843 0.912 0.771
S-b1,position_scan,88,ce,1.0,8,900,0.0,0.4075404575892857,0.3458251953125,1.180631300759694,0.615234375,0.532 0.703 1.358 1.341 1.260 1.290 1.483 0.829
S-b1,phase_scan,11,ce,1.0,4,300,0.2265625,0.5234375,0.255859375,0.2007380238285771,0.0009765625,0.193 0.578 0.366 -0.342
S-b1,phase_scan,11,ce,1.0,6,300,0.0205078125,0.4106770833333334,0.3313802083333333,0.33846709463331426,0.0,0.552 0.555 0.950 0.681 0.264 -0.758
S-b1,phase_scan,11,ce,1.0,8,300,0.0029296875,0.3390764508928571,0.3896484375,0.4862722328730991,0.0,0.919 0.028 1.458 1.252 0.990 0.811 0.029 -1.164
S-b1,phase_scan,11,ce,1.0,4,600,0.642578125,0.80419921875,0.10205078125,0.24714862858807599,0.0009765625,-0.062 0.392 0.267 0.082
S-b1,phase_scan,11,ce,1.0,6,600,0.1318359375,0.5679687500000001,0.23763020833333334,0.28566437297397174,0.0,0.225 0.279 0.508 0.605 0.285 -0.248
S-b1,phase_scan,11,ce,1.0,8,600,0.015625,0.4694824218749999,0.302734375,0.3660844053540911,0.0,0.525 -0.375 1.001 0.622 0.827 0.448 0.565 -0.525
S-b1,phase_scan,11,ce,1.0,4,900,0.7314453125,0.8662109375,0.06640625,0.28719813735396776,0.0009765625,0.052 0.404 0.342 0.115
S-b1,phase_scan,11,ce,1.0,6,900,0.2197265625,0.6412760416666667,0.19368489583333331,0.4387995534472994,0.0,0.311 0.638 0.521 0.720 0.488 -0.173
S-b1,phase_scan,11,ce,1.0,8,900,0.0087890625,0.4864327566964285,0.289794921875,0.5388208608778696,0.0,0.657 0.091 1.119 0.708 1.110 0.544 0.693 -0.493
S-b1,phase_scan,22,ce,1.0,4,300,0.20703125,0.5403645833333334,0.2421875,0.3499250941806369,0.0048828125,0.161 0.402 0.675 -0.027
S-b1,phase_scan,22,ce,1.0,6,300,0.0126953125,0.4384114583333334,0.3134765625,0.45283668571048297,0.0,0.593 0.130 0.656 0.906 1.053 -0.481
S-b1,phase_scan,22,ce,1.0,8,300,0.0009765625,0.3579450334821428,0.3807373046875,0.6268548208569723,0.0,1.020 -0.032 0.824 0.878 1.134 1.732 0.786 -0.935
S-b1,phase_scan,22,ce,1.0,4,600,0.6474609375,0.8209635416666666,0.090087890625,0.2907716786419904,0.0009765625,-0.038 0.398 0.437 0.037
S-b1,phase_scan,22,ce,1.0,6,600,0.107421875,0.562109375,0.23974609374999997,0.40281165970696325,0.0,0.239 0.264 0.632 0.891 0.518 -0.292
S-b1,phase_scan,22,ce,1.0,8,600,0.0009765625,0.45605468749999994,0.31103515625,0.5165216090187194,0.0,0.565 -0.333 1.000 0.839 1.277 0.794 0.668 -0.628
S-b1,phase_scan,22,ce,1.0,4,900,0.7392578125,0.8743489583333333,0.061279296875,0.3326462374793158,0.0,-0.087 0.279 0.415 0.304
S-b1,phase_scan,22,ce,1.0,6,900,0.103515625,0.588671875,0.22102864583333331,0.4949983490837943,0.0,0.165 0.210 0.376 0.801 1.010 0.077
S-b1,phase_scan,22,ce,1.0,8,900,0.0029296875,0.47492327008928564,0.298583984375,0.5986359005882625,0.0,0.483 -0.505 0.832 0.488 1.125 1.164 1.274 -0.188
S-b1,phase_scan,33,ce,1.0,4,300,0.2626953125,0.5872395833333333,0.217529296875,0.41784441029583963,0.0009765625,0.291 0.711 0.520 0.023
S-b1,phase_scan,33,ce,1.0,6,300,0.015625,0.4610026041666668,0.3025716145833333,0.6417437526914807,0.0,0.707 0.930 1.286 0.874 0.428 -0.309
S-b1,phase_scan,33,ce,1.0,8,300,0.0,0.39746093749999994,0.35302734375,0.7880547690013099,0.0,1.118 0.898 1.509 1.464 1.227 0.632 0.429 -0.642
S-b1,phase_scan,33,ce,1.0,4,600,0.53515625,0.7493489583333334,0.12939453125,0.39712517349808296,0.0009765625,0.015 0.518 0.502 0.171
S-b1,phase_scan,33,ce,1.0,6,600,0.033203125,0.4705078125000001,0.2960611979166667,0.6488887204064262,0.0,0.318 0.730 0.702 0.985 0.987 -0.159
S-b1,phase_scan,33,ce,1.0,8,600,0.0,0.4343610491071428,0.3255615234375,0.7721619568173849,0.0,0.661 -0.122 1.264 1.042 1.438 1.166 1.084 -0.466
S-b1,phase_scan,33,ce,1.0,4,900,0.7431640625,0.8741861979166667,0.06201171875,0.2881314577879729,0.0009765625,-0.044 0.293 0.367 0.205
S-b1,phase_scan,33,ce,1.0,6,900,0.234375,0.6577473958333333,0.18277994791666663,0.406090908580356,0.0,0.179 0.365 0.329 0.748 0.630 -0.041
S-b1,phase_scan,33,ce,1.0,8,900,0.0283203125,0.5119977678571428,0.274169921875,0.4719730785914829,0.0,0.494 -0.209 0.767 0.396 1.100 0.623 0.948 -0.321
S-b1,phase_scan,44,ce,1.0,4,300,0.1474609375,0.5104166666666667,0.26025390625,0.5077676861374467,0.0009765625,0.342 0.900 0.645 -0.022
S-b1,phase_scan,44,ce,1.0,6,300,0.0087890625,0.4434244791666667,0.314453125,0.683211737208896,0.0,0.747 0.843 1.346 0.867 0.773 -0.413
S-b1,phase_scan,44,ce,1.0,8,300,0.0,0.36858258928571425,0.37646484375,0.9173546897040473,0.0,1.170 0.597 1.954 1.706 1.183 1.166 0.645 -0.829
S-b1,phase_scan,44,ce,1.0,4,600,0.5419921875,0.751953125,0.12841796875,0.3653450806935628,0.0,0.078 0.506 0.460 0.130
S-b1,phase_scan,44,ce,1.0,6,600,0.0556640625,0.5030598958333334,0.27587890625,0.5958659781350029,0.0,0.360 0.783 0.796 0.898 0.665 -0.162
S-b1,phase_scan,44,ce,1.0,8,600,0.0,0.4472656249999999,0.3165283203125,0.7748728895944261,0.0,0.682 0.363 1.383 1.125 1.232 0.840 0.922 -0.440
S-b1,phase_scan,44,ce,1.0,4,900,0.6953125,0.83544921875,0.08447265625,0.28407427999708385,0.0,0.115 0.362 0.379 0.111
S-b1,phase_scan,44,ce,1.0,6,900,0.173828125,0.6139973958333333,0.20947265625,0.45946972899966754,0.0,0.407 0.675 0.474 0.757 0.545 -0.154
S-b1,phase_scan,44,ce,1.0,8,900,0.0068359375,0.4731096540178571,0.3006591796875,0.5486980506352016,0.0,0.747 0.251 1.069 0.537 1.081 0.583 0.772 -0.452
S-b1,phase_scan,55,ce,1.0,4,300,0.19921875,0.5166015625,0.24609375,-0.025116602579752605,0.0078125,0.067 0.232 -0.001 -0.307
S-b1,phase_scan,55,ce,1.0,6,300,0.0234375,0.3928385416666667,0.33072916666666663,-0.0784449842241077,0.0,0.509 -0.342 0.562 0.033 0.213 -0.859
S-b1,phase_scan,55,ce,1.0,8,300,0.0,0.3188825334821429,0.388916015625,-0.020801301986452136,0.0,0.953 -0.441 0.655 0.714 -0.079 0.430 -0.011 -1.413
S-b1,phase_scan,55,ce,1.0,4,600,0.5166015625,0.7355143229166667,0.1376953125,0.3517678931907371,0.001953125,0.171 0.430 0.450 0.175
S-b1,phase_scan,55,ce,1.0,6,600,0.0576171875,0.5067057291666668,0.2737630208333333,0.5223574770821464,0.0,0.590 0.529 0.695 0.883 0.632 -0.127
S-b1,phase_scan,55,ce,1.0,8,600,0.0009765625,0.4299665178571428,0.3297119140625,0.6463848409198579,0.0,0.995 0.056 1.017 0.976 1.294 0.804 0.803 -0.426
S-b1,phase_scan,55,ce,1.0,4,900,0.7724609375,0.8855794270833334,0.057373046875,0.27517689598931205,0.0,-0.063 0.314 0.331 0.181
S-b1,phase_scan,55,ce,1.0,6,900,0.291015625,0.6888020833333334,0.16666666666666666,0.3745539718204073,0.0,0.167 0.347 0.432 0.719 0.405 -0.030
S-b1,phase_scan,55,ce,1.0,8,900,0.03125,0.5337960379464286,0.260498046875,0.44545949451507083,0.0,0.489 -0.210 0.910 0.543 0.999 0.485 0.678 -0.286
S-b1,phase_scan,66,ce,1.0,4,300,0.3427734375,0.62451171875,0.198974609375,0.23263489758526842,0.001953125,0.207 0.508 0.338 -0.147
S-b1,phase_scan,66,ce,1.0,6,300,0.0400390625,0.47975260416666676,0.29280598958333337,0.36462304327223016,0.0,0.577 0.644 0.851 0.589 0.271 -0.532
S-b1,phase_scan,66,ce,1.0,8,300,0.001953125,0.4045061383928571,0.348388671875,0.4607140450250534,0.0,0.952 0.536 1.194 1.129 0.795 0.413 0.086 -0.928
S-b1,phase_scan,66,ce,1.0,4,600,0.6904296875,0.83642578125,0.08349609375,0.2427806677641692,0.0009765625,-0.044 0.251 0.324 0.154
S-b1,phase_scan,66,ce,1.0,6,600,0.1748046875,0.6251302083333334,0.20084635416666663,0.2895765437020194,0.0,0.267 -0.011 0.316 0.625 0.636 -0.119
S-b1,phase_scan,66,ce,1.0,8,600,0.021484375,0.5045689174107142,0.27978515625,0.36687536845131524,0.0,0.605 -0.472 0.641 0.305 0.814 0.764 0.886 -0.370
S-b1,phase_scan,66,ce,1.0,4,900,0.78515625,0.89208984375,0.053955078125,0.20402259296841094,0.0,-0.069 0.160 0.287 0.165
S-b1,phase_scan,66,ce,1.0,6,900,0.3203125,0.7142578124999999,0.15022786458333331,0.2537251048617891,0.0,0.204 0.025 0.149 0.522 0.628 -0.054
S-b1,phase_scan,66,ce,1.0,8,900,0.0556640625,0.5798688616071428,0.23046875,0.30535185147845556,0.0,0.538 -0.469 0.505 0.178 0.731 0.648 0.874 -0.330
S-b1,phase_scan,77,ce,1.0,4,300,0.224609375,0.5514322916666666,0.238037109375,0.2387147921103018,0.0029296875,-0.044 0.399 0.512 -0.195
S-b1,phase_scan,77,ce,1.0,6,300,0.0341796875,0.44498697916666674,0.3136393229166667,0.15486736430062167,0.0,0.359 -0.509 0.725 0.457 0.860 -0.759
S-b1,phase_scan,77,ce,1.0,8,300,0.0,0.3076869419642857,0.422119140625,0.2703795546577091,0.0,0.709 -0.602 0.344 0.913 0.715 1.356 0.489 -1.322
S-b1,phase_scan,77,ce,1.0,4,600,0.703125,0.8435872395833333,0.080078125,0.2750615720395689,0.0,-0.053 0.379 0.313 0.133
S-b1,phase_scan,77,ce,1.0,6,600,0.154296875,0.5923177083333333,0.22216796875,0.3722474310133191,0.0,0.237 0.263 0.524 0.665 0.576 -0.166
S-b1,phase_scan,77,ce,1.0,8,600,0.01171875,0.4649483816964285,0.3060302734375,0.44762927388388013,0.0,0.538 -0.327 1.120 0.645 0.915 0.412 0.858 -0.488
S-b1,phase_scan,77,ce,1.0,4,900,0.7744140625,0.8792317708333334,0.062255859375,0.33887443719086824,0.0,0.007 0.379 0.421 0.216
S-b1,phase_scan,77,ce,1.0,6,900,0.1328125,0.5970052083333334,0.21842447916666666,0.5577514701419405,0.0,0.240 0.572 0.547 0.844 0.866 -0.041
S-b1,phase_scan,77,ce,1.0,8,900,0.0009765625,0.4658203124999999,0.3045654296875,0.7007391679854619,0.0,0.517 -0.084 1.176 0.762 1.261 1.033 1.086 -0.327
S-b1,phase_scan,88,ce,1.0,4,300,0.388671875,0.6484375,0.18701171875,0.19592898863333244,0.0029296875,-0.064 0.260 0.338 -0.010
S-b1,phase_scan,88,ce,1.0,6,300,0.0732421875,0.49863281250000013,0.28076171875,0.18062153789732174,0.0,0.267 -0.156 0.507 0.594 0.261 -0.303
S-b1,phase_scan,88,ce,1.0,8,300,0.009765625,0.4411272321428571,0.322509765625,0.2413310891106015,0.0,0.612 -0.487 0.629 0.639 0.800 0.405 0.344 -0.642
S-b1,phase_scan,88,ce,1.0,4,600,0.5654296875,0.7750651041666667,0.11328125,0.35143781591344764,0.0,0.155 0.481 0.408 0.166
S-b1,phase_scan,88,ce,1.0,6,600,0.05078125,0.4998697916666668,0.2771809895833333,0.5831964148415458,0.0,0.473 0.807 0.713 0.825 0.726 -0.156
S-b1,phase_scan,88,ce,1.0,8,600,0.0029296875,0.42846679687499994,0.330078125,0.7548708764333574,0.0,0.819 0.430 1.297 0.951 1.227 0.871 0.945 -0.437
S-b1,phase_scan,88,ce,1.0,4,900,0.748046875,0.8680013020833334,0.067138671875,0.2851127253638373,0.0,0.050 0.397 0.318 0.141
S-b1,phase_scan,88,ce,1.0,6,900,0.1845703125,0.6242838541666667,0.20247395833333331,0.446433040830824,0.0,0.299 0.525 0.490 0.691 0.672 -0.147
S-b1,phase_scan,88,ce,1.0,8,900,0.0146484375,0.48699079241071425,0.290771484375,0.5480555314866323,0.0,0.654 0.066 1.145 0.585 0.982 0.619 0.891 -0.451
S-b4,priority_scan,11,ce,4.0,4,300,0.1708984375,0.5390625,0.23876953125,0.032855139838324665,0.7490234375,0.000 -0.155 0.220 0.000
S-b4,priority_scan,11,ce,4.0,6,300,0.01953125,0.4605468750000001,0.2994791666666667,0.034034798542658305,0.4462890625,0.000 -0.348 0.035 0.120 0.330 -0.000
S-b4,priority_scan,11,ce,4.0,8,300,0.0009765625,0.43059430803571425,0.3245849609375,0.20278294881184897,0.2685546875,0.000 -0.253 0.042 0.332 0.358 0.369 0.368 0.000
S-b4,priority_scan,11,ce,4.0,4,600,0.1806640625,0.5437825520833333,0.239013671875,0.08892469935946996,0.8017578125,0.000 -0.141 0.319 0.000
S-b4,priority_scan,11,ce,4.0,6,600,0.021484375,0.46315104166666676,0.3004557291666667,0.15408004323641442,0.572265625,0.000 -0.243 0.100 0.247 0.513 -0.000
S-b4,priority_scan,11,ce,4.0,8,600,0.0068359375,0.43132672991071425,0.3267822265625,0.2537586070873119,0.3681640625,0.000 -0.288 0.178 0.387 0.336 0.429 0.480 0.000
S-b4,priority_scan,11,ce,4.0,4,900,0.1826171875,0.5452473958333334,0.23876953125,0.11407739586300318,0.865234375,0.000 -0.116 0.344 0.000
S-b4,priority_scan,11,ce,4.0,6,900,0.025390625,0.4671875000000001,0.2991536458333333,0.21210466821988405,0.6796875,0.000 -0.266 0.207 0.367 0.541 -0.000
S-b4,priority_scan,11,ce,4.0,8,900,0.0029296875,0.4241768973214285,0.3341064453125,0.30573608698668303,0.4609375,0.000 -0.340 0.230 0.457 0.519 0.475 0.492 0.000
S-b4,priority_scan,22,ce,4.0,4,300,0.169921875,0.53759765625,0.239990234375,0.08367048369513616,0.73046875,0.000 -0.112 0.279 0.000
S-b4,priority_scan,22,ce,4.0,6,300,0.017578125,0.46510416666666676,0.2947591145833333,0.10908802350362123,0.4130859375,0.000 -0.189 -0.022 0.367 0.280 -0.000
S-b4,priority_scan,22,ce,4.0,8,300,0.0009765625,0.428466796875,0.32421875,0.1449550081182409,0.1796875,0.000 -0.264 0.056 0.258 0.260 0.275 0.285 0.000
S-b4,priority_scan,22,ce,4.0,4,600,0.1796875,0.5431315104166666,0.239501953125,0.0307423538631863,0.822265625,0.000 -0.162 0.223 0.000
S-b4,priority_scan,22,ce,4.0,6,600,0.025390625,0.4662109375000001,0.29801432291666663,0.11226554711659731,0.564453125,0.000 -0.328 0.115 0.231 0.431 -0.000
S-b4,priority_scan,22,ce,4.0,8,600,0.001953125,0.43397739955357134,0.325927734375,0.19891462944172048,0.353515625,0.000 -0.330 0.046 0.276 0.388 0.406 0.407 0.000
S-b4,priority_scan,22,ce,4.0,4,900,0.1904296875,0.5450846354166667,0.2392578125,0.03281103240119086,0.8466796875,0.000 -0.198 0.264 0.000
S-b4,priority_scan,22,ce,4.0,6,900,0.0234375,0.4681640625000001,0.2981770833333333,0.1395469407240548,0.6396484375,0.000 -0.328 0.159 0.304 0.423 -0.000
S-b4,priority_scan,22,ce,4.0,8,900,0.00390625,0.43111746651785704,0.3291015625,0.19043615570774786,0.484375,0.000 -0.414 0.115 0.222 0.308 0.444 0.467 0.000
S-b4,priority_scan,33,ce,4.0,4,300,0.1787109375,0.5419921875,0.238037109375,0.06651070382859972,0.744140625,0.000 -0.050 0.183 0.000
S-b4,priority_scan,33,ce,4.0,6,300,0.0263671875,0.46660156250000007,0.2960611979166667,0.0841420392195382,0.4306640625,0.000 -0.223 0.032 0.179 0.348 -0.000
S-b4,priority_scan,33,ce,4.0,8,300,0.0,0.4241071428571428,0.32861328125,0.16347222858005098,0.2041015625,0.000 -0.201 0.182 0.148 0.154 0.338 0.360 0.000
S-b4,priority_scan,33,ce,4.0,4,600,0.2109375,0.5595703125,0.23046875,0.006356570455763072,0.830078125,0.000 -0.193 0.206 0.000
S-b4,priority_scan,33,ce,4.0,6,600,0.0205078125,0.45826822916666676,0.3045247395833333,0.09850839773813866,0.5771484375,0.000 -0.287 0.065 0.221 0.395 -0.000
S-b4,priority_scan,33,ce,4.0,8,600,0.001953125,0.4283970424107142,0.3294677734375,0.1416392900325634,0.3564453125,0.000 -0.487 0.038 0.250 0.235 0.426 0.388 0.000
S-b4,priority_scan,33,ce,4.0,4,900,0.1923828125,0.5472005208333334,0.238037109375,0.10842237207624646,0.828125,0.000 -0.108 0.325 0.000
S-b4,priority_scan,33,ce,4.0,6,900,0.0244140625,0.46380208333333345,0.3015950520833333,0.15313640236854537,0.62109375,0.000 -0.309 0.194 0.257 0.470 -0.000
S-b4,priority_scan,33,ce,4.0,8,900,0.0029296875,0.43115234374999994,0.328125,0.25892041347644945,0.392578125,0.000 -0.269 0.259 0.294 0.281 0.479 0.510 0.000
S-b4,priority_scan,44,ce,4.0,4,300,0.1943359375,0.5447591145833334,0.240234375,0.061149266031053334,0.7802734375,0.000 -0.177 0.299 0.000
S-b4,priority_scan,44,ce,4.0,6,300,0.029296875,0.46451822916666674,0.2996419270833333,0.0675247112909951,0.55859375,0.000 -0.300 -0.006 0.186 0.391 -0.000
S-b4,priority_scan,44,ce,4.0,8,300,0.0029296875,0.43763950892857134,0.3228759765625,0.18361511053862392,0.3623046875,0.000 -0.354 0.089 0.231 0.322 0.391 0.424 0.000
S-b4,priority_scan,44,ce,4.0,4,600,0.1640625,0.5322265625,0.24462890625,0.0713033808602227,0.7841796875,0.000 -0.147 0.290 0.000
S-b4,priority_scan,44,ce,4.0,6,600,0.0205078125,0.4684895833333334,0.2965494791666667,0.15707224607467635,0.552734375,0.000 -0.278 0.161 0.348 0.397 -0.000
S-b4,priority_scan,44,ce,4.0,8,600,0.0029296875,0.43795340401785704,0.322265625,0.2595958444807264,0.337890625,0.000 -0.231 0.140 0.362 0.411 0.506 0.369 0.000
S-b4,priority_scan,44,ce,4.0,4,900,0.18359375,0.5402018229166667,0.242431640625,0.0856961144341363,0.826171875,0.000 -0.141 0.312 0.000
S-b4,priority_scan,44,ce,4.0,6,900,0.02734375,0.4589192708333334,0.30436197916666663,0.1308776934941608,0.619140625,0.000 -0.315 0.101 0.287 0.450 -0.000
S-b4,priority_scan,44,ce,4.0,8,900,0.00390625,0.4375348772321428,0.3238525390625,0.27707810755129214,0.4033203125,0.000 -0.261 0.226 0.237 0.449 0.515 0.497 0.000
S-b4,priority_scan,55,ce,4.0,4,300,0.2060546875,0.55810546875,0.22998046875,0.04803796609242757,0.744140625,0.000 -0.097 0.193 0.000
S-b4,priority_scan,55,ce,4.0,6,300,0.021484375,0.4676432291666668,0.29573567708333337,0.08189414938290895,0.4560546875,0.000 -0.308 0.115 0.200 0.321 -0.000
S-b4,priority_scan,55,ce,4.0,8,300,0.0009765625,0.4321637834821428,0.32275390625,0.17625504069858125,0.216796875,0.000 -0.282 0.244 0.236 0.303 0.327 0.229 0.000
S-b4,priority_scan,55,ce,4.0,4,600,0.1904296875,0.5496419270833333,0.235595703125,0.007011161910163044,0.7978515625,0.000 -0.222 0.236 0.000
S-b4,priority_scan,55,ce,4.0,6,600,0.0185546875,0.46770833333333345,0.2967122395833333,0.10257830222447695,0.5458984375,0.000 -0.306 0.101 0.248 0.367 -0.000
S-b4,priority_scan,55,ce,4.0,8,600,0.0009765625,0.4308733258928571,0.3275146484375,0.18792927265167236,0.3720703125,0.000 -0.278 0.123 0.171 0.337 0.433 0.342 0.000
S-b4,priority_scan,55,ce,4.0,4,900,0.1875,0.5452473958333333,0.2392578125,0.017570323414272726,0.8525390625,0.000 -0.159 0.194 0.000
S-b4,priority_scan,55,ce,4.0,6,900,0.029296875,0.4639322916666668,0.30110677083333337,0.15129208564758284,0.642578125,0.000 -0.264 0.036 0.324 0.509 -0.000
S-b4,priority_scan,55,ce,4.0,8,900,0.0029296875,0.4299316406249999,0.3291015625,0.19373015121177387,0.43359375,0.000 -0.431 0.206 0.152 0.288 0.498 0.449 0.000
S-b4,priority_scan,66,ce,4.0,4,300,0.171875,0.5362955729166666,0.239501953125,0.07642587025960287,0.69140625,0.000 -0.127 0.280 0.000
S-b4,priority_scan,66,ce,4.0,6,300,0.013671875,0.4533203125000001,0.30224609375,0.12196426590283693,0.3828125,0.000 -0.149 0.115 0.215 0.307 -0.000
S-b4,priority_scan,66,ce,4.0,8,300,0.001953125,0.4329659598214285,0.3206787109375,0.2276717291937934,0.171875,0.000 -0.237 0.151 0.419 0.399 0.303 0.331 0.000
S-b4,priority_scan,66,ce,4.0,4,600,0.1904296875,0.5498046875,0.23583984375,0.07300304041968453,0.8046875,0.000 -0.115 0.261 0.000
S-b4,priority_scan,66,ce,4.0,6,600,0.0205078125,0.4621093750000001,0.3017578125,0.15552779038747133,0.552734375,0.000 -0.311 0.147 0.362 0.424 -0.000
S-b4,priority_scan,66,ce,4.0,8,600,0.00390625,0.4268973214285714,0.3310546875,0.2632958800704391,0.3408203125,0.000 -0.331 0.170 0.306 0.419 0.576 0.439 0.000
S-b4,priority_scan,66,ce,4.0,4,900,0.185546875,0.5382486979166667,0.2431640625,0.18412199285295275,0.7919921875,0.000 -0.044 0.413 0.000
S-b4,priority_scan,66,ce,4.0,6,900,0.0185546875,0.45664062500000013,0.30533854166666663,0.24948135018348677,0.55859375,0.000 -0.178 0.273 0.393 0.510 -0.000
S-b4,priority_scan,66,ce,4.0,8,900,0.00390625,0.43927873883928564,0.3211669921875,0.3965217095834237,0.3701171875,0.000 -0.208 0.330 0.506 0.565 0.717 0.469 0.000
S-b4,priority_scan,77,ce,4.0,4,300,0.177734375,0.5432942708333333,0.23681640625,-0.0017656882603963309,0.7119140625,0.000 -0.230 0.227 0.000
S-b4,priority_scan,77,ce,4.0,6,300,0.025390625,0.46347656250000013,0.2986653645833333,0.07327054937680544,0.4462890625,0.000 -0.318 0.082 0.160 0.369 -0.000
S-b4,priority_scan,77,ce,4.0,8,300,0.0009765625,0.4303152901785714,0.3245849609375,0.1668968024077239,0.2099609375,0.000 -0.139 0.014 0.305 0.205 0.277 0.339 0.000
S-b4,priority_scan,77,ce,4.0,4,600,0.181640625,0.5358072916666666,0.244873046875,0.01813921663496229,0.806640625,0.000 -0.225 0.261 0.000
S-b4,priority_scan,77,ce,4.0,6,600,0.0380859375,0.4720052083333334,0.2958984375,0.1328795651594796,0.583984375,0.000 -0.237 0.059 0.251 0.459 -0.000
S-b4,priority_scan,77,ce,4.0,8,600,0.0009765625,0.4330357142857142,0.326904296875,0.16349183188544378,0.3759765625,0.000 -0.297 0.033 0.154 0.372 0.414 0.305 0.000
S-b4,priority_scan,77,ce,4.0,4,900,0.1796875,0.5402018229166667,0.2421875,0.0537106063630846,0.8779296875,0.000 -0.186 0.293 0.000
S-b4,priority_scan,77,ce,4.0,6,900,0.0263671875,0.4695312500000001,0.29866536458333337,0.11383225520451846,0.6923828125,0.000 -0.414 0.136 0.258 0.475 -0.000
S-b4,priority_scan,77,ce,4.0,8,900,0.0029296875,0.4377441406249999,0.3240966796875,0.23367720621603505,0.4912109375,0.000 -0.321 0.054 0.268 0.394 0.555 0.452 0.000
S-b4,priority_scan,88,ce,4.0,4,300,0.1796875,0.53955078125,0.240966796875,0.07817725340525311,0.7607421875,0.000 -0.212 0.369 0.000
S-b4,priority_scan,88,ce,4.0,6,300,0.017578125,0.4552734375000001,0.30533854166666663,0.12672697504361452,0.5087890625,0.000 -0.238 0.054 0.303 0.388 -0.000
S-b4,priority_scan,88,ce,4.0,8,300,0.00390625,0.43268694196428564,0.325439453125,0.18139697887279368,0.279296875,0.000 -0.268 0.103 0.270 0.381 0.314 0.289 0.000
S-b4,priority_scan,88,ce,4.0,4,600,0.1875,0.5398763020833333,0.242431640625,0.06979405879974365,0.8134765625,0.000 -0.171 0.310 0.000
S-b4,priority_scan,88,ce,4.0,6,600,0.0234375,0.45976562500000007,0.30403645833333337,0.10649815201759322,0.6298828125,0.000 -0.328 0.095 0.286 0.373 -0.000
S-b4,priority_scan,88,ce,4.0,8,600,0.0029296875,0.43701171874999994,0.3243408203125,0.22487132637589066,0.439453125,0.000 -0.330 0.152 0.191 0.326 0.528 0.481 0.000
S-b4,priority_scan,88,ce,4.0,4,900,0.197265625,0.5528971354166666,0.234619140625,0.13940228356255424,0.830078125,0.000 -0.047 0.325 0.000
S-b4,priority_scan,88,ce,4.0,6,900,0.0244140625,0.4639322916666667,0.30029296875,0.29685055216153444,0.5751953125,0.000 -0.166 0.283 0.511 0.560 -0.000
S-b4,priority_scan,88,ce,4.0,8,900,0.001953125,0.43000139508928564,0.328369140625,0.4115782402179859,0.3984375,0.000 -0.278 0.333 0.551 0.681 0.651 0.532 0.000
S-b4,position_scan,11,ce,4.0,4,300,0.3642578125,0.6106770833333333,0.213134765625,-0.11396818690829806,0.8115234375,0.599 0.141 -0.043 -0.440
S-b4,position_scan,11,ce,4.0,6,300,0.021484375,0.39824218750000007,0.34977213541666663,-0.12268275684780552,0.5458984375,1.162 0.481 0.207 -0.039 -0.338 -0.925
S-b4,position_scan,11,ce,4.0,8,300,0.0,0.3489467075892857,0.3902587890625,-0.12840573749844994,0.3603515625,1.618 0.906 0.527 0.184 -0.137 -0.384 -0.650 -1.345
S-b4,position_scan,11,ce,4.0,4,600,0.43359375,0.68798828125,0.163330078125,0.3649954442624692,0.880859375,0.216 0.480 0.486 0.129
S-b4,position_scan,11,ce,4.0,6,600,0.0400390625,0.4953125000000001,0.28092447916666663,0.5254151158862644,0.68359375,0.510 0.400 0.891 0.851 0.621 -0.136
S-b4,position_scan,11,ce,4.0,8,600,0.001953125,0.4445452008928571,0.3194580078125,0.7331121913970463,0.5107421875,0.652 0.360 0.920 1.241 1.151 1.046 0.656 -0.243
S-b4,position_scan,11,ce,4.0,4,900,0.765625,0.8837890625,0.057373046875,0.010444014160721382,0.87109375,-0.038 -0.109 -0.002 0.142
S-b4,position_scan,11,ce,4.0,6,900,0.39453125,0.7529947916666666,0.12906901041666666,0.017176263862185952,0.740234375,0.126 -0.252 -0.144 0.029 0.336 0.118
S-b4,position_scan,11,ce,4.0,8,900,0.095703125,0.6177804129464285,0.20751953125,0.02845790651109485,0.544921875,0.282 -0.285 -0.244 -0.187 -0.017 0.365 0.546 0.020
S-b4,position_scan,22,ce,4.0,4,300,0.3203125,0.6027018229166667,0.213134765625,-0.29268127900582774,0.814453125,0.324 -0.074 -0.276 -0.527
S-b4,position_scan,22,ce,4.0,6,300,0.025390625,0.4359375000000001,0.32177734375,-0.39613861507839637,0.5400390625,0.786 0.104 -0.110 -0.382 -0.562 -1.030
S-b4,position_scan,22,ce,4.0,8,300,0.0,0.3714076450892857,0.37255859375,-0.46439176514035185,0.2900390625,1.240 0.438 0.166 -0.210 -0.440 -0.658 -1.022 -1.526
S-b4,position_scan,22,ce,4.0,4,600,0.5390625,0.7511393229166667,0.128173828125,0.1496047443813748,0.857421875,0.303 0.279 0.113 0.056
S-b4,position_scan,22,ce,4.0,6,600,0.1328125,0.5541015625000001,0.24739583333333331,0.2795844607883029,0.67578125,0.663 0.433 0.477 0.259 0.300 -0.070
S-b4,position_scan,22,ce,4.0,8,600,0.0078125,0.4602050781249999,0.3089599609375,0.4005094180031428,0.45703125,0.947 0.591 0.782 0.495 0.350 0.390 0.393 -0.197
S-b4,position_scan,22,ce,4.0,4,900,0.740234375,0.86669921875,0.0673828125,0.23342737445124873,0.8916015625,0.095 0.260 0.195 0.245
S-b4,position_scan,22,ce,4.0,6,900,0.27734375,0.6873697916666667,0.16569010416666666,0.3643301063113742,0.7255859375,0.224 0.222 0.426 0.422 0.540 0.212
S-b4,position_scan,22,ce,4.0,8,900,0.03125,0.5496303013392856,0.2484130859375,0.4928568620530386,0.5654296875,0.468 0.147 0.486 0.567 0.596 0.727 0.794 0.133
S-b4,position_scan,33,ce,4.0,4,300,0.3193359375,0.6111653645833333,0.205078125,0.08665429221259223,0.7431640625,0.256 0.124 0.290 -0.154
S-b4,position_scan,33,ce,4.0,6,300,0.064453125,0.48795572916666674,0.2853190104166667,0.08451733324262826,0.4384765625,0.637 0.074 0.339 0.251 0.225 -0.466
S-b4,position_scan,33,ce,4.0,8,300,0.0029296875,0.4110979352678571,0.3419189453125,0.14627662916032097,0.193359375,0.953 0.332 0.328 0.323 0.447 0.354 0.057 -0.817
S-b4,position_scan,33,ce,4.0,4,600,0.5791015625,0.7737630208333333,0.116943359375,-0.19991574464020903,0.8583984375,-0.124 -0.261 -0.216 -0.122
S-b4,position_scan,33,ce,4.0,6,600,0.185546875,0.61953125,0.20491536458333331,-0.2827503151363797,0.6279296875,0.003 -0.428 -0.353 -0.257 -0.056 -0.319
S-b4,position_scan,33,ce,4.0,8,600,0.0244140625,0.5184849330357143,0.2689208984375,-0.3577366897038051,0.423828125,0.117 -0.641 -0.504 -0.436 -0.328 -0.131 0.014 -0.479
S-b4,position_scan,33,ce,4.0,4,900,0.7421875,0.8644205729166667,0.0693359375,0.09983287917243111,0.87890625,-0.131 0.024 0.141 0.135
S-b4,position_scan,33,ce,4.0,6,900,0.3486328125,0.7172526041666667,0.14990234375,0.11912762456470061,0.7509765625,-0.052 -0.286 0.119 0.272 0.440 0.051
S-b4,position_scan,33,ce,4.0,8,900,0.080078125,0.593017578125,0.223388671875,0.17260301680791942,0.587890625,0.047 -0.490 -0.180 0.252 0.425 0.644 0.610 -0.053
S-b4,position_scan,44,ce,4.0,4,300,0.37890625,0.62451171875,0.20458984375,-0.06238133819014938,0.8232421875,0.275 -0.101 0.100 -0.186
S-b4,position_scan,44,ce,4.0,6,300,0.0849609375,0.4923828125000001,0.28662109375,-0.1277118391460843,0.5966796875,0.714 -0.028 -0.104 0.023 0.015 -0.545
S-b4,position_scan,44,ce,4.0,8,300,0.0068359375,0.4112025669642857,0.34619140625,-0.1841630632915194,0.390625,1.046 0.213 -0.056 -0.256 -0.114 0.018 -0.195 -0.900
S-b4,position_scan,44,ce,4.0,4,600,0.5771484375,0.77099609375,0.11865234375,0.03711470851191767,0.7958984375,0.262 0.214 -0.046 -0.056
S-b4,position_scan,44,ce,4.0,6,600,0.177734375,0.5930338541666667,0.2216796875,0.07129436069064665,0.56640625,0.529 0.241 0.264 0.067 0.050 -0.265
S-b4,position_scan,44,ce,4.0,8,600,0.0244140625,0.5012555803571428,0.2803955078125,0.19165761887081084,0.3408203125,0.701 0.447 0.540 0.427 0.155 0.079 0.075 -0.382
S-b4,position_scan,44,ce,4.0,4,900,0.7333984375,0.8575846354166667,0.07373046875,0.11286603079901801,0.884765625,0.028 0.119 0.119 0.100
S-b4,position_scan,44,ce,4.0,6,900,0.3681640625,0.7220703125000001,0.14778645833333331,0.17681117190255052,0.734375,0.224 -0.017 0.214 0.217 0.369 0.101
S-b4,position_scan,44,ce,4.0,8,900,0.08984375,0.5900530133928572,0.2264404296875,0.24798643021356495,0.626953125,0.381 -0.161 0.226 0.244 0.339 0.516 0.551 0.020
S-b4,position_scan,55,ce,4.0,4,300,0.3583984375,0.6201171875,0.204833984375,-0.18782699549639667,0.8154296875,0.330 -0.105 -0.102 -0.356
S-b4,position_scan,55,ce,4.0,6,300,0.056640625,0.46321614583333337,0.30485026041666663,-0.23773374822404655,0.5546875,0.773 0.074 -0.067 -0.107 -0.256 -0.833
S-b4,position_scan,55,ce,4.0,8,300,0.001953125,0.37730189732142855,0.3697509765625,-0.29546260833740234,0.31640625,1.189 0.302 0.048 -0.057 -0.290 -0.233 -0.618 -1.220
S-b4,position_scan,55,ce,4.0,4,600,0.62109375,0.7932942708333333,0.107421875,-0.025349502210263847,0.8447265625,0.018 -0.051 -0.047 0.022
S-b4,position_scan,55,ce,4.0,6,600,0.2080078125,0.6188802083333333,0.20768229166666666,-0.006460395124223551,0.6611328125,0.223 -0.134 0.044 -0.022 0.143 -0.064
S-b4,position_scan,55,ce,4.0,8,600,0.04296875,0.5173688616071428,0.273193359375,-0.005680644322955413,0.458984375,0.375 -0.263 0.021 0.002 -0.027 0.123 0.284 -0.179
S-b4,position_scan,55,ce,4.0,4,900,0.7626953125,0.8722330729166667,0.066162109375,0.06040003564622667,0.90625,0.094 0.122 0.025 0.035
S-b4,position_scan,55,ce,4.0,6,900,0.431640625,0.7539713541666667,0.13102213541666669,0.10244895352257621,0.7861328125,0.208 0.106 0.254 0.128 0.115 -0.091
S-b4,position_scan,55,ce,4.0,8,900,0.16796875,0.6557268415178571,0.1878662109375,0.13407555837479845,0.6689453125,0.402 -0.010 0.347 0.310 0.144 0.205 0.211 -0.269
S-b4,position_scan,66,ce,4.0,4,300,0.30859375,0.5930989583333333,0.21875,0.05758612244217484,0.7822265625,0.387 0.141 0.257 -0.226
S-b4,position_scan,66,ce,4.0,6,300,0.0517578125,0.45572916666666674,0.31103515625,0.15645433796776664,0.5146484375,0.829 0.378 0.459 0.381 0.163 -0.599
S-b4,position_scan,66,ce,4.0,8,300,0.0,0.378173828125,0.367431640625,0.22837235814049126,0.294921875,1.252 0.577 0.617 0.484 0.505 0.444 -0.054 -0.975
S-b4,position_scan,66,ce,4.0,4,600,0.59375,0.77197265625,0.12060546875,-0.00775262161537453,0.859375,0.092 0.119 -0.072 -0.071
S-b4,position_scan,66,ce,4.0,6,600,0.171875,0.5892578125000001,0.2255859375,0.02687141630384653,0.6484375,0.293 0.094 0.283 0.016 0.023 -0.282
S-b4,position_scan,66,ce,4.0,8,600,0.0244140625,0.49243164062499994,0.287109375,0.07478066853114539,0.3916015625,0.441 0.121 0.367 0.289 0.045 0.025 0.081 -0.406
S-b4,position_scan,66,ce,4.0,4,900,0.6826171875,0.8289388020833334,0.088623046875,0.24485212785226326,0.919921875,0.309 0.308 0.257 0.169
S-b4,position_scan,66,ce,4.0,6,900,0.205078125,0.6436848958333334,0.19091796875,0.40247183375888396,0.7802734375,0.469 0.421 0.483 0.439 0.563 0.106
S-b4,position_scan,66,ce,4.0,8,900,0.0185546875,0.5061732700892856,0.278076171875,0.5738283149779788,0.6494140625,0.704 0.438 0.628 0.656 0.684 0.875 0.755 -0.019
S-b4,position_scan,77,ce,4.0,4,300,0.3056640625,0.58935546875,0.220703125,0.13052684289437752,0.7734375,0.472 0.274 0.332 -0.215
S-b4,position_scan,77,ce,4.0,6,300,0.0361328125,0.43574218750000004,0.3225911458333333,0.20973779095543757,0.5244140625,1.012 0.430 0.467 0.407 0.297 -0.552
S-b4,position_scan,77,ce,4.0,8,300,0.0009765625,0.3790108816964285,0.367431640625,0.3466173202272446,0.2900390625,1.479 0.734 0.714 0.674 0.677 0.479 0.052 -0.903
S-b4,position_scan,77,ce,4.0,4,600,0.4921875,0.71630859375,0.14892578125,0.3545218485373038,0.8671875,0.151 0.303 0.526 0.235
S-b4,position_scan,77,ce,4.0,6,600,0.0615234375,0.5151041666666667,0.26920572916666663,0.5437100066079034,0.7060546875,0.390 0.168 0.663 0.921 0.871 0.095
S-b4,position_scan,77,ce,4.0,8,600,0.001953125,0.4613211495535714,0.307861328125,0.7394950730460031,0.51171875,0.577 0.112 0.575 0.912 1.263 1.340 0.971 0.003
S-b4,position_scan,77,ce,4.0,4,900,0.671875,0.81982421875,0.093994140625,0.24739605409127693,0.90625,0.226 0.322 0.304 0.116
S-b4,position_scan,77,ce,4.0,6,900,0.236328125,0.6434244791666667,0.19319661458333331,0.39557768238915336,0.732421875,0.377 0.389 0.575 0.534 0.485 -0.005
S-b4,position_scan,77,ce,4.0,8,900,0.0166015625,0.5044294084821428,0.2794189453125,0.5402031209733751,0.5703125,0.535 0.370 0.721 0.719 0.748 0.827 0.584 -0.188
S-b4,position_scan,88,ce,4.0,4,300,0.2763671875,0.57861328125,0.224853515625,0.25421067520424173,0.794921875,0.428 0.272 0.468 0.023
S-b4,position_scan,88,ce,4.0,6,300,0.037109375,0.46953125000000007,0.2976888020833333,0.3575601312849256,0.52734375,0.821 0.354 0.431 0.656 0.586 -0.239
S-b4,position_scan,88,ce,4.0,8,300,0.0009765625,0.4094587053571428,0.343994140625,0.4480499691433377,0.271484375,1.215 0.557 0.479 0.609 0.701 0.841 0.467 -0.517
S-b4,position_scan,88,ce,4.0,4,600,0.5751953125,0.7615559895833333,0.125244140625,0.13062962779292353,0.8330078125,0.259 0.157 0.172 0.062
S-b4,position_scan,88,ce,4.0,6,600,0.1689453125,0.5866536458333333,0.22672526041666666,0.21081286006503636,0.619140625,0.617 0.233 0.284 0.280 0.358 -0.100
S-b4,position_scan,88,ce,4.0,8,600,0.0126953125,0.48992047991071425,0.2882080078125,0.32359747659592397,0.4150390625,0.818 0.411 0.383 0.370 0.367 0.474 0.466 -0.205
S-b4,position_scan,88,ce,4.0,4,900,0.748046875,0.8660481770833334,0.06884765625,0.15713682881108038,0.9130859375,0.237 0.291 0.085 0.096
S-b4,position_scan,88,ce,4.0,6,900,0.2939453125,0.6883463541666667,0.16650390624999997,0.276377174589369,0.7705078125,0.404 0.376 0.494 0.242 0.284 -0.014
S-b4,position_scan,88,ce,4.0,8,900,0.044921875,0.5496303013392856,0.250732421875,0.40820076352074036,0.638671875,0.665 0.391 0.686 0.615 0.433 0.401 0.447 -0.115
S-b4,phase_scan,11,ce,4.0,4,300,0.4921875,0.6979166666666666,0.162841796875,0.03806582203617801,0.0009765625,0.180 0.220 -0.074 -0.032
S-b4,phase_scan,11,ce,4.0,6,300,0.1181640625,0.5176432291666668,0.27229817708333337,0.03251569800906691,0.0,0.573 0.242 0.294 -0.117 0.117 -0.372
S-b4,phase_scan,11,ce,4.0,8,300,0.013671875,0.4366978236607142,0.3275146484375,0.04895041859339154,0.0,0.904 0.162 0.611 0.300 -0.122 -0.210 0.321 -0.719
S-b4,phase_scan,11,ce,4.0,4,600,0.6982421875,0.8377278645833334,0.083740234375,0.17987591248971446,0.0,0.066 0.265 0.160 0.114
S-b4,phase_scan,11,ce,4.0,6,600,0.271484375,0.6727864583333334,0.17578125,0.2673618925942314,0.0,0.357 0.297 0.378 0.382 0.503 -0.223
S-b4,phase_scan,11,ce,4.0,8,600,0.0537109375,0.555908203125,0.2471923828125,0.28276131266639354,0.0,0.695 -0.015 0.661 0.385 0.438 0.355 0.695 -0.540
S-b4,phase_scan,11,ce,4.0,4,900,0.73828125,0.8722330729166667,0.0625,0.15291236065052174,0.0009765625,-0.107 0.253 0.196 0.010
S-b4,phase_scan,11,ce,4.0,6,900,0.4013671875,0.7625,0.123046875,0.1852159235212536,0.0,0.082 0.140 0.301 0.425 0.342 -0.282
S-b4,phase_scan,11,ce,4.0,8,900,0.103515625,0.6196986607142857,0.2076416015625,0.16806337568495006,0.0,0.357 -0.458 0.523 0.341 0.632 0.278 0.494 -0.633
S-b4,phase_scan,22,ce,4.0,4,300,0.458984375,0.6845703125,0.168701171875,0.06528682178921169,0.001953125,0.216 0.257 0.030 -0.091
S-b4,phase_scan,22,ce,4.0,6,300,0.107421875,0.524609375,0.2666015625,0.09294328424665645,0.0,0.582 0.354 0.362 0.013 0.194 -0.459
S-b4,phase_scan,22,ce,4.0,8,300,0.0107421875,0.4346400669642857,0.329345703125,0.10791513654920792,0.0,0.929 0.270 0.714 0.314 0.006 0.030 0.252 -0.831
S-b4,phase_scan,22,ce,4.0,4,600,0.6552734375,0.82275390625,0.0888671875,0.14936133667274756,0.0009765625,0.065 0.326 0.176 -0.054
S-b4,phase_scan,22,ce,4.0,6,600,0.201171875,0.6196614583333333,0.20686848958333331,0.24545480145348422,0.0,0.349 0.407 0.463 0.431 0.352 -0.425
S-b4,phase_scan,22,ce,4.0,8,600,0.015625,0.48500279017857134,0.29296875,0.2873594987960089,0.0,0.659 -0.046 0.856 0.546 0.619 0.382 0.457 -0.802
S-b4,phase_scan,22,ce,4.0,4,900,0.689453125,0.8483072916666667,0.074951171875,0.26211217597678854,0.0,0.065 0.191 0.343 0.252
S-b4,phase_scan,22,ce,4.0,6,900,0.130859375,0.6035807291666666,0.21272786458333331,0.4842288229200574,0.0,0.352 0.438 0.304 0.641 1.038 0.001
S-b4,phase_scan,22,ce,4.0,8,900,0.001953125,0.4851422991071428,0.2899169921875,0.5882022305140419,0.0,0.689 0.007 0.669 0.482 0.861 1.188 1.198 -0.288
S-b4,phase_scan,33,ce,4.0,4,300,0.4345703125,0.66552734375,0.1796875,0.09849892722235787,0.001953125,0.158 0.304 0.195 -0.203
S-b4,phase_scan,33,ce,4.0,6,300,0.09375,0.4966796875,0.28483072916666663,0.06601299179924842,0.0,0.524 0.075 0.525 0.266 0.074 -0.611
S-b4,phase_scan,33,ce,4.0,8,300,0.00390625,0.411865234375,0.3448486328125,0.08124107406252905,0.0,0.859 -0.011 0.599 0.582 0.449 0.068 -0.060 -1.058
S-b4,phase_scan,33,ce,4.0,4,600,0.703125,0.8470052083333333,0.077392578125,0.12525161107381186,0.0,-0.052 0.177 0.140 0.058
S-b4,phase_scan,33,ce,4.0,6,600,0.2412109375,0.66171875,0.1806640625,0.17243376705381586,0.0,0.240 -0.031 0.264 0.321 0.592 -0.284
S-b4,phase_scan,33,ce,4.0,8,600,0.0458984375,0.5312848772321428,0.262939453125,0.21751468143765892,0.0,0.550 -0.488 0.448 0.358 0.539 0.481 0.803 -0.619
S-b4,phase_scan,33,ce,4.0,4,900,0.7607421875,0.8806966145833334,0.059326171875,0.13946303614863642,0.0,-0.113 0.105 0.178 0.135
S-b4,phase_scan,33,ce,4.0,6,900,0.3408203125,0.7237630208333334,0.14518229166666663,0.12561692131890173,0.0,0.134 -0.158 0.045 0.347 0.559 -0.166
S-b4,phase_scan,33,ce,4.0,8,900,0.103515625,0.6063406808035714,0.21630859375,0.11812266849336168,0.0,0.476 -0.634 0.200 0.050 0.464 0.383 0.837 -0.474
S-b4,phase_scan,44,ce,4.0,4,300,0.421875,0.6622721354166667,0.180419921875,0.11845310529073079,0.001953125,0.107 0.308 0.128 -0.080
S-b4,phase_scan,44,ce,4.0,6,300,0.0966796875,0.5085937500000002,0.27652994791666663,0.13628337118360712,0.0,0.468 0.120 0.483 0.255 0.319 -0.496
S-b4,phase_scan,44,ce,4.0,8,300,0.0107421875,0.4314313616071428,0.3309326171875,0.15000736902630513,0.0,0.794 -0.024 0.681 0.563 0.310 0.189 0.261 -0.930
S-b4,phase_scan,44,ce,4.0,4,600,0.6748046875,0.8248697916666666,0.090576171875,0.1566508964256004,0.0,-0.021 0.295 0.177 -0.002
S-b4,phase_scan,44,ce,4.0,6,600,0.208984375,0.6352213541666667,0.19645182291666666,0.25453636381361205,0.0,0.254 0.250 0.530 0.465 0.414 -0.386
S-b4,phase_scan,44,ce,4.0,8,600,0.029296875,0.515625,0.2723388671875,0.30574128741309753,0.0,0.550 -0.174 0.696 0.684 0.718 0.432 0.553 -0.769
S-b4,phase_scan,44,ce,4.0,4,900,0.7705078125,0.8780924479166667,0.062744140625,0.11193845007154675,0.0,0.075 0.018 0.228 0.090
S-b4,phase_scan,44,ce,4.0,6,900,0.376953125,0.7379557291666667,0.13850911458333334,0.2274368736479016,0.0,0.348 0.264 0.023 0.470 0.569 -0.190
S-b4,phase_scan,44,ce,4.0,8,900,0.0859375,0.5850306919642856,0.230224609375,0.26872379439217703,0.0,0.681 0.114 0.419 -0.047 0.662 0.519 0.739 -0.526
S-b4,phase_scan,55,ce,4.0,4,300,0.3095703125,0.5989583333333333,0.212646484375,0.003183285395304362,0.0009765625,0.281 0.284 -0.075 -0.200
S-b4,phase_scan,55,ce,4.0,6,300,0.0517578125,0.45930989583333337,0.30208333333333326,0.04999305142296666,0.0,0.650 0.454 0.357 0.095 0.008 -0.663
S-b4,phase_scan,55,ce,4.0,8,300,0.0009765625,0.3700474330357143,0.3656005859375,0.12260351862226211,0.0,1.053 0.373 0.919 0.512 0.118 0.109 -0.061 -1.111
S-b4,phase_scan,55,ce,4.0,4,600,0.6513671875,0.8146158854166667,0.094970703125,0.17499614644933628,0.0,-0.027 0.280 0.251 -0.006
S-b4,phase_scan,55,ce,4.0,6,600,0.2060546875,0.63203125,0.19905598958333331,0.19869785838656936,0.0,0.279 0.062 0.393 0.532 0.354 -0.347
S-b4,phase_scan,55,ce,4.0,8,600,0.04296875,0.5361676897321428,0.2598876953125,0.19778323551965132,0.0,0.578 -0.431 0.487 0.455 0.703 0.369 0.490 -0.688
S-b4,phase_scan,55,ce,4.0,4,900,0.7958984375,0.8927408854166667,0.054931640625,0.12309462935836228,0.0,-0.021 0.096 0.180 0.093
S-b4,phase_scan,55,ce,4.0,6,900,0.419921875,0.7531901041666667,0.13037109375,0.19111555152469192,0.0,0.236 0.170 0.083 0.415 0.438 -0.151
S-b4,phase_scan,55,ce,4.0,8,900,0.12109375,0.6162806919642857,0.2115478515625,0.22326196943010604,0.0,0.539 -0.216 0.485 0.051 0.571 0.405 0.723 -0.458
S-b4,phase_scan,66,ce,4.0,4,300,0.44140625,0.6682942708333334,0.178955078125,0.0729823112487793,0.0,0.147 0.233 0.095 -0.109
S-b4,phase_scan,66,ce,4.0,6,300,0.0966796875,0.501171875,0.28304036458333337,0.10465706719292518,0.0,0.510 0.128 0.447 0.232 0.219 -0.503
S-b4,phase_scan,66,ce,4.0,8,300,0.0087890625,0.4128069196428571,0.3450927734375,0.14972813545711455,0.0,0.848 0.009 0.580 0.544 0.344 0.263 0.212 -0.905
S-b4,phase_scan,66,ce,4.0,4,600,0.619140625,0.79052734375,0.109619140625,0.17131783344127513,0.0,0.228 0.425 0.067 0.022
S-b4,phase_scan,66,ce,4.0,6,600,0.173828125,0.5981770833333333,0.22021484375,0.31968122058444537,0.0,0.509 0.676 0.623 0.302 0.313 -0.315
S-b4,phase_scan,66,ce,4.0,8,600,0.015625,0.48908342633928564,0.2911376953125,0.4159991135672918,0.0,0.839 0.376 1.041 0.745 0.539 0.283 0.545 -0.618
S-b4,phase_scan,66,ce,4.0,4,900,0.78515625,0.892578125,0.05322265625,-0.013101277527985747,0.0009765625,-0.086 -0.024 -0.105 0.090
S-b4,phase_scan,66,ce,4.0,6,900,0.421875,0.7578125,0.12727864583333331,-0.07602950599458488,0.0,0.169 -0.106 -0.149 -0.112 0.187 -0.199
S-b4,phase_scan,66,ce,4.0,8,900,0.1630859375,0.6612025669642856,0.1822509765625,-0.1200061941903735,0.0,0.491 -0.498 0.111 -0.234 -0.135 -0.163 0.602 -0.524
S-b4,phase_scan,77,ce,4.0,4,300,0.4248046875,0.6668294270833334,0.177734375,0.10719904193171748,0.0009765625,0.126 0.190 0.215 -0.084
S-b4,phase_scan,77,ce,4.0,6,300,0.10546875,0.5218750000000001,0.26806640625,0.13619920942518426,0.0,0.513 0.197 0.303 0.310 0.345 -0.474
S-b4,phase_scan,77,ce,4.0,8,300,0.0107421875,0.4469866071428571,0.3206787109375,0.16343160281105648,0.0,0.855 0.164 0.464 0.344 0.385 0.314 0.315 -0.841
S-b4,phase_scan,77,ce,4.0,4,600,0.70703125,0.8460286458333334,0.07861328125,0.1485450621004458,0.0,-0.033 0.203 0.161 0.081
S-b4,phase_scan,77,ce,4.0,6,600,0.2587890625,0.6643880208333334,0.18098958333333334,0.2200813028547497,0.0,0.197 0.105 0.387 0.441 0.432 -0.265
S-b4,phase_scan,77,ce,4.0,8,600,0.0546875,0.5346330915178571,0.2625732421875,0.2529150531405494,0.0,0.463 -0.327 0.557 0.547 0.637 0.351 0.611 -0.605
S-b4,phase_scan,77,ce,4.0,4,900,0.7685546875,0.8798828125,0.060791015625,0.09497064131277579,0.0,-0.048 0.032 0.145 0.108
S-b4,phase_scan,77,ce,4.0,6,900,0.3564453125,0.7332682291666666,0.14046223958333331,0.12191743983162753,0.0,0.192 -0.118 0.030 0.330 0.540 -0.173
S-b4,phase_scan,77,ce,4.0,8,900,0.1083984375,0.6151297433035715,0.210693359375,0.15152812004089355,0.0,0.495 -0.475 0.302 0.037 0.544 0.404 0.741 -0.493
S-b4,phase_scan,88,ce,4.0,4,300,0.4482421875,0.6878255208333333,0.164794921875,0.17247606206823282,0.0,0.029 0.337 0.231 -0.051
S-b4,phase_scan,88,ce,4.0,6,300,0.0947265625,0.5101562500000001,0.27408854166666663,0.18614448441399448,0.0,0.355 0.120 0.487 0.351 0.358 -0.385
S-b4,phase_scan,88,ce,4.0,8,300,0.0087890625,0.4394182477678571,0.3243408203125,0.24168069400484601,0.0,0.676 -0.160 0.697 0.607 0.510 0.371 0.385 -0.717
S-b4,phase_scan,88,ce,4.0,4,600,0.564453125,0.7687174479166666,0.118896484375,0.2398583624098036,0.0,0.413 0.456 0.256 0.007
S-b4,phase_scan,88,ce,4.0,6,600,0.0546875,0.5180989583333334,0.26595052083333337,0.46608767244550897,0.0,0.771 0.948 0.753 0.551 0.419 -0.341
S-b4,phase_scan,88,ce,4.0,8,600,0.0009765625,0.4230259486607142,0.335205078125,0.599539185327197,0.0,1.155 0.937 1.244 0.942 0.817 0.463 0.500 -0.707
S-b4,phase_scan,88,ce,4.0,4,900,0.7724609375,0.8829752604166666,0.059326171875,0.15415054780465584,0.0,0.058 0.215 0.167 0.081
S-b4,phase_scan,88,ce,4.0,6,900,0.3486328125,0.7219401041666667,0.1474609375,0.21646079752180292,0.0,0.310 0.150 0.230 0.370 0.551 -0.220
S-b4,phase_scan,88,ce,4.0,8,900,0.103515625,0.5897739955357142,0.2271728515625,0.26070844559442424,0.0,0.655 -0.144 0.539 0.244 0.531 0.446 0.753 -0.545
S-b16,priority_scan,11,ce,16.0,4,300,0.173828125,0.5400390625,0.238525390625,0.03958337836795381,0.7001953125,0.000 -0.127 0.206 0.000
S-b16,priority_scan,11,ce,16.0,6,300,0.01953125,0.4595703125000001,0.29947916666666663,0.08042618632316571,0.4150390625,0.000 -0.278 0.105 0.227 0.268 -0.000
S-b16,priority_scan,11,ce,16.0,8,300,0.0009765625,0.43397739955357134,0.321044921875,0.15081076710312452,0.2216796875,0.000 -0.223 0.114 0.166 0.282 0.258 0.307 0.000
S-b16,priority_scan,11,ce,16.0,4,600,0.1982421875,0.5499674479166666,0.237060546875,0.08010413911607533,0.8193359375,0.000 -0.156 0.316 0.000
S-b16,priority_scan,11,ce,16.0,6,600,0.0205078125,0.45944010416666675,0.30305989583333337,0.07770831386248253,0.58984375,0.000 -0.358 0.017 0.202 0.450 -0.000
S-b16,priority_scan,11,ce,16.0,8,600,0.0029296875,0.4342564174107142,0.3253173828125,0.18226672101903843,0.419921875,0.000 -0.368 0.073 0.235 0.238 0.435 0.480 0.000
S-b16,priority_scan,11,ce,16.0,4,900,0.1943359375,0.5501302083333334,0.235595703125,0.04002134005228679,0.83984375,0.000 -0.196 0.276 0.000
S-b16,priority_scan,11,ce,16.0,6,900,0.0244140625,0.4730468750000001,0.29443359375,0.08470515410105368,0.634765625,0.000 -0.332 0.062 0.208 0.402 -0.000
S-b16,priority_scan,11,ce,16.0,8,900,0.00390625,0.43261718749999994,0.32763671875,0.140771402253045,0.4365234375,0.000 -0.389 0.033 0.186 0.265 0.359 0.390 0.000
S-b16,priority_scan,22,ce,16.0,4,300,0.181640625,0.5397135416666667,0.24072265625,0.07923808362748888,0.7646484375,0.000 -0.123 0.281 0.000
S-b16,priority_scan,22,ce,16.0,6,300,0.029296875,0.4770833333333334,0.29052734375,0.10934899250666283,0.49609375,0.000 -0.274 0.002 0.349 0.361 -0.000
S-b16,priority_scan,22,ce,16.0,8,300,0.0,0.4370465959821428,0.32080078125,0.14371066181748002,0.2900390625,0.000 -0.287 -0.034 0.263 0.196 0.345 0.379 0.000
S-b16,priority_scan,22,ce,16.0,4,600,0.1875,0.5445963541666666,0.239501953125,-0.012331008911132812,0.841796875,0.000 -0.221 0.197 0.000
S-b16,priority_scan,22,ce,16.0,6,600,0.0244140625,0.4629557291666668,0.3014322916666667,0.0763140618801115,0.59375,0.000 -0.424 0.055 0.226 0.448 -0.000
S-b16,priority_scan,22,ce,16.0,8,600,0.0,0.42689732142857134,0.3310546875,0.12672188105406587,0.400390625,0.000 -0.394 0.025 0.128 0.289 0.335 0.377 0.000
S-b16,priority_scan,22,ce,16.0,4,900,0.1875,0.5486653645833334,0.236328125,0.06812592347462973,0.8447265625,0.000 -0.167 0.304 0.000
S-b16,priority_scan,22,ce,16.0,6,900,0.025390625,0.46725260416666675,0.298828125,0.12229154507319116,0.6513671875,0.000 -0.295 0.088 0.264 0.433 -0.000
S-b16,priority_scan,22,ce,16.0,8,900,0.0009765625,0.4277692522321428,0.33203125,0.13340155283610025,0.4521484375,0.000 -0.392 -0.034 0.199 0.205 0.355 0.468 0.000
S-b16,priority_scan,33,ce,16.0,4,300,0.1875,0.54541015625,0.23779296875,0.038684142960442425,0.748046875,0.000 -0.123 0.201 0.000
S-b16,priority_scan,33,ce,16.0,6,300,0.017578125,0.4617838541666668,0.2998046875,0.0682230293750761,0.4619140625,0.000 -0.277 0.062 0.114 0.373 -0.000
S-b16,priority_scan,33,ce,16.0,8,300,0.0009765625,0.4331752232142857,0.3240966796875,0.11941042211320663,0.255859375,0.000 -0.356 0.043 0.143 0.184 0.310 0.392 0.000
S-b16,priority_scan,33,ce,16.0,4,600,0.1923828125,0.5501302083333334,0.23486328125,0.00785357422298856,0.7939453125,0.000 -0.181 0.197 0.000
S-b16,priority_scan,33,ce,16.0,6,600,0.0126953125,0.45618489583333344,0.3050130208333333,0.04253834486007674,0.53125,0.000 -0.354 -0.000 0.150 0.374 -0.000
S-b16,priority_scan,33,ce,16.0,8,600,0.0009765625,0.4272809709821428,0.32958984375,0.07519046465555825,0.2958984375,0.000 -0.472 -0.072 0.171 0.195 0.267 0.362 0.000
S-b16,priority_scan,33,ce,16.0,4,900,0.1845703125,0.5445963541666666,0.2392578125,0.06416261196136475,0.8330078125,0.000 -0.151 0.279 0.000
S-b16,priority_scan,33,ce,16.0,6,900,0.0205078125,0.46106770833333344,0.30192057291666663,0.10787159204483016,0.6103515625,0.000 -0.327 0.116 0.198 0.445 -0.000
S-b16,priority_scan,33,ce,16.0,8,900,0.0029296875,0.4344308035714285,0.3260498046875,0.16013366204720955,0.4072265625,0.000 -0.380 0.157 0.158 0.202 0.422 0.402 0.000
S-b16,priority_scan,44,ce,16.0,4,300,0.1923828125,0.541015625,0.241943359375,0.03484421306186253,0.7890625,0.000 -0.219 0.289 0.000
S-b16,priority_scan,44,ce,16.0,6,300,0.0244140625,0.46796875000000016,0.29638671875,0.06630678971608461,0.5576171875,0.000 -0.337 0.033 0.272 0.297 -0.000
S-b16,priority_scan,44,ce,16.0,8,300,0.001953125,0.4408482142857142,0.3209228515625,0.15916287899017334,0.341796875,0.000 -0.315 0.046 0.127 0.275 0.447 0.375 0.000
S-b16,priority_scan,44,ce,16.0,4,600,0.1787109375,0.5359700520833334,0.243408203125,0.03652817673153347,0.7646484375,0.000 -0.200 0.273 0.000
S-b16,priority_scan,44,ce,16.0,6,600,0.0302734375,0.4682942708333334,0.29654947916666663,0.10351161162058495,0.533203125,0.000 -0.333 0.085 0.270 0.391 -0.000
S-b16,priority_scan,44,ce,16.0,8,600,0.0009765625,0.4361397879464285,0.3236083984375,0.1874722816326,0.3369140625,0.000 -0.274 -0.005 0.292 0.301 0.407 0.403 0.000
S-b16,priority_scan,44,ce,16.0,4,900,0.1748046875,0.537109375,0.24365234375,0.034369362725151925,0.8271484375,0.000 -0.200 0.269 0.000
S-b16,priority_scan,44,ce,16.0,6,900,0.02734375,0.46699218750000016,0.2994791666666667,0.08726547161738059,0.6435546875,0.000 -0.388 0.023 0.233 0.481 -0.000
S-b16,priority_scan,44,ce,16.0,8,900,0.0029296875,0.43048967633928564,0.328857421875,0.1699695543006614,0.4326171875,0.000 -0.359 0.022 0.164 0.327 0.416 0.450 0.000
S-b16,priority_scan,55,ce,16.0,4,300,0.18359375,0.5397135416666666,0.241455078125,0.0006222062640719866,0.7470703125,0.000 -0.184 0.185 0.000
S-b16,priority_scan,55,ce,16.0,6,300,0.0263671875,0.4671875000000001,0.2955729166666667,0.06290237108866356,0.490234375,0.000 -0.328 0.105 0.100 0.375 -0.000
S-b16,priority_scan,55,ce,16.0,8,300,0.001953125,0.43038504464285704,0.326171875,0.19866433408525255,0.25,0.000 -0.214 0.196 0.224 0.323 0.376 0.286 0.000
S-b16,priority_scan,55,ce,16.0,4,600,0.1923828125,0.5460611979166666,0.238525390625,-0.01360774040222168,0.8115234375,0.000 -0.210 0.183 0.000
S-b16,priority_scan,55,ce,16.0,6,600,0.017578125,0.4618489583333334,0.30061848958333337,0.03368645906448346,0.546875,0.000 -0.403 0.061 0.167 0.311 -0.000
S-b16,priority_scan,55,ce,16.0,8,600,0.0029296875,0.43244280133928564,0.3265380859375,0.1580553143112748,0.369140625,0.000 -0.300 0.070 0.136 0.318 0.322 0.402 0.000
S-b16,priority_scan,55,ce,16.0,4,900,0.1806640625,0.5419921875,0.24072265625,0.024319092432657882,0.845703125,0.000 -0.179 0.228 0.000
S-b16,priority_scan,55,ce,16.0,6,900,0.0263671875,0.4632161458333334,0.30159505208333337,0.08985122044881166,0.6455078125,0.000 -0.282 0.037 0.158 0.446 -0.000
S-b16,priority_scan,55,ce,16.0,8,900,0.001953125,0.4349190848214285,0.325439453125,0.11453111966451007,0.4091796875,0.000 -0.429 0.077 0.078 0.186 0.385 0.391 0.000
S-b16,priority_scan,66,ce,16.0,4,300,0.1796875,0.5411783854166667,0.23876953125,-0.0005748536851671038,0.69921875,0.000 -0.215 0.214 0.000
S-b16,priority_scan,66,ce,16.0,6,300,0.029296875,0.4673828125000001,0.29508463541666663,0.11348843574523909,0.4169921875,0.000 -0.176 0.143 0.251 0.236 -0.000
S-b16,priority_scan,66,ce,16.0,8,300,0.0048828125,0.4355817522321428,0.321533203125,0.10666975268611201,0.2119140625,0.000 -0.311 0.070 0.124 0.216 0.287 0.254 0.000
S-b16,priority_scan,66,ce,16.0,4,600,0.1787109375,0.5486653645833334,0.23486328125,0.03694117069244385,0.7783203125,0.000 -0.182 0.256 0.000
S-b16,priority_scan,66,ce,16.0,6,600,0.0234375,0.4662760416666668,0.29833984375,0.067928632100423,0.541015625,0.000 -0.378 0.092 0.180 0.378 -0.000
S-b16,priority_scan,66,ce,16.0,8,600,0.001953125,0.43000139508928564,0.328125,0.19099039060098152,0.30859375,0.000 -0.228 0.050 0.193 0.295 0.460 0.374 0.000
S-b16,priority_scan,66,ce,16.0,4,900,0.19140625,0.5428059895833333,0.24072265625,0.0825496514638265,0.794921875,0.000 -0.131 0.296 0.000
S-b16,priority_scan,66,ce,16.0,6,900,0.0205078125,0.46165364583333346,0.3014322916666667,0.09977802634239179,0.5615234375,0.000 -0.286 0.092 0.241 0.352 -0.000
S-b16,priority_scan,66,ce,16.0,8,900,0.00390625,0.4408133370535714,0.320556640625,0.12304813773543745,0.357421875,0.000 -0.323 0.020 0.146 0.155 0.409 0.331 0.000
S-b16,priority_scan,77,ce,16.0,4,300,0.1796875,0.53955078125,0.239990234375,0.032411879963345006,0.72265625,0.000 -0.184 0.249 0.000
S-b16,priority_scan,77,ce,16.0,6,300,0.017578125,0.4585937500000001,0.3009440104166667,0.06498689452807091,0.4951171875,0.000 -0.373 0.066 0.197 0.370 -0.000
S-b16,priority_scan,77,ce,16.0,8,300,0.001953125,0.43854631696428564,0.3194580078125,0.17146240781854702,0.2236328125,0.000 -0.171 0.063 0.151 0.228 0.380 0.379 0.000
S-b16,priority_scan,77,ce,16.0,4,600,0.1865234375,0.537109375,0.24365234375,0.02073208491007486,0.7919921875,0.000 -0.217 0.258 0.000
S-b16,priority_scan,77,ce,16.0,6,600,0.0283203125,0.47128906250000013,0.2945963541666667,0.08465538422266625,0.533203125,0.000 -0.246 0.024 0.131 0.430 -0.000
S-b16,priority_scan,77,ce,16.0,8,600,0.001953125,0.43293108258928564,0.325439453125,0.12345735673551206,0.3232421875,0.000 -0.334 -0.006 0.129 0.263 0.353 0.336 0.000
S-b16,priority_scan,77,ce,16.0,4,900,0.1826171875,0.5432942708333334,0.239990234375,0.0266544024149577,0.857421875,0.000 -0.229 0.282 0.000
S-b16,priority_scan,77,ce,16.0,6,900,0.025390625,0.46933593750000013,0.2978515625,0.02313931783040346,0.640625,0.000 -0.468 0.040 0.132 0.389 -0.000
S-b16,priority_scan,77,ce,16.0,8,900,0.001953125,0.43861607142857134,0.3228759765625,0.13184739483727348,0.4453125,0.000 -0.329 -0.027 0.125 0.299 0.346 0.377 0.000
S-b16,priority_scan,88,ce,16.0,4,300,0.1669921875,0.5387369791666667,0.238525390625,0.1240987910164727,0.73828125,0.000 -0.124 0.372 0.000
S-b16,priority_scan,88,ce,16.0,6,300,0.0234375,0.4632812500000001,0.2978515625,0.11284038424491863,0.4912109375,0.000 -0.262 0.086 0.221 0.406 -0.000
S-b16,priority_scan,88,ce,16.0,8,300,0.00390625,0.4286411830357142,0.3272705078125,0.1968494830308137,0.24609375,0.000 -0.257 0.101 0.228 0.350 0.474 0.286 0.000
S-b16,priority_scan,88,ce,16.0,4,600,0.197265625,0.54541015625,0.238525390625,0.053267015351189495,0.7861328125,0.000 -0.216 0.322 0.000
S-b16,priority_scan,88,ce,16.0,6,600,0.01953125,0.45872395833333346,0.30338541666666663,0.1142893731594084,0.5478515625,0.000 -0.251 0.073 0.272 0.363 -0.000
S-b16,priority_scan,88,ce,16.0,8,600,0.0029296875,0.4394182477678571,0.3211669921875,0.2108832421126189,0.345703125,0.000 -0.287 0.232 0.180 0.306 0.430 0.404 0.000
S-b16,priority_scan,88,ce,16.0,4,900,0.193359375,0.5501302083333333,0.236328125,0.0790522495905558,0.8173828125,0.000 -0.100 0.258 0.000
S-b16,priority_scan,88,ce,16.0,6,900,0.01953125,0.4627604166666668,0.30110677083333337,0.17462685704231246,0.5791015625,0.000 -0.275 0.087 0.375 0.512 -0.000
S-b16,priority_scan,88,ce,16.0,8,900,0.001953125,0.43066406249999994,0.3284912109375,0.25464289718204075,0.3740234375,0.000 -0.313 0.159 0.334 0.403 0.446 0.499 0.000
S-b16,position_scan,11,ce,16.0,4,300,0.4033203125,0.6297200520833334,0.204345703125,-0.18948025173611113,0.8076171875,0.533 0.053 -0.102 -0.520
S-b16,position_scan,11,ce,16.0,6,300,0.0322265625,0.4026692708333334,0.34781901041666663,-0.2171500788794624,0.5419921875,1.036 0.381 0.111 -0.139 -0.415 -1.024
S-b16,position_scan,11,ce,16.0,8,300,0.0,0.34068080357142855,0.3958740234375,-0.2191579531109523,0.310546875,1.507 0.750 0.435 0.143 -0.187 -0.447 -0.762 -1.465
S-b16,position_scan,11,ce,16.0,4,600,0.599609375,0.76953125,0.123046875,-0.07761279741923015,0.8876953125,-0.043 -0.126 0.046 -0.153
S-b16,position_scan,11,ce,16.0,6,600,0.18359375,0.583203125,0.23111979166666663,-0.14830949571397573,0.734375,0.180 -0.448 -0.046 0.124 0.116 -0.487
S-b16,position_scan,11,ce,16.0,8,600,0.0341796875,0.4842703683035714,0.2967529296875,-0.19049065453665598,0.5908203125,0.301 -0.531 -0.378 -0.071 0.147 0.207 0.010 -0.719
S-b16,position_scan,11,ce,16.0,4,900,0.7373046875,0.8575846354166667,0.07373046875,-0.07186474623503507,0.9013671875,0.037 -0.107 -0.020 -0.089
S-b16,position_scan,11,ce,16.0,6,900,0.36328125,0.7133463541666667,0.15445963541666666,-0.14496048953798088,0.7568359375,0.235 -0.227 -0.223 -0.099 0.082 -0.258
S-b16,position_scan,11,ce,16.0,8,900,0.0771484375,0.5777413504464286,0.234375,-0.2113404728117443,0.59375,0.431 -0.275 -0.312 -0.330 -0.259 0.043 0.114 -0.459
S-b16,position_scan,22,ce,16.0,4,300,0.35546875,0.6100260416666666,0.2119140625,-0.050334223994502304,0.8134765625,0.491 0.200 0.062 -0.413
S-b16,position_scan,22,ce,16.0,6,300,0.0478515625,0.4408854166666668,0.31966145833333337,0.0019590987099540767,0.521484375,0.942 0.428 0.384 0.200 -0.145 -0.858
S-b16,position_scan,22,ce,16.0,8,300,0.0,0.3549107142857143,0.3851318359375,-0.026622670037405833,0.2880859375,1.377 0.743 0.562 0.352 0.151 -0.114 -0.546 -1.333
S-b16,position_scan,22,ce,16.0,4,600,0.5927734375,0.77880859375,0.11474609375,0.010331824973777493,0.837890625,0.113 0.023 0.083 -0.074
S-b16,position_scan,22,ce,16.0,6,600,0.1953125,0.594921875,0.22428385416666666,0.017768694294823494,0.6435546875,0.410 -0.102 0.146 0.192 0.209 -0.356
S-b16,position_scan,22,ce,16.0,8,600,0.0302734375,0.48542131696428564,0.2928466796875,0.0039025904640318998,0.3896484375,0.600 -0.112 0.016 0.126 0.217 0.274 0.089 -0.582
S-b16,position_scan,22,ce,16.0,4,900,0.75,0.8678385416666667,0.067626953125,0.09801127292491772,0.88671875,0.167 0.140 0.127 0.027
S-b16,position_scan,22,ce,16.0,6,900,0.333984375,0.7013671875,0.16031901041666666,0.18704332245720753,0.71484375,0.391 0.139 0.261 0.320 0.337 -0.120
S-b16,position_scan,22,ce,16.0,8,900,0.0654296875,0.572021484375,0.2366943359375,0.2695324307396298,0.513671875,0.646 0.135 0.288 0.352 0.434 0.579 0.396 -0.297
S-b16,position_scan,33,ce,16.0,4,300,0.3291015625,0.6022135416666666,0.21484375,-0.3225673569573297,0.822265625,0.200 -0.306 -0.187 -0.475
S-b16,position_scan,33,ce,16.0,6,300,0.0478515625,0.45572916666666674,0.31087239583333337,-0.4724998739030627,0.5908203125,0.611 -0.229 -0.374 -0.441 -0.393 -0.925
S-b16,position_scan,33,ce,16.0,8,300,0.0009765625,0.3773716517857143,0.369384765625,-0.6354913257417225,0.3876953125,0.930 -0.044 -0.453 -0.700 -0.663 -0.535 -0.666 -1.388
S-b16,position_scan,33,ce,16.0,4,600,0.59375,0.7685546875,0.12255859375,-0.1527652034053096,0.8798828125,0.060 -0.140 -0.109 -0.209
S-b16,position_scan,33,ce,16.0,6,600,0.197265625,0.6076822916666668,0.21598307291666666,-0.2156297233369616,0.703125,0.322 -0.221 -0.189 -0.126 -0.048 -0.494
S-b16,position_scan,33,ce,16.0,8,600,0.041015625,0.49930245535714285,0.2864990234375,-0.253592502503168,0.546875,0.491 -0.255 -0.255 -0.256 -0.122 -0.074 -0.111 -0.700
S-b16,position_scan,33,ce,16.0,4,900,0.7451171875,0.8623046875,0.0712890625,-0.1053811885692455,0.892578125,0.004 -0.092 -0.158 -0.067
S-b16,position_scan,33,ce,16.0,6,900,0.3486328125,0.7070963541666667,0.15706380208333331,-0.21355299817191237,0.763671875,0.125 -0.257 -0.196 -0.244 -0.096 -0.275
S-b16,position_scan,33,ce,16.0,8,900,0.0888671875,0.5893205915178572,0.227294921875,-0.3062558931017679,0.5888671875,0.277 -0.360 -0.333 -0.301 -0.376 -0.212 -0.065 -0.497
S-b16,position_scan,44,ce,16.0,4,300,0.3125,0.5934244791666666,0.21923828125,0.16697238992761684,0.8056640625,0.467 0.288 0.403 -0.191
S-b16,position_scan,44,ce,16.0,6,300,0.044921875,0.4569010416666668,0.3098958333333333,0.22532825999789763,0.59765625,0.925 0.414 0.469 0.552 0.249 -0.557
S-b16,position_scan,44,ce,16.0,8,300,0.001953125,0.38982282366071425,0.360107421875,0.3314467649611216,0.400390625,1.337 0.632 0.742 0.593 0.724 0.559 -0.013 -0.918
S-b16,position_scan,44,ce,16.0,4,600,0.5244140625,0.7291666666666667,0.143798828125,-0.16246676445007324,0.8134765625,0.033 -0.171 -0.037 -0.280
S-b16,position_scan,44,ce,16.0,6,600,0.138671875,0.5645833333333334,0.24039713541666666,-0.2870055701997546,0.6103515625,0.294 -0.428 -0.219 -0.073 -0.073 -0.642
S-b16,position_scan,44,ce,16.0,8,600,0.0185546875,0.4698311941964285,0.303955078125,-0.37722428639729816,0.419921875,0.425 -0.476 -0.526 -0.345 -0.203 0.046 -0.219 -0.918
S-b16,position_scan,44,ce,16.0,4,900,0.64453125,0.8009440104166666,0.10498046875,-0.3347276758264612,0.892578125,-0.052 -0.434 -0.362 -0.208
S-b16,position_scan,44,ce,16.0,6,900,0.158203125,0.5949869791666667,0.22119140624999997,-0.5233286089367337,0.7568359375,0.225 -0.591 -0.733 -0.679 -0.261 -0.353
S-b16,position_scan,44,ce,16.0,8,900,0.009765625,0.4809570312499999,0.2945556640625,-0.7215133735111782,0.6298828125,0.320 -0.633 -0.978 -1.122 -0.990 -0.503 -0.247 -0.578
S-b16,position_scan,55,ce,16.0,4,300,0.310546875,0.59375,0.218505859375,-0.04347606941505714,0.7626953125,0.548 0.212 0.039 -0.381
S-b16,position_scan,55,ce,16.0,6,300,0.033203125,0.4257161458333334,0.32942708333333326,0.0058568451139661805,0.466796875,1.011 0.474 0.367 0.199 -0.140 -0.871
S-b16,position_scan,55,ce,16.0,8,300,0.0,0.35546875,0.3829345703125,-0.016283724043104346,0.2216796875,1.507 0.780 0.605 0.403 0.078 -0.062 -0.600 -1.318
S-b16,position_scan,55,ce,16.0,4,600,0.4755859375,0.70849609375,0.153076171875,-0.30582397072403517,0.859375,0.021 -0.363 -0.337 -0.218
S-b16,position_scan,55,ce,16.0,6,600,0.0810546875,0.5289713541666667,0.26123046875,-0.46143115229076814,0.658203125,0.306 -0.496 -0.515 -0.547 -0.247 -0.501
S-b16,position_scan,55,ce,16.0,8,600,0.005859375,0.4499860491071428,0.31689453125,-0.6166604397788881,0.4560546875,0.507 -0.460 -0.706 -0.766 -0.828 -0.488 -0.297 -0.771
S-b16,position_scan,55,ce,16.0,4,900,0.7001953125,0.8377278645833334,0.084228515625,0.08613807183724863,0.9150390625,0.321 0.201 0.031 0.026
S-b16,position_scan,55,ce,16.0,6,900,0.2900390625,0.6736328125,0.17708333333333331,0.146632883283827,0.794921875,0.596 0.308 0.301 0.095 0.154 -0.125
S-b16,position_scan,55,ce,16.0,8,900,0.083984375,0.5652204241071428,0.2432861328125,0.18584476576911074,0.650390625,0.846 0.468 0.473 0.267 0.047 0.134 0.242 -0.330
S-b16,position_scan,66,ce,16.0,4,300,0.345703125,0.6015625,0.217529296875,0.02776415259749802,0.8447265625,0.414 0.136 0.228 -0.281
S-b16,position_scan,66,ce,16.0,6,300,0.064453125,0.4593750000000001,0.31005859374999994,0.013527923160129051,0.623046875,0.842 0.249 0.212 0.196 0.092 -0.682
S-b16,position_scan,66,ce,16.0,8,300,0.0029296875,0.37792968749999994,0.3702392578125,0.023021584465390172,0.419921875,1.262 0.512 0.302 0.235 0.175 0.226 -0.205 -1.084
S-b16,position_scan,66,ce,16.0,4,600,0.533203125,0.73828125,0.1376953125,-0.07786530035513418,0.8447265625,-0.071 -0.227 0.042 -0.049
S-b16,position_scan,66,ce,16.0,6,600,0.125,0.5652994791666667,0.23909505208333331,-0.1646610962020027,0.642578125,0.146 -0.482 -0.273 0.013 0.261 -0.342
S-b16,position_scan,66,ce,16.0,8,600,0.017578125,0.4788992745535714,0.2962646484375,-0.21362083298819406,0.4169921875,0.236 -0.529 -0.624 -0.418 -0.053 0.372 0.281 -0.525
S-b16,position_scan,66,ce,16.0,4,900,0.6513671875,0.80859375,0.10009765625,-0.2261905758469193,0.8837890625,0.259 -0.052 -0.389 -0.237
S-b16,position_scan,66,ce,16.0,6,900,0.203125,0.6234375000000001,0.20491536458333331,-0.2828978962368436,0.740234375,0.568 0.143 -0.136 -0.554 -0.408 -0.459
S-b16,position_scan,66,ce,16.0,8,900,0.0361328125,0.5302385602678572,0.263671875,-0.3621565160297212,0.5361328125,0.809 0.282 0.125 -0.358 -0.744 -0.720 -0.389 -0.732
S-b16,position_scan,77,ce,16.0,4,300,0.3515625,0.6189778645833334,0.204833984375,0.0017681828251591518,0.767578125,0.308 0.057 0.203 -0.255
S-b16,position_scan,77,ce,16.0,6,300,0.0546875,0.4655598958333334,0.30322265625,0.010766082339816574,0.5283203125,0.765 0.106 0.188 0.247 0.136 -0.623
S-b16,position_scan,77,ce,16.0,8,300,0.0029296875,0.3966238839285714,0.3543701171875,0.08466637323773095,0.310546875,1.126 0.326 0.304 0.349 0.420 0.299 -0.107 -0.998
S-b16,position_scan,77,ce,16.0,4,600,0.5712890625,0.7493489583333333,0.134521484375,0.0976343066604049,0.876953125,0.139 0.110 0.244 -0.061
S-b16,position_scan,77,ce,16.0,6,600,0.142578125,0.558203125,0.24593098958333331,0.13694400919808278,0.6826171875,0.459 -0.065 0.316 0.399 0.340 -0.305
S-b16,position_scan,77,ce,16.0,8,600,0.0234375,0.4686104910714285,0.30517578125,0.14737817976209852,0.4921875,0.653 -0.085 0.117 0.328 0.472 0.540 0.228 -0.568
S-b16,position_scan,77,ce,16.0,4,900,0.6923828125,0.8279622395833334,0.0908203125,0.09541409986990469,0.904296875,0.312 0.249 0.144 -0.107
S-b16,position_scan,77,ce,16.0,6,900,0.265625,0.6568359375,0.1865234375,0.17110555701785615,0.736328125,0.535 0.303 0.405 0.329 0.183 -0.364
S-b16,position_scan,77,ce,16.0,8,900,0.0390625,0.5270298549107142,0.266357421875,0.2733295493655735,0.595703125,0.800 0.383 0.529 0.502 0.490 0.454 0.167 -0.612
S-b16,position_scan,88,ce,16.0,4,300,0.3447265625,0.6134440104166666,0.208251953125,0.015796158048841685,0.8193359375,0.287 0.045 0.222 -0.219
S-b16,position_scan,88,ce,16.0,6,300,0.0673828125,0.4858723958333334,0.2902018229166667,0.006247215800815109,0.5908203125,0.663 0.075 0.129 0.237 0.168 -0.578
S-b16,position_scan,88,ce,16.0,8,300,0.005859375,0.4063546316964285,0.348876953125,0.0253769140394907,0.3671875,1.011 0.244 0.137 0.266 0.299 0.253 -0.094 -0.928
S-b16,position_scan,88,ce,16.0,4,600,0.537109375,0.7392578125,0.137451171875,0.11473041993600351,0.8349609375,0.138 0.201 0.211 -0.068
S-b16,position_scan,88,ce,16.0,6,600,0.1484375,0.5638020833333335,0.24251302083333331,0.14738966359032518,0.63671875,0.417 0.145 0.394 0.314 0.248 -0.364
S-b16,position_scan,88,ce,16.0,8,600,0.01953125,0.47241210937499994,0.302734375,0.2138476144699823,0.42578125,0.586 0.125 0.429 0.514 0.448 0.403 0.172 -0.595
S-b16,position_scan,88,ce,16.0,4,900,0.7568359375,0.8616536458333333,0.07373046875,0.024292336569892034,0.9140625,0.062 0.020 0.032 0.021
S-b16,position_scan,88,ce,16.0,6,900,0.37890625,0.7235677083333334,0.1484375,0.018735799524519137,0.7607421875,0.258 -0.147 0.017 0.099 0.282 -0.158
S-b16,position_scan,88,ce,16.0,8,900,0.0947265625,0.5958077566964286,0.223876953125,0.0005490060836549666,0.6201171875,0.416 -0.268 -0.117 -0.020 0.054 0.357 0.353 -0.355
S-b16,phase_scan,11,ce,16.0,4,300,0.4609375,0.67724609375,0.175048828125,-0.16171194888927318,0.001953125,0.295 0.109 -0.293 -0.302
S-b16,phase_scan,11,ce,16.0,6,300,0.091796875,0.4802083333333334,0.29671223958333337,-0.19874726401435025,0.0,0.803 0.017 0.187 -0.351 -0.100 -0.747
S-b16,phase_scan,11,ce,16.0,8,300,0.0,0.34556361607142855,0.3946533203125,-0.20590768920050723,0.0,1.267 0.122 0.418 0.179 -0.337 -0.438 -0.161 -1.224
S-b16,phase_scan,11,ce,16.0,4,600,0.5673828125,0.7589518229166667,0.126953125,0.13585903026439525,0.0,0.299 0.349 0.137 -0.078
S-b16,phase_scan,11,ce,16.0,6,600,0.171875,0.5897135416666668,0.22639973958333331,0.1695592933230928,0.0,0.629 0.306 0.499 0.190 0.315 -0.462
S-b16,phase_scan,11,ce,16.0,8,600,0.009765625,0.47133091517857134,0.303955078125,0.2592277337634374,0.0,1.000 0.361 0.621 0.572 0.172 0.533 0.345 -0.789
S-b16,phase_scan,11,ce,16.0,4,900,0.7470703125,0.8727213541666667,0.0634765625,0.02870890829298232,0.0009765625,-0.052 0.209 -0.039 -0.084
S-b16,phase_scan,11,ce,16.0,6,900,0.400390625,0.7453776041666667,0.13525390625,-0.06578388479020879,0.0,0.174 -0.152 0.260 -0.017 -0.046 -0.374
S-b16,phase_scan,11,ce,16.0,8,900,0.119140625,0.6216169084821428,0.20849609375,-0.1379283269246419,0.0,0.431 -0.490 0.125 0.237 -0.086 -0.094 0.048 -0.705
S-b16,phase_scan,22,ce,16.0,4,300,0.359375,0.6228841145833333,0.202392578125,-0.2532447267461706,0.0009765625,0.307 -0.054 -0.448 -0.258
S-b16,phase_scan,22,ce,16.0,6,300,0.0615234375,0.47434895833333346,0.29947916666666663,-0.3991543518172371,0.0,0.819 -0.189 -0.153 -0.803 -0.139 -0.712
S-b16,phase_scan,22,ce,16.0,8,300,0.0,0.3058035714285714,0.4273681640625,-0.5722249878777398,0.0,1.334 -0.028 -0.285 -0.386 -1.097 -0.871 -0.153 -1.186
S-b16,phase_scan,22,ce,16.0,4,600,0.62890625,0.8050130208333334,0.098876953125,-0.19186399601123952,0.001953125,0.082 -0.159 -0.215 -0.201
S-b16,phase_scan,22,ce,16.0,6,600,0.2119140625,0.6347005208333333,0.197265625,-0.3232970502641467,0.0,0.457 -0.367 -0.209 -0.336 -0.157 -0.547
S-b16,phase_scan,22,ce,16.0,8,600,0.025390625,0.4933384486607142,0.288818359375,-0.44581458682105657,0.0,0.820 -0.385 -0.483 -0.350 -0.489 -0.310 -0.206 -0.898
S-b16,phase_scan,22,ce,16.0,4,900,0.75390625,0.8753255208333334,0.0625,-0.04993006035133644,0.0,0.054 -0.039 -0.180 0.070
S-b16,phase_scan,22,ce,16.0,6,900,0.3896484375,0.7423828125,0.13639322916666666,-0.08565434482362541,0.0,0.328 -0.035 -0.110 -0.325 0.230 -0.187
S-b16,phase_scan,22,ce,16.0,8,900,0.1181640625,0.6093052455357143,0.214599609375,-0.11353254318237305,0.0,0.636 -0.147 0.050 -0.178 -0.477 0.059 0.381 -0.483
S-b16,phase_scan,33,ce,16.0,4,300,0.0,0.0,1.0,-0.334667408907855,0.037109375,1.147 -1.076 -3.298 3.369
S-b16,phase_scan,33,ce,16.0,6,300,0.0,0.0,0.8333333333333335,-1.7227700816260445,0.0,2.274 0.054 -2.169 -4.390 -6.608 4.500
S-b16,phase_scan,33,ce,16.0,8,300,0.0,0.0,0.9091796875,-0.4046319401453412,0.0,3.404 1.183 -1.040 -3.263 -5.485 -7.705 7.849 5.628
S-b16,phase_scan,33,ce,16.0,4,600,0.0,0.0,1.0,-0.32864504390292676,0.029296875,1.153 -1.069 -3.292 3.374
S-b16,phase_scan,33,ce,16.0,6,600,0.0,0.0,0.8333333333333335,-1.7149207062191436,0.0068359375,2.286 0.063 -2.159 -4.381 -6.604 4.507
S-b16,phase_scan,33,ce,16.0,8,600,0.0,0.0,0.9674072265625,-0.39233790503607857,0.0,3.419 1.196 -1.027 -3.249 -5.472 -7.694 7.861 5.639
S-b16,phase_scan,33,ce,16.0,4,900,0.0,0.0,1.0,-0.3291596306694878,0.041015625,1.153 -1.070 -3.292 3.374
S-b16,phase_scan,33,ce,16.0,6,900,0.0,0.0,0.8333333333333335,-1.7158866193559437,0.0029296875,2.285 0.062 -2.160 -4.383 -6.605 4.506
S-b16,phase_scan,33,ce,16.0,8,900,0.0,0.0,1.0,-0.39358468282790426,0.0,3.417 1.195 -1.028 -3.251 -5.473 -7.696 7.860 5.637
S-b16,phase_scan,44,ce,16.0,4,300,0.41015625,0.6565755208333334,0.18408203125,-0.08518965155990037,0.005859375,0.164 0.091 -0.078 -0.268
S-b16,phase_scan,44,ce,16.0,6,300,0.1005859375,0.4950520833333334,0.28629557291666663,-0.18616438574261157,0.0,0.601 -0.325 0.201 -0.108 0.062 -0.762
S-b16,phase_scan,44,ce,16.0,8,300,0.001953125,0.3609793526785714,0.38330078125,-0.25606492209056064,0.0,1.019 -0.224 -0.088 0.169 -0.189 -0.154 -0.071 -1.235
S-b16,phase_scan,44,ce,16.0,4,600,0.5869140625,0.7755533854166666,0.1162109375,0.026429803283126274,0.0009765625,-0.062 -0.008 0.163 -0.075
S-b16,phase_scan,44,ce,16.0,6,600,0.1826171875,0.6120442708333333,0.21126302083333331,-0.03132310178544806,0.0,0.207 -0.437 0.121 0.242 0.387 -0.470
S-b16,phase_scan,44,ce,16.0,8,600,0.025390625,0.5025460379464285,0.2828369140625,-0.0985746724264962,0.0,0.428 -0.631 -0.314 0.121 0.217 0.472 0.309 -0.864
S-b16,phase_scan,44,ce,16.0,4,900,0.7294921875,0.8499348958333334,0.078857421875,-0.15246077820106788,0.0,0.194 -0.015 -0.187 -0.255
S-b16,phase_scan,44,ce,16.0,6,900,0.3427734375,0.7007161458333333,0.16129557291666666,-0.20982991324530714,0.0,0.564 0.095 -0.041 -0.326 -0.214 -0.563
S-b16,phase_scan,44,ce,16.0,8,900,0.0732421875,0.5536411830357142,0.2510986328125,-0.27221026874723886,0.0,0.886 0.210 0.047 -0.144 -0.427 -0.353 -0.275 -0.963
S-b16,phase_scan,55,ce,16.0,4,300,0.3916015625,0.6443684895833334,0.190185546875,0.08097092310587566,0.0009765625,0.402 0.336 0.018 -0.111
S-b16,phase_scan,55,ce,16.0,6,300,0.0595703125,0.46549479166666674,0.3033854166666667,0.11775077713860385,0.0,0.966 0.343 0.439 0.034 0.332 -0.559
S-b16,phase_scan,55,ce,16.0,8,300,0.0,0.3389369419642857,0.399169921875,0.1599618177565317,0.0,1.490 0.347 0.706 0.529 -0.044 0.354 0.223 -0.995
S-b16,phase_scan,55,ce,16.0,4,600,0.572265625,0.7610677083333333,0.125732421875,0.0933573422608552,0.0,0.237 0.440 0.012 -0.172
S-b16,phase_scan,55,ce,16.0,6,600,0.1640625,0.5953776041666667,0.22184244791666666,0.054660651418897664,0.0,0.606 0.202 0.606 0.108 -0.094 -0.548
S-b16,phase_scan,55,ce,16.0,8,600,0.017578125,0.4744001116071428,0.3009033203125,0.07662224391150096,0.0,0.923 0.153 0.656 0.702 0.127 -0.095 -0.104 -0.902
S-b16,phase_scan,55,ce,16.0,4,900,0.7626953125,0.8683268229166666,0.069091796875,0.08199462184199581,0.0,0.194 0.037 0.098 0.112
S-b16,phase_scan,55,ce,16.0,6,900,0.3583984375,0.71015625,0.15608723958333331,0.0872685644361706,0.0,0.541 -0.073 0.161 0.130 0.383 -0.164
S-b16,phase_scan,55,ce,16.0,8,900,0.0947265625,0.5936802455357143,0.224853515625,0.15045858564830963,0.0,0.911 0.036 -0.053 0.203 0.165 0.463 0.691 -0.451
S-b16,phase_scan,66,ce,16.0,4,300,0.2783203125,0.5535481770833333,0.23828125,-0.3089129041742395,0.009765625,0.400 0.020 -0.408 -0.538
S-b16,phase_scan,66,ce,16.0,6,300,0.0107421875,0.35371093750000004,0.3738606770833333,-0.39732814497417895,0.0,1.021 -0.190 0.262 -0.467 -0.443 -1.149
S-b16,phase_scan,66,ce,16.0,8,300,0.0,0.3033272879464286,0.4169921875,-0.47625187843564953,0.0,1.627 0.077 -0.002 0.360 -0.523 -0.776 -0.692 -1.779
S-b16,phase_scan,66,ce,16.0,4,600,0.6298828125,0.7864583333333334,0.1142578125,-0.13771419171933774,0.00390625,0.213 0.139 -0.297 -0.255
S-b16,phase_scan,66,ce,16.0,6,600,0.1708984375,0.5880859375,0.22705078125,-0.19551430808173306,0.0,0.645 0.064 0.188 -0.291 -0.309 -0.629
S-b16,phase_scan,66,ce,16.0,8,600,0.0146484375,0.4457310267857142,0.3214111328125,-0.2463398850153363,0.0,1.013 0.024 0.308 0.141 -0.371 -0.549 -0.307 -0.971
S-b16,phase_scan,66,ce,16.0,4,900,0.65625,0.81982421875,0.091796875,0.18529560830858016,0.001953125,0.173 0.255 0.238 0.063
S-b16,phase_scan,66,ce,16.0,6,900,0.2666015625,0.6715494791666667,0.17626953125,0.21625929408603226,0.0,0.482 0.111 0.386 0.220 0.594 -0.229
S-b16,phase_scan,66,ce,16.0,8,900,0.0556640625,0.5515485491071428,0.2503662109375,0.29097394337729804,0.0,0.813 0.081 0.403 0.447 0.223 0.809 0.620 -0.547
S-b16,phase_scan,77,ce,16.0,4,300,0.2998046875,0.5944010416666667,0.21630859375,-0.0010063030101634858,0.001953125,0.337 0.093 0.085 -0.180
S-b16,phase_scan,77,ce,16.0,6,300,0.052734375,0.45520833333333344,0.31168619791666663,-0.04340887731975999,0.0,0.874 -0.175 0.234 -0.134 0.537 -0.679
S-b16,phase_scan,77,ce,16.0,8,300,0.0,0.2826102120535714,0.445556640625,-0.0709012576511928,0.0,1.408 -0.016 -0.111 0.142 -0.170 0.495 0.349 -1.185
S-b16,phase_scan,77,ce,16.0,4,600,0.6474609375,0.8072916666666666,0.1005859375,-0.1364341930106834,0.0,0.134 -0.166 -0.187 -0.057
S-b16,phase_scan,77,ce,16.0,6,600,0.2490234375,0.6483723958333334,0.19108072916666663,-0.25071762667761915,0.0,0.469 -0.348 -0.223 -0.295 0.040 -0.427
S-b16,phase_scan,77,ce,16.0,8,600,0.0380859375,0.5018136160714285,0.283935546875,-0.33028400133526514,0.0,0.782 -0.298 -0.421 -0.412 -0.453 -0.072 0.128 -0.784
S-b16,phase_scan,77,ce,16.0,4,900,0.6884765625,0.828125,0.08984375,0.16603045993381077,0.0009765625,0.271 0.457 0.105 -0.064
S-b16,phase_scan,77,ce,16.0,6,900,0.2724609375,0.6729817708333333,0.17626953125,0.22579929563734247,0.0,0.507 0.489 0.648 0.196 0.198 -0.402
S-b16,phase_scan,77,ce,16.0,8,900,0.03125,0.5252511160714286,0.2672119140625,0.31741403398059653,0.0,0.842 0.440 0.987 0.745 0.277 0.356 0.169 -0.754
S-b16,phase_scan,88,ce,16.0,4,300,0.3896484375,0.638671875,0.194580078125,-0.09217045925281665,0.0087890625,0.263 0.154 0.012 -0.443
S-b16,phase_scan,88,ce,16.0,6,300,0.0712890625,0.45781250000000007,0.31119791666666663,-0.14549311664369394,0.0009765625,0.781 -0.128 0.357 0.044 -0.052 -0.949
S-b16,phase_scan,88,ce,16.0,8,300,0.0,0.3040945870535714,0.4267578125,-0.12969853386046393,0.0,1.278 -0.085 0.221 0.490 0.167 0.104 -0.361 -1.443
S-b16,phase_scan,88,ce,16.0,4,600,0.6591796875,0.8186848958333334,0.09326171875,0.062046934057165076,0.0009765625,0.206 0.233 0.010 -0.056
S-b16,phase_scan,88,ce,16.0,6,600,0.2666015625,0.6550130208333333,0.1875,0.04296363724602574,0.0,0.593 0.097 0.300 -0.046 0.259 -0.395
S-b16,phase_scan,88,ce,16.0,8,600,0.0478515625,0.5205775669642856,0.270751953125,0.09632723672049386,0.0,0.930 0.176 0.319 0.284 -0.043 0.365 0.279 -0.707
S-b16,phase_scan,88,ce,16.0,4,900,0.701171875,0.8409830729166666,0.08203125,0.15978892644246417,0.0,0.230 0.508 0.059 -0.087
S-b16,phase_scan,88,ce,16.0,6,900,0.28125,0.6811197916666667,0.17073567708333331,0.19055550628238238,0.0,0.557 0.271 0.705 0.181 0.175 -0.380
S-b16,phase_scan,88,ce,16.0,8,900,0.0341796875,0.5515834263392856,0.25048828125,0.24685307154579764,0.0,0.910 0.203 0.725 0.786 0.274 0.274 0.173 -0.708
L-b1,priority_scan,11,ce,1.0,4,300,0.1669921875,0.5348307291666666,0.2421875,0.4842446910010444,0.75390625,0.000 0.380 0.589 0.000
L-b1,priority_scan,11,ce,1.0,6,300,0.0126953125,0.4573567708333334,0.3020833333333333,0.843283285697301,0.4873046875,0.000 0.383 1.125 1.081 0.784 -0.000
L-b1,priority_scan,11,ce,1.0,8,300,0.001953125,0.4180733816964285,0.3348388671875,1.3716178028671828,0.28515625,0.000 0.655 1.757 1.868 1.705 1.326 0.918 0.000
L-b1,priority_scan,11,ce,1.0,4,600,0.17578125,0.5354817708333334,0.244140625,0.7293436924616495,0.81640625,0.000 0.633 0.825 0.000
L-b1,priority_scan,11,ce,1.0,6,600,0.0234375,0.45188802083333346,0.3082682291666667,1.2118467688560486,0.61328125,0.000 0.823 1.610 1.410 1.004 -0.000
L-b1,priority_scan,11,ce,1.0,8,600,0.0029296875,0.4203055245535714,0.3350830078125,1.8567954831653173,0.3955078125,0.000 1.082 2.457 2.579 2.273 1.723 1.027 0.000
L-b1,priority_scan,11,ce,1.0,4,900,0.3681640625,0.65869140625,0.176513671875,0.6269009908040364,0.88671875,0.000 0.670 0.583 0.000
L-b1,priority_scan,11,ce,1.0,6,900,0.0478515625,0.5368489583333333,0.2526041666666667,0.9944991270701089,0.724609375,0.000 0.889 1.185 1.083 0.820 -0.000
L-b1,priority_scan,11,ce,1.0,8,900,0.0048828125,0.4756208147321428,0.297607421875,1.330924078270241,0.5283203125,0.000 0.858 1.620 1.626 1.655 1.328 0.899 0.000
L-b1,priority_scan,11,ce,1.0,4,1200,0.564453125,0.76904296875,0.1181640625,0.49179461267259383,0.9013671875,0.000 0.468 0.515 0.000
L-b1,priority_scan,11,ce,1.0,6,1200,0.0859375,0.5587239583333334,0.23974609375,0.9032017489274342,0.78515625,0.000 0.735 1.002 1.062 0.815 -0.000
L-b1,priority_scan,11,ce,1.0,8,1200,0.00390625,0.5433175223214285,0.2513427734375,1.3285947949798018,0.615234375,0.000 1.082 1.416 1.528 1.658 1.462 0.825 0.000
L-b1,priority_scan,11,ce,1.0,4,1500,0.5400390625,0.7576497395833334,0.12353515625,0.6849129994710286,0.9140625,0.000 0.788 0.582 0.000
L-b1,priority_scan,11,ce,1.0,6,1500,0.0244140625,0.5577473958333334,0.2373046875,1.2779977917671201,0.791015625,0.000 1.276 1.480 1.402 0.954 -0.000
L-b1,priority_scan,11,ce,1.0,8,1500,0.0,0.5702776227678571,0.233642578125,1.876716172253644,0.6396484375,0.000 1.612 2.233 2.328 2.161 1.805 1.122 0.000
L-b1,priority_scan,11,ce,1.0,4,1800,0.65625,0.818359375,0.09326171875,0.6789634625116985,0.947265625,0.000 0.667 0.691 0.000
L-b1,priority_scan,11,ce,1.0,6,1800,0.0029296875,0.5095052083333333,0.26822916666666663,1.255951126416524,0.8525390625,0.000 0.987 1.377 1.459 1.201 -0.000
L-b1,priority_scan,11,ce,1.0,8,1800,0.0,0.5965750558035714,0.217529296875,1.7805180505469995,0.71875,0.000 1.098 1.821 2.086 2.157 2.133 1.389 0.000
L-b1,priority_scan,11,ce,1.0,4,2100,0.7470703125,0.8707682291666667,0.065185546875,0.45806414551205105,0.9365234375,0.000 0.404 0.512 0.000
L-b1,priority_scan,11,ce,1.0,6,2100,0.060546875,0.5488281250000001,0.2451171875,0.895660122235616,0.853515625,0.000 0.547 0.861 1.119 1.056 -0.000
L-b1,priority_scan,11,ce,1.0,8,2100,0.001953125,0.5546875,0.242919921875,1.2613346179326375,0.759765625,0.000 0.505 1.056 1.335 1.564 1.825 1.282 0.000
L-b1,priority_scan,11,ce,1.0,4,2400,0.7314453125,0.8616536458333333,0.070068359375,0.6013161606258817,0.9580078125,0.000 0.562 0.641 0.000
L-b1,priority_scan,11,ce,1.0,6,2400,0.0185546875,0.5051432291666668,0.27197265625,1.1076572040716806,0.8896484375,0.000 0.747 1.126 1.351 1.206 -0.000
L-b1,priority_scan,11,ce,1.0,8,2400,0.0,0.5986676897321429,0.2164306640625,1.5656788040090488,0.78125,0.000 0.735 1.321 1.699 2.027 2.120 1.493 0.000
L-b1,priority_scan,11,ce,1.0,4,2700,0.7412109375,0.86474609375,0.06884765625,0.6424858172734578,0.9287109375,0.000 0.651 0.634 0.000
L-b1,priority_scan,11,ce,1.0,6,2700,0.0146484375,0.5104166666666667,0.26871744791666663,1.1578363676865895,0.830078125,0.000 0.930 1.273 1.339 1.090 -0.000
L-b1,priority_scan,11,ce,1.0,8,2700,0.0,0.6109095982142857,0.20751953125,1.640539390069467,0.7099609375,0.000 1.017 1.620 1.889 2.025 2.008 1.285 0.000
L-b1,priority_scan,11,ce,1.0,4,3000,0.787109375,0.8912760416666667,0.054931640625,0.4393386178546481,0.9619140625,0.000 0.393 0.486 0.000
L-b1,priority_scan,11,ce,1.0,6,3000,0.0712890625,0.5457031250000001,0.24837239583333334,0.897339085737864,0.873046875,0.000 0.560 0.822 1.051 1.156 -0.000
L-b1,priority_scan,11,ce,1.0,8,3000,0.0,0.5589773995535714,0.2415771484375,1.3348006981390492,0.7998046875,0.000 0.672 1.052 1.312 1.569 1.953 1.452 0.000
L-b1,priority_scan,11,ce,1.0,4,3300,0.7216796875,0.8518880208333333,0.076171875,0.724624858962165,0.9560546875,0.000 0.723 0.727 0.000
L-b1,priority_scan,11,ce,1.0,6,3300,0.0068359375,0.5332682291666668,0.25325520833333337,1.321940869092941,0.8935546875,0.000 1.063 1.423 1.564 1.238 -0.000
L-b1,priority_scan,11,ce,1.0,8,3300,0.0,0.6266741071428571,0.1986083984375,1.9273893038431804,0.765625,0.000 1.279 1.864 2.224 2.416 2.382 1.399 0.000
L-b1,priority_scan,11,ce,1.0,4,3600,0.8076171875,0.90185546875,0.049560546875,0.536235769589742,0.95703125,0.000 0.534 0.538 0.000
L-b1,priority_scan,11,ce,1.0,6,3600,0.052734375,0.5173828125000001,0.26774088541666663,1.0230634113152821,0.9052734375,0.000 0.786 1.082 1.154 1.071 -0.000
L-b1,priority_scan,11,ce,1.0,8,3600,0.0009765625,0.5878557477678571,0.2230224609375,1.4608191340057937,0.8203125,0.000 0.828 1.372 1.657 1.760 1.886 1.262 0.000
L-b1,priority_scan,22,ce,1.0,4,300,0.18359375,0.53955078125,0.2412109375,0.10495735539330374,0.7666015625,0.000 -0.077 0.287 0.000
L-b1,priority_scan,22,ce,1.0,6,300,0.025390625,0.46503906250000004,0.29801432291666663,0.2150887250900267,0.50390625,0.000 -0.169 0.153 0.418 0.459 -0.000
L-b1,priority_scan,22,ce,1.0,8,300,0.001953125,0.4325474330357142,0.324462890625,0.2965852507838496,0.287109375,0.000 -0.206 0.256 0.404 0.361 0.531 0.434 0.000
L-b1,priority_scan,22,ce,1.0,4,600,0.16796875,0.5361328125,0.2431640625,0.4800462060504489,0.841796875,0.000 0.345 0.615 0.000
L-b1,priority_scan,22,ce,1.0,6,600,0.021484375,0.4574869791666668,0.30419921875,0.8046532173951465,0.5693359375,0.000 0.335 1.037 1.015 0.831 -0.000
L-b1,priority_scan,22,ce,1.0,8,600,0.0029296875,0.4181431361607142,0.3377685546875,1.300317578845554,0.341796875,0.000 0.523 1.704 1.755 1.629 1.344 0.847 0.000
L-b1,priority_scan,22,ce,1.0,4,900,0.201171875,0.5558268229166667,0.233154296875,0.5276393228107028,0.8798828125,0.000 0.372 0.683 0.000
L-b1,priority_scan,22,ce,1.0,6,900,0.025390625,0.4681640625000001,0.29833984375,0.9062279760837553,0.703125,0.000 0.400 1.196 1.113 0.917 -0.000
L-b1,priority_scan,22,ce,1.0,8,900,0.0,0.4391392299107142,0.3232421875,1.2625006834665935,0.5205078125,0.000 0.413 1.514 1.654 1.636 1.403 0.956 0.000
L-b1,priority_scan,22,ce,1.0,4,1200,0.419921875,0.6923828125,0.158203125,0.6926212045881484,0.9072265625,0.000 0.658 0.727 0.000
L-b1,priority_scan,22,ce,1.0,6,1200,0.029296875,0.541015625,0.24820963541666663,1.1654670536518095,0.783203125,0.000 0.940 1.381 1.446 0.895 -0.000
L-b1,priority_scan,22,ce,1.0,8,1200,0.0,0.5420619419642857,0.252197265625,1.6960080906196875,0.6484375,0.000 1.313 1.849 2.146 2.199 1.774 0.896 0.000
L-b1,priority_scan,22,ce,1.0,4,1500,0.6806640625,0.8352864583333333,0.08349609375,0.39625777138604057,0.927734375,0.000 0.387 0.405 0.000
L-b1,priority_scan,22,ce,1.0,6,1500,0.1318359375,0.5990885416666667,0.21647135416666663,0.8197335898876188,0.837890625,0.000 0.758 0.886 0.910 0.726 -0.000
L-b1,priority_scan,22,ce,1.0,8,1500,0.009765625,0.5491768973214285,0.248291015625,1.2729245645028573,0.71875,0.000 1.090 1.512 1.466 1.397 1.335 0.838 0.000
L-b1,priority_scan,22,ce,1.0,4,1800,0.6953125,0.8435872395833333,0.0791015625,0.44549458556705046,0.9150390625,0.000 0.424 0.467 0.000
L-b1,priority_scan,22,ce,1.0,6,1800,0.111328125,0.5719401041666667,0.23307291666666666,0.890571375687917,0.8115234375,0.000 0.737 0.931 1.060 0.834 -0.000
L-b1,priority_scan,22,ce,1.0,8,1800,0.0048828125,0.5568150111607142,0.2427978515625,1.3056677579879759,0.6875,0.000 0.970 1.284 1.499 1.562 1.528 0.991 0.000
L-b1,priority_scan,22,ce,1.0,4,2100,0.6025390625,0.794921875,0.10400390625,0.6716614299350314,0.9404296875,0.000 0.574 0.769 0.000
L-b1,priority_scan,22,ce,1.0,6,2100,0.00390625,0.5110026041666668,0.26643880208333337,1.1571404834588368,0.8642578125,0.000 0.695 1.166 1.513 1.254 -0.000
L-b1,priority_scan,22,ce,1.0,8,2100,0.0,0.595947265625,0.2178955078125,1.6010987096362645,0.7783203125,0.000 0.640 1.323 1.848 2.200 2.277 1.318 0.000
L-b1,priority_scan,22,ce,1.0,4,2400,0.7392578125,0.8650716145833333,0.068603515625,0.6026484568913778,0.9521484375,0.000 0.618 0.587 0.000
L-b1,priority_scan,22,ce,1.0,6,2400,0.0234375,0.5114583333333333,0.2685546875,1.0771173238754272,0.869140625,0.000 0.734 1.191 1.289 1.095 -0.000
L-b1,priority_scan,22,ce,1.0,8,2400,0.0,0.5971330915178572,0.2176513671875,1.513996367101316,0.78515625,0.000 0.762 1.390 1.827 1.944 1.890 1.271 0.000
L-b1,priority_scan,22,ce,1.0,4,2700,0.7265625,0.8556315104166667,0.073974609375,0.5466107527414957,0.9482421875,0.000 0.593 0.501 0.000
L-b1,priority_scan,22,ce,1.0,6,2700,0.0634765625,0.5530598958333335,0.24365234375,0.9987651308377583,0.8671875,0.000 0.688 1.173 1.167 0.967 -0.000
L-b1,priority_scan,22,ce,1.0,8,2700,0.001953125,0.5923549107142858,0.2203369140625,1.4696947292045313,0.7705078125,0.000 0.779 1.429 1.838 1.825 1.704 1.243 0.000
L-b1,priority_scan,22,ce,1.0,4,3000,0.7373046875,0.86669921875,0.067138671875,0.49880266189575195,0.95703125,0.000 0.551 0.447 0.000
L-b1,priority_scan,22,ce,1.0,6,3000,0.0947265625,0.5723958333333334,0.23160807291666663,0.9892677267392476,0.8759765625,0.000 0.772 1.107 1.099 0.980 -0.000
L-b1,priority_scan,22,ce,1.0,8,3000,0.005859375,0.5740094866071428,0.23193359375,1.351454986466302,0.7998046875,0.000 0.778 1.321 1.598 1.669 1.659 1.082 0.000
L-b1,priority_scan,22,ce,1.0,4,3300,0.76953125,0.8810221354166667,0.060302734375,0.6470816002951728,0.9580078125,0.000 0.642 0.652 0.000
L-b1,priority_scan,22,ce,1.0,6,3300,0.0087890625,0.516796875,0.263671875,1.1513227224349973,0.8681640625,0.000 0.832 1.297 1.381 1.096 -0.000
L-b1,priority_scan,22,ce,1.0,8,3300,0.0,0.6166643415178572,0.2044677734375,1.571967160260236,0.80078125,0.000 0.800 1.410 1.930 2.103 2.049 1.140 0.000
L-b1,priority_scan,22,ce,1.0,4,3600,0.796875,0.8981119791666667,0.051025390625,0.4145497745937771,0.9619140625,0.000 0.499 0.330 0.000
L-b1,priority_scan,22,ce,1.0,6,3600,0.2041015625,0.6324218750000001,0.19840494791666663,0.822797268629074,0.9130859375,0.000 0.774 0.882 0.820 0.815 -0.000
L-b1,priority_scan,22,ce,1.0,8,3600,0.0068359375,0.5252511160714285,0.263916015625,1.1558907561832001,0.8115234375,0.000 0.891 1.170 1.263 1.264 1.293 1.054 0.000
L-b1,priority_scan,33,ce,1.0,4,300,0.1748046875,0.53955078125,0.238525390625,0.10982606146070692,0.724609375,0.000 0.032 0.187 0.000
L-b1,priority_scan,33,ce,1.0,6,300,0.0244140625,0.46412760416666676,0.29638671875,0.16817261775334658,0.4228515625,0.000 -0.190 0.241 0.237 0.385 -0.000
L-b1,priority_scan,33,ce,1.0,8,300,0.0009765625,0.4293387276785714,0.323974609375,0.2458960480160183,0.197265625,0.000 -0.318 0.265 0.283 0.318 0.504 0.424 0.000
L-b1,priority_scan,33,ce,1.0,4,600,0.177734375,0.5345052083333334,0.24560546875,0.5406668451097276,0.8125,0.000 0.335 0.746 0.000
L-b1,priority_scan,33,ce,1.0,6,600,0.021484375,0.44557291666666676,0.3125,0.9723897278308867,0.5703125,0.000 0.394 1.294 1.279 0.923 -0.000
L-b1,priority_scan,33,ce,1.0,8,600,0.0029296875,0.41695731026785704,0.338134765625,1.381241171448319,0.3251953125,0.000 0.118 1.613 1.945 1.944 1.631 1.037 0.000
L-b1,priority_scan,33,ce,1.0,4,900,0.1708984375,0.53515625,0.244140625,0.7033687829971313,0.8349609375,0.000 0.610 0.797 0.000
L-b1,priority_scan,33,ce,1.0,6,900,0.0166015625,0.4541015625000001,0.3074544270833333,1.1672217150529225,0.6181640625,0.000 0.755 1.506 1.393 1.014 -0.000
L-b1,priority_scan,33,ce,1.0,8,900,0.001953125,0.41437639508928564,0.340576171875,1.7174696922302246,0.4130859375,0.000 0.942 2.267 2.333 2.032 1.715 1.016 0.000
L-b1,priority_scan,33,ce,1.0,4,1200,0.365234375,0.658203125,0.177001953125,0.659146507581075,0.9052734375,0.000 0.626 0.692 0.000
L-b1,priority_scan,33,ce,1.0,6,1200,0.0244140625,0.5235677083333334,0.25944010416666663,1.2308791279792786,0.7802734375,0.000 1.148 1.450 1.408 0.918 -0.000
L-b1,priority_scan,33,ce,1.0,8,1200,0.0009765625,0.4912109374999999,0.286376953125,1.7940059856132224,0.611328125,0.000 1.589 2.115 2.122 2.222 1.705 1.011 0.000
L-b1,priority_scan,33,ce,1.0,4,1500,0.3095703125,0.6363932291666667,0.18603515625,0.7652300596237183,0.8955078125,0.000 0.654 0.877 0.000
L-b1,priority_scan,33,ce,1.0,6,1500,0.00390625,0.5251302083333335,0.2566731770833333,1.269068270921707,0.7587890625,0.000 0.966 1.393 1.643 1.074 -0.000
L-b1,priority_scan,33,ce,1.0,8,1500,0.0,0.5232979910714285,0.263671875,1.8247657352023656,0.599609375,0.000 1.269 1.807 2.196 2.517 2.095 1.064 0.000
L-b1,priority_scan,33,ce,1.0,4,1800,0.708984375,0.8531901041666667,0.073486328125,0.4310344325171576,0.9189453125,0.000 0.425 0.437 0.000
L-b1,priority_scan,33,ce,1.0,6,1800,0.10546875,0.5807291666666667,0.2265625,0.8752219378948211,0.81640625,0.000 0.681 0.908 1.064 0.849 -0.000
L-b1,priority_scan,33,ce,1.0,8,1800,0.001953125,0.5606515066964286,0.23974609375,1.2886755554764358,0.6943359375,0.000 0.826 1.321 1.500 1.625 1.527 0.933 0.000
L-b1,priority_scan,33,ce,1.0,4,2100,0.7001953125,0.8460286458333333,0.07763671875,0.5822419457965426,0.939453125,0.000 0.553 0.611 0.000
L-b1,priority_scan,33,ce,1.0,6,2100,0.0224609375,0.5113281250000001,0.26774088541666663,1.117252061764399,0.841796875,0.000 0.998 1.138 1.287 1.047 -0.000
L-b1,priority_scan,33,ce,1.0,8,2100,0.0,0.5879952566964286,0.223388671875,1.6408560894153734,0.78515625,0.000 1.297 1.732 1.785 1.943 1.905 1.183 0.000
L-b1,priority_scan,33,ce,1.0,4,2400,0.720703125,0.8546549479166667,0.073974609375,0.5614967478646172,0.9248046875,0.000 0.612 0.511 0.000
L-b1,priority_scan,33,ce,1.0,6,2400,0.0439453125,0.5385416666666667,0.25081380208333337,1.1098155379295347,0.8271484375,0.000 1.000 1.260 1.207 0.971 -0.000
L-b1,priority_scan,33,ce,1.0,8,2400,0.0009765625,0.5947265625,0.21875,1.6168567869398327,0.7353515625,0.000 1.182 1.753 1.965 1.858 1.802 1.142 0.000
L-b1,priority_scan,33,ce,1.0,4,2700,0.765625,0.8836263020833334,0.057861328125,0.41466852029164636,0.943359375,0.000 0.334 0.495 0.000
L-b1,priority_scan,33,ce,1.0,6,2700,0.1298828125,0.5994140625000001,0.21598307291666666,0.806712508201599,0.833984375,0.000 0.431 0.762 1.050 0.984 -0.000
L-b1,priority_scan,33,ce,1.0,8,2700,0.0009765625,0.5544084821428571,0.2432861328125,1.2067243346461545,0.7509765625,0.000 0.563 0.922 1.207 1.617 1.848 1.084 0.000
L-b1,priority_scan,33,ce,1.0,4,3000,0.755859375,0.8746744791666666,0.0634765625,0.5955638488133749,0.953125,0.000 0.567 0.624 0.000
L-b1,priority_scan,33,ce,1.0,6,3000,0.009765625,0.5067708333333334,0.2711588541666667,1.0986990729967752,0.8486328125,0.000 0.835 1.123 1.339 1.098 -0.000
L-b1,priority_scan,33,ce,1.0,8,3000,0.0,0.6044573102678571,0.212158203125,1.6024271426377472,0.7734375,0.000 0.913 1.523 1.748 2.075 2.121 1.235 0.000
L-b1,priority_scan,33,ce,1.0,4,3300,0.7724609375,0.8841145833333333,0.058349609375,0.5604513486226399,0.9638671875,0.000 0.570 0.551 0.000
L-b1,priority_scan,33,ce,1.0,6,3300,0.0556640625,0.5333333333333334,0.25602213541666663,1.0526245832443235,0.90234375,0.000 0.875 1.130 1.211 0.994 -0.000
L-b1,priority_scan,33,ce,1.0,8,3300,0.0009765625,0.6075962611607143,0.2110595703125,1.5229549893626462,0.8369140625,0.000 0.981 1.554 1.799 1.890 1.890 1.024 0.000
L-b1,priority_scan,33,ce,1.0,4,3600,0.810546875,0.90283203125,0.049072265625,0.5317798588011,0.9501953125,0.000 0.514 0.550 0.000
L-b1,priority_scan,33,ce,1.0,6,3600,0.0576171875,0.5272786458333334,0.26025390625,1.0079431037108102,0.865234375,0.000 0.749 1.086 1.192 1.004 -0.000
L-b1,priority_scan,33,ce,1.0,8,3600,0.0,0.5875418526785714,0.22314453125,1.440850363837348,0.796875,0.000 0.824 1.342 1.666 1.832 1.815 1.167 0.000
L-b1,priority_scan,44,ce,1.0,4,300,0.1650390625,0.5245768229166667,0.250244140625,0.5345847209294637,0.75390625,0.000 0.318 0.751 0.000
L-b1,priority_scan,44,ce,1.0,6,300,0.0234375,0.45325520833333344,0.3058268229166667,0.8591891328493753,0.50390625,0.000 0.349 1.049 1.171 0.868 -0.000
L-b1,priority_scan,44,ce,1.0,8,300,0.0009765625,0.4172712053571428,0.3367919921875,1.316750689789101,0.2861328125,0.000 0.475 1.394 1.711 1.806 1.519 0.995 0.000
L-b1,priority_scan,44,ce,1.0,4,600,0.1845703125,0.5419921875,0.240478515625,0.4374796814388699,0.833984375,0.000 0.197 0.678 0.000
L-b1,priority_scan,44,ce,1.0,6,600,0.029296875,0.46770833333333345,0.29833984375,0.6683875620365141,0.6083984375,0.000 0.113 0.724 0.944 0.893 -0.000
L-b1,priority_scan,44,ce,1.0,8,600,0.001953125,0.4330357142857142,0.326904296875,0.9434198008643255,0.4580078125,0.000 0.032 0.866 1.178 1.396 1.279 0.908 0.000
L-b1,priority_scan,44,ce,1.0,4,900,0.427734375,0.6954752604166667,0.15576171875,0.2597901556226942,0.853515625,0.000 0.226 0.294 0.000
L-b1,priority_scan,44,ce,1.0,6,900,0.0615234375,0.5304036458333334,0.25634765625,0.4971118768056232,0.6494140625,0.000 0.044 0.590 0.547 0.807 -0.000
L-b1,priority_scan,44,ce,1.0,8,900,0.01171875,0.4839215959821428,0.291259765625,0.7651721327393143,0.4306640625,0.000 -0.011 0.602 0.724 0.960 1.234 1.083 0.000
L-b1,priority_scan,44,ce,1.0,4,1200,0.4990234375,0.7296549479166667,0.1396484375,0.709736877017551,0.9052734375,0.000 0.655 0.765 0.000
L-b1,priority_scan,44,ce,1.0,6,1200,0.00390625,0.49283854166666674,0.2776692708333333,1.2626325587431588,0.7412109375,0.000 0.780 1.319 1.550 1.401 -0.000
L-b1,priority_scan,44,ce,1.0,8,1200,0.0,0.522216796875,0.2655029296875,1.7905676364898684,0.587890625,0.000 0.597 1.560 2.028 2.410 2.463 1.685 0.000
L-b1,priority_scan,44,ce,1.0,4,1500,0.595703125,0.7900390625,0.1064453125,0.6439828872680664,0.921875,0.000 0.609 0.679 0.000
L-b1,priority_scan,44,ce,1.0,6,1500,0.013671875,0.49947916666666675,0.2747395833333333,1.2150536974271136,0.7861328125,0.000 0.936 1.273 1.448 1.202 -0.000
L-b1,priority_scan,44,ce,1.0,8,1500,0.0,0.5704868861607143,0.23388671875,1.7577797395211678,0.658203125,0.000 0.962 1.731 2.001 2.193 2.190 1.470 0.000
L-b1,priority_scan,44,ce,1.0,4,1800,0.671875,0.82568359375,0.089599609375,0.5421010653177897,0.9248046875,0.000 0.528 0.556 0.000
L-b1,priority_scan,44,ce,1.0,6,1800,0.021484375,0.5114583333333333,0.2677408854166667,1.0399242242177325,0.82421875,0.000 0.676 1.127 1.249 1.108 -0.000
L-b1,priority_scan,44,ce,1.0,8,1800,0.0,0.5584193638392858,0.2410888671875,1.4547674081943651,0.736328125,0.000 0.556 1.322 1.676 1.887 1.946 1.343 0.000
L-b1,priority_scan,44,ce,1.0,4,2100,0.7314453125,0.8600260416666666,0.0712890625,0.5280896027882894,0.9375,0.000 0.534 0.523 0.000
L-b1,priority_scan,44,ce,1.0,6,2100,0.0419921875,0.5298177083333335,0.25732421875,1.004092792669932,0.8447265625,0.000 0.677 1.077 1.193 1.070 -0.000
L-b1,priority_scan,44,ce,1.0,8,2100,0.0,0.5626743861607143,0.2393798828125,1.4670115930062755,0.7578125,0.000 0.656 1.371 1.728 1.884 1.855 1.309 0.000
L-b1,priority_scan,44,ce,1.0,4,2400,0.7392578125,0.86474609375,0.068603515625,0.5338186687893338,0.955078125,0.000 0.516 0.552 0.000
L-b1,priority_scan,44,ce,1.0,6,2400,0.046875,0.5334635416666669,0.2548828125,1.0473599036534624,0.85546875,0.000 0.774 1.139 1.256 1.020 -0.000
L-b1,priority_scan,44,ce,1.0,8,2400,0.0,0.5887625558035714,0.222900390625,1.5116757154464722,0.7890625,0.000 0.868 1.443 1.759 1.908 1.878 1.214 0.000
L-b1,priority_scan,44,ce,1.0,4,2700,0.720703125,0.8507486979166667,0.076904296875,0.5648024214638604,0.947265625,0.000 0.574 0.556 0.000
L-b1,priority_scan,44,ce,1.0,6,2700,0.015625,0.49440104166666676,0.27978515625,1.0481821993986764,0.8544921875,0.000 0.687 1.119 1.209 1.177 -0.000
L-b1,priority_scan,44,ce,1.0,8,2700,0.0,0.5879603794642858,0.222900390625,1.5185692575242784,0.7578125,0.000 0.660 1.434 1.711 1.818 2.041 1.446 0.000
L-b1,priority_scan,44,ce,1.0,4,3000,0.7490234375,0.86767578125,0.0673828125,0.6286599900987413,0.9365234375,0.000 0.663 0.595 0.000
L-b1,priority_scan,44,ce,1.0,6,3000,0.0244140625,0.5227864583333334,0.26025390625,1.0997812946637473,0.8427734375,0.000 0.798 1.230 1.312 1.060 -0.000
L-b1,priority_scan,44,ce,1.0,8,3000,0.0,0.6015973772321428,0.2135009765625,1.5068450680485477,0.72265625,0.000 0.654 1.417 1.802 1.990 1.932 1.245 0.000
L-b1,priority_scan,44,ce,1.0,4,3300,0.787109375,0.892578125,0.0537109375,0.5665737390518188,0.943359375,0.000 0.529 0.604 0.000
L-b1,priority_scan,44,ce,1.0,6,3300,0.013671875,0.49537760416666676,0.27783203125,1.0560032725334167,0.869140625,0.000 0.699 1.069 1.264 1.192 -0.000
L-b1,priority_scan,44,ce,1.0,8,3300,0.0,0.5867396763392858,0.2235107421875,1.5207705232832167,0.7939453125,0.000 0.758 1.258 1.621 1.919 2.164 1.404 0.000
L-b1,priority_scan,44,ce,1.0,4,3600,0.4814453125,0.7332356770833333,0.13525390625,0.643439491589864,0.9423828125,0.000 0.463 0.824 0.000
L-b1,priority_scan,44,ce,1.0,6,3600,0.0078125,0.5157552083333334,0.26464843749999994,1.2994062403837838,0.8505859375,0.000 0.857 1.192 1.634 1.515 -0.000
L-b1,priority_scan,44,ce,1.0,8,3600,0.0,0.5503278459821429,0.247314453125,1.958340185659903,0.7568359375,0.000 1.162 1.558 1.940 2.536 2.831 1.722 0.000
L-b1,priority_scan,55,ce,1.0,4,300,0.185546875,0.5437825520833334,0.238525390625,0.03274586465623644,0.7548828125,0.000 -0.154 0.219 0.000
L-b1,priority_scan,55,ce,1.0,6,300,0.0205078125,0.46998697916666676,0.29443359375,0.13663202524185164,0.4892578125,0.000 -0.245 0.219 0.238 0.334 -0.000
L-b1,priority_scan,55,ce,1.0,8,300,0.0068359375,0.4347795758928571,0.3231201171875,0.26875332549766257,0.2353515625,0.000 -0.168 0.339 0.260 0.329 0.466 0.386 0.000
L-b1,priority_scan,55,ce,1.0,4,600,0.177734375,0.5421549479166666,0.239990234375,0.43924020396338564,0.8076171875,0.000 0.267 0.612 0.000
L-b1,priority_scan,55,ce,1.0,6,600,0.0166015625,0.4502604166666667,0.30908203125,0.7349131007989246,0.56640625,0.000 0.184 0.974 1.043 0.739 -0.000
L-b1,priority_scan,55,ce,1.0,8,600,0.0048828125,0.4280831473214285,0.3294677734375,1.1903901674129347,0.3662109375,0.000 0.322 1.384 1.654 1.567 1.384 0.832 0.000
L-b1,priority_scan,55,ce,1.0,4,900,0.189453125,0.55615234375,0.231201171875,0.7993961705101861,0.833984375,0.000 0.937 0.661 0.000
L-b1,priority_scan,55,ce,1.0,6,900,0.0126953125,0.47304687500000014,0.29150390625,1.2905838588873544,0.6044921875,0.000 1.463 1.776 1.162 0.762 -0.000
L-b1,priority_scan,55,ce,1.0,8,900,0.0009765625,0.43788364955357134,0.3212890625,1.7117186828895852,0.3994140625,0.000 1.506 2.754 2.322 1.718 1.234 0.735 0.000
L-b1,priority_scan,55,ce,1.0,4,1200,0.55078125,0.7652994791666666,0.119140625,0.4772474368413289,0.88671875,0.000 0.434 0.520 0.000
L-b1,priority_scan,55,ce,1.0,6,1200,0.0859375,0.5610677083333334,0.23828125,0.8214738965034484,0.76171875,0.000 0.434 0.785 1.084 0.983 -0.000
L-b1,priority_scan,55,ce,1.0,8,1200,0.0068359375,0.5117536272321428,0.2720947265625,1.0308510285836678,0.5810546875,0.000 0.142 0.915 1.112 1.409 1.587 1.019 0.000
L-b1,priority_scan,55,ce,1.0,4,1500,0.3740234375,0.6669921875,0.17138671875,0.8009482754601372,0.923828125,0.000 0.737 0.865 0.000
L-b1,priority_scan,55,ce,1.0,6,1500,0.005859375,0.5266927083333335,0.2566731770833333,1.3813567658265433,0.7998046875,0.000 1.068 1.502 1.703 1.252 -0.000
L-b1,priority_scan,55,ce,1.0,8,1500,0.0009765625,0.5604771205357143,0.240478515625,1.883719276498865,0.673828125,0.000 0.939 1.858 2.344 2.563 2.292 1.305 0.000
L-b1,priority_scan,55,ce,1.0,4,1800,0.6767578125,0.8367513020833333,0.081787109375,0.49885544512006974,0.923828125,0.000 0.532 0.465 0.000
L-b1,priority_scan,55,ce,1.0,6,1800,0.0888671875,0.5698567708333333,0.23160807291666669,0.9647353986899058,0.8203125,0.000 0.971 1.023 1.020 0.845 -0.000
L-b1,priority_scan,55,ce,1.0,8,1800,0.005859375,0.5345284598214285,0.2564697265625,1.277602138342681,0.64453125,0.000 0.849 1.509 1.481 1.461 1.436 0.931 0.000
L-b1,priority_scan,55,ce,1.0,4,2100,0.65234375,0.8142903645833333,0.095703125,0.6933190425237019,0.9453125,0.000 0.653 0.734 0.000
L-b1,priority_scan,55,ce,1.0,6,2100,0.00390625,0.5189453125000001,0.26188151041666663,1.231983850399653,0.861328125,0.000 0.882 1.321 1.542 1.183 -0.000
L-b1,priority_scan,55,ce,1.0,8,2100,0.0,0.6027483258928572,0.214111328125,1.7057908243603175,0.7890625,0.000 0.825 1.607 1.999 2.281 2.180 1.342 0.000
L-b1,priority_scan,55,ce,1.0,4,2400,0.75,0.869140625,0.06689453125,0.55166761080424,0.9443359375,0.000 0.534 0.569 0.000
L-b1,priority_scan,55,ce,1.0,6,2400,0.07421875,0.5551432291666667,0.24202473958333331,1.0187024374802907,0.8544921875,0.000 0.725 1.065 1.252 1.033 -0.000
L-b1,priority_scan,55,ce,1.0,8,2400,0.0,0.564697265625,0.2373046875,1.407715126320168,0.75,0.000 0.725 1.295 1.597 1.812 1.829 1.189 0.000
L-b1,priority_scan,55,ce,1.0,4,2700,0.7822265625,0.8912760416666667,0.05419921875,0.5176807112163968,0.931640625,0.000 0.505 0.530 0.000
L-b1,priority_scan,55,ce,1.0,6,2700,0.037109375,0.5194661458333334,0.2643229166666667,1.0449751218159993,0.8369140625,0.000 0.893 1.104 1.226 0.957 -0.000
L-b1,priority_scan,55,ce,1.0,8,2700,0.0,0.5924944196428572,0.219970703125,1.5446250085477475,0.7353515625,0.000 1.139 1.533 1.712 1.891 1.848 1.144 0.000
L-b1,priority_scan,55,ce,1.0,4,3000,0.7900390625,0.89453125,0.052734375,0.5483445856306288,0.955078125,0.000 0.505 0.592 0.000
L-b1,priority_scan,55,ce,1.0,6,3000,0.0244140625,0.509765625,0.27018229166666663,1.014903833468755,0.876953125,0.000 0.697 1.002 1.246 1.114 -0.000
L-b1,priority_scan,55,ce,1.0,8,3000,0.0,0.5711844308035714,0.2330322265625,1.418561515984712,0.7919921875,0.000 0.713 1.186 1.466 1.795 2.022 1.330 0.000
L-b1,priority_scan,55,ce,1.0,4,3300,0.7607421875,0.8758138020833333,0.063232421875,0.630664692984687,0.953125,0.000 0.625 0.637 0.000
L-b1,priority_scan,55,ce,1.0,6,3300,0.0107421875,0.5076822916666668,0.26985677083333337,1.1865980923175812,0.875,0.000 0.983 1.281 1.397 1.085 -0.000
L-b1,priority_scan,55,ce,1.0,8,3300,0.0,0.625732421875,0.1988525390625,1.7302324595274747,0.7998046875,0.000 1.283 1.720 1.963 2.074 2.075 1.266 0.000
L-b1,priority_scan,55,ce,1.0,4,3600,0.8037109375,0.8986002604166666,0.051513671875,0.5431316296259562,0.962890625,0.000 0.542 0.544 0.000
L-b1,priority_scan,55,ce,1.0,6,3600,0.046875,0.5113932291666667,0.2708333333333333,1.0509991645812986,0.8818359375,0.000 0.818 1.105 1.200 1.082 -0.000
L-b1,priority_scan,55,ce,1.0,8,3600,0.0,0.594482421875,0.2193603515625,1.5272395699112502,0.806640625,0.000 0.985 1.406 1.688 1.851 1.969 1.265 0.000
L-b1,priority_scan,66,ce,1.0,4,300,0.17578125,0.5335286458333334,0.24267578125,0.37707090377807617,0.701171875,0.000 0.215 0.539 0.000
L-b1,priority_scan,66,ce,1.0,6,300,0.0234375,0.45527343750000004,0.3030598958333333,0.7093761364618936,0.4306640625,0.000 0.354 0.798 0.943 0.742 -0.000
L-b1,priority_scan,66,ce,1.0,8,300,0.0,0.4194684709821428,0.3319091796875,1.0702816866062308,0.201171875,0.000 0.342 1.246 1.478 1.461 1.185 0.709 0.000
L-b1,priority_scan,66,ce,1.0,4,600,0.173828125,0.5353190104166667,0.244140625,0.5941263834635416,0.8310546875,0.000 0.459 0.730 0.000
L-b1,priority_scan,66,ce,1.0,6,600,0.0234375,0.45475260416666674,0.30777994791666663,1.0858549177646637,0.6259765625,0.000 0.751 1.435 1.275 0.883 -0.000
L-b1,priority_scan,66,ce,1.0,8,600,0.0,0.4131905691964285,0.3404541015625,1.6051287562758834,0.3896484375,0.000 0.633 2.142 2.232 1.995 1.604 1.025 0.000
L-b1,priority_scan,66,ce,1.0,4,900,0.3203125,0.6306966145833334,0.191650390625,0.4703586631351047,0.8427734375,0.000 0.427 0.513 0.000
L-b1,priority_scan,66,ce,1.0,6,900,0.03515625,0.5089192708333334,0.26904296875,0.7699827353159585,0.6552734375,0.000 0.504 0.884 0.858 0.834 -0.000
L-b1,priority_scan,66,ce,1.0,8,900,0.01171875,0.46826171874999994,0.3017578125,1.0186122081897875,0.4560546875,0.000 0.367 1.114 1.170 1.210 1.226 1.025 0.000
L-b1,priority_scan,66,ce,1.0,4,1200,0.427734375,0.69384765625,0.157958984375,0.7322204775280422,0.9306640625,0.000 0.731 0.734 0.000
L-b1,priority_scan,66,ce,1.0,6,1200,0.0068359375,0.5083984375000001,0.26839192708333337,1.2547001242637634,0.7861328125,0.000 0.823 1.399 1.550 1.247 -0.000
L-b1,priority_scan,66,ce,1.0,8,1200,0.0,0.5284946986607142,0.261962890625,1.7254404889212713,0.67578125,0.000 0.784 1.552 2.126 2.309 2.152 1.430 0.000
L-b1,priority_scan,66,ce,1.0,4,1500,0.642578125,0.8151041666666667,0.09375,0.5490469932556152,0.9130859375,0.000 0.501 0.597 0.000
L-b1,priority_scan,66,ce,1.0,6,1500,0.0205078125,0.5153645833333333,0.2654622395833333,1.0171407461166382,0.7939453125,0.000 0.667 0.996 1.264 1.141 -0.000
L-b1,priority_scan,66,ce,1.0,8,1500,0.0,0.548095703125,0.2476806640625,1.4957742779343217,0.67578125,0.000 0.671 1.317 1.661 1.930 2.017 1.378 0.000
L-b1,priority_scan,66,ce,1.0,4,1800,0.7001953125,0.84619140625,0.07763671875,0.5049127340316772,0.935546875,0.000 0.503 0.507 0.000
L-b1,priority_scan,66,ce,1.0,6,1800,0.0537109375,0.5342447916666667,0.2548828125,1.0465942819913228,0.830078125,0.000 0.879 1.065 1.199 1.044 -0.000
L-b1,priority_scan,66,ce,1.0,8,1800,0.0,0.5701381138392858,0.234375,1.5456678469975789,0.75,0.000 0.951 1.550 1.708 1.861 1.905 1.300 0.000
L-b1,priority_scan,66,ce,1.0,4,2100,0.71875,0.8541666666666667,0.073974609375,0.5338995986514621,0.9296875,0.000 0.498 0.570 0.000
L-b1,priority_scan,66,ce,1.0,6,2100,0.041015625,0.5313151041666667,0.25618489583333337,1.013792554537455,0.84375,0.000 0.692 1.054 1.254 1.056 -0.000
L-b1,priority_scan,66,ce,1.0,8,2100,0.0,0.5679408482142857,0.2354736328125,1.512450686207524,0.7158203125,0.000 0.770 1.389 1.665 1.937 1.983 1.332 0.000
L-b1,priority_scan,66,ce,1.0,4,2400,0.732421875,0.8623046875,0.069580078125,0.5083601342307197,0.93359375,0.000 0.486 0.530 0.000
L-b1,priority_scan,66,ce,1.0,6,2400,0.0498046875,0.5287760416666668,0.25862630208333337,0.9811201194922128,0.849609375,0.000 0.720 0.997 1.184 1.024 -0.000
L-b1,priority_scan,66,ce,1.0,8,2400,0.0,0.5728236607142857,0.232421875,1.42332982133936,0.7568359375,0.000 0.707 1.250 1.535 1.848 1.873 1.326 0.000
L-b1,priority_scan,66,ce,1.0,4,2700,0.744140625,0.8640950520833333,0.06982421875,0.5844348006778293,0.9365234375,0.000 0.649 0.519 0.000
L-b1,priority_scan,66,ce,1.0,6,2700,0.0419921875,0.5195963541666667,0.263671875,1.0954216619332628,0.8447265625,0.000 1.022 1.238 1.171 0.951 -0.000
L-b1,priority_scan,66,ce,1.0,8,2700,0.0,0.5910993303571428,0.220947265625,1.5901894922609683,0.724609375,0.000 1.176 1.747 1.839 1.852 1.763 1.163 0.000
L-b1,priority_scan,66,ce,1.0,4,3000,0.7294921875,0.8570963541666666,0.0732421875,0.6192205349604288,0.9560546875,0.000 0.671 0.568 0.000
L-b1,priority_scan,66,ce,1.0,6,3000,0.009765625,0.5094401041666667,0.2698567708333333,1.1923746764659882,0.8857421875,0.000 0.965 1.302 1.327 1.175 -0.000
L-b1,priority_scan,66,ce,1.0,8,3000,0.0,0.61572265625,0.2060546875,1.761040599257858,0.796875,0.000 1.115 1.813 2.008 2.038 2.116 1.477 0.000
L-b1,priority_scan,66,ce,1.0,4,3300,0.7529296875,0.86962890625,0.066650390625,0.6710153818130493,0.9453125,0.000 0.683 0.659 0.000
L-b1,priority_scan,66,ce,1.0,6,3300,0.009765625,0.5031901041666668,0.27294921875,1.2427170077959695,0.8544921875,0.000 1.101 1.340 1.392 1.138 -0.000
L-b1,priority_scan,66,ce,1.0,8,3300,0.0,0.63818359375,0.1912841796875,1.8152253716080278,0.7666015625,0.000 1.338 1.854 2.044 2.171 2.139 1.345 0.000
L-b1,priority_scan,66,ce,1.0,4,3600,0.8251953125,0.9090169270833334,0.04638671875,0.44978664980994326,0.9609375,0.000 0.433 0.467 0.000
L-b1,priority_scan,66,ce,1.0,6,3600,0.0537109375,0.5192057291666667,0.26546223958333337,0.9361571570237477,0.8671875,0.000 0.658 0.886 1.059 1.141 -0.000
L-b1,priority_scan,66,ce,1.0,8,3600,0.0,0.5495954241071428,0.2470703125,1.3937297132280138,0.775390625,0.000 0.789 1.118 1.380 1.636 2.007 1.434 0.000
L-b1,priority_scan,77,ce,1.0,4,300,0.18359375,0.5426432291666666,0.23876953125,0.06700389915042453,0.771484375,0.000 -0.130 0.264 0.000
L-b1,priority_scan,77,ce,1.0,6,300,0.0224609375,0.46269531250000007,0.298828125,0.14108578364054344,0.5166015625,0.000 -0.291 0.091 0.299 0.465 -0.000
L-b1,priority_scan,77,ce,1.0,8,300,0.00390625,0.4319196428571428,0.324951171875,0.2135320062990542,0.291015625,0.000 -0.289 0.122 0.326 0.317 0.421 0.384 0.000
L-b1,priority_scan,77,ce,1.0,4,600,0.1708984375,0.5330403645833334,0.24560546875,0.43485164642333984,0.8212890625,0.000 0.184 0.686 0.000
L-b1,priority_scan,77,ce,1.0,6,600,0.0234375,0.45240885416666676,0.3089192708333333,0.7355202734470366,0.5966796875,0.000 0.133 0.842 1.063 0.904 -0.000
L-b1,priority_scan,77,ce,1.0,8,600,0.0009765625,0.4186662946428571,0.3375244140625,1.0503947072558932,0.365234375,0.000 0.006 0.892 1.583 1.525 1.406 0.890 0.000
L-b1,priority_scan,77,ce,1.0,4,900,0.388671875,0.6725260416666667,0.16796875,0.451959768931071,0.884765625,0.000 0.598 0.306 0.000
L-b1,priority_scan,77,ce,1.0,6,900,0.05859375,0.5332682291666668,0.25455729166666663,0.6409204502900441,0.701171875,0.000 1.020 0.909 0.379 0.256 -0.000
L-b1,priority_scan,77,ce,1.0,8,900,0.001953125,0.4814453124999999,0.292724609375,0.8387079945317022,0.5185546875,0.000 1.406 1.601 1.068 0.560 0.179 0.220 0.000
L-b1,priority_scan,77,ce,1.0,4,1200,0.4833984375,0.7239583333333333,0.141845703125,0.6321636835734049,0.9072265625,0.000 0.713 0.551 0.000
L-b1,priority_scan,77,ce,1.0,6,1200,0.0478515625,0.5587239583333334,0.23697916666666666,1.038859337568283,0.763671875,0.000 1.015 1.256 1.177 0.708 -0.000
L-b1,priority_scan,77,ce,1.0,8,1200,0.005859375,0.5179268973214285,0.268798828125,1.3479930824703639,0.619140625,0.000 1.205 1.588 1.722 1.690 1.275 0.608 0.000
L-b1,priority_scan,77,ce,1.0,4,1500,0.5966796875,0.787109375,0.109130859375,0.5008436573876274,0.927734375,0.000 0.586 0.416 0.000
L-b1,priority_scan,77,ce,1.0,6,1500,0.10546875,0.5994140625000001,0.21484375,0.8107414344946542,0.810546875,0.000 0.949 0.979 0.823 0.491 -0.000
L-b1,priority_scan,77,ce,1.0,8,1500,0.009765625,0.5455496651785714,0.25048828125,1.1148025812926117,0.6845703125,0.000 1.288 1.391 1.390 1.254 0.991 0.375 0.000
L-b1,priority_scan,77,ce,1.0,4,1800,0.5537109375,0.765625,0.119873046875,0.5981977118386163,0.93359375,0.000 0.618 0.578 0.000
L-b1,priority_scan,77,ce,1.0,6,1800,0.05859375,0.5376953125000001,0.2522786458333333,1.0678521792093911,0.826171875,0.000 0.995 1.177 1.188 0.911 -0.000
L-b1,priority_scan,77,ce,1.0,8,1800,0.0029296875,0.5494907924107142,0.248046875,1.4596085195188169,0.6962890625,0.000 1.304 1.520 1.678 1.699 1.622 0.935 0.000
L-b1,priority_scan,77,ce,1.0,4,2100,0.6767578125,0.8341471354166667,0.083984375,0.542932218975491,0.9453125,0.000 0.553 0.533 0.000
L-b1,priority_scan,77,ce,1.0,6,2100,0.0908203125,0.5578125,0.2412109375,0.9396012624104816,0.865234375,0.000 0.918 0.989 1.055 0.796 -0.000
L-b1,priority_scan,77,ce,1.0,8,2100,0.00390625,0.552001953125,0.24658203125,1.3064571221669514,0.7421875,0.000 1.237 1.441 1.493 1.534 1.419 0.715 0.000
L-b1,priority_scan,77,ce,1.0,4,2400,0.646484375,0.8134765625,0.095458984375,0.6348584757910833,0.9619140625,0.000 0.604 0.665 0.000
L-b1,priority_scan,77,ce,1.0,6,2400,0.0283203125,0.5302734375000001,0.25585937499999994,1.1709003150463102,0.857421875,0.000 0.986 1.258 1.432 1.007 -0.000
L-b1,priority_scan,77,ce,1.0,8,2400,0.0,0.5733816964285714,0.2327880859375,1.6628406665943285,0.703125,0.000 1.217 1.744 1.980 2.177 1.906 0.953 0.000
L-b1,priority_scan,77,ce,1.0,4,2700,0.7880859375,0.8943684895833334,0.052734375,0.3260881370968289,0.9423828125,0.000 0.289 0.363 0.000
L-b1,priority_scan,77,ce,1.0,6,2700,0.251953125,0.6645833333333333,0.17952473958333331,0.7206968466440835,0.8623046875,0.000 0.622 0.623 0.841 0.797 -0.000
L-b1,priority_scan,77,ce,1.0,8,2700,0.009765625,0.5432477678571428,0.251953125,1.0537793238957724,0.751953125,0.000 0.846 1.027 0.993 1.176 1.445 0.836 0.000
L-b1,priority_scan,77,ce,1.0,4,3000,0.7353515625,0.859375,0.072265625,0.5967154767778184,0.94921875,0.000 0.605 0.589 0.000
L-b1,priority_scan,77,ce,1.0,6,3000,0.0419921875,0.5050130208333334,0.27392578125,1.077540467182795,0.8671875,0.000 0.993 1.129 1.220 0.968 -0.000
L-b1,priority_scan,77,ce,1.0,8,3000,0.0,0.5805315290178571,0.227294921875,1.5036038116172508,0.7529296875,0.000 1.252 1.593 1.657 1.775 1.781 0.963 0.000
L-b1,priority_scan,77,ce,1.0,4,3300,0.6669921875,0.8274739583333334,0.087646484375,0.5754404597812228,0.947265625,0.000 0.549 0.602 0.000
L-b1,priority_scan,77,ce,1.0,6,3300,0.0634765625,0.5513020833333333,0.24462890625,1.0442755619684854,0.890625,0.000 0.863 1.051 1.238 1.025 -0.000
L-b1,priority_scan,77,ce,1.0,8,3300,0.001953125,0.57763671875,0.2301025390625,1.536161082762259,0.787109375,0.000 1.080 1.502 1.602 1.897 1.963 1.172 0.000
L-b1,priority_scan,77,ce,1.0,4,3600,0.7646484375,0.8776041666666666,0.06201171875,0.5580171611573961,0.955078125,0.000 0.565 0.551 0.000
L-b1,priority_scan,77,ce,1.0,6,3600,0.0625,0.5247395833333335,0.26204427083333337,1.0151511430740354,0.8818359375,0.000 0.926 0.973 1.184 0.978 -0.000
L-b1,priority_scan,77,ce,1.0,8,3600,0.0009765625,0.5782993861607143,0.2291259765625,1.467856345353303,0.78125,0.000 1.128 1.469 1.540 1.780 1.846 1.044 0.000
L-b1,priority_scan,88,ce,1.0,4,300,0.1865234375,0.5462239583333333,0.23681640625,0.25944723023308647,0.7734375,0.000 0.051 0.468 0.000
L-b1,priority_scan,88,ce,1.0,6,300,0.03125,0.4522135416666668,0.30875651041666663,0.5326858659585316,0.515625,0.000 -0.053 0.593 0.860 0.731 -0.000
L-b1,priority_scan,88,ce,1.0,8,300,0.0,0.42529296874999994,0.3304443359375,0.8332148304692021,0.30078125,0.000 -0.109 0.760 1.199 1.194 1.170 0.786 0.000
L-b1,priority_scan,88,ce,1.0,4,600,0.181640625,0.5388997395833334,0.24169921875,0.5230028099483914,0.7783203125,0.000 0.348 0.698 0.000
L-b1,priority_scan,88,ce,1.0,6,600,0.0263671875,0.4588541666666668,0.30338541666666663,0.925214240948359,0.5673828125,0.000 0.524 1.224 1.128 0.825 -0.000
L-b1,priority_scan,88,ce,1.0,8,600,0.001953125,0.41992187499999994,0.3345947265625,1.4920334683524235,0.3623046875,0.000 0.881 2.077 1.919 1.730 1.440 0.905 0.000
L-b1,priority_scan,88,ce,1.0,4,900,0.16796875,0.5338541666666666,0.244873046875,0.7023232513003879,0.8212890625,0.000 0.554 0.851 0.000
L-b1,priority_scan,88,ce,1.0,6,900,0.021484375,0.4552734375000001,0.3055013020833333,1.2111890316009521,0.595703125,0.000 0.639 1.584 1.502 1.120 -0.000
L-b1,priority_scan,88,ce,1.0,8,900,0.0,0.4229910714285714,0.33349609375,1.736385160022312,0.43359375,0.000 0.724 2.005 2.294 2.332 1.869 1.195 0.000
L-b1,priority_scan,88,ce,1.0,4,1200,0.318359375,0.6326497395833333,0.18994140625,0.6697954071892632,0.8798828125,0.000 0.675 0.664 0.000
L-b1,priority_scan,88,ce,1.0,6,1200,0.015625,0.5130859375000001,0.2657877604166667,1.0052708784739175,0.708984375,0.000 0.263 1.293 1.445 1.021 -0.000
L-b1,priority_scan,88,ce,1.0,8,1200,0.001953125,0.4760393415178571,0.2965087890625,1.3939534072522761,0.52734375,0.000 0.130 1.135 1.970 2.178 1.836 1.114 0.000
L-b1,priority_scan,88,ce,1.0,4,1500,0.46875,0.7154947916666666,0.146484375,0.7189092371198866,0.9033203125,0.000 0.722 0.716 0.000
L-b1,priority_scan,88,ce,1.0,6,1500,0.0048828125,0.5036458333333335,0.27213541666666663,1.3042915860811868,0.748046875,0.000 0.960 1.439 1.528 1.290 -0.000
L-b1,priority_scan,88,ce,1.0,8,1500,0.0,0.518763950892857,0.267333984375,1.8512420521842108,0.6298828125,0.000 0.916 1.847 2.164 2.340 2.353 1.487 0.000
L-b1,priority_scan,88,ce,1.0,4,1800,0.6611328125,0.8204752604166667,0.09228515625,0.5602511432435777,0.9287109375,0.000 0.592 0.529 0.000
L-b1,priority_scan,88,ce,1.0,6,1800,0.037109375,0.5151041666666667,0.26692708333333337,1.0840089122454324,0.7978515625,0.000 0.825 1.192 1.214 1.104 -0.000
L-b1,priority_scan,88,ce,1.0,8,1800,0.0,0.5667201450892856,0.2369384765625,1.5779924613458138,0.6845703125,0.000 0.866 1.546 1.808 1.898 1.945 1.404 0.000
L-b1,priority_scan,88,ce,1.0,4,2100,0.6318359375,0.8095703125,0.0966796875,0.633517238828871,0.931640625,0.000 0.566 0.701 0.000
L-b1,priority_scan,88,ce,1.0,6,2100,0.005859375,0.5134114583333335,0.2648111979166667,1.1729032297929127,0.82421875,0.000 0.760 1.219 1.483 1.230 -0.000
L-b1,priority_scan,88,ce,1.0,8,2100,0.0,0.5804966517857142,0.227294921875,1.69413098582515,0.6845703125,0.000 0.889 1.480 1.870 2.222 2.241 1.463 0.000
L-b1,priority_scan,88,ce,1.0,4,2400,0.5361328125,0.7579752604166667,0.12353515625,0.7693988084793091,0.923828125,0.000 0.878 0.661 0.000
L-b1,priority_scan,88,ce,1.0,6,2400,0.0146484375,0.5546223958333334,0.23876953124999997,1.3263514637947083,0.8544921875,0.000 1.233 1.600 1.458 1.015 -0.000
L-b1,priority_scan,88,ce,1.0,8,2400,0.0,0.594482421875,0.218505859375,1.877014195477521,0.7138671875,0.000 1.279 2.182 2.407 2.291 1.956 1.147 0.000
L-b1,priority_scan,88,ce,1.0,4,2700,0.6845703125,0.8343098958333333,0.08447265625,0.6389559639824762,0.9482421875,0.000 0.620 0.658 0.000
L-b1,priority_scan,88,ce,1.0,6,2700,0.0107421875,0.5053385416666668,0.2713216145833333,1.1460542182127633,0.859375,0.000 0.799 1.242 1.398 1.145 -0.000
L-b1,priority_scan,88,ce,1.0,8,2700,0.0,0.5859375,0.22412109375,1.6402902426543058,0.755859375,0.000 0.815 1.453 1.907 2.133 2.138 1.395 0.000
L-b1,priority_scan,88,ce,1.0,4,3000,0.7734375,0.8839518229166667,0.05859375,0.4856138759189182,0.931640625,0.000 0.518 0.454 0.000
L-b1,priority_scan,88,ce,1.0,6,3000,0.095703125,0.5638671875000001,0.23714192708333331,0.9714552263418832,0.8359375,0.000 0.797 1.043 1.128 0.917 -0.000
L-b1,priority_scan,88,ce,1.0,8,3000,0.001953125,0.5590122767857142,0.2418212890625,1.4082343490035445,0.7421875,0.000 0.928 1.257 1.630 1.774 1.697 1.164 0.000
L-b1,priority_scan,88,ce,1.0,4,3300,0.783203125,0.8880208333333333,0.056884765625,0.5528957313961452,0.9462890625,0.000 0.564 0.542 0.000
L-b1,priority_scan,88,ce,1.0,6,3300,0.0361328125,0.49876302083333346,0.27783203125,1.03775292634964,0.8642578125,0.000 0.757 1.088 1.180 1.125 -0.000
L-b1,priority_scan,88,ce,1.0,8,3300,0.0,0.566650390625,0.2366943359375,1.446967257393731,0.7783203125,0.000 0.758 1.275 1.598 1.753 1.936 1.362 0.000
L-b1,priority_scan,88,ce,1.0,4,3600,0.8115234375,0.9055989583333334,0.047119140625,0.48580129941304523,0.9599609375,0.000 0.474 0.498 0.000
L-b1,priority_scan,88,ce,1.0,6,3600,0.046875,0.5162760416666667,0.26708984375,1.0025345782438913,0.8857421875,0.000 0.769 1.004 1.146 1.091 -0.000
L-b1,priority_scan,88,ce,1.0,8,3600,0.0009765625,0.5712193080357143,0.234130859375,1.4552617956090854,0.8046875,0.000 0.929 1.236 1.556 1.775 1.892 1.345 0.000
L-b1,position_scan,11,ce,1.0,4,300,0.16796875,0.52685546875,0.251953125,0.5886251838118941,0.8291015625,0.374 0.457 0.940 0.369
L-b1,position_scan,11,ce,1.0,6,300,0.0068359375,0.4192708333333334,0.33268229166666663,0.8887506855858696,0.59375,0.777 0.529 1.032 1.460 1.200 0.222
L-b1,position_scan,11,ce,1.0,8,300,0.0,0.3760463169642857,0.3682861328125,1.2261814162844702,0.3984375,1.158 0.668 1.064 1.595 1.965 1.893 1.292 0.107
L-b1,position_scan,11,ce,1.0,4,600,0.380859375,0.6599934895833333,0.177978515625,0.5213141441345215,0.873046875,0.042 0.466 0.605 0.492
L-b1,position_scan,11,ce,1.0,6,600,0.017578125,0.4746093750000001,0.29313151041666663,0.7634421719445122,0.712890625,0.247 0.320 0.956 1.025 1.066 0.450
L-b1,position_scan,11,ce,1.0,8,600,0.0009765625,0.4388602120535714,0.323486328125,1.0533403593396382,0.5361328125,0.379 0.184 0.995 1.356 1.442 1.498 1.424 0.475
L-b1,position_scan,11,ce,1.0,4,900,0.509765625,0.7376302083333333,0.134765625,0.6376164047806351,0.8701171875,0.134 0.602 0.651 0.660
L-b1,position_scan,11,ce,1.0,6,900,0.0068359375,0.4242838541666668,0.3294270833333333,0.9673308663898045,0.6982421875,0.215 0.715 1.089 1.147 1.086 0.800
L-b1,position_scan,11,ce,1.0,8,900,0.0,0.4470563616071428,0.3160400390625,1.3292939133114283,0.5166015625,0.364 0.722 1.416 1.539 1.627 1.557 1.594 0.850
L-b1,position_scan,11,ce,1.0,4,1200,0.54296875,0.7511393229166666,0.12939453125,0.6923071543375651,0.9150390625,0.048 0.711 0.623 0.743
L-b1,position_scan,11,ce,1.0,6,1200,0.0078125,0.42721354166666675,0.3258463541666667,1.0647321674558854,0.7890625,0.000 0.956 1.265 1.145 1.093 0.866
L-b1,position_scan,11,ce,1.0,8,1200,0.0,0.513392857142857,0.2706298828125,1.5019166658795071,0.6748046875,0.090 0.810 1.860 1.864 1.693 1.577 1.809 0.900
L-b1,position_scan,11,ce,1.0,4,1500,0.5927734375,0.78515625,0.10986328125,0.6972999484450728,0.91015625,-0.014 0.624 0.692 0.776
L-b1,position_scan,11,ce,1.0,6,1500,0.0,0.4297526041666667,0.3250325520833333,1.0549752447340226,0.81640625,-0.030 0.829 1.169 1.231 1.161 0.885
L-b1,position_scan,11,ce,1.0,8,1500,0.0,0.5302036830357142,0.26025390625,1.474658837394109,0.66796875,0.074 0.670 1.587 1.757 1.819 1.713 1.861 0.916
L-b1,position_scan,11,ce,1.0,4,1800,0.6318359375,0.8082682291666666,0.097412109375,0.723042753007677,0.9521484375,-0.056 0.733 0.713 0.722
L-b1,position_scan,11,ce,1.0,6,1800,0.0048828125,0.4417968750000001,0.3167317708333333,1.1167724662356908,0.8525390625,-0.021 1.008 1.281 1.240 1.146 0.908
L-b1,position_scan,11,ce,1.0,8,1800,0.0,0.5538853236607142,0.2451171875,1.5236430887192014,0.7431640625,0.123 0.712 1.900 1.879 1.824 1.798 1.591 0.960
L-b1,position_scan,11,ce,1.0,4,2100,0.7763671875,0.88818359375,0.0556640625,0.5848305313675491,0.935546875,-0.008 0.482 0.494 0.778
L-b1,position_scan,11,ce,1.0,6,2100,0.0634765625,0.5110677083333335,0.27197265625,0.9034046464496189,0.8623046875,0.054 0.812 0.870 0.922 0.981 0.931
L-b1,position_scan,11,ce,1.0,8,2100,0.0,0.4451381138392856,0.319091796875,1.2930116010090662,0.7646484375,0.193 0.792 1.373 1.389 1.397 1.481 1.644 0.975
L-b1,position_scan,11,ce,1.0,4,2400,0.71484375,0.8544921875,0.073486328125,0.7212555408477783,0.9453125,0.141 0.721 0.644 0.798
L-b1,position_scan,11,ce,1.0,6,2400,0.0029296875,0.42298177083333344,0.33170572916666663,1.1280516915851169,0.8564453125,0.226 1.168 1.260 1.194 1.074 0.944
L-b1,position_scan,11,ce,1.0,8,2400,0.0,0.5378766741071428,0.25634765625,1.5717934805249414,0.763671875,0.435 1.266 1.832 1.873 1.794 1.652 1.591 0.995
L-b1,position_scan,11,ce,1.0,4,2700,0.6708984375,0.8274739583333334,0.088134765625,0.7784122007864492,0.955078125,0.092 0.694 0.810 0.831
L-b1,position_scan,11,ce,1.0,6,2700,0.0,0.4104817708333334,0.33935546875,1.1967704825931125,0.85546875,0.121 1.028 1.280 1.433 1.279 0.964
L-b1,position_scan,11,ce,1.0,8,2700,0.0,0.5922154017857142,0.219970703125,1.698747097499787,0.77734375,0.267 1.206 1.657 1.992 2.122 2.052 1.849 1.013
L-b1,position_scan,11,ce,1.0,4,3000,0.734375,0.8621419270833333,0.070068359375,0.6843337306269893,0.955078125,0.044 0.479 0.729 0.846
L-b1,position_scan,11,ce,1.0,6,3000,0.001953125,0.41666666666666674,0.3328450520833333,1.108567211363051,0.8603515625,0.107 0.801 1.030 1.331 1.380 1.002
L-b1,position_scan,11,ce,1.0,8,3000,0.0,0.5375279017857142,0.2557373046875,1.6286387330009824,0.78515625,0.270 1.066 1.326 1.675 2.009 2.171 2.112 1.040
L-b1,position_scan,11,ce,1.0,4,3300,0.830078125,0.9138997395833334,0.043212890625,0.5537943045298258,0.9462890625,-0.039 0.434 0.483 0.745
L-b1,position_scan,11,ce,1.0,6,3300,0.0927734375,0.5265625,0.26513671875,0.9048251840803359,0.88671875,-0.022 0.836 0.828 0.954 0.979 0.928
L-b1,position_scan,11,ce,1.0,8,3300,0.0,0.4618443080357142,0.308349609375,1.3312260309855142,0.7880859375,0.095 1.065 1.279 1.370 1.520 1.576 1.512 0.996
L-b1,position_scan,11,ce,1.0,4,3600,0.818359375,0.9078776041666666,0.04638671875,0.5815149678124322,0.9609375,-0.240 0.386 0.572 0.787
L-b1,position_scan,11,ce,1.0,6,3600,0.0478515625,0.5194661458333334,0.26611328125,0.8762620819939506,0.8984375,-0.176 0.520 0.845 1.081 0.989 0.945
L-b1,position_scan,11,ce,1.0,8,3600,0.0,0.49895368303571425,0.2825927734375,1.2192517613607738,0.8251953125,-0.040 0.295 1.021 1.424 1.669 1.649 1.474 1.002
L-b1,position_scan,22,ce,1.0,4,300,0.2958984375,0.5965169270833333,0.214111328125,0.2524292910540545,0.7958984375,0.323 0.089 0.488 0.180
L-b1,position_scan,22,ce,1.0,6,300,0.033203125,0.4577473958333334,0.3076171875,0.40334528022342253,0.533203125,0.758 0.250 0.395 0.692 0.692 -0.013
L-b1,position_scan,22,ce,1.0,8,300,0.0,0.3988909040178571,0.3526611328125,0.5050319527822829,0.3232421875,1.169 0.441 0.400 0.522 0.722 0.944 0.724 -0.217
L-b1,position_scan,22,ce,1.0,4,600,0.416015625,0.6788736979166667,0.166748046875,0.5517299528475161,0.841796875,0.203 0.576 0.436 0.643
L-b1,position_scan,22,ce,1.0,6,600,0.0126953125,0.4349609375000001,0.3193359375,0.8556317620807224,0.6533203125,0.437 0.670 0.957 0.834 1.083 0.733
L-b1,position_scan,22,ce,1.0,8,600,0.0,0.4127022879464285,0.34033203125,1.1797753212943909,0.404296875,0.613 0.705 1.353 1.328 1.163 1.287 1.661 0.762
L-b1,position_scan,22,ce,1.0,4,900,0.5458984375,0.7607421875,0.122314453125,0.5914487220622875,0.8876953125,-0.130 0.463 0.526 0.786
L-b1,position_scan,22,ce,1.0,6,900,0.01171875,0.4535156250000001,0.30729166666666663,0.8884927166832819,0.73828125,-0.092 0.339 0.885 0.991 1.336 0.892
L-b1,position_scan,22,ce,1.0,8,900,0.0,0.44757952008928564,0.315185546875,1.2072422390892392,0.5634765625,0.038 0.070 1.050 1.388 1.391 1.585 2.043 0.923
L-b1,position_scan,22,ce,1.0,4,1200,0.5830078125,0.7825520833333334,0.110595703125,0.7042848622357404,0.900390625,0.103 0.675 0.681 0.757
L-b1,position_scan,22,ce,1.0,6,1200,0.001953125,0.4220703125000001,0.3291015625,1.0297267966800265,0.7802734375,0.153 0.731 1.174 1.179 1.194 0.871
L-b1,position_scan,22,ce,1.0,8,1200,0.0,0.5000697544642856,0.2801513671875,1.441638564306592,0.62890625,0.313 0.601 1.584 1.692 1.757 1.622 1.938 0.897
L-b1,position_scan,22,ce,1.0,4,1500,0.4267578125,0.6927083333333334,0.158447265625,0.8116657645614058,0.9208984375,0.016 0.718 0.874 0.842
L-b1,position_scan,22,ce,1.0,6,1500,0.0,0.4433593750000001,0.314453125,1.2336670292748344,0.8232421875,-0.046 0.903 1.350 1.510 1.466 0.940
L-b1,position_scan,22,ce,1.0,8,1500,0.0,0.5662667410714286,0.2371826171875,1.7194120656876337,0.7138671875,0.033 0.727 1.756 2.037 2.183 2.093 2.278 0.962
L-b1,position_scan,22,ce,1.0,4,1800,0.626953125,0.8074544270833334,0.09765625,0.705540312661065,0.9140625,-0.146 0.571 0.742 0.804
L-b1,position_scan,22,ce,1.0,6,1800,0.0068359375,0.4457031250000001,0.314453125,1.0325285328759086,0.814453125,-0.113 0.650 1.081 1.277 1.226 0.929
L-b1,position_scan,22,ce,1.0,8,1800,0.0,0.5320521763392856,0.2587890625,1.433707456740122,0.6806640625,0.038 0.267 1.392 1.649 1.882 1.875 2.008 0.963
L-b1,position_scan,22,ce,1.0,4,2100,0.7412109375,0.8684895833333333,0.066162109375,0.6683217596124719,0.947265625,-0.064 0.602 0.682 0.720
L-b1,position_scan,22,ce,1.0,6,2100,0.0029296875,0.42493489583333344,0.32828776041666663,1.0325043731265597,0.87890625,-0.045 0.918 1.092 1.186 1.102 0.864
L-b1,position_scan,22,ce,1.0,8,2100,0.0,0.5616280691964286,0.2403564453125,1.4559718540736604,0.7744140625,0.097 0.832 1.561 1.704 1.771 1.747 1.657 0.918
L-b1,position_scan,22,ce,1.0,4,2400,0.716796875,0.85498046875,0.0732421875,0.63888152440389,0.9453125,0.328 0.657 0.569 0.691
L-b1,position_scan,22,ce,1.0,6,2400,0.0048828125,0.4267578125000001,0.3274739583333333,1.054906381501092,0.8515625,0.414 1.263 1.117 1.066 0.950 0.879
L-b1,position_scan,22,ce,1.0,8,2400,0.0,0.5364467075892857,0.2572021484375,1.5318391815064447,0.7734375,0.601 1.713 1.809 1.636 1.614 1.585 1.411 0.955
L-b1,position_scan,22,ce,1.0,4,2700,0.609375,0.7970377604166667,0.10302734375,0.7314096998285363,0.951171875,-0.113 0.593 0.777 0.824
L-b1,position_scan,22,ce,1.0,6,2700,0.0,0.4326171875000001,0.32275390625,1.1651784711413913,0.873046875,0.003 0.918 1.212 1.386 1.337 0.973
L-b1,position_scan,22,ce,1.0,8,2700,0.0,0.5802176339285714,0.2281494140625,1.6409668468293692,0.771484375,0.211 0.831 1.607 1.910 2.077 2.110 1.931 1.021
L-b1,position_scan,22,ce,1.0,4,3000,0.70703125,0.8447265625,0.079833984375,0.6553160261224816,0.9609375,0.265 0.563 0.558 0.845
L-b1,position_scan,22,ce,1.0,6,3000,0.001953125,0.34309895833333337,0.3929036458333333,1.0464683903588188,0.8681640625,0.452 1.130 0.978 1.027 1.106 0.992
L-b1,position_scan,22,ce,1.0,8,3000,0.0,0.4816196986607142,0.295166015625,1.558641100686694,0.8173828125,0.793 1.614 1.613 1.492 1.543 1.685 1.926 1.038
L-b1,position_scan,22,ce,1.0,4,3300,0.80859375,0.9033203125,0.04833984375,0.6148706983636927,0.9609375,0.037 0.547 0.550 0.748
L-b1,position_scan,22,ce,1.0,6,3300,0.01953125,0.4269531250000001,0.3279622395833333,1.014699829949273,0.89453125,0.217 1.078 0.953 1.067 1.055 0.920
L-b1,position_scan,22,ce,1.0,8,3300,0.0,0.5291573660714285,0.261962890625,1.5073851176670616,0.830078125,0.504 1.515 1.524 1.539 1.656 1.717 1.613 0.987
L-b1,position_scan,22,ce,1.0,4,3600,0.75390625,0.8743489583333333,0.0634765625,0.7461896207597521,0.962890625,0.023 0.697 0.696 0.845
L-b1,position_scan,22,ce,1.0,6,3600,0.001953125,0.4012369791666668,0.3484700520833333,1.1780388487709894,0.9013671875,0.102 1.123 1.285 1.343 1.160 0.979
L-b1,position_scan,22,ce,1.0,8,3600,0.0,0.6190011160714286,0.2039794921875,1.7181625063457184,0.814453125,0.317 1.494 1.744 1.979 2.026 1.915 1.840 1.029
L-b1,position_scan,33,ce,1.0,4,300,0.3349609375,0.6150716145833334,0.204833984375,0.036997221134327074,0.8134765625,0.176 -0.142 0.199 0.054
L-b1,position_scan,33,ce,1.0,6,300,0.064453125,0.49798177083333345,0.2810872395833333,0.022282176547580253,0.5390625,0.537 -0.138 -0.030 0.148 0.331 -0.199
L-b1,position_scan,33,ce,1.0,8,300,0.005859375,0.4264090401785714,0.331787109375,-0.010782158564007478,0.3525390625,0.889 0.011 -0.161 -0.232 0.102 0.315 0.345 -0.454
L-b1,position_scan,33,ce,1.0,4,600,0.4501953125,0.7037760416666667,0.153076171875,0.41471936084606026,0.8759765625,0.123 0.578 0.313 0.353
L-b1,position_scan,33,ce,1.0,6,600,0.0546875,0.5091145833333335,0.27197265625,0.6575516594780817,0.6708984375,0.254 0.731 0.936 0.639 0.620 0.362
L-b1,position_scan,33,ce,1.0,8,600,0.0,0.4491489955357142,0.314697265625,0.8944962705884661,0.513671875,0.339 0.538 1.339 1.313 0.946 0.795 0.922 0.409
L-b1,position_scan,33,ce,1.0,4,900,0.375,0.6569010416666666,0.17919921875,0.771398279401991,0.8935546875,0.024 0.805 0.772 0.738
L-b1,position_scan,33,ce,1.0,6,900,0.0,0.4361328125000001,0.3181966145833333,1.1082933876249526,0.7744140625,0.045 0.791 1.360 1.291 1.288 0.811
L-b1,position_scan,33,ce,1.0,8,900,0.0,0.5031389508928572,0.279052734375,1.5088435960194422,0.6259765625,0.112 0.549 1.724 1.929 1.821 1.823 1.856 0.861
L-b1,position_scan,33,ce,1.0,4,1200,0.6005859375,0.7902018229166667,0.107421875,0.6143211435388636,0.9140625,-0.069 0.468 0.597 0.778
L-b1,position_scan,33,ce,1.0,6,1200,0.005859375,0.4636718750000001,0.30029296875,0.9641097121768528,0.7939453125,-0.066 0.592 0.911 1.045 1.369 0.904
L-b1,position_scan,33,ce,1.0,8,1200,0.0,0.4844098772321428,0.2906494140625,1.3139407596890889,0.673828125,0.078 0.273 1.174 1.393 1.552 1.776 2.088 0.942
L-b1,position_scan,33,ce,1.0,4,1500,0.6171875,0.7989908854166667,0.1025390625,0.7115191441995127,0.9345703125,0.072 0.653 0.667 0.815
L-b1,position_scan,33,ce,1.0,6,1500,0.0009765625,0.3871093750000001,0.3564453125,1.078432692421807,0.83203125,0.158 0.893 1.192 1.178 1.189 0.941
L-b1,position_scan,33,ce,1.0,8,1500,0.0,0.5127999441964286,0.2716064453125,1.5013711414639912,0.6953125,0.352 0.775 1.634 1.785 1.747 1.601 1.999 0.968
L-b1,position_scan,33,ce,1.0,4,1800,0.619140625,0.8046875,0.098388671875,0.7235133206402814,0.935546875,-0.191 0.614 0.749 0.807
L-b1,position_scan,33,ce,1.0,6,1800,0.00390625,0.4226562500000001,0.33040364583333337,1.1127548350228205,0.853515625,-0.152 0.779 1.179 1.316 1.335 0.955
L-b1,position_scan,33,ce,1.0,8,1800,0.0,0.5430036272321428,0.251953125,1.5198284482199047,0.7353515625,-0.045 0.276 1.546 1.792 1.963 2.001 2.066 0.995
L-b1,position_scan,33,ce,1.0,4,2100,0.8056640625,0.9060872395833334,0.046142578125,0.5257312456766764,0.9462890625,-0.077 0.404 0.500 0.673
L-b1,position_scan,33,ce,1.0,6,2100,0.1015625,0.5561848958333333,0.244140625,0.8278474145465425,0.8642578125,0.032 0.586 0.762 0.921 0.962 0.908
L-b1,position_scan,33,ce,1.0,8,2100,0.0,0.4516601562499999,0.31494140625,1.1593700022924514,0.7802734375,0.215 0.316 1.127 1.258 1.413 1.498 1.530 0.974
L-b1,position_scan,33,ce,1.0,4,2400,0.71875,0.85498046875,0.073486328125,0.6774882917050963,0.9287109375,0.225 0.722 0.635 0.676
L-b1,position_scan,33,ce,1.0,6,2400,0.00390625,0.42903645833333337,0.32340494791666663,1.1275497012668187,0.8349609375,0.328 1.219 1.301 1.228 0.996 0.893
L-b1,position_scan,33,ce,1.0,8,2400,0.0,0.5499441964285714,0.247802734375,1.6339498474484397,0.748046875,0.557 1.550 1.879 1.940 1.865 1.691 1.537 0.976
L-b1,position_scan,33,ce,1.0,4,2700,0.7822265625,0.8909505208333333,0.054443359375,0.6568640249746817,0.9423828125,-0.203 0.531 0.647 0.793
L-b1,position_scan,33,ce,1.0,6,2700,0.0087890625,0.4152343750000001,0.3359375,1.0040950112872653,0.8525390625,-0.159 0.796 0.985 1.153 1.127 0.959
L-b1,position_scan,33,ce,1.0,8,2700,0.0,0.5239606584821429,0.264404296875,1.4025565934559656,0.7666015625,-0.039 0.626 1.385 1.545 1.711 1.779 1.762 1.009
L-b1,position_scan,33,ce,1.0,4,3000,0.828125,0.91650390625,0.041259765625,0.4907376236385769,0.947265625,-0.249 0.204 0.495 0.774
L-b1,position_scan,33,ce,1.0,6,3000,0.083984375,0.5496093750000002,0.24788411458333331,0.7609839571846856,0.8720703125,-0.174 0.294 0.536 0.955 1.051 0.969
L-b1,position_scan,33,ce,1.0,8,3000,0.0,0.4997209821428571,0.2818603515625,1.0637135543520488,0.806640625,-0.033 -0.095 0.669 0.981 1.447 1.667 1.750 1.026
L-b1,position_scan,33,ce,1.0,4,3300,0.810546875,0.9029947916666666,0.049072265625,0.6740698107966671,0.9638671875,0.073 0.635 0.617 0.770
L-b1,position_scan,33,ce,1.0,6,3300,0.001953125,0.3842447916666667,0.35904947916666663,1.0967461400561864,0.8828125,0.229 1.134 1.095 1.182 1.117 0.955
L-b1,position_scan,33,ce,1.0,8,3300,0.0,0.5634068080357143,0.239501953125,1.56881226433648,0.814453125,0.426 1.299 1.694 1.714 1.759 1.783 1.716 1.016
L-b1,position_scan,33,ce,1.0,4,3600,0.72265625,0.8570963541666667,0.072265625,0.6725516584184433,0.9638671875,-0.187 0.495 0.653 0.870
L-b1,position_scan,33,ce,1.0,6,3600,0.0,0.3696614583333334,0.3728841145833333,1.0489700370364718,0.87890625,-0.077 0.817 0.963 1.163 1.283 1.019
L-b1,position_scan,33,ce,1.0,8,3600,0.0,0.5305873325892856,0.2608642578125,1.4864963387686108,0.8017578125,0.096 0.703 1.384 1.547 1.748 1.913 2.050 1.060
L-b1,position_scan,44,ce,1.0,4,300,0.1826171875,0.5325520833333334,0.247314453125,0.5589293992077863,0.7607421875,0.367 0.386 0.925 0.366
L-b1,position_scan,44,ce,1.0,6,300,0.0107421875,0.43457031250000006,0.32080078125,0.7751446300082737,0.537109375,0.801 0.442 0.829 1.265 1.130 0.209
L-b1,position_scan,44,ce,1.0,8,300,0.0,0.3939034598214285,0.354248046875,1.0391746059296623,0.3515625,1.192 0.588 0.949 1.085 1.664 1.715 1.220 0.054
L-b1,position_scan,44,ce,1.0,4,600,0.30078125,0.6048177083333333,0.2080078125,0.6200727268501565,0.8271484375,0.303 0.611 0.632 0.617
L-b1,position_scan,44,ce,1.0,6,600,0.0068359375,0.42018229166666676,0.330078125,0.9444554779264662,0.6015625,0.580 0.691 0.982 1.043 1.350 0.656
L-b1,position_scan,44,ce,1.0,8,600,0.0,0.41667829241071425,0.3367919921875,1.3224410821521093,0.408203125,0.740 0.778 1.305 1.495 1.436 1.758 1.771 0.715
L-b1,position_scan,44,ce,1.0,4,900,0.48046875,0.7102864583333333,0.152587890625,0.6300460850750959,0.8994140625,0.135 0.487 0.669 0.735
L-b1,position_scan,44,ce,1.0,6,900,0.0087890625,0.4472005208333334,0.3128255208333333,0.9792894654803806,0.76171875,0.205 0.632 0.888 1.100 1.398 0.879
L-b1,position_scan,44,ce,1.0,8,900,0.0,0.4612165178571428,0.306640625,1.3352165714142816,0.63671875,0.324 0.548 1.171 1.244 1.535 1.938 1.992 0.918
L-b1,position_scan,44,ce,1.0,4,1200,0.5302734375,0.7548828125,0.124755859375,0.6812548637390137,0.9013671875,0.335 0.741 0.587 0.716
L-b1,position_scan,44,ce,1.0,6,1200,0.00390625,0.4039062500000001,0.34326171875,1.0913571251763239,0.7353515625,0.483 1.164 1.199 1.079 1.127 0.888
L-b1,position_scan,44,ce,1.0,8,1200,0.0,0.4516950334821428,0.3125,1.5067357108706518,0.564453125,0.739 1.140 1.849 1.728 1.557 1.563 1.787 0.924
L-b1,position_scan,44,ce,1.0,4,1500,0.6953125,0.8400065104166667,0.081787109375,0.6293761288678205,0.93359375,0.057 0.601 0.532 0.755
L-b1,position_scan,44,ce,1.0,6,1500,0.0087890625,0.4139322916666668,0.33577473958333326,1.0010103119744194,0.8134765625,0.084 0.981 1.033 1.006 1.058 0.927
L-b1,position_scan,44,ce,1.0,8,1500,0.0,0.46508789062499994,0.30419921875,1.3942783597915895,0.705078125,0.250 0.800 1.582 1.567 1.479 1.463 1.900 0.969
L-b1,position_scan,44,ce,1.0,4,1800,0.66796875,0.8277994791666667,0.08740234375,0.7368999940377695,0.931640625,0.020 0.670 0.708 0.832
L-b1,position_scan,44,ce,1.0,6,1800,0.0009765625,0.39563802083333344,0.35074869791666663,1.1346939139895968,0.833984375,0.081 0.991 1.208 1.308 1.196 0.972
L-b1,position_scan,44,ce,1.0,8,1800,0.0,0.552978515625,0.2449951171875,1.5781029254671126,0.69921875,0.252 0.933 1.609 1.833 1.871 1.801 1.991 1.008
L-b1,position_scan,44,ce,1.0,4,2100,0.6337890625,0.8116861979166666,0.095458984375,0.7597046869772451,0.9365234375,-0.095 0.765 0.744 0.770
L-b1,position_scan,44,ce,1.0,6,2100,0.0,0.43964843750000016,0.31705729166666663,1.1895822816424901,0.826171875,-0.091 1.124 1.348 1.354 1.187 0.935
L-b1,position_scan,44,ce,1.0,8,2100,0.0,0.5889718191964286,0.221923828125,1.6395449827587794,0.7314453125,0.023 0.919 1.871 2.028 2.019 1.816 1.841 0.983
L-b1,position_scan,44,ce,1.0,4,2400,0.74609375,0.8709309895833333,0.064697265625,0.6393492663348163,0.947265625,0.011 0.508 0.592 0.819
L-b1,position_scan,44,ce,1.0,6,2400,0.0068359375,0.4057942708333334,0.34586588541666663,1.0067440801196628,0.853515625,-0.042 0.848 0.956 1.122 1.119 0.989
L-b1,position_scan,44,ce,1.0,8,2400,0.0,0.49822126116071425,0.28271484375,1.4770782939971439,0.7802734375,-0.007 1.017 1.432 1.546 1.663 1.700 1.951 1.031
L-b1,position_scan,44,ce,1.0,4,2700,0.7509765625,0.8723958333333333,0.064697265625,0.6689669026268853,0.9443359375,-0.012 0.629 0.679 0.700
L-b1,position_scan,44,ce,1.0,6,2700,0.0029296875,0.41855468750000013,0.33349609375,1.0896340741051567,0.86328125,0.053 1.053 1.141 1.241 1.101 0.912
L-b1,position_scan,44,ce,1.0,8,2700,0.0,0.5677315848214285,0.236083984375,1.5401636986505416,0.78515625,0.219 1.249 1.657 1.764 1.860 1.778 1.494 0.980
L-b1,position_scan,44,ce,1.0,4,3000,0.84375,0.92626953125,0.035400390625,0.6121370527479384,0.943359375,-0.113 0.565 0.524 0.748
L-b1,position_scan,44,ce,1.0,6,3000,0.013671875,0.4266927083333334,0.3294270833333333,1.0080913437737358,0.841796875,-0.123 0.888 1.132 1.111 0.954 0.956
L-b1,position_scan,44,ce,1.0,8,3000,0.0,0.5262276785714285,0.263427734375,1.4810599978007966,0.7431640625,-0.037 0.982 1.619 1.818 1.770 1.602 1.559 1.017
L-b1,position_scan,44,ce,1.0,4,3300,0.7275390625,0.8592122395833334,0.071533203125,0.736946044144807,0.9501953125,0.193 0.631 0.716 0.864
L-b1,position_scan,44,ce,1.0,6,3300,0.0009765625,0.35709635416666674,0.37939453125,1.1534135474099052,0.8779296875,0.268 1.049 1.174 1.328 1.218 0.998
L-b1,position_scan,44,ce,1.0,8,3300,0.0,0.5707310267857143,0.2340087890625,1.6806815919421967,0.802734375,0.415 1.403 1.539 1.838 2.019 1.959 1.967 1.039
L-b1,position_scan,44,ce,1.0,4,3600,0.712890625,0.8528645833333333,0.074462890625,0.7311817451759621,0.9541015625,-0.079 0.714 0.721 0.759
L-b1,position_scan,44,ce,1.0,6,3600,0.001953125,0.4341796875000001,0.3209635416666667,1.201822731229994,0.8935546875,-0.042 1.083 1.352 1.384 1.212 0.978
L-b1,position_scan,44,ce,1.0,8,3600,0.0,0.5976911272321428,0.217529296875,1.7006762444026886,0.7919921875,0.100 1.135 1.859 2.073 2.128 1.971 1.695 1.043
L-b1,position_scan,55,ce,1.0,4,300,0.2109375,0.5478515625,0.240234375,0.4602075064623798,0.7939453125,0.415 0.380 0.732 0.269
L-b1,position_scan,55,ce,1.0,6,300,0.0146484375,0.4368489583333335,0.3191731770833333,0.723784499698215,0.5234375,0.866 0.538 0.847 1.184 0.990 0.060
L-b1,position_scan,55,ce,1.0,8,300,0.0,0.3868582589285714,0.3580322265625,0.9673861473325698,0.255859375,1.294 0.722 0.919 1.308 1.478 1.538 0.929 -0.122
L-b1,position_scan,55,ce,1.0,4,600,0.40234375,0.6682942708333333,0.17431640625,0.5673448244730631,0.8623046875,0.006 0.566 0.478 0.658
L-b1,position_scan,55,ce,1.0,6,600,0.0185546875,0.4574218750000001,0.3056640625,0.7970709535810683,0.70703125,0.116 0.508 0.992 0.842 0.909 0.735
L-b1,position_scan,55,ce,1.0,8,600,0.0009765625,0.42006138392857134,0.3365478515625,1.0572539435492623,0.5400390625,0.166 0.151 1.191 1.383 1.173 1.130 1.583 0.790
L-b1,position_scan,55,ce,1.0,4,900,0.5556640625,0.7596028645833334,0.124755859375,0.5750838473991112,0.908203125,0.294 0.627 0.483 0.615
L-b1,position_scan,55,ce,1.0,6,900,0.0185546875,0.45527343750000016,0.3076171875,0.8957743777169123,0.775390625,0.435 0.933 1.163 0.958 0.697 0.729
L-b1,position_scan,55,ce,1.0,8,900,0.0,0.4349190848214285,0.325439453125,1.2688811241634306,0.6552734375,0.658 0.973 1.618 1.619 1.413 1.120 1.374 0.766
L-b1,position_scan,55,ce,1.0,4,1200,0.4873046875,0.7210286458333334,0.14453125,0.7843987147013346,0.912109375,0.074 0.788 0.769 0.796
L-b1,position_scan,55,ce,1.0,6,1200,0.0,0.4332031250000001,0.32096354166666663,1.1958610349231296,0.7626953125,0.074 0.985 1.383 1.370 1.344 0.897
L-b1,position_scan,55,ce,1.0,8,1200,0.0,0.5531877790178572,0.244873046875,1.6524065486968509,0.6484375,0.178 0.772 1.896 2.080 1.977 1.827 2.093 0.921
L-b1,position_scan,55,ce,1.0,4,1500,0.6640625,0.826171875,0.088134765625,0.6828504580038565,0.9345703125,-0.002 0.618 0.648 0.782
L-b1,position_scan,55,ce,1.0,6,1500,0.005859375,0.4311197916666668,0.32470703125,1.0530083311928644,0.8212890625,0.011 0.862 1.126 1.166 1.196 0.915
L-b1,position_scan,55,ce,1.0,8,1500,0.0,0.510951450892857,0.2734375,1.4572079787178642,0.6962890625,0.138 0.655 1.521 1.734 1.737 1.606 2.015 0.932
L-b1,position_scan,55,ce,1.0,4,1800,0.6171875,0.7978515625,0.103271484375,0.7669541129359493,0.9169921875,0.099 0.715 0.766 0.820
L-b1,position_scan,55,ce,1.0,6,1800,0.0009765625,0.40898437500000007,0.3388671875,1.1997968488269382,0.81640625,0.130 1.105 1.247 1.352 1.349 0.946
L-b1,position_scan,55,ce,1.0,8,1800,0.0,0.5719168526785714,0.23291015625,1.6905669560508123,0.7099609375,0.256 1.166 1.732 1.882 2.007 1.917 2.163 0.967
L-b1,position_scan,55,ce,1.0,4,2100,0.6865234375,0.8382161458333334,0.08203125,0.6366293518631546,0.94140625,-0.138 0.436 0.689 0.785
L-b1,position_scan,55,ce,1.0,6,2100,0.0087890625,0.44427083333333345,0.31640625,0.9608356290393406,0.861328125,-0.036 0.695 0.871 1.177 1.121 0.940
L-b1,position_scan,55,ce,1.0,8,2100,0.0,0.4971051897321428,0.282470703125,1.321518818537394,0.7861328125,0.118 0.394 1.206 1.408 1.715 1.773 1.763 0.991
L-b1,position_scan,55,ce,1.0,4,2400,0.7470703125,0.8689778645833333,0.066650390625,0.6489977130183467,0.9482421875,0.023 0.637 0.525 0.785
L-b1,position_scan,55,ce,1.0,6,2400,0.0048828125,0.41569010416666674,0.33610026041666663,1.0542734993828666,0.87109375,0.062 1.098 1.160 1.078 0.984 0.951
L-b1,position_scan,55,ce,1.0,8,2400,0.0,0.5223911830357142,0.2664794921875,1.5239542249649287,0.7802734375,0.195 1.250 1.737 1.765 1.618 1.574 1.723 1.000
L-b1,position_scan,55,ce,1.0,4,2700,0.7431640625,0.8704427083333334,0.06494140625,0.7377146791528771,0.931640625,-0.051 0.708 0.747 0.759
L-b1,position_scan,55,ce,1.0,6,2700,0.001953125,0.4470052083333334,0.31168619791666663,1.1648168298933244,0.8369140625,-0.025 1.057 1.323 1.403 1.141 0.900
L-b1,position_scan,55,ce,1.0,8,2700,0.0,0.6100725446428571,0.2081298828125,1.634439608407399,0.7236328125,0.104 0.995 1.744 2.052 2.121 1.905 1.678 0.946
L-b1,position_scan,55,ce,1.0,4,3000,0.5390625,0.7596028645833334,0.122314453125,0.8164153717182301,0.955078125,-0.016 0.737 0.902 0.811
L-b1,position_scan,55,ce,1.0,6,3000,0.0009765625,0.4492838541666668,0.3098958333333333,1.2789541218015885,0.87109375,0.109 1.149 1.339 1.579 1.365 0.963
L-b1,position_scan,55,ce,1.0,8,3000,0.0,0.6162458147321428,0.2052001953125,1.771913558717758,0.7783203125,0.293 1.167 1.760 2.030 2.275 2.245 1.917 1.009
L-b1,position_scan,55,ce,1.0,4,3300,0.6630859375,0.8245442708333334,0.08935546875,0.7685812755867287,0.9541015625,0.010 0.732 0.750 0.824
L-b1,position_scan,55,ce,1.0,6,3300,0.0,0.4140625000000001,0.337890625,1.213158064418369,0.8740234375,0.073 1.231 1.253 1.354 1.261 0.967
L-b1,position_scan,55,ce,1.0,8,3300,0.0,0.6165945870535714,0.205078125,1.7144646720280723,0.8095703125,0.220 1.421 1.788 1.875 1.998 2.022 1.876 1.020
L-b1,position_scan,55,ce,1.0,4,3600,0.814453125,0.9039713541666667,0.048828125,0.596619756133468,0.955078125,0.029 0.410 0.544 0.836
L-b1,position_scan,55,ce,1.0,6,3600,0.01953125,0.43229166666666674,0.3294270833333333,0.9541922145419649,0.8681640625,0.084 0.797 0.833 1.043 1.112 0.986
L-b1,position_scan,55,ce,1.0,8,3600,0.0,0.47387695312499994,0.2987060546875,1.4251329028417192,0.7783203125,0.248 1.199 1.197 1.375 1.590 1.766 1.818 1.031
L-b1,position_scan,66,ce,1.0,4,300,0.20703125,0.5387369791666666,0.24658203125,0.44117154898466887,0.7880859375,0.392 0.385 0.730 0.209
L-b1,position_scan,66,ce,1.0,6,300,0.01171875,0.43763020833333344,0.31949869791666663,0.6582249932818943,0.537109375,0.829 0.456 0.792 1.065 0.941 0.037
L-b1,position_scan,66,ce,1.0,8,300,0.0,0.3846609933035714,0.3623046875,0.9227959125761002,0.32421875,1.271 0.709 0.891 1.141 1.405 1.534 0.948 -0.169
L-b1,position_scan,66,ce,1.0,4,600,0.3173828125,0.62548828125,0.1953125,0.573504059403031,0.87109375,0.136 0.580 0.588 0.553
L-b1,position_scan,66,ce,1.0,6,600,0.0166015625,0.45104166666666673,0.30875651041666663,0.8896587027443781,0.685546875,0.372 0.621 1.109 1.027 1.135 0.556
L-b1,position_scan,66,ce,1.0,8,600,0.0,0.4271065848214285,0.330078125,1.217472099122547,0.4482421875,0.464 0.595 1.312 1.529 1.434 1.534 1.523 0.597
L-b1,position_scan,66,ce,1.0,4,900,0.5029296875,0.73388671875,0.137451171875,0.6215370584417272,0.900390625,0.190 0.593 0.583 0.688
L-b1,position_scan,66,ce,1.0,6,900,0.0068359375,0.4199218750000001,0.3313802083333333,0.9545623593860203,0.7421875,0.267 0.758 1.053 0.995 1.139 0.828
L-b1,position_scan,66,ce,1.0,8,900,0.0,0.4448242187499999,0.318359375,1.3336072460053454,0.599609375,0.431 0.772 1.373 1.570 1.505 1.505 1.733 0.876
L-b1,position_scan,66,ce,1.0,4,1200,0.5615234375,0.76904296875,0.1181640625,0.6745030703368009,0.8994140625,0.081 0.600 0.668 0.755
L-b1,position_scan,66,ce,1.0,6,1200,0.0029296875,0.41569010416666674,0.33414713541666663,1.0533868206871881,0.7890625,0.098 0.798 1.186 1.191 1.194 0.897
L-b1,position_scan,66,ce,1.0,8,1200,0.0,0.5021275111607142,0.280029296875,1.5059082659464036,0.6572265625,0.228 0.791 1.662 1.798 1.784 1.698 1.873 0.936
L-b1,position_scan,66,ce,1.0,4,1500,0.400390625,0.67041015625,0.171630859375,0.8237127904538756,0.8974609375,0.068 0.863 0.861 0.747
L-b1,position_scan,66,ce,1.0,6,1500,0.0009765625,0.4809895833333334,0.2882486979166667,1.264950288666619,0.7626953125,0.065 1.114 1.520 1.509 1.277 0.905
L-b1,position_scan,66,ce,1.0,8,1500,0.0,0.5618373325892857,0.2396240234375,1.7609514508928572,0.6357421875,0.171 0.940 2.114 2.280 2.206 2.001 1.837 0.950
L-b1,position_scan,66,ce,1.0,4,1800,0.7236328125,0.8577473958333334,0.07177734375,0.6198703359674523,0.9189453125,0.088 0.570 0.593 0.697
L-b1,position_scan,66,ce,1.0,6,1800,0.021484375,0.4401041666666668,0.3212890625,0.9693877829445732,0.8251953125,0.161 0.861 1.035 1.047 1.006 0.898
L-b1,position_scan,66,ce,1.0,8,1800,0.0,0.48175920758928564,0.2930908203125,1.362631907538762,0.6923828125,0.320 0.819 1.591 1.561 1.562 1.543 1.495 0.968
L-b1,position_scan,66,ce,1.0,4,2100,0.6015625,0.7916666666666666,0.106201171875,0.7395369476742214,0.9296875,-0.024 0.680 0.736 0.803
L-b1,position_scan,66,ce,1.0,6,2100,0.0009765625,0.40475260416666675,0.34375,1.1438375843895805,0.8515625,-0.002 0.926 1.249 1.316 1.260 0.968
L-b1,position_scan,66,ce,1.0,8,2100,0.0,0.5707659040178571,0.234130859375,1.5982011386326385,0.7578125,0.123 0.819 1.713 1.927 1.944 1.906 1.868 1.011
L-b1,position_scan,66,ce,1.0,4,2400,0.7509765625,0.8738606770833334,0.063232421875,0.5990641205399124,0.9384765625,-0.011 0.458 0.602 0.737
L-b1,position_scan,66,ce,1.0,6,2400,0.0263671875,0.47044270833333346,0.2981770833333333,0.9340357515547011,0.8623046875,-0.049 0.749 0.876 1.046 1.067 0.932
L-b1,position_scan,66,ce,1.0,8,2400,0.0,0.4682268415178571,0.302734375,1.3316160156613306,0.7255859375,0.058 0.828 1.248 1.392 1.619 1.663 1.581 0.990
L-b1,position_scan,66,ce,1.0,4,2700,0.4970703125,0.7288411458333334,0.140625,0.8286766211191813,0.9462890625,0.085 0.755 0.832 0.899
L-b1,position_scan,66,ce,1.0,6,2700,0.0,0.4364583333333334,0.31982421875,1.3243898285759823,0.8564453125,0.132 1.186 1.431 1.498 1.498 1.010
L-b1,position_scan,66,ce,1.0,8,2700,0.0,0.6089564732142857,0.210205078125,1.891377918303959,0.791015625,0.302 1.429 1.954 2.193 2.217 2.136 2.274 1.037
L-b1,position_scan,66,ce,1.0,4,3000,0.775390625,0.884765625,0.05810546875,0.6121696366204156,0.9482421875,0.063 0.440 0.591 0.805
L-b1,position_scan,66,ce,1.0,6,3000,0.0234375,0.46412760416666676,0.30257161458333337,0.9718238645129734,0.876953125,0.101 0.783 0.887 1.061 1.172 0.956
L-b1,position_scan,66,ce,1.0,8,3000,0.0,0.48168945312499994,0.2935791015625,1.3885015722305056,0.7783203125,0.282 0.925 1.241 1.433 1.606 1.765 1.744 1.005
L-b1,position_scan,66,ce,1.0,4,3300,0.7880859375,0.89208984375,0.05419921875,0.6659840212927923,0.9482421875,0.100 0.549 0.638 0.811
L-b1,position_scan,66,ce,1.0,6,3300,0.00390625,0.38033854166666675,0.36295572916666663,1.0946082009209526,0.8662109375,0.150 0.969 1.064 1.164 1.307 0.969
L-b1,position_scan,66,ce,1.0,8,3300,0.0,0.5515834263392856,0.246826171875,1.601119457729279,0.78515625,0.329 1.229 1.569 1.694 1.787 1.931 1.982 1.017
L-b1,position_scan,66,ce,1.0,4,3600,0.7890625,0.8932291666666666,0.053466796875,0.7593109431090177,0.96875,-0.083 0.654 0.785 0.839
L-b1,position_scan,66,ce,1.0,6,3600,0.0,0.4295572916666668,0.3245442708333333,1.1689530346128676,0.8828125,0.022 0.902 1.245 1.426 1.304 0.968
L-b1,position_scan,66,ce,1.0,8,3600,0.0,0.6112583705357142,0.2088623046875,1.6349133234175424,0.8212890625,0.228 0.755 1.634 1.973 2.135 2.086 1.847 1.015
L-b1,position_scan,77,ce,1.0,4,300,0.13671875,0.5071614583333334,0.260009765625,0.6823266435552527,0.7724609375,0.316 0.496 1.110 0.441
L-b1,position_scan,77,ce,1.0,6,300,0.0009765625,0.4165364583333334,0.33317057291666663,0.9792495303683811,0.5458984375,0.798 0.393 1.139 1.580 1.476 0.309
L-b1,position_scan,77,ce,1.0,8,300,0.0,0.381103515625,0.3638916015625,1.3289562482682484,0.3447265625,1.119 0.608 0.957 1.664 2.146 2.230 1.511 0.186
L-b1,position_scan,77,ce,1.0,4,600,0.41796875,0.67236328125,0.171875,0.5383927292293972,0.8896484375,0.124 0.479 0.530 0.606
L-b1,position_scan,77,ce,1.0,6,600,0.015625,0.45084635416666674,0.3107096354166667,0.8305572801166109,0.7138671875,0.307 0.528 0.958 0.876 1.121 0.670
L-b1,position_scan,77,ce,1.0,8,600,0.0,0.43160574776785704,0.3272705078125,1.1342578653305297,0.517578125,0.426 0.500 1.202 1.244 1.264 1.443 1.573 0.715
L-b1,position_scan,77,ce,1.0,4,900,0.373046875,0.6520182291666666,0.1826171875,0.7333929450423629,0.9130859375,0.087 0.723 0.688 0.789
L-b1,position_scan,77,ce,1.0,6,900,0.0,0.41744791666666675,0.33317057291666663,1.1070207092497084,0.740234375,0.165 0.859 1.309 1.235 1.248 0.884
L-b1,position_scan,77,ce,1.0,8,900,0.0,0.4827008928571428,0.2930908203125,1.5204173610323954,0.5908203125,0.304 0.664 1.782 1.847 1.817 1.712 1.889 0.932
L-b1,position_scan,77,ce,1.0,4,1200,0.6318359375,0.80712890625,0.09814453125,0.6338338940231889,0.91015625,0.035 0.597 0.568 0.736
L-b1,position_scan,77,ce,1.0,6,1200,0.0126953125,0.43841145833333345,0.31819661458333337,0.9428084823820327,0.7822265625,0.086 0.800 1.049 0.998 1.001 0.866
L-b1,position_scan,77,ce,1.0,8,1200,0.0,0.4758649553571428,0.2967529296875,1.3508467825632249,0.62109375,0.267 0.653 1.570 1.587 1.530 1.489 1.726 0.901
L-b1,position_scan,77,ce,1.0,4,1500,0.72265625,0.85693359375,0.072265625,0.6227707862854003,0.923828125,0.079 0.559 0.571 0.738
L-b1,position_scan,77,ce,1.0,6,1500,0.015625,0.43430989583333346,0.32373046875,0.9684007697635227,0.81640625,0.128 0.860 1.008 1.051 1.011 0.911
L-b1,position_scan,77,ce,1.0,8,1500,0.0,0.4678083147321428,0.30224609375,1.385825134458996,0.6943359375,0.300 0.842 1.460 1.553 1.608 1.551 1.732 0.955
L-b1,position_scan,77,ce,1.0,4,1800,0.7265625,0.85888671875,0.071533203125,0.6157826494287562,0.9296875,0.175 0.654 0.626 0.567
L-b1,position_scan,77,ce,1.0,6,1800,0.01171875,0.4481770833333334,0.3133138020833333,0.9886014991336397,0.8173828125,0.257 0.932 1.148 1.158 0.900 0.805
L-b1,position_scan,77,ce,1.0,8,1800,0.0,0.5238560267857142,0.2650146484375,1.4219988716973202,0.6748046875,0.457 1.135 1.610 1.767 1.758 1.563 1.233 0.888
L-b1,position_scan,77,ce,1.0,4,2100,0.7822265625,0.8909505208333334,0.054443359375,0.5981285483748825,0.9482421875,0.026 0.521 0.572 0.702
L-b1,position_scan,77,ce,1.0,6,2100,0.021484375,0.4770182291666668,0.29345703125,0.9411137236489189,0.8505859375,0.112 0.815 0.956 1.047 0.992 0.896
L-b1,position_scan,77,ce,1.0,8,2100,0.0,0.48416573660714274,0.291259765625,1.3338049063606867,0.76171875,0.289 0.901 1.318 1.500 1.567 1.557 1.542 0.952
L-b1,position_scan,77,ce,1.0,4,2400,0.5869140625,0.7861328125,0.108642578125,0.7199807078750045,0.95703125,-0.081 0.510 0.797 0.852
L-b1,position_scan,77,ce,1.0,6,2400,0.0,0.42864583333333345,0.326171875,1.105859849188063,0.8779296875,-0.024 0.700 1.038 1.344 1.450 0.997
L-b1,position_scan,77,ce,1.0,8,2400,0.0,0.532191685267857,0.2591552734375,1.5604528548225522,0.7802734375,0.128 0.795 1.243 1.648 1.911 2.179 2.117 1.030
L-b1,position_scan,77,ce,1.0,4,2700,0.865234375,0.93310546875,0.033203125,0.38494953402766474,0.9462890625,-0.084 0.379 0.221 0.554
L-b1,position_scan,77,ce,1.0,6,2700,0.3154296875,0.7046874999999999,0.15673828125,0.6783223681979709,0.8671875,0.025 0.786 0.658 0.536 0.555 0.857
L-b1,position_scan,77,ce,1.0,8,2700,0.0009765625,0.4297921316964285,0.3299560546875,1.002987963812692,0.7607421875,0.204 0.876 1.222 1.087 0.891 0.941 1.048 0.956
L-b1,position_scan,77,ce,1.0,4,3000,0.8720703125,0.9348958333333334,0.03271484375,0.48860064259281866,0.95703125,-0.053 0.467 0.443 0.556
L-b1,position_scan,77,ce,1.0,6,3000,0.158203125,0.5958984375,0.22119140625,0.8575959735446504,0.8857421875,0.041 0.896 0.844 0.884 0.830 0.833
L-b1,position_scan,77,ce,1.0,8,3000,0.0,0.47321428571428564,0.299072265625,1.236457143511091,0.8173828125,0.221 1.051 1.347 1.376 1.355 1.394 1.205 0.928
L-b1,position_scan,77,ce,1.0,4,3300,0.830078125,0.9161783854166667,0.041259765625,0.6005528679600468,0.9365234375,0.100 0.572 0.586 0.643
L-b1,position_scan,77,ce,1.0,6,3300,0.0146484375,0.4144531250000001,0.34000651041666663,1.0485335323545666,0.849609375,0.215 1.033 1.061 1.133 1.100 0.915
L-b1,position_scan,77,ce,1.0,8,3300,0.0,0.5539202008928571,0.2451171875,1.5541981893872456,0.755859375,0.438 1.489 1.577 1.709 1.743 1.781 1.581 1.001
L-b1,position_scan,77,ce,1.0,4,3600,0.7880859375,0.8907877604166667,0.055419921875,0.5550780561235216,0.9619140625,0.125 0.566 0.447 0.652
L-b1,position_scan,77,ce,1.0,6,3600,0.037109375,0.46946614583333346,0.3011067708333333,0.9434700144661796,0.880859375,0.346 1.148 0.943 0.862 0.838 0.927
L-b1,position_scan,77,ce,1.0,8,3600,0.0,0.44060407366071425,0.3250732421875,1.3877324830918085,0.8076171875,0.666 1.559 1.633 1.473 1.348 1.379 1.311 1.011
L-b1,position_scan,88,ce,1.0,4,300,0.19921875,0.5432942708333334,0.241943359375,0.5594174067179362,0.810546875,0.349 0.444 0.848 0.386
L-b1,position_scan,88,ce,1.0,6,300,0.013671875,0.4362630208333334,0.31819661458333337,0.8128047916624281,0.5546875,0.772 0.518 0.845 1.246 1.181 0.273
L-b1,position_scan,88,ce,1.0,8,300,0.0,0.39093889508928564,0.355712890625,1.0086099874405634,0.3037109375,1.164 0.630 0.867 1.147 1.421 1.615 1.251 0.130
L-b1,position_scan,88,ce,1.0,4,600,0.2919921875,0.6067708333333333,0.205322265625,0.6489143989704274,0.8408203125,0.272 0.638 0.696 0.613
L-b1,position_scan,88,ce,1.0,6,600,0.00390625,0.41484375000000007,0.3330078125,0.9772792789671156,0.6416015625,0.547 0.747 1.065 1.106 1.300 0.669
L-b1,position_scan,88,ce,1.0,8,600,0.0,0.4163643973214285,0.3382568359375,1.358645473207746,0.4345703125,0.721 0.852 1.410 1.469 1.524 1.788 1.752 0.715
L-b1,position_scan,88,ce,1.0,4,900,0.5634765625,0.7630208333333334,0.122802734375,0.5728465097921865,0.890625,0.208 0.604 0.477 0.638
L-b1,position_scan,88,ce,1.0,6,900,0.01953125,0.4548828125000001,0.3074544270833333,0.853826774491204,0.7421875,0.313 0.725 1.017 0.843 0.912 0.771
L-b1,position_scan,88,ce,1.0,8,900,0.0,0.4075404575892857,0.3458251953125,1.180631300759694,0.615234375,0.532 0.703 1.358 1.341 1.260 1.290 1.483 0.829
L-b1,position_scan,88,ce,1.0,4,1200,0.7216796875,0.8546549479166666,0.07373046875,0.5173766613006592,0.9091796875,-0.102 0.440 0.440 0.672
L-b1,position_scan,88,ce,1.0,6,1200,0.0478515625,0.5209635416666667,0.2635091145833333,0.7842050923241508,0.7607421875,-0.096 0.370 0.834 0.855 1.061 0.800
L-b1,position_scan,88,ce,1.0,8,1200,0.0,0.4604143415178571,0.3074951171875,1.1361597833179293,0.6181640625,0.051 0.138 1.092 1.380 1.346 1.389 1.785 0.824
L-b1,position_scan,88,ce,1.0,4,1500,0.734375,0.8681640625,0.0654296875,0.5013637189511899,0.8984375,-0.117 0.404 0.445 0.655
L-b1,position_scan,88,ce,1.0,6,1500,0.0927734375,0.5615234375,0.23893229166666669,0.7776871257358128,0.763671875,-0.063 0.449 0.799 0.807 0.977 0.856
L-b1,position_scan,88,ce,1.0,8,1500,0.0,0.4464983258928571,0.3172607421875,1.0880410103570848,0.6513671875,0.066 0.108 1.098 1.205 1.205 1.424 1.693 0.883
L-b1,position_scan,88,ce,1.0,4,1800,0.650390625,0.8191731770833334,0.09130859375,0.6372353765699598,0.9287109375,-0.161 0.382 0.716 0.814
L-b1,position_scan,88,ce,1.0,6,1800,0.00390625,0.4818359375000001,0.287109375,0.9462134175830418,0.798828125,-0.054 0.320 0.893 1.183 1.400 0.935
L-b1,position_scan,88,ce,1.0,8,1800,0.0,0.5212751116071428,0.266357421875,1.3172662068927097,0.689453125,0.149 -0.026 0.997 1.419 1.763 1.948 2.158 0.962
L-b1,position_scan,88,ce,1.0,4,2100,0.4443359375,0.6975911458333334,0.157470703125,0.8184036943647596,0.9248046875,0.412 0.752 0.837 0.866
L-b1,position_scan,88,ce,1.0,6,2100,0.0,0.3802083333333334,0.36083984375,1.2695502969953751,0.8125,0.681 1.224 1.290 1.373 1.476 0.985
L-b1,position_scan,88,ce,1.0,8,2100,0.0,0.5128348214285714,0.2711181640625,1.768428371066139,0.68359375,1.048 1.323 1.873 1.891 1.972 2.095 2.204 1.020
L-b1,position_scan,88,ce,1.0,4,2400,0.7021484375,0.8478190104166666,0.076904296875,0.6128368554291902,0.9462890625,0.151 0.647 0.654 0.537
L-b1,position_scan,88,ce,1.0,6,2400,0.009765625,0.4395182291666668,0.3186848958333333,1.0115836593839858,0.8701171875,0.306 0.928 1.145 1.159 1.045 0.781
L-b1,position_scan,88,ce,1.0,8,2400,0.0,0.5467354910714285,0.249755859375,1.4494807379586354,0.76953125,0.564 0.986 1.680 1.781 1.726 1.736 1.372 0.865
L-b1,position_scan,88,ce,1.0,4,2700,0.75,0.8727213541666667,0.064208984375,0.6020694750326651,0.9404296875,-0.108 0.362 0.598 0.846
L-b1,position_scan,88,ce,1.0,6,2700,0.0048828125,0.43326822916666674,0.32291666666666663,0.9168119562996757,0.869140625,0.010 0.432 0.881 1.105 1.171 0.995
L-b1,position_scan,88,ce,1.0,8,2700,0.0,0.5288434709821428,0.262451171875,1.353290837908548,0.7705078125,0.226 0.420 1.058 1.433 1.702 1.790 2.033 1.036
L-b1,position_scan,88,ce,1.0,4,3000,0.6787109375,0.8328450520833334,0.085205078125,0.6856323613060845,0.94140625,0.058 0.708 0.689 0.661
L-b1,position_scan,88,ce,1.0,6,3000,0.0,0.42161458333333346,0.33154296875,1.1404962274763322,0.845703125,0.135 1.095 1.269 1.286 1.141 0.912
L-b1,position_scan,88,ce,1.0,8,3000,0.0,0.5876813616071429,0.2235107421875,1.6145668710981096,0.7548828125,0.339 1.158 1.892 1.972 1.909 1.828 1.564 0.978
L-b1,position_scan,88,ce,1.0,4,3300,0.7412109375,0.8668619791666666,0.067626953125,0.6489894125196669,0.947265625,0.385 0.646 0.627 0.674
L-b1,position_scan,88,ce,1.0,6,3300,0.0078125,0.40442708333333344,0.34423828125,1.0754880242877536,0.8759765625,0.606 1.200 1.118 1.126 1.039 0.896
L-b1,position_scan,88,ce,1.0,8,3300,0.0,0.5250418526785714,0.26513671875,1.5660647740439761,0.763671875,0.946 1.671 1.795 1.712 1.719 1.662 1.429 0.975
L-b1,position_scan,88,ce,1.0,4,3600,0.541015625,0.7513020833333334,0.129150390625,0.8019081751505533,0.9541015625,-0.005 0.744 0.738 0.923
L-b1,position_scan,88,ce,1.0,6,3600,0.0,0.38359375000000007,0.3597005208333333,1.215382867389255,0.88671875,-0.159 1.016 1.394 1.377 1.257 1.033
L-b1,position_scan,88,ce,1.0,8,3600,0.0,0.5918666294642858,0.220947265625,1.7463367515140111,0.7919921875,-0.145 0.866 1.935 2.168 2.121 1.900 2.171 1.063
L-b1,phase_scan,11,ce,1.0,4,300,0.2265625,0.5234375,0.255859375,0.2007380238285771,0.0009765625,0.193 0.578 0.366 -0.342
L-b1,phase_scan,11,ce,1.0,6,300,0.0205078125,0.4106770833333334,0.3313802083333333,0.33846709463331426,0.0,0.552 0.555 0.950 0.681 0.264 -0.758
L-b1,phase_scan,11,ce,1.0,8,300,0.0029296875,0.3390764508928571,0.3896484375,0.4862722328730991,0.0,0.919 0.028 1.458 1.252 0.990 0.811 0.029 -1.164
L-b1,phase_scan,11,ce,1.0,4,600,0.642578125,0.80419921875,0.10205078125,0.24714862858807599,0.0009765625,-0.062 0.392 0.267 0.082
L-b1,phase_scan,11,ce,1.0,6,600,0.1318359375,0.5679687500000001,0.23763020833333334,0.28566437297397174,0.0,0.225 0.279 0.508 0.605 0.285 -0.248
L-b1,phase_scan,11,ce,1.0,8,600,0.015625,0.4694824218749999,0.302734375,0.3660844053540911,0.0,0.525 -0.375 1.001 0.622 0.827 0.448 0.565 -0.525
L-b1,phase_scan,11,ce,1.0,4,900,0.7314453125,0.8662109375,0.06640625,0.28719813735396776,0.0009765625,0.052 0.404 0.342 0.115
L-b1,phase_scan,11,ce,1.0,6,900,0.2197265625,0.6412760416666667,0.19368489583333331,0.4387995534472994,0.0,0.311 0.638 0.521 0.720 0.488 -0.173
L-b1,phase_scan,11,ce,1.0,8,900,0.0087890625,0.4864327566964285,0.289794921875,0.5388208608778696,0.0,0.657 0.091 1.119 0.708 1.110 0.544 0.693 -0.493
L-b1,phase_scan,11,ce,1.0,4,1200,0.78515625,0.88818359375,0.056640625,0.2508559933415166,0.0,-0.063 0.404 0.272 0.077
L-b1,phase_scan,11,ce,1.0,6,1200,0.3212890625,0.7177083333333333,0.1484375,0.3413236273659599,0.0,0.159 0.453 0.543 0.656 0.227 -0.172
L-b1,phase_scan,11,ce,1.0,8,1200,0.015625,0.5491768973214286,0.249267578125,0.43026364038860987,0.0,0.473 -0.153 1.114 0.777 0.945 0.275 0.550 -0.495
L-b1,phase_scan,11,ce,1.0,4,1500,0.80859375,0.9046223958333333,0.047607421875,0.295254389444987,0.0,-0.057 0.360 0.328 0.198
L-b1,phase_scan,11,ce,1.0,6,1500,0.3486328125,0.7288411458333333,0.14274088541666666,0.4418665700488619,0.0,0.117 0.372 0.458 0.720 0.651 0.009
L-b1,phase_scan,11,ce,1.0,8,1500,0.0107421875,0.5113351004464285,0.2738037109375,0.5535812415773905,0.0,0.408 -0.210 0.983 0.633 1.032 0.728 0.948 -0.239
L-b1,phase_scan,11,ce,1.0,4,1800,0.84375,0.9215494791666667,0.039306640625,0.3086093178501836,0.0,0.010 0.421 0.357 0.147
L-b1,phase_scan,11,ce,1.0,6,1800,0.3095703125,0.7048177083333332,0.15625,0.5060991975996229,0.0,0.176 0.686 0.540 0.755 0.550 -0.001
L-b1,phase_scan,11,ce,1.0,8,1800,0.009765625,0.5079171316964285,0.2755126953125,0.6466438656761533,0.0,0.443 0.231 1.160 0.754 1.103 0.688 0.797 -0.206
L-b1,phase_scan,11,ce,1.0,4,2100,0.8154296875,0.90966796875,0.044677734375,0.3425235218471951,0.0,-0.051 0.380 0.466 0.181
L-b1,phase_scan,11,ce,1.0,6,2100,0.23046875,0.6708333333333333,0.17496744791666663,0.5654185745451183,0.0,0.131 0.546 0.529 0.906 0.839 0.008
L-b1,phase_scan,11,ce,1.0,8,2100,0.00390625,0.49738420758928564,0.28271484375,0.752805887706696,0.0,0.368 0.141 0.991 0.837 1.314 1.194 0.991 -0.198
L-b1,phase_scan,11,ce,1.0,4,2400,0.873046875,0.9353841145833333,0.032470703125,0.2747411639602096,0.0,-0.210 0.244 0.347 0.233
L-b1,phase_scan,11,ce,1.0,6,2400,0.42578125,0.7680989583333333,0.12141927083333334,0.38463053438398553,0.0,-0.062 -0.030 0.316 0.776 0.721 0.141
L-b1,phase_scan,11,ce,1.0,8,2400,0.033203125,0.5618722098214285,0.2415771484375,0.4688143919384668,0.0,0.149 -0.547 0.377 0.450 1.132 0.848 1.017 0.005
L-b1,phase_scan,11,ce,1.0,4,2700,0.8681640625,0.9334309895833333,0.033447265625,0.2730916606055365,0.0,-0.145 0.338 0.325 0.157
L-b1,phase_scan,11,ce,1.0,6,2700,0.5087890625,0.8106119791666666,0.09798177083333333,0.4200240903430513,0.0,-0.012 0.279 0.471 0.759 0.522 0.069
L-b1,phase_scan,11,ce,1.0,8,2700,0.044921875,0.5828683035714286,0.228759765625,0.5479109476483058,0.0,0.173 -0.051 0.747 0.658 1.115 0.674 0.752 -0.060
L-b1,phase_scan,11,ce,1.0,4,3000,0.869140625,0.9324544270833333,0.0341796875,0.3253401650322808,0.0,0.128 0.443 0.411 0.121
L-b1,phase_scan,11,ce,1.0,6,3000,0.3076171875,0.7164713541666667,0.14908854166666666,0.583582215838962,0.0,0.327 0.679 0.654 0.927 0.631 0.027
L-b1,phase_scan,11,ce,1.0,8,3000,0.0,0.48273577008928564,0.2926025390625,0.838592355213468,0.0,0.598 0.787 1.089 0.985 1.397 0.955 0.767 -0.110
L-b1,phase_scan,11,ce,1.0,4,3300,0.892578125,0.9471028645833334,0.026123046875,0.24551435753151218,0.0,-0.004 0.412 0.288 0.037
L-b1,phase_scan,11,ce,1.0,6,3300,0.626953125,0.8598307291666666,0.072265625,0.441061947080824,0.0,0.173 0.589 0.489 0.706 0.474 -0.052
L-b1,phase_scan,11,ce,1.0,8,3300,0.0400390625,0.5798688616071428,0.2303466796875,0.6407924682374985,0.0,0.407 0.696 0.997 0.637 1.049 0.667 0.626 -0.186
L-b1,phase_scan,11,ce,1.0,4,3600,0.89453125,0.9495442708333333,0.024658203125,0.2995845123573586,0.0,-0.044 0.363 0.355 0.181
L-b1,phase_scan,11,ce,1.0,6,3600,0.5498046875,0.8311848958333332,0.08658854166666667,0.5068653557035656,0.0,0.091 0.394 0.501 0.805 0.677 0.157
L-b1,phase_scan,11,ce,1.0,8,3600,0.0078125,0.5552804129464286,0.24462890625,0.7221764988369411,0.0,0.277 0.492 0.727 0.687 1.194 0.940 0.933 0.082
L-b1,phase_scan,22,ce,1.0,4,300,0.20703125,0.5403645833333334,0.2421875,0.3499250941806369,0.0048828125,0.161 0.402 0.675 -0.027
L-b1,phase_scan,22,ce,1.0,6,300,0.0126953125,0.4384114583333334,0.3134765625,0.45283668571048297,0.0,0.593 0.130 0.656 0.906 1.053 -0.481
L-b1,phase_scan,22,ce,1.0,8,300,0.0009765625,0.3579450334821428,0.3807373046875,0.6268548208569723,0.0,1.020 -0.032 0.824 0.878 1.134 1.732 0.786 -0.935
L-b1,phase_scan,22,ce,1.0,4,600,0.6474609375,0.8209635416666666,0.090087890625,0.2907716786419904,0.0009765625,-0.038 0.398 0.437 0.037
L-b1,phase_scan,22,ce,1.0,6,600,0.107421875,0.562109375,0.23974609374999997,0.40281165970696325,0.0,0.239 0.264 0.632 0.891 0.518 -0.292
L-b1,phase_scan,22,ce,1.0,8,600,0.0009765625,0.45605468749999994,0.31103515625,0.5165216090187194,0.0,0.565 -0.333 1.000 0.839 1.277 0.794 0.668 -0.628
L-b1,phase_scan,22,ce,1.0,4,900,0.7392578125,0.8743489583333333,0.061279296875,0.3326462374793158,0.0,-0.087 0.279 0.415 0.304
L-b1,phase_scan,22,ce,1.0,6,900,0.103515625,0.588671875,0.22102864583333331,0.4949983490837943,0.0,0.165 0.210 0.376 0.801 1.010 0.077
L-b1,phase_scan,22,ce,1.0,8,900,0.0029296875,0.47492327008928564,0.298583984375,0.5986359005882625,0.0,0.483 -0.505 0.832 0.488 1.125 1.164 1.274 -0.188
L-b1,phase_scan,22,ce,1.0,4,1200,0.791015625,0.8946940104166666,0.052490234375,0.30418298862598564,0.0,0.024 0.410 0.368 0.134
L-b1,phase_scan,22,ce,1.0,6,1200,0.2470703125,0.6713541666666667,0.17464192708333331,0.47322735521528436,0.0,0.232 0.538 0.532 0.773 0.634 -0.111
L-b1,phase_scan,22,ce,1.0,8,1200,0.001953125,0.4789341517857142,0.2958984375,0.6004500578320214,0.0,0.549 -0.025 1.160 0.747 1.136 0.718 0.879 -0.412
L-b1,phase_scan,22,ce,1.0,4,1500,0.8076171875,0.9013671875,0.0498046875,0.3364705597912823,0.0,-0.122 0.394 0.389 0.226
L-b1,phase_scan,22,ce,1.0,6,1500,0.240234375,0.6757161458333333,0.17171223958333331,0.526622348361545,0.0,0.022 0.399 0.554 0.831 0.777 0.073
L-b1,phase_scan,22,ce,1.0,8,1500,0.0009765625,0.4619140624999999,0.306396484375,0.6712593161870563,0.0,0.238 -0.313 1.108 0.846 1.258 0.895 1.062 -0.157
L-b1,phase_scan,22,ce,1.0,4,1800,0.814453125,0.9088541666666667,0.045166015625,0.26888639838607226,0.0,-0.139 0.270 0.380 0.156
L-b1,phase_scan,22,ce,1.0,6,1800,0.3662109375,0.7429036458333333,0.13427734375,0.3850277397367688,0.0,0.042 0.123 0.330 0.799 0.703 -0.029
L-b1,phase_scan,22,ce,1.0,8,1800,0.02734375,0.5418178013392856,0.2552490234375,0.4828430735875689,0.0,0.280 -0.457 0.705 0.504 1.159 0.855 0.893 -0.279
L-b1,phase_scan,22,ce,1.0,4,2100,0.8408203125,0.9197591145833333,0.040283203125,0.29311895370483404,0.0,-0.097 0.345 0.354 0.181
L-b1,phase_scan,22,ce,1.0,6,2100,0.337890625,0.7281901041666667,0.14274088541666669,0.4843072228961519,0.0,0.018 0.395 0.432 0.794 0.762 0.038
L-b1,phase_scan,22,ce,1.0,8,2100,0.005859375,0.5057198660714285,0.2777099609375,0.6142047094920324,0.0,0.244 -0.254 0.889 0.656 1.190 0.982 0.963 -0.128
L-b1,phase_scan,22,ce,1.0,4,2400,0.802734375,0.9002278645833333,0.050048828125,0.3147855069902208,0.0,0.067 0.452 0.379 0.113
L-b1,phase_scan,22,ce,1.0,6,2400,0.302734375,0.7111979166666667,0.15152994791666666,0.5232172542148165,0.0,0.200 0.568 0.604 0.870 0.546 0.029
L-b1,phase_scan,22,ce,1.0,8,2400,0.0078125,0.5180315290178571,0.268798828125,0.6856692783416263,0.0,0.428 0.247 1.138 0.841 1.292 0.667 0.724 -0.108
L-b1,phase_scan,22,ce,1.0,4,2700,0.8701171875,0.9378255208333333,0.0302734375,0.29013103908962673,0.0,-0.009 0.359 0.310 0.201
L-b1,phase_scan,22,ce,1.0,6,2700,0.4873046875,0.799609375,0.10400390625,0.48800394270155145,0.0,0.151 0.472 0.449 0.759 0.638 0.122
L-b1,phase_scan,22,ce,1.0,8,2700,0.0126953125,0.5357840401785714,0.2572021484375,0.6416888653285919,0.0,0.397 0.158 0.916 0.630 1.159 0.749 0.873 0.006
L-b1,phase_scan,22,ce,1.0,4,3000,0.87890625,0.9397786458333333,0.030029296875,0.18491661107098614,0.0,0.028 0.260 0.257 0.038
L-b1,phase_scan,22,ce,1.0,6,3000,0.6240234375,0.8625651041666667,0.0703125,0.29827242427402056,0.0,0.164 0.460 0.204 0.575 0.340 -0.087
L-b1,phase_scan,22,ce,1.0,8,3000,0.2216796875,0.7158551897321429,0.1512451171875,0.3209707282838367,0.0,0.403 0.271 0.671 0.176 0.639 0.267 0.469 -0.246
L-b1,phase_scan,22,ce,1.0,4,3300,0.8955078125,0.9484049479166666,0.025390625,0.24577595569469313,0.0,-0.020 0.374 0.279 0.084
L-b1,phase_scan,22,ce,1.0,6,3300,0.57421875,0.8348307291666667,0.08544921875,0.44871279928419305,0.0,0.162 0.548 0.432 0.734 0.520 0.010
L-b1,phase_scan,22,ce,1.0,8,3300,0.03515625,0.5894601004464286,0.223876953125,0.5899253534892248,0.0,0.426 0.374 0.946 0.567 1.094 0.601 0.647 -0.099
L-b1,phase_scan,22,ce,1.0,4,3600,0.91796875,0.9602864583333334,0.01953125,0.25724918754012494,0.0,-0.102 0.372 0.286 0.114
L-b1,phase_scan,22,ce,1.0,6,3600,0.5712890625,0.8363932291666666,0.08447265625,0.4386257463031343,0.0,0.062 0.408 0.448 0.766 0.492 0.079
L-b1,phase_scan,22,ce,1.0,8,3600,0.037109375,0.5936453683035714,0.220947265625,0.5500970189533536,0.0,0.292 0.075 0.790 0.589 1.188 0.543 0.669 -0.003
L-b1,phase_scan,33,ce,1.0,4,300,0.2626953125,0.5872395833333333,0.217529296875,0.41784441029583963,0.0009765625,0.291 0.711 0.520 0.023
L-b1,phase_scan,33,ce,1.0,6,300,0.015625,0.4610026041666668,0.3025716145833333,0.6417437526914807,0.0,0.707 0.930 1.286 0.874 0.428 -0.309
L-b1,phase_scan,33,ce,1.0,8,300,0.0,0.39746093749999994,0.35302734375,0.7880547690013099,0.0,1.118 0.898 1.509 1.464 1.227 0.632 0.429 -0.642
L-b1,phase_scan,33,ce,1.0,4,600,0.53515625,0.7493489583333334,0.12939453125,0.39712517349808296,0.0009765625,0.015 0.518 0.502 0.171
L-b1,phase_scan,33,ce,1.0,6,600,0.033203125,0.4705078125000001,0.2960611979166667,0.6488887204064262,0.0,0.318 0.730 0.702 0.985 0.987 -0.159
L-b1,phase_scan,33,ce,1.0,8,600,0.0,0.4343610491071428,0.3255615234375,0.7721619568173849,0.0,0.661 -0.122 1.264 1.042 1.438 1.166 1.084 -0.466
L-b1,phase_scan,33,ce,1.0,4,900,0.7431640625,0.8741861979166667,0.06201171875,0.2881314577879729,0.0009765625,-0.044 0.293 0.367 0.205
L-b1,phase_scan,33,ce,1.0,6,900,0.234375,0.6577473958333333,0.18277994791666663,0.406090908580356,0.0,0.179 0.365 0.329 0.748 0.630 -0.041
L-b1,phase_scan,33,ce,1.0,8,900,0.0283203125,0.5119977678571428,0.274169921875,0.4719730785914829,0.0,0.494 -0.209 0.767 0.396 1.100 0.623 0.948 -0.321
L-b1,phase_scan,33,ce,1.0,4,1200,0.76171875,0.8829752604166667,0.057861328125,0.3135470990781431,0.0,0.035 0.332 0.383 0.225
L-b1,phase_scan,33,ce,1.0,6,1200,0.2421875,0.6680989583333332,0.17643229166666666,0.5265909963183931,0.0,0.270 0.586 0.439 0.799 0.764 0.045
L-b1,phase_scan,33,ce,1.0,8,1200,0.0126953125,0.49267578124999994,0.28662109375,0.6495504530649338,0.0,0.584 0.180 0.911 0.617 1.198 0.856 1.007 -0.222
L-b1,phase_scan,33,ce,1.0,4,1500,0.7998046875,0.9010416666666667,0.04931640625,0.3579964461149993,0.0,-0.017 0.427 0.394 0.253
L-b1,phase_scan,33,ce,1.0,6,1500,0.2705078125,0.6879557291666667,0.1650390625,0.5561050309075248,0.0,0.223 0.490 0.583 0.832 0.750 0.125
L-b1,phase_scan,33,ce,1.0,8,1500,0.0029296875,0.47541155133928564,0.2974853515625,0.7098515260787236,0.0,0.538 0.026 0.982 0.807 1.270 0.912 1.052 -0.080
L-b1,phase_scan,33,ce,1.0,4,1800,0.7529296875,0.8756510416666667,0.0625,0.37488610656173144,0.0,-0.034 0.402 0.453 0.269
L-b1,phase_scan,33,ce,1.0,6,1800,0.1708984375,0.63125,0.19710286458333331,0.6237876150343151,0.0,0.127 0.600 0.510 0.873 0.994 0.142
L-b1,phase_scan,33,ce,1.0,8,1800,0.0078125,0.504150390625,0.278564453125,0.8127709419008283,0.0,0.364 0.220 0.963 0.683 1.303 1.364 1.185 -0.029
L-b1,phase_scan,33,ce,1.0,4,2100,0.8505859375,0.9283854166666666,0.034912109375,0.3316515021853977,0.0,-0.027 0.456 0.377 0.162
L-b1,phase_scan,33,ce,1.0,6,2100,0.353515625,0.732421875,0.14046223958333331,0.5437812142901949,0.0,0.115 0.549 0.588 0.861 0.629 0.091
L-b1,phase_scan,33,ce,1.0,8,2100,0.0048828125,0.5125558035714285,0.272705078125,0.7235540473271931,0.0,0.348 0.310 0.979 0.862 1.316 0.846 0.800 -0.048
L-b1,phase_scan,33,ce,1.0,4,2400,0.8369140625,0.9152018229166667,0.043212890625,0.24213874781573255,0.0,0.059 0.291 0.325 0.110
L-b1,phase_scan,33,ce,1.0,6,2400,0.4970703125,0.8035807291666666,0.10205078125,0.3954172664218477,0.0,0.268 0.236 0.390 0.771 0.568 0.012
L-b1,phase_scan,33,ce,1.0,8,2400,0.0888671875,0.62451171875,0.204345703125,0.5394474286881704,0.0,0.545 0.371 0.457 0.481 1.144 0.784 0.690 -0.150
L-b1,phase_scan,33,ce,1.0,4,2700,0.861328125,0.9305013020833334,0.034423828125,0.3186061647203234,0.0,0.016 0.492 0.367 0.097
L-b1,phase_scan,33,ce,1.0,6,2700,0.47265625,0.7930338541666666,0.107421875,0.5414234532250297,0.0,0.167 0.574 0.634 0.858 0.625 0.016
L-b1,phase_scan,33,ce,1.0,8,2700,0.0048828125,0.51611328125,0.2705078125,0.7677709677862744,0.0,0.409 0.637 1.022 0.841 1.310 0.959 0.730 -0.125
L-b1,phase_scan,33,ce,1.0,4,3000,0.900390625,0.9586588541666667,0.0185546875,0.22948260660524722,0.0,-0.096 0.276 0.300 0.113
L-b1,phase_scan,33,ce,1.0,6,3000,0.64453125,0.8666666666666667,0.06852213541666667,0.3522391451729667,0.0,0.086 0.248 0.333 0.715 0.400 0.066
L-b1,phase_scan,33,ce,1.0,8,3000,0.1533203125,0.69482421875,0.1617431640625,0.41008377832079695,0.0,0.345 0.169 0.369 0.355 1.006 0.419 0.585 -0.033
L-b1,phase_scan,33,ce,1.0,4,3300,0.853515625,0.9265950520833333,0.03662109375,0.3676264815860324,0.0,0.107 0.532 0.357 0.214
L-b1,phase_scan,33,ce,1.0,6,3300,0.3857421875,0.7458984375,0.1337890625,0.624845915370517,0.0,0.252 0.780 0.616 0.825 0.712 0.191
L-b1,phase_scan,33,ce,1.0,8,3300,0.001953125,0.44140624999999994,0.321044921875,0.8785014114682637,0.0,0.513 1.011 1.127 0.737 1.271 0.999 0.899 0.104
L-b1,phase_scan,33,ce,1.0,4,3600,0.8740234375,0.93505859375,0.032958984375,0.32246240863093617,0.0,-0.100 0.322 0.373 0.272
L-b1,phase_scan,33,ce,1.0,6,3600,0.4306640625,0.7730468749999999,0.11848958333333331,0.536292168829176,0.0,0.075 0.301 0.437 0.821 0.865 0.258
L-b1,phase_scan,33,ce,1.0,8,3600,0.00390625,0.5709751674107142,0.2340087890625,0.7354870675102113,0.0,0.308 0.452 0.376 0.548 1.264 1.214 1.087 0.208
L-b1,phase_scan,44,ce,1.0,4,300,0.1474609375,0.5104166666666667,0.26025390625,0.5077676861374467,0.0009765625,0.342 0.900 0.645 -0.022
L-b1,phase_scan,44,ce,1.0,6,300,0.0087890625,0.4434244791666667,0.314453125,0.683211737208896,0.0,0.747 0.843 1.346 0.867 0.773 -0.413
L-b1,phase_scan,44,ce,1.0,8,300,0.0,0.36858258928571425,0.37646484375,0.9173546897040473,0.0,1.170 0.597 1.954 1.706 1.183 1.166 0.645 -0.829
L-b1,phase_scan,44,ce,1.0,4,600,0.5419921875,0.751953125,0.12841796875,0.3653450806935628,0.0,0.078 0.506 0.460 0.130
L-b1,phase_scan,44,ce,1.0,6,600,0.0556640625,0.5030598958333334,0.27587890625,0.5958659781350029,0.0,0.360 0.783 0.796 0.898 0.665 -0.162
L-b1,phase_scan,44,ce,1.0,8,600,0.0,0.4472656249999999,0.3165283203125,0.7748728895944261,0.0,0.682 0.363 1.383 1.125 1.232 0.840 0.922 -0.440
L-b1,phase_scan,44,ce,1.0,4,900,0.6953125,0.83544921875,0.08447265625,0.28407427999708385,0.0,0.115 0.362 0.379 0.111
L-b1,phase_scan,44,ce,1.0,6,900,0.173828125,0.6139973958333333,0.20947265625,0.45946972899966754,0.0,0.407 0.675 0.474 0.757 0.545 -0.154
L-b1,phase_scan,44,ce,1.0,8,900,0.0068359375,0.4731096540178571,0.3006591796875,0.5486980506352016,0.0,0.747 0.251 1.069 0.537 1.081 0.583 0.772 -0.452
L-b1,phase_scan,44,ce,1.0,4,1200,0.6953125,0.8444010416666666,0.07861328125,0.415430952001501,0.0,-0.056 0.454 0.522 0.271
L-b1,phase_scan,44,ce,1.0,6,1200,0.0302734375,0.5080078125,0.27099609375,0.6905848317676119,0.0,0.183 0.517 0.744 1.053 1.099 0.040
L-b1,phase_scan,44,ce,1.0,8,1200,0.0,0.4798060825892857,0.294677734375,0.8680614970979236,0.0,0.476 -0.255 1.105 1.191 1.584 1.421 1.269 -0.239
L-b1,phase_scan,44,ce,1.0,4,1500,0.8212890625,0.9054361979166666,0.04833984375,0.26354030326560696,0.0009765625,0.065 0.431 0.379 -0.019
L-b1,phase_scan,44,ce,1.0,6,1500,0.2705078125,0.6785807291666667,0.17236328125,0.43222452534569616,0.0,0.290 0.750 0.521 0.826 0.303 -0.240
L-b1,phase_scan,44,ce,1.0,8,1500,0.0166015625,0.5199148995535714,0.2701416015625,0.5269136315300351,0.0,0.593 0.252 1.195 0.742 1.162 0.426 0.469 -0.559
L-b1,phase_scan,44,ce,1.0,4,1800,0.80078125,0.8995768229166667,0.05029296875,0.3570397694905599,0.0,0.048 0.373 0.427 0.271
L-b1,phase_scan,44,ce,1.0,6,1800,0.169921875,0.6397786458333333,0.19173177083333331,0.5826403829786511,0.0,0.256 0.461 0.521 0.904 0.925 0.102
L-b1,phase_scan,44,ce,1.0,8,1800,0.0,0.4839564732142857,0.2906494140625,0.7819358318571059,0.0,0.535 0.310 0.894 0.752 1.337 1.113 1.186 -0.117
L-b1,phase_scan,44,ce,1.0,4,2100,0.7880859375,0.8943684895833334,0.052734375,0.3438918237332944,0.0,-0.028 0.395 0.454 0.183
L-b1,phase_scan,44,ce,1.0,6,2100,0.1640625,0.6298828125,0.19791666666666663,0.5796388520134819,0.0,0.117 0.528 0.544 0.948 0.881 -0.002
L-b1,phase_scan,44,ce,1.0,8,2100,0.0,0.4856654575892857,0.2904052734375,0.79788501300509,0.0,0.341 0.368 0.980 0.865 1.440 1.137 1.028 -0.233
L-b1,phase_scan,44,ce,1.0,4,2400,0.876953125,0.9423828125,0.027587890625,0.28824647267659503,0.0,-0.088 0.350 0.333 0.182
L-b1,phase_scan,44,ce,1.0,6,2400,0.453125,0.7844401041666667,0.11149088541666666,0.46891329023573114,0.0,0.081 0.383 0.444 0.788 0.656 0.075
L-b1,phase_scan,44,ce,1.0,8,2400,0.01953125,0.5410505022321428,0.2548828125,0.582716805594308,0.0,0.312 -0.006 0.749 0.639 1.169 0.682 0.932 -0.086
L-b1,phase_scan,44,ce,1.0,4,2700,0.8759765625,0.9383138020833333,0.03076171875,0.25078186282405146,0.0,0.148 0.379 0.283 0.091
L-b1,phase_scan,44,ce,1.0,6,2700,0.5029296875,0.8076822916666666,0.09928385416666667,0.43143738640679236,0.0,0.311 0.557 0.473 0.713 0.438 -0.024
L-b1,phase_scan,44,ce,1.0,8,2700,0.041015625,0.5651506696428572,0.239990234375,0.6054116809178912,0.0,0.573 0.766 0.891 0.646 1.062 0.432 0.618 -0.178
L-b1,phase_scan,44,ce,1.0,4,3000,0.8857421875,0.9461263020833333,0.026123046875,0.29268763683460375,0.0,-0.123 0.265 0.368 0.245
L-b1,phase_scan,44,ce,1.0,6,3000,0.3916015625,0.7594401041666666,0.12483723958333333,0.47987752490573443,0.0,0.036 0.201 0.404 0.848 0.818 0.128
L-b1,phase_scan,44,ce,1.0,8,3000,0.0126953125,0.5520717075892858,0.2467041015625,0.6277948712545728,0.0,0.247 0.044 0.397 0.575 1.304 0.995 1.112 -0.032
L-b1,phase_scan,44,ce,1.0,4,3300,0.8857421875,0.9475911458333333,0.02490234375,0.2566006007017913,0.0,0.035 0.397 0.299 0.074
L-b1,phase_scan,44,ce,1.0,6,3300,0.513671875,0.8125651041666666,0.09684244791666666,0.4661534362369112,0.0,0.192 0.627 0.531 0.785 0.428 -0.040
L-b1,phase_scan,44,ce,1.0,8,3300,0.0048828125,0.5279715401785714,0.2620849609375,0.6704830744909861,0.0,0.428 0.843 0.923 0.776 1.234 0.501 0.620 -0.203
L-b1,phase_scan,44,ce,1.0,4,3600,0.857421875,0.9283854166666667,0.035888671875,0.3455823439138907,0.0,0.095 0.453 0.339 0.245
L-b1,phase_scan,44,ce,1.0,6,3600,0.4169921875,0.7710286458333333,0.11897786458333331,0.5885870589150322,0.0,0.217 0.577 0.642 0.839 0.711 0.175
L-b1,phase_scan,44,ce,1.0,8,3600,0.001953125,0.46529715401785704,0.3048095703125,0.8506281224508135,0.0,0.411 0.877 0.928 0.900 1.312 0.888 0.981 0.067
L-b1,phase_scan,55,ce,1.0,4,300,0.19921875,0.5166015625,0.24609375,-0.025116602579752605,0.0078125,0.067 0.232 -0.001 -0.307
L-b1,phase_scan,55,ce,1.0,6,300,0.0234375,0.3928385416666667,0.33072916666666663,-0.0784449842241077,0.0,0.509 -0.342 0.562 0.033 0.213 -0.859
L-b1,phase_scan,55,ce,1.0,8,300,0.0,0.3188825334821429,0.388916015625,-0.020801301986452136,0.0,0.953 -0.441 0.655 0.714 -0.079 0.430 -0.011 -1.413
L-b1,phase_scan,55,ce,1.0,4,600,0.5166015625,0.7355143229166667,0.1376953125,0.3517678931907371,0.001953125,0.171 0.430 0.450 0.175
L-b1,phase_scan,55,ce,1.0,6,600,0.0576171875,0.5067057291666668,0.2737630208333333,0.5223574770821464,0.0,0.590 0.529 0.695 0.883 0.632 -0.127
L-b1,phase_scan,55,ce,1.0,8,600,0.0009765625,0.4299665178571428,0.3297119140625,0.6463848409198579,0.0,0.995 0.056 1.017 0.976 1.294 0.804 0.803 -0.426
L-b1,phase_scan,55,ce,1.0,4,900,0.7724609375,0.8855794270833334,0.057373046875,0.27517689598931205,0.0,-0.063 0.314 0.331 0.181
L-b1,phase_scan,55,ce,1.0,6,900,0.291015625,0.6888020833333334,0.16666666666666666,0.3745539718204073,0.0,0.167 0.347 0.432 0.719 0.405 -0.030
L-b1,phase_scan,55,ce,1.0,8,900,0.03125,0.5337960379464286,0.260498046875,0.44545949451507083,0.0,0.489 -0.210 0.910 0.543 0.999 0.485 0.678 -0.286
L-b1,phase_scan,55,ce,1.0,4,1200,0.7333984375,0.8619791666666666,0.070068359375,0.3863176151558205,0.0,0.001 0.439 0.401 0.319
L-b1,phase_scan,55,ce,1.0,6,1200,0.126953125,0.5882812500000001,0.22200520833333331,0.6319073173734875,0.0,0.195 0.738 0.590 0.820 0.838 0.174
L-b1,phase_scan,55,ce,1.0,8,1200,0.0,0.44032505580357134,0.321044921875,0.8030128100561719,0.0,0.486 0.212 1.286 0.859 1.204 0.927 1.148 -0.015
L-b1,phase_scan,55,ce,1.0,4,1500,0.7890625,0.89453125,0.052490234375,0.30043041264569315,0.0009765625,0.111 0.444 0.346 0.112
L-b1,phase_scan,55,ce,1.0,6,1500,0.185546875,0.6463541666666668,0.18815104166666663,0.5177805158827038,0.0,0.260 0.819 0.617 0.777 0.435 -0.060
L-b1,phase_scan,55,ce,1.0,8,1500,0.0009765625,0.4822474888392857,0.2930908203125,0.692284561338879,0.0,0.532 0.618 1.317 0.898 1.158 0.556 0.606 -0.308
L-b1,phase_scan,55,ce,1.0,4,1800,0.8359375,0.9235026041666667,0.03662109375,0.3075665456277353,0.0,-0.028 0.447 0.334 0.142
L-b1,phase_scan,55,ce,1.0,6,1800,0.3203125,0.7210286458333333,0.14632161458333334,0.500077618492974,0.0,0.146 0.612 0.650 0.777 0.452 0.010
L-b1,phase_scan,55,ce,1.0,8,1800,0.0068359375,0.5117187499999999,0.27294921875,0.6421329861595517,0.0,0.403 0.114 1.258 0.976 1.181 0.533 0.630 -0.199
L-b1,phase_scan,55,ce,1.0,4,2100,0.81640625,0.9070638020833333,0.04638671875,0.2642526449980559,0.0,-0.081 0.311 0.295 0.187
L-b1,phase_scan,55,ce,1.0,6,2100,0.416015625,0.7592447916666667,0.12646484375,0.4235274129443697,0.0,0.068 0.378 0.358 0.683 0.625 0.074
L-b1,phase_scan,55,ce,1.0,8,2100,0.0517578125,0.5704171316964285,0.2376708984375,0.5356204509735107,0.0,0.306 -0.085 0.844 0.516 1.030 0.666 0.883 -0.104
L-b1,phase_scan,55,ce,1.0,4,2400,0.873046875,0.9388020833333333,0.030029296875,0.2951639669912833,0.0,-0.114 0.361 0.334 0.191
L-b1,phase_scan,55,ce,1.0,6,2400,0.46484375,0.787109375,0.11100260416666667,0.4385728571150036,0.0,0.047 0.215 0.477 0.783 0.614 0.104
L-b1,phase_scan,55,ce,1.0,8,2400,0.0205078125,0.5357840401785714,0.258544921875,0.5753987554519896,0.0,0.279 -0.241 0.840 0.707 1.193 0.717 0.842 -0.030
L-b1,phase_scan,55,ce,1.0,4,2700,0.8251953125,0.9142252604166667,0.04248046875,0.31387139249730994,0.0,-0.019 0.389 0.359 0.193
L-b1,phase_scan,55,ce,1.0,6,2700,0.419921875,0.773828125,0.11702473958333334,0.46999324692620154,0.0,0.133 0.346 0.507 0.779 0.638 0.080
L-b1,phase_scan,55,ce,1.0,8,2700,0.0234375,0.5701729910714285,0.235595703125,0.6097238404410226,0.0,0.380 0.082 0.839 0.708 1.176 0.740 0.788 -0.065
L-b1,phase_scan,55,ce,1.0,4,3000,0.8681640625,0.9352213541666666,0.031982421875,0.33588223987155486,0.0,-0.018 0.492 0.345 0.171
L-b1,phase_scan,55,ce,1.0,6,3000,0.314453125,0.7185546875,0.14811197916666666,0.6009705596499971,0.0,0.098 0.785 0.690 0.841 0.622 0.068
L-b1,phase_scan,55,ce,1.0,8,3000,0.0009765625,0.48263113839285704,0.2923583984375,0.8195054152655225,0.0,0.314 0.512 1.360 1.046 1.280 0.777 0.823 -0.062
L-b1,phase_scan,55,ce,1.0,4,3300,0.908203125,0.9549153645833333,0.022216796875,0.2651799608159948,0.0,-0.070 0.396 0.315 0.085
L-b1,phase_scan,55,ce,1.0,6,3300,0.515625,0.8194010416666666,0.0927734375,0.4706480238172741,0.0,0.075 0.463 0.526 0.803 0.538 0.022
L-b1,phase_scan,55,ce,1.0,8,3300,0.00390625,0.5367954799107142,0.2562255859375,0.6603301517547122,0.0,0.300 0.286 1.037 0.734 1.246 0.693 0.702 -0.075
L-b1,phase_scan,55,ce,1.0,4,3600,0.869140625,0.9352213541666667,0.0322265625,0.24541607609501592,0.0,0.042 0.323 0.286 0.128
L-b1,phase_scan,55,ce,1.0,6,3600,0.55859375,0.8309895833333334,0.08723958333333333,0.40835036171807165,0.0,0.171 0.380 0.402 0.725 0.465 0.070
L-b1,phase_scan,55,ce,1.0,8,3600,0.0966796875,0.6352887834821429,0.197509765625,0.5123392362443228,0.0,0.396 0.195 0.729 0.524 1.058 0.443 0.670 -0.032
L-b1,phase_scan,66,ce,1.0,4,300,0.3427734375,0.62451171875,0.198974609375,0.23263489758526842,0.001953125,0.207 0.508 0.338 -0.147
L-b1,phase_scan,66,ce,1.0,6,300,0.0400390625,0.47975260416666676,0.29280598958333337,0.36462304327223016,0.0,0.577 0.644 0.851 0.589 0.271 -0.532
L-b1,phase_scan,66,ce,1.0,8,300,0.001953125,0.4045061383928571,0.348388671875,0.4607140450250534,0.0,0.952 0.536 1.194 1.129 0.795 0.413 0.086 -0.928
L-b1,phase_scan,66,ce,1.0,4,600,0.6904296875,0.83642578125,0.08349609375,0.2427806677641692,0.0009765625,-0.044 0.251 0.324 0.154
L-b1,phase_scan,66,ce,1.0,6,600,0.1748046875,0.6251302083333334,0.20084635416666663,0.2895765437020194,0.0,0.267 -0.011 0.316 0.625 0.636 -0.119
L-b1,phase_scan,66,ce,1.0,8,600,0.021484375,0.5045689174107142,0.27978515625,0.36687536845131524,0.0,0.605 -0.472 0.641 0.305 0.814 0.764 0.886 -0.370
L-b1,phase_scan,66,ce,1.0,4,900,0.78515625,0.89208984375,0.053955078125,0.20402259296841094,0.0,-0.069 0.160 0.287 0.165
L-b1,phase_scan,66,ce,1.0,6,900,0.3203125,0.7142578124999999,0.15022786458333331,0.2537251048617891,0.0,0.204 0.025 0.149 0.522 0.628 -0.054
L-b1,phase_scan,66,ce,1.0,8,900,0.0556640625,0.5798688616071428,0.23046875,0.30535185147845556,0.0,0.538 -0.469 0.505 0.178 0.731 0.648 0.874 -0.330
L-b1,phase_scan,66,ce,1.0,4,1200,0.7529296875,0.87451171875,0.063232421875,0.3537667680669714,0.0,-0.030 0.396 0.478 0.188
L-b1,phase_scan,66,ce,1.0,6,1200,0.1416015625,0.6061848958333333,0.21240234374999997,0.582212103737725,0.0,0.173 0.506 0.669 0.944 0.806 -0.014
L-b1,phase_scan,66,ce,1.0,8,1200,0.0048828125,0.4914899553571428,0.287353515625,0.741661995176285,0.0,0.472 -0.072 1.074 1.019 1.411 1.047 0.979 -0.266
L-b1,phase_scan,66,ce,1.0,4,1500,0.8056640625,0.9005533854166666,0.050048828125,0.3211498702013934,0.001953125,-0.001 0.350 0.384 0.230
L-b1,phase_scan,66,ce,1.0,6,1500,0.2685546875,0.6910156249999999,0.16276041666666666,0.5341789060168793,0.0,0.232 0.481 0.469 0.799 0.803 0.119
L-b1,phase_scan,66,ce,1.0,8,1500,0.005859375,0.4799107142857142,0.2950439453125,0.684975196444799,0.0,0.529 -0.004 0.988 0.760 1.151 0.883 1.066 -0.049
L-b1,phase_scan,66,ce,1.0,4,1800,0.865234375,0.935546875,0.031494140625,0.19129417560718678,0.0,-0.004 0.258 0.282 0.034
L-b1,phase_scan,66,ce,1.0,6,1800,0.57421875,0.8351562499999999,0.08544921875,0.3196942541334363,0.0,0.160 0.411 0.328 0.638 0.319 -0.098
L-b1,phase_scan,66,ce,1.0,8,1800,0.111328125,0.6391950334821428,0.1962890625,0.411225746548365,0.0,0.435 -0.014 0.843 0.502 0.921 0.401 0.515 -0.290
L-b1,phase_scan,66,ce,1.0,4,2100,0.8232421875,0.9153645833333333,0.04150390625,0.33651051697907625,0.0,-0.017 0.442 0.369 0.199
L-b1,phase_scan,66,ce,1.0,6,2100,0.3623046875,0.7354166666666666,0.13916015625,0.5567645761701794,0.0,0.153 0.620 0.599 0.768 0.703 0.094
L-b1,phase_scan,66,ce,1.0,8,2100,0.00390625,0.48427036830357134,0.2913818359375,0.7061008233872671,0.0,0.422 0.093 1.141 0.855 1.147 0.838 0.931 -0.061
L-b1,phase_scan,66,ce,1.0,4,2400,0.806640625,0.9046223958333333,0.047119140625,0.311218191076208,0.0,-0.078 0.300 0.405 0.229
L-b1,phase_scan,66,ce,1.0,6,2400,0.365234375,0.744140625,0.13362630208333331,0.48807673984103717,0.0,0.085 0.391 0.379 0.766 0.780 0.125
L-b1,phase_scan,66,ce,1.0,8,2400,0.0283203125,0.5541643415178571,0.2459716796875,0.62649200833033,0.0,0.325 0.011 0.726 0.520 1.146 0.951 1.049 -0.019
L-b1,phase_scan,66,ce,1.0,4,2700,0.8701171875,0.9363606770833334,0.031494140625,0.29160375948305484,0.0,-0.100 0.328 0.361 0.186
L-b1,phase_scan,66,ce,1.0,6,2700,0.4150390625,0.7731770833333333,0.11751302083333334,0.4719781610700817,0.0,0.090 0.353 0.454 0.801 0.668 0.084
L-b1,phase_scan,66,ce,1.0,8,2700,0.0126953125,0.5444684709821428,0.2518310546875,0.6157460099174862,0.0,0.346 0.014 0.757 0.681 1.203 0.820 0.885 -0.049
L-b1,phase_scan,66,ce,1.0,4,3000,0.8623046875,0.9327799479166667,0.033203125,0.2954654781906693,0.0,-0.051 0.390 0.358 0.139
L-b1,phase_scan,66,ce,1.0,6,3000,0.453125,0.7907552083333333,0.10807291666666666,0.48862653308444537,0.0,0.119 0.473 0.551 0.789 0.599 0.030
L-b1,phase_scan,66,ce,1.0,8,3000,0.0126953125,0.5480608258928571,0.2498779296875,0.6790950563218857,0.0,0.352 0.440 0.866 0.812 1.192 0.765 0.790 -0.111
L-b1,phase_scan,66,ce,1.0,4,3300,0.83984375,0.9210611979166667,0.0390625,0.3823629132023563,0.0,0.129 0.437 0.443 0.267
L-b1,phase_scan,66,ce,1.0,6,3300,0.18359375,0.6343098958333333,0.19612630208333331,0.6727434529198539,0.0,0.290 0.688 0.651 0.931 0.866 0.228
L-b1,phase_scan,66,ce,1.0,8,3300,0.0,0.4597516741071428,0.3077392578125,0.9969325103457012,0.0,0.533 0.937 1.083 1.036 1.429 1.151 1.194 0.150
L-b1,phase_scan,66,ce,1.0,4,3600,0.8798828125,0.93896484375,0.03076171875,0.36508785353766543,0.0,-0.032 0.500 0.408 0.186
L-b1,phase_scan,66,ce,1.0,6,3600,0.2978515625,0.7057291666666666,0.15543619791666666,0.6267718209160698,0.0,0.161 0.546 0.770 0.923 0.770 0.125
L-b1,phase_scan,66,ce,1.0,8,3600,0.0,0.4853864397321428,0.2916259765625,0.8929435601310124,0.0,0.414 0.553 1.065 1.116 1.409 1.056 1.020 0.031
L-b1,phase_scan,77,ce,1.0,4,300,0.224609375,0.5514322916666666,0.238037109375,0.2387147921103018,0.0029296875,-0.044 0.399 0.512 -0.195
L-b1,phase_scan,77,ce,1.0,6,300,0.0341796875,0.44498697916666674,0.3136393229166667,0.15486736430062167,0.0,0.359 -0.509 0.725 0.457 0.860 -0.759
L-b1,phase_scan,77,ce,1.0,8,300,0.0,0.3076869419642857,0.422119140625,0.2703795546577091,0.0,0.709 -0.602 0.344 0.913 0.715 1.356 0.489 -1.322
L-b1,phase_scan,77,ce,1.0,4,600,0.703125,0.8435872395833333,0.080078125,0.2750615720395689,0.0,-0.053 0.379 0.313 0.133
L-b1,phase_scan,77,ce,1.0,6,600,0.154296875,0.5923177083333333,0.22216796875,0.3722474310133191,0.0,0.237 0.263 0.524 0.665 0.576 -0.166
L-b1,phase_scan,77,ce,1.0,8,600,0.01171875,0.4649483816964285,0.3060302734375,0.44762927388388013,0.0,0.538 -0.327 1.120 0.645 0.915 0.412 0.858 -0.488
L-b1,phase_scan,77,ce,1.0,4,900,0.7744140625,0.8792317708333334,0.062255859375,0.33887443719086824,0.0,0.007 0.379 0.421 0.216
L-b1,phase_scan,77,ce,1.0,6,900,0.1328125,0.5970052083333334,0.21842447916666666,0.5577514701419405,0.0,0.240 0.572 0.547 0.844 0.866 -0.041
L-b1,phase_scan,77,ce,1.0,8,900,0.0009765625,0.4658203124999999,0.3045654296875,0.7007391679854619,0.0,0.517 -0.084 1.176 0.762 1.261 1.033 1.086 -0.327
L-b1,phase_scan,77,ce,1.0,4,1200,0.7734375,0.884765625,0.057861328125,0.3196760018666585,0.001953125,0.047 0.409 0.333 0.217
L-b1,phase_scan,77,ce,1.0,6,1200,0.228515625,0.65625,0.18326822916666669,0.5586186779869926,0.0,0.245 0.715 0.610 0.757 0.693 0.018
L-b1,phase_scan,77,ce,1.0,8,1200,0.0029296875,0.4637276785714285,0.3056640625,0.714266129902431,0.0,0.500 0.199 1.242 0.890 1.118 0.800 1.001 -0.251
L-b1,phase_scan,77,ce,1.0,4,1500,0.830078125,0.91259765625,0.04443359375,0.2929902518237078,0.0,-0.007 0.388 0.356 0.135
L-b1,phase_scan,77,ce,1.0,6,1500,0.3828125,0.7436197916666667,0.13525390625,0.46426412794325067,0.0,0.194 0.503 0.544 0.811 0.489 -0.027
L-b1,phase_scan,77,ce,1.0,8,1500,0.01171875,0.5205426897321428,0.2686767578125,0.578479464091952,0.0,0.443 -0.089 1.114 0.778 1.196 0.587 0.738 -0.274
L-b1,phase_scan,77,ce,1.0,4,1800,0.8408203125,0.92041015625,0.039794921875,0.3016267440937183,0.0,-0.075 0.329 0.394 0.182
L-b1,phase_scan,77,ce,1.0,6,1800,0.306640625,0.7132161458333333,0.15087890625,0.47896156046125604,0.0,0.129 0.272 0.499 0.879 0.706 0.039
L-b1,phase_scan,77,ce,1.0,8,1800,0.0068359375,0.519775390625,0.267578125,0.6258263663640097,0.0,0.397 -0.277 0.859 0.790 1.293 0.996 0.897 -0.177
L-b1,phase_scan,77,ce,1.0,4,2100,0.83984375,0.92236328125,0.0380859375,0.33586365205270274,0.0,-0.066 0.403 0.412 0.193
L-b1,phase_scan,77,ce,1.0,6,2100,0.267578125,0.6954427083333332,0.16015625,0.5520282321506075,0.0,0.061 0.570 0.541 0.904 0.673 0.073
L-b1,phase_scan,77,ce,1.0,8,2100,0.0029296875,0.4950823102678571,0.2840576171875,0.7091030998835489,0.0,0.271 0.048 1.150 0.792 1.297 0.934 0.855 -0.112
L-b1,phase_scan,77,ce,1.0,4,2400,0.8642578125,0.9309895833333333,0.03466796875,0.31361813898439755,0.0,-0.120 0.422 0.376 0.143
L-b1,phase_scan,77,ce,1.0,6,2400,0.33203125,0.7235026041666666,0.14567057291666666,0.5077442857954235,0.0,0.062 0.365 0.609 0.847 0.671 0.046
L-b1,phase_scan,77,ce,1.0,8,2400,0.0078125,0.5136021205357142,0.2724609375,0.6793986804901608,0.0,0.298 -0.160 1.052 0.874 1.283 1.062 0.756 -0.112
L-b1,phase_scan,77,ce,1.0,4,2700,0.8623046875,0.9288736979166667,0.0361328125,0.25133194746794524,0.0,0.255 0.334 0.293 0.127
L-b1,phase_scan,77,ce,1.0,6,2700,0.51953125,0.8151692708333333,0.09554036458333333,0.4776690138710868,0.0,0.344 0.636 0.418 0.741 0.544 0.050
L-b1,phase_scan,77,ce,1.0,8,2700,0.0234375,0.521240234375,0.2677001953125,0.6654456115904307,0.0,0.549 0.773 1.048 0.559 1.051 0.658 0.666 -0.096
L-b1,phase_scan,77,ce,1.0,4,3000,0.85546875,0.9270833333333334,0.036376953125,0.3418173171855785,0.0,0.044 0.302 0.347 0.376
L-b1,phase_scan,77,ce,1.0,6,3000,0.41015625,0.7682942708333333,0.12044270833333333,0.553865803612603,0.0,0.211 0.401 0.394 0.758 0.866 0.351
L-b1,phase_scan,77,ce,1.0,8,3000,0.01953125,0.5433523995535713,0.2535400390625,0.7388783825768366,0.0,0.445 0.349 0.733 0.505 1.061 1.045 1.203 0.276
L-b1,phase_scan,77,ce,1.0,4,3300,0.8896484375,0.94970703125,0.02392578125,0.307431176856712,0.0,-0.070 0.424 0.344 0.155
L-b1,phase_scan,77,ce,1.0,6,3300,0.5126953125,0.8107421874999999,0.09814453125,0.5404505464765759,0.0,0.082 0.506 0.596 0.830 0.662 0.109
L-b1,phase_scan,77,ce,1.0,8,3300,0.017578125,0.5246233258928571,0.26513671875,0.7303049450828915,0.0,0.300 0.259 1.048 0.825 1.257 0.951 0.764 0.007
L-b1,phase_scan,77,ce,1.0,4,3600,0.9169921875,0.95947265625,0.02001953125,0.2594473626878527,0.0,-0.048 0.342 0.268 0.169
L-b1,phase_scan,77,ce,1.0,6,3600,0.61328125,0.8544270833333333,0.07470703125,0.4588803582721285,0.0,0.117 0.421 0.411 0.678 0.623 0.160
L-b1,phase_scan,77,ce,1.0,8,3600,0.0810546875,0.6245465959821428,0.20361328125,0.5879511719658261,0.0,0.340 0.170 0.738 0.529 1.012 0.761 0.809 0.098
L-b1,phase_scan,88,ce,1.0,4,300,0.388671875,0.6484375,0.18701171875,0.19592898863333244,0.0029296875,-0.064 0.260 0.338 -0.010
L-b1,phase_scan,88,ce,1.0,6,300,0.0732421875,0.49863281250000013,0.28076171875,0.18062153789732174,0.0,0.267 -0.156 0.507 0.594 0.261 -0.303
L-b1,phase_scan,88,ce,1.0,8,300,0.009765625,0.4411272321428571,0.322509765625,0.2413310891106015,0.0,0.612 -0.487 0.629 0.639 0.800 0.405 0.344 -0.642
L-b1,phase_scan,88,ce,1.0,4,600,0.5654296875,0.7750651041666667,0.11328125,0.35143781591344764,0.0,0.155 0.481 0.408 0.166
L-b1,phase_scan,88,ce,1.0,6,600,0.05078125,0.4998697916666668,0.2771809895833333,0.5831964148415458,0.0,0.473 0.807 0.713 0.825 0.726 -0.156
L-b1,phase_scan,88,ce,1.0,8,600,0.0029296875,0.42846679687499994,0.330078125,0.7548708764333574,0.0,0.819 0.430 1.297 0.951 1.227 0.871 0.945 -0.437
L-b1,phase_scan,88,ce,1.0,4,900,0.748046875,0.8680013020833334,0.067138671875,0.2851127253638373,0.0,0.050 0.397 0.318 0.141
L-b1,phase_scan,88,ce,1.0,6,900,0.1845703125,0.6242838541666667,0.20247395833333331,0.446433040830824,0.0,0.299 0.525 0.490 0.691 0.672 -0.147
L-b1,phase_scan,88,ce,1.0,8,900,0.0146484375,0.48699079241071425,0.290771484375,0.5480555314866323,0.0,0.654 0.066 1.145 0.585 0.982 0.619 0.891 -0.451
L-b1,phase_scan,88,ce,1.0,4,1200,0.744140625,0.8670247395833334,0.0673828125,0.34548777121084706,0.0,0.037 0.513 0.392 0.131
L-b1,phase_scan,88,ce,1.0,6,1200,0.1455078125,0.5927734375000001,0.22151692708333331,0.5787725183698865,0.0,0.196 0.747 0.738 0.857 0.711 -0.158
L-b1,phase_scan,88,ce,1.0,8,1200,0.0009765625,0.47572544642857134,0.297607421875,0.7090652935088626,0.0,0.495 0.091 1.334 1.031 1.272 0.835 0.855 -0.455
L-b1,phase_scan,88,ce,1.0,4,1500,0.8251953125,0.9182942708333334,0.039306640625,0.23290417812488698,0.0,-0.126 0.281 0.258 0.160
L-b1,phase_scan,88,ce,1.0,6,1500,0.3955078125,0.7638020833333333,0.12272135416666666,0.34110217624240435,0.0,0.069 0.191 0.291 0.584 0.678 -0.038
L-b1,phase_scan,88,ce,1.0,8,1500,0.0458984375,0.5682896205357143,0.238525390625,0.40489098382374594,0.0,0.342 -0.437 0.823 0.354 0.815 0.633 0.955 -0.308
L-b1,phase_scan,88,ce,1.0,4,1800,0.84375,0.9235026041666666,0.037841796875,0.2967023407971417,0.0,-0.067 0.303 0.363 0.224
L-b1,phase_scan,88,ce,1.0,6,1800,0.34375,0.73515625,0.13802083333333331,0.47574306858910437,0.0,0.155 0.310 0.403 0.802 0.770 0.094
L-b1,phase_scan,88,ce,1.0,8,1800,0.015625,0.5119280133928571,0.274169921875,0.5938317283751473,0.0,0.457 -0.234 0.788 0.579 1.205 0.887 1.032 -0.100
L-b1,phase_scan,88,ce,1.0,4,2100,0.7802734375,0.88818359375,0.056396484375,0.3582816653781467,0.0,0.017 0.446 0.414 0.214
L-b1,phase_scan,88,ce,1.0,6,2100,0.2373046875,0.6721354166666667,0.17366536458333331,0.6062419546975029,0.0,0.191 0.631 0.622 0.889 0.829 0.060
L-b1,phase_scan,88,ce,1.0,8,2100,0.0009765625,0.4719587053571428,0.2999267578125,0.7769941148303804,0.0,0.483 0.201 1.174 0.897 1.295 1.012 1.003 -0.142
L-b1,phase_scan,88,ce,1.0,4,2400,0.8525390625,0.92822265625,0.035400390625,0.28156417387503163,0.0,0.028 0.422 0.312 0.110
L-b1,phase_scan,88,ce,1.0,6,2400,0.3037109375,0.712890625,0.15104166666666666,0.5562037361992729,0.0,0.147 0.815 0.608 0.803 0.573 -0.018
L-b1,phase_scan,88,ce,1.0,8,2400,0.0,0.5074288504464285,0.2747802734375,0.7634750623551627,0.0,0.375 0.556 1.358 0.968 1.225 0.686 0.749 -0.197
L-b1,phase_scan,88,ce,1.0,4,2700,0.85546875,0.9293619791666666,0.034912109375,0.3192545308007134,0.0,-0.071 0.371 0.387 0.199
L-b1,phase_scan,88,ce,1.0,6,2700,0.2783203125,0.696484375,0.15999348958333331,0.5643816524081758,0.0,0.086 0.410 0.565 0.903 0.839 0.105
L-b1,phase_scan,88,ce,1.0,8,2700,0.0,0.5069405691964286,0.275634765625,0.8044580240098256,0.0,0.337 0.129 0.970 0.914 1.423 1.202 1.027 -0.033
L-b1,phase_scan,88,ce,1.0,4,3000,0.869140625,0.9388020833333333,0.029541015625,0.3537471647615786,0.0,-0.231 0.424 0.444 0.193
L-b1,phase_scan,88,ce,1.0,6,3000,0.2060546875,0.6495442708333333,0.18733723958333331,0.5634017917844982,0.0,-0.045 0.205 0.699 1.005 0.843 0.065
L-b1,phase_scan,88,ce,1.0,8,3000,0.0009765625,0.5301688058035714,0.2608642578125,0.74305602482387,0.0,0.207 -0.605 0.907 1.176 1.570 1.249 0.980 -0.076
L-b1,phase_scan,88,ce,1.0,4,3300,0.888671875,0.9443359375,0.02783203125,0.3159492545657688,0.0,-0.021 0.475 0.407 0.066
L-b1,phase_scan,88,ce,1.0,6,3300,0.2646484375,0.6994791666666667,0.158203125,0.5792829725477429,0.0,0.154 0.626 0.715 0.981 0.592 -0.019
L-b1,phase_scan,88,ce,1.0,8,3300,0.0,0.5223214285714285,0.2655029296875,0.8189476482451906,0.0,0.402 0.431 1.174 1.096 1.536 0.925 0.703 -0.132
L-b1,phase_scan,88,ce,1.0,4,3600,0.8623046875,0.9337565104166667,0.0322265625,0.33783700731065536,0.0,-0.072 0.388 0.370 0.255
L-b1,phase_scan,88,ce,1.0,6,3600,0.4345703125,0.7853515624999999,0.11051432291666667,0.5576988988452485,0.0,0.042 0.377 0.557 0.851 0.784 0.218
L-b1,phase_scan,88,ce,1.0,8,3600,0.001953125,0.5304827008928571,0.2598876953125,0.7452888337392656,0.0,0.247 0.072 0.825 0.804 1.334 1.053 0.970 0.158
L-b16,priority_scan,11,ce,16.0,4,300,0.173828125,0.5400390625,0.238525390625,0.03958337836795381,0.7001953125,0.000 -0.127 0.206 0.000
L-b16,priority_scan,11,ce,16.0,6,300,0.01953125,0.4595703125000001,0.29947916666666663,0.08042618632316571,0.4150390625,0.000 -0.278 0.105 0.227 0.268 -0.000
L-b16,priority_scan,11,ce,16.0,8,300,0.0009765625,0.43397739955357134,0.321044921875,0.15081076710312452,0.2216796875,0.000 -0.223 0.114 0.166 0.282 0.258 0.307 0.000
L-b16,priority_scan,11,ce,16.0,4,600,0.1982421875,0.5499674479166666,0.237060546875,0.08010413911607533,0.8193359375,0.000 -0.156 0.316 0.000
L-b16,priority_scan,11,ce,16.0,6,600,0.0205078125,0.45944010416666675,0.30305989583333337,0.07770831386248253,0.58984375,0.000 -0.358 0.017 0.202 0.450 -0.000
L-b16,priority_scan,11,ce,16.0,8,600,0.0029296875,0.4342564174107142,0.3253173828125,0.18226672101903843,0.419921875,0.000 -0.368 0.073 0.235 0.238 0.435 0.480 0.000
L-b16,priority_scan,11,ce,16.0,4,900,0.1943359375,0.5501302083333334,0.235595703125,0.04002134005228679,0.83984375,0.000 -0.196 0.276 0.000
L-b16,priority_scan,11,ce,16.0,6,900,0.0244140625,0.4730468750000001,0.29443359375,0.08470515410105368,0.634765625,0.000 -0.332 0.062 0.208 0.402 -0.000
L-b16,priority_scan,11,ce,16.0,8,900,0.00390625,0.43261718749999994,0.32763671875,0.140771402253045,0.4365234375,0.000 -0.389 0.033 0.186 0.265 0.359 0.390 0.000
L-b16,priority_scan,11,ce,16.0,4,1200,0.208984375,0.5509440104166666,0.23779296875,0.06668898794386122,0.849609375,0.000 -0.183 0.316 0.000
L-b16,priority_scan,11,ce,16.0,6,1200,0.0185546875,0.4598307291666668,0.30338541666666663,0.12493098775545738,0.6640625,0.000 -0.373 0.078 0.277 0.517 -0.000
L-b16,priority_scan,11,ce,16.0,8,1200,0.0029296875,0.4363839285714285,0.3250732421875,0.24503268577434398,0.4873046875,0.000 -0.400 0.121 0.255 0.459 0.513 0.523 0.000
L-b16,priority_scan,11,ce,16.0,4,1500,0.1875,0.54052734375,0.24267578125,0.017816954188876688,0.8701171875,0.000 -0.237 0.272 0.000
L-b16,priority_scan,11,ce,16.0,6,1500,0.0263671875,0.4707682291666668,0.2965494791666667,0.1377639671166736,0.6787109375,0.000 -0.317 0.121 0.307 0.441 -0.000
L-b16,priority_scan,11,ce,16.0,8,1500,0.0029296875,0.4341169084821428,0.3265380859375,0.2243278423945109,0.5244140625,0.000 -0.302 0.027 0.289 0.395 0.493 0.444 0.000
L-b16,priority_scan,11,ce,16.0,4,1800,0.197265625,0.5470377604166667,0.2392578125,0.015107724401685924,0.896484375,0.000 -0.231 0.261 0.000
L-b16,priority_scan,11,ce,16.0,6,1800,0.0224609375,0.46985677083333344,0.29703776041666663,0.12203509608904503,0.759765625,0.000 -0.377 0.111 0.282 0.472 -0.000
L-b16,priority_scan,11,ce,16.0,8,1800,0.0078125,0.4439174107142856,0.321044921875,0.19540641042921278,0.5751953125,0.000 -0.391 0.059 0.174 0.359 0.491 0.480 0.000
L-b16,priority_scan,11,ce,16.0,4,2100,0.1923828125,0.5397135416666666,0.244140625,0.21042101913028294,0.8740234375,0.000 -0.032 0.453 0.000
L-b16,priority_scan,11,ce,16.0,6,2100,0.02734375,0.4690755208333334,0.29833984375,0.31429161628087343,0.6923828125,0.000 -0.280 0.305 0.538 0.693 -0.000
L-b16,priority_scan,11,ce,16.0,8,2100,0.00390625,0.4324079241071428,0.3287353515625,0.46001326154779515,0.4853515625,0.000 -0.317 0.288 0.576 0.692 0.808 0.713 0.000
L-b16,priority_scan,11,ce,16.0,4,2400,0.3095703125,0.6209309895833334,0.197998046875,0.4349280728234185,0.92578125,0.000 0.340 0.530 0.000
L-b16,priority_scan,11,ce,16.0,6,2400,0.044921875,0.49986979166666673,0.27766927083333337,0.5175403257211048,0.7470703125,0.000 0.148 0.614 0.614 0.693 -0.000
L-b16,priority_scan,11,ce,16.0,8,2400,0.0029296875,0.4591587611607142,0.309326171875,0.6169386042488947,0.576171875,0.000 0.067 0.685 0.784 0.779 0.742 0.643 0.000
L-b16,priority_scan,11,ce,16.0,4,2700,0.4052734375,0.6686197916666666,0.174072265625,-0.11902232964833578,0.90234375,0.000 -0.183 -0.055 0.000
L-b16,priority_scan,11,ce,16.0,6,2700,0.0869140625,0.525390625,0.2626953125,-0.2057844897111259,0.744140625,0.000 -0.443 -0.180 -0.346 0.146 -0.000
L-b16,priority_scan,11,ce,16.0,8,2700,0.015625,0.47140066964285704,0.301025390625,-0.32576642654560234,0.607421875,0.000 -0.489 -0.289 -0.328 -0.549 -0.406 0.105 0.000
L-b16,priority_scan,11,ce,16.0,4,3000,0.4921875,0.7189127604166666,0.147216796875,0.1644084188673231,0.931640625,0.000 0.223 0.106 0.000
L-b16,priority_scan,11,ce,16.0,6,3000,0.130859375,0.5567708333333334,0.24495442708333331,0.20698184768358852,0.8095703125,0.000 0.134 0.393 0.055 0.246 -0.000
L-b16,priority_scan,11,ce,16.0,8,3000,0.021484375,0.4904087611607142,0.2891845703125,0.2254198215625904,0.642578125,0.000 0.159 0.614 0.342 0.052 -0.053 0.238 0.000
L-b16,priority_scan,11,ce,16.0,4,3300,0.5849609375,0.7744140625,0.1171875,-0.10275337431165907,0.9326171875,0.000 -0.099 -0.107 0.000
L-b16,priority_scan,11,ce,16.0,6,3300,0.140625,0.5716796875000001,0.23502604166666666,-0.10009134809176146,0.8046875,0.000 -0.248 -0.010 -0.204 0.062 -0.000
L-b16,priority_scan,11,ce,16.0,8,3300,0.021484375,0.5070103236607142,0.277099609375,-0.16449175499103688,0.6064453125,0.000 -0.237 0.028 -0.123 -0.291 -0.386 0.022 0.000
L-b16,priority_scan,11,ce,16.0,4,3600,0.5712890625,0.7711588541666666,0.117919921875,0.29093027114868164,0.94921875,0.000 0.384 0.198 0.000
L-b16,priority_scan,11,ce,16.0,6,3600,0.0830078125,0.5569661458333334,0.24055989583333331,0.48042744398117054,0.8193359375,0.000 0.555 0.686 0.372 0.309 -0.000
L-b16,priority_scan,11,ce,16.0,8,3600,0.0068359375,0.4977329799107142,0.2828369140625,0.6491697717595982,0.6787109375,0.000 0.761 1.175 0.894 0.545 0.257 0.264 0.000
L-b16,priority_scan,22,ce,16.0,4,300,0.181640625,0.5397135416666667,0.24072265625,0.07923808362748888,0.7646484375,0.000 -0.123 0.281 0.000
L-b16,priority_scan,22,ce,16.0,6,300,0.029296875,0.4770833333333334,0.29052734375,0.10934899250666283,0.49609375,0.000 -0.274 0.002 0.349 0.361 -0.000
L-b16,priority_scan,22,ce,16.0,8,300,0.0,0.4370465959821428,0.32080078125,0.14371066181748002,0.2900390625,0.000 -0.287 -0.034 0.263 0.196 0.345 0.379 0.000
L-b16,priority_scan,22,ce,16.0,4,600,0.1875,0.5445963541666666,0.239501953125,-0.012331008911132812,0.841796875,0.000 -0.221 0.197 0.000
L-b16,priority_scan,22,ce,16.0,6,600,0.0244140625,0.4629557291666668,0.3014322916666667,0.0763140618801115,0.59375,0.000 -0.424 0.055 0.226 0.448 -0.000
L-b16,priority_scan,22,ce,16.0,8,600,0.0,0.42689732142857134,0.3310546875,0.12672188105406587,0.400390625,0.000 -0.394 0.025 0.128 0.289 0.335 0.377 0.000
L-b16,priority_scan,22,ce,16.0,4,900,0.1875,0.5486653645833334,0.236328125,0.06812592347462973,0.8447265625,0.000 -0.167 0.304 0.000
L-b16,priority_scan,22,ce,16.0,6,900,0.025390625,0.46725260416666675,0.298828125,0.12229154507319116,0.6513671875,0.000 -0.295 0.088 0.264 0.433 -0.000
L-b16,priority_scan,22,ce,16.0,8,900,0.0009765625,0.4277692522321428,0.33203125,0.13340155283610025,0.4521484375,0.000 -0.392 -0.034 0.199 0.205 0.355 0.468 0.000
L-b16,priority_scan,22,ce,16.0,4,1200,0.189453125,0.5445963541666666,0.240234375,0.06016347143385145,0.8642578125,0.000 -0.181 0.301 0.000
L-b16,priority_scan,22,ce,16.0,6,1200,0.0283203125,0.4707031250000001,0.29638671875,0.10113209486007672,0.6689453125,0.000 -0.357 0.047 0.225 0.490 -0.000
L-b16,priority_scan,22,ce,16.0,8,1200,0.0029296875,0.43952287946428564,0.3236083984375,0.16120740660914668,0.4931640625,0.000 -0.416 0.040 0.193 0.285 0.395 0.471 0.000
L-b16,priority_scan,22,ce,16.0,4,1500,0.201171875,0.5455729166666667,0.240966796875,0.07175624370574948,0.88671875,0.000 -0.169 0.313 0.000
L-b16,priority_scan,22,ce,16.0,6,1500,0.0205078125,0.4671875000000001,0.298828125,0.11355648438135765,0.740234375,0.000 -0.452 0.073 0.298 0.535 -0.000
L-b16,priority_scan,22,ce,16.0,8,1500,0.001953125,0.43115234375,0.329833984375,0.227467174883242,0.5712890625,0.000 -0.380 0.094 0.220 0.340 0.560 0.530 0.000
L-b16,priority_scan,22,ce,16.0,4,1800,0.1962890625,0.5442708333333333,0.2412109375,0.06352649794684515,0.8935546875,0.000 -0.174 0.301 0.000
L-b16,priority_scan,22,ce,16.0,6,1800,0.02734375,0.4691406250000001,0.29768880208333337,0.18107702334721865,0.771484375,0.000 -0.262 0.085 0.385 0.516 -0.000
L-b16,priority_scan,22,ce,16.0,8,1800,0.0029296875,0.4297223772321428,0.3306884765625,0.22475498693960683,0.6259765625,0.000 -0.406 0.101 0.230 0.355 0.523 0.546 0.000
L-b16,priority_scan,22,ce,16.0,4,2100,0.2197265625,0.5714518229166667,0.22314453125,0.07699052492777506,0.8671875,0.000 -0.014 0.168 0.000
L-b16,priority_scan,22,ce,16.0,6,2100,0.03515625,0.4922526041666667,0.2822265625,0.21054248015085839,0.677734375,0.000 0.037 0.370 0.232 0.203 -0.000
L-b16,priority_scan,22,ce,16.0,8,2100,0.0068359375,0.4465680803571428,0.31787109375,0.42914971157356546,0.5107421875,0.000 0.183 0.850 0.634 0.418 0.281 0.208 0.000
L-b16,priority_scan,22,ce,16.0,4,2400,0.314453125,0.6272786458333334,0.193603515625,0.09633130497402614,0.8525390625,0.000 0.137 0.056 0.000
L-b16,priority_scan,22,ce,16.0,6,2400,0.05078125,0.5125651041666668,0.26839192708333337,0.1335561772187549,0.650390625,0.000 0.198 0.413 0.054 -0.131 -0.000
L-b16,priority_scan,22,ce,16.0,8,2400,0.005859375,0.4729352678571428,0.2987060546875,0.23618618647257483,0.458984375,0.000 0.262 0.890 0.520 0.092 -0.155 -0.192 0.000
L-b16,priority_scan,22,ce,16.0,4,2700,0.43359375,0.6930338541666666,0.159423828125,-0.05370385117001004,0.9052734375,0.000 -0.080 -0.027 0.000
L-b16,priority_scan,22,ce,16.0,6,2700,0.0869140625,0.5266927083333334,0.2620442708333333,-0.0719521939754488,0.7158203125,0.000 -0.094 0.012 -0.187 -0.019 -0.000
L-b16,priority_scan,22,ce,16.0,8,2700,0.0126953125,0.47453962053571425,0.2982177734375,-0.10128950631176986,0.517578125,0.000 -0.057 0.273 -0.087 -0.316 -0.420 -0.001 0.000
L-b16,priority_scan,22,ce,16.0,4,3000,0.4873046875,0.7213541666666667,0.144775390625,0.04218922721015082,0.919921875,0.000 0.091 -0.007 0.000
L-b16,priority_scan,22,ce,16.0,6,3000,0.1220703125,0.5589192708333335,0.2421875,0.05714143315951011,0.8037109375,0.000 0.109 0.209 -0.174 0.085 -0.000
L-b16,priority_scan,22,ce,16.0,8,3000,0.0185546875,0.48102678571428564,0.296142578125,0.04152512108838117,0.6630859375,0.000 0.077 0.532 0.108 -0.321 -0.284 0.138 0.000
L-b16,priority_scan,22,ce,16.0,4,3300,0.419921875,0.6848958333333333,0.163818359375,-0.4305052094989352,0.9296875,0.000 -0.311 -0.550 0.000
L-b16,priority_scan,22,ce,16.0,6,3300,0.0634765625,0.5198567708333335,0.26513671874999994,-0.44639180103937803,0.7744140625,0.000 -0.242 -0.410 -0.824 -0.310 -0.000
L-b16,priority_scan,22,ce,16.0,8,3300,0.0087890625,0.47384207589285704,0.299560546875,-0.5018617047203912,0.6474609375,0.000 -0.245 -0.008 -0.696 -1.160 -0.846 -0.055 0.000
L-b16,priority_scan,22,ce,16.0,4,3600,0.5947265625,0.7848307291666667,0.110595703125,-0.0002592139773898716,0.923828125,0.000 0.163 -0.163 0.000
L-b16,priority_scan,22,ce,16.0,6,3600,0.1416015625,0.5723958333333334,0.23502604166666666,0.054445912440617694,0.7802734375,0.000 0.116 0.242 -0.213 0.074 -0.000
L-b16,priority_scan,22,ce,16.0,8,3600,0.0263671875,0.4844098772321428,0.2938232421875,0.051243923328540934,0.6357421875,0.000 -0.243 0.578 0.198 -0.290 -0.206 0.271 0.000
L-b16,priority_scan,33,ce,16.0,4,300,0.1875,0.54541015625,0.23779296875,0.038684142960442425,0.748046875,0.000 -0.123 0.201 0.000
L-b16,priority_scan,33,ce,16.0,6,300,0.017578125,0.4617838541666668,0.2998046875,0.0682230293750761,0.4619140625,0.000 -0.277 0.062 0.114 0.373 -0.000
L-b16,priority_scan,33,ce,16.0,8,300,0.0009765625,0.4331752232142857,0.3240966796875,0.11941042211320663,0.255859375,0.000 -0.356 0.043 0.143 0.184 0.310 0.392 0.000
L-b16,priority_scan,33,ce,16.0,4,600,0.1923828125,0.5501302083333334,0.23486328125,0.00785357422298856,0.7939453125,0.000 -0.181 0.197 0.000
L-b16,priority_scan,33,ce,16.0,6,600,0.0126953125,0.45618489583333344,0.3050130208333333,0.04253834486007674,0.53125,0.000 -0.354 -0.000 0.150 0.374 -0.000
L-b16,priority_scan,33,ce,16.0,8,600,0.0009765625,0.4272809709821428,0.32958984375,0.07519046465555825,0.2958984375,0.000 -0.472 -0.072 0.171 0.195 0.267 0.362 0.000
L-b16,priority_scan,33,ce,16.0,4,900,0.1845703125,0.5445963541666666,0.2392578125,0.06416261196136475,0.8330078125,0.000 -0.151 0.279 0.000
L-b16,priority_scan,33,ce,16.0,6,900,0.0205078125,0.46106770833333344,0.30192057291666663,0.10787159204483016,0.6103515625,0.000 -0.327 0.116 0.198 0.445 -0.000
L-b16,priority_scan,33,ce,16.0,8,900,0.0029296875,0.4344308035714285,0.3260498046875,0.16013366204720955,0.4072265625,0.000 -0.380 0.157 0.158 0.202 0.422 0.402 0.000
L-b16,priority_scan,33,ce,16.0,4,1200,0.1953125,0.5450846354166667,0.240478515625,0.04333237806955975,0.8828125,0.000 -0.191 0.278 0.000
L-b16,priority_scan,33,ce,16.0,6,1200,0.01953125,0.46998697916666676,0.29703776041666663,0.09846702218055707,0.650390625,0.000 -0.340 0.077 0.260 0.397 -0.000
L-b16,priority_scan,33,ce,16.0,8,1200,0.005859375,0.43697684151785704,0.3243408203125,0.10385259434028908,0.4794921875,0.000 -0.473 0.038 0.046 0.256 0.405 0.350 0.000
L-b16,priority_scan,33,ce,16.0,4,1500,0.1943359375,0.5475260416666667,0.238037109375,0.0038507249620226003,0.8916015625,0.000 -0.266 0.274 0.000
L-b16,priority_scan,33,ce,16.0,6,1500,0.021484375,0.4669921875000001,0.29899088541666663,0.09783441821734093,0.7412109375,0.000 -0.442 0.106 0.288 0.439 -0.000
L-b16,priority_scan,33,ce,16.0,8,1500,0.0048828125,0.4271763392857142,0.332763671875,0.1607607470618354,0.5625,0.000 -0.402 0.016 0.137 0.268 0.494 0.452 0.000
L-b16,priority_scan,33,ce,16.0,4,1800,0.1826171875,0.5349934895833334,0.24609375,0.06127887301974827,0.888671875,0.000 -0.204 0.326 0.000
L-b16,priority_scan,33,ce,16.0,6,1800,0.0244140625,0.4655598958333334,0.30061848958333337,0.1278379559516905,0.7568359375,0.000 -0.314 0.053 0.279 0.493 -0.000
L-b16,priority_scan,33,ce,16.0,8,1800,0.0029296875,0.43749999999999994,0.324462890625,0.17694007467340542,0.587890625,0.000 -0.423 0.049 0.177 0.312 0.479 0.467 0.000
L-b16,priority_scan,33,ce,16.0,4,2100,0.2119140625,0.5564778645833334,0.234130859375,0.06698972649044463,0.8994140625,0.000 -0.185 0.318 0.000
L-b16,priority_scan,33,ce,16.0,6,2100,0.0224609375,0.4658854166666667,0.30045572916666663,0.08868585030237815,0.7509765625,0.000 -0.406 0.027 0.238 0.496 -0.000
L-b16,priority_scan,33,ce,16.0,8,2100,0.0068359375,0.4339773995535714,0.32763671875,0.1541327326386063,0.61328125,0.000 -0.491 0.026 0.123 0.303 0.439 0.524 0.000
L-b16,priority_scan,33,ce,16.0,4,2400,0.205078125,0.5574544270833334,0.232421875,0.032034383879767536,0.900390625,0.000 -0.203 0.267 0.000
L-b16,priority_scan,33,ce,16.0,6,2400,0.0341796875,0.47532552083333346,0.29410807291666663,0.1765487094720203,0.7333984375,0.000 -0.200 0.091 0.315 0.501 -0.000
L-b16,priority_scan,33,ce,16.0,8,2400,0.0009765625,0.4327915736607142,0.3284912109375,0.3245018146656177,0.56640625,0.000 -0.117 0.299 0.310 0.387 0.529 0.538 0.000
L-b16,priority_scan,33,ce,16.0,4,2700,0.546875,0.7605794270833333,0.12255859375,-0.028850369983249247,0.9169921875,0.000 0.166 -0.224 0.000
L-b16,priority_scan,33,ce,16.0,6,2700,0.16796875,0.6042317708333333,0.21419270833333331,0.07385765512784305,0.8154296875,0.000 0.364 0.225 -0.200 -0.093 -0.000
L-b16,priority_scan,33,ce,16.0,8,2700,0.0283203125,0.5435965401785714,0.25341796875,0.182761792783384,0.6806640625,0.000 0.538 0.678 0.271 -0.077 -0.193 -0.120 0.000
L-b16,priority_scan,33,ce,16.0,4,3000,0.7060546875,0.8448893229166666,0.079345703125,0.08944431940714517,0.9404296875,0.000 0.218 -0.039 0.000
L-b16,priority_scan,33,ce,16.0,6,3000,0.3212890625,0.7087890625,0.15445963541666666,0.14888177315394066,0.8271484375,0.000 0.230 0.369 0.080 -0.084 -0.000
L-b16,priority_scan,33,ce,16.0,8,3000,0.095703125,0.6140834263392857,0.2105712890625,0.24231862138818813,0.6767578125,0.000 0.425 0.539 0.427 0.225 -0.000 -0.161 0.000
L-b16,priority_scan,33,ce,16.0,4,3300,0.75390625,0.8738606770833333,0.063720703125,0.21998365720113117,0.9443359375,0.000 0.248 0.192 0.000
L-b16,priority_scan,33,ce,16.0,6,3300,0.2958984375,0.7060546875,0.15478515625,0.2630222837130227,0.869140625,0.000 0.390 0.439 0.205 0.019 -0.000
L-b16,priority_scan,33,ce,16.0,8,3300,0.072265625,0.6033761160714286,0.215576171875,0.4113669748659487,0.7021484375,0.000 0.815 0.770 0.678 0.314 0.104 -0.214 0.000
L-b16,priority_scan,33,ce,16.0,4,3600,0.796875,0.8971354166666666,0.051513671875,-0.07031453980339897,0.9365234375,0.000 0.011 -0.151 0.000
L-b16,priority_scan,33,ce,16.0,6,3600,0.4033203125,0.7569661458333333,0.12711588541666666,-0.07915491859118164,0.85546875,0.000 0.230 0.039 -0.272 -0.314 -0.000
L-b16,priority_scan,33,ce,16.0,8,3600,0.1015625,0.6195940290178572,0.20703125,-0.034938697461728695,0.7177734375,0.000 0.608 0.428 0.040 -0.318 -0.460 -0.508 0.000
L-b16,priority_scan,44,ce,16.0,4,300,0.1923828125,0.541015625,0.241943359375,0.03484421306186253,0.7890625,0.000 -0.219 0.289 0.000
L-b16,priority_scan,44,ce,16.0,6,300,0.0244140625,0.46796875000000016,0.29638671875,0.06630678971608461,0.5576171875,0.000 -0.337 0.033 0.272 0.297 -0.000
L-b16,priority_scan,44,ce,16.0,8,300,0.001953125,0.4408482142857142,0.3209228515625,0.15916287899017334,0.341796875,0.000 -0.315 0.046 0.127 0.275 0.447 0.375 0.000
L-b16,priority_scan,44,ce,16.0,4,600,0.1787109375,0.5359700520833334,0.243408203125,0.03652817673153347,0.7646484375,0.000 -0.200 0.273 0.000
L-b16,priority_scan,44,ce,16.0,6,600,0.0302734375,0.4682942708333334,0.29654947916666663,0.10351161162058495,0.533203125,0.000 -0.333 0.085 0.270 0.391 -0.000
L-b16,priority_scan,44,ce,16.0,8,600,0.0009765625,0.4361397879464285,0.3236083984375,0.1874722816326,0.3369140625,0.000 -0.274 -0.005 0.292 0.301 0.407 0.403 0.000
L-b16,priority_scan,44,ce,16.0,4,900,0.1748046875,0.537109375,0.24365234375,0.034369362725151925,0.8271484375,0.000 -0.200 0.269 0.000
L-b16,priority_scan,44,ce,16.0,6,900,0.02734375,0.46699218750000016,0.2994791666666667,0.08726547161738059,0.6435546875,0.000 -0.388 0.023 0.233 0.481 -0.000
L-b16,priority_scan,44,ce,16.0,8,900,0.0029296875,0.43048967633928564,0.328857421875,0.1699695543006614,0.4326171875,0.000 -0.359 0.022 0.164 0.327 0.416 0.450 0.000
L-b16,priority_scan,44,ce,16.0,4,1200,0.185546875,0.5380859375,0.244384765625,0.0950023200776842,0.8623046875,0.000 -0.138 0.328 0.000
L-b16,priority_scan,44,ce,16.0,6,1200,0.029296875,0.46705729166666676,0.29964192708333337,0.16869569818178795,0.67578125,0.000 -0.345 0.196 0.333 0.491 -0.000
L-b16,priority_scan,44,ce,16.0,8,1200,0.001953125,0.44105747767857134,0.322021484375,0.355921917491489,0.501953125,0.000 -0.275 0.287 0.452 0.486 0.691 0.495 0.000
L-b16,priority_scan,44,ce,16.0,4,1500,0.19140625,0.5413411458333334,0.242919921875,0.07021665573120117,0.8984375,0.000 -0.185 0.325 0.000
L-b16,priority_scan,44,ce,16.0,6,1500,0.0244140625,0.4641927083333335,0.30159505208333337,0.146512190500895,0.7294921875,0.000 -0.354 0.142 0.305 0.492 -0.000
L-b16,priority_scan,44,ce,16.0,8,1500,0.001953125,0.4340820312499999,0.3272705078125,0.2508521963048865,0.556640625,0.000 -0.410 0.101 0.295 0.421 0.602 0.496 0.000
L-b16,priority_scan,44,ce,16.0,4,1800,0.30078125,0.6095377604166666,0.205322265625,-0.13396706846025255,0.8916015625,0.000 -0.243 -0.025 0.000
L-b16,priority_scan,44,ce,16.0,6,1800,0.0537109375,0.5072916666666667,0.27278645833333337,-0.2503687143325808,0.6669921875,0.000 -0.520 -0.274 -0.277 0.070 -0.000
L-b16,priority_scan,44,ce,16.0,8,1800,0.0048828125,0.45783342633928564,0.3094482421875,-0.4117434554629856,0.4345703125,0.000 -0.514 -0.412 -0.490 -0.631 -0.464 0.041 0.000
L-b16,priority_scan,44,ce,16.0,4,2100,0.322265625,0.6171875,0.202392578125,-0.2948418590757582,0.8857421875,0.000 -0.370 -0.220 0.000
L-b16,priority_scan,44,ce,16.0,6,2100,0.064453125,0.5065755208333333,0.27392578125,-0.40244489908218406,0.708984375,0.000 -0.644 -0.471 -0.496 0.001 -0.000
L-b16,priority_scan,44,ce,16.0,8,2100,0.0087890625,0.46637834821428564,0.30419921875,-0.5555780949415984,0.5205078125,0.000 -0.639 -0.646 -0.832 -0.753 -0.519 0.055 0.000
L-b16,priority_scan,44,ce,16.0,4,2400,0.3798828125,0.65380859375,0.18212890625,-0.20364264647165936,0.916015625,0.000 -0.211 -0.196 0.000
L-b16,priority_scan,44,ce,16.0,6,2400,0.0771484375,0.5138020833333334,0.26969401041666663,-0.2894998590151471,0.7724609375,0.000 -0.411 -0.278 -0.446 -0.024 -0.000
L-b16,priority_scan,44,ce,16.0,8,2400,0.0078125,0.4667619977678571,0.3040771484375,-0.4446438727555451,0.6025390625,0.000 -0.531 -0.375 -0.467 -0.653 -0.607 -0.035 0.000
L-b16,priority_scan,44,ce,16.0,4,2700,0.4326171875,0.6796875,0.1689453125,-0.021762450536092125,0.927734375,0.000 -0.036 -0.007 0.000
L-b16,priority_scan,44,ce,16.0,6,2700,0.0869140625,0.5309244791666667,0.25911458333333337,-0.0447365144888562,0.7626953125,0.000 -0.429 0.095 -0.112 0.267 -0.000
L-b16,priority_scan,44,ce,16.0,8,2700,0.0166015625,0.46630859374999994,0.3050537109375,-0.1541686720318264,0.583984375,0.000 -0.630 -0.068 0.061 -0.254 -0.232 0.198 0.000
L-b16,priority_scan,44,ce,16.0,4,3000,0.53515625,0.7449544270833333,0.133056640625,-0.036139223310682506,0.919921875,0.000 0.022 -0.094 0.000
L-b16,priority_scan,44,ce,16.0,6,3000,0.134765625,0.5668619791666667,0.23828125,0.04125580191612225,0.7861328125,0.000 -0.037 0.160 -0.185 0.227 -0.000
L-b16,priority_scan,44,ce,16.0,8,3000,0.0224609375,0.4875139508928571,0.29150390625,0.06525653379934804,0.634765625,0.000 -0.076 0.493 0.154 -0.256 -0.223 0.299 0.000
L-b16,priority_scan,44,ce,16.0,4,3300,0.5390625,0.7529296875,0.127685546875,0.21256433592902288,0.939453125,0.000 0.330 0.095 0.000
L-b16,priority_scan,44,ce,16.0,6,3300,0.1064453125,0.5583984375000001,0.24202473958333331,0.33320705095926906,0.81640625,0.000 0.276 0.570 0.162 0.325 -0.000
L-b16,priority_scan,44,ce,16.0,8,3300,0.015625,0.49298967633928564,0.286865234375,0.4090720856631244,0.6787109375,0.000 0.209 0.828 0.634 0.190 0.103 0.490 0.000
L-b16,priority_scan,44,ce,16.0,4,3600,0.7001953125,0.84228515625,0.080078125,0.15372885598076716,0.939453125,0.000 0.264 0.044 0.000
L-b16,priority_scan,44,ce,16.0,6,3600,0.265625,0.6776692708333334,0.17171223958333331,0.24711102247238143,0.837890625,0.000 0.366 0.411 0.215 -0.003 -0.000
L-b16,priority_scan,44,ce,16.0,8,3600,0.03515625,0.5534319196428571,0.2474365234375,0.3501412824348166,0.6875,0.000 0.491 0.575 0.452 0.338 0.159 0.086 0.000
L-b16,priority_scan,55,ce,16.0,4,300,0.18359375,0.5397135416666666,0.241455078125,0.0006222062640719866,0.7470703125,0.000 -0.184 0.185 0.000
L-b16,priority_scan,55,ce,16.0,6,300,0.0263671875,0.4671875000000001,0.2955729166666667,0.06290237108866356,0.490234375,0.000 -0.328 0.105 0.100 0.375 -0.000
L-b16,priority_scan,55,ce,16.0,8,300,0.001953125,0.43038504464285704,0.326171875,0.19866433408525255,0.25,0.000 -0.214 0.196 0.224 0.323 0.376 0.286 0.000
L-b16,priority_scan,55,ce,16.0,4,600,0.1923828125,0.5460611979166666,0.238525390625,-0.01360774040222168,0.8115234375,0.000 -0.210 0.183 0.000
L-b16,priority_scan,55,ce,16.0,6,600,0.017578125,0.4618489583333334,0.30061848958333337,0.03368645906448346,0.546875,0.000 -0.403 0.061 0.167 0.311 -0.000
L-b16,priority_scan,55,ce,16.0,8,600,0.0029296875,0.43244280133928564,0.3265380859375,0.1580553143112748,0.369140625,0.000 -0.300 0.070 0.136 0.318 0.322 0.402 0.000
L-b16,priority_scan,55,ce,16.0,4,900,0.1806640625,0.5419921875,0.24072265625,0.024319092432657882,0.845703125,0.000 -0.179 0.228 0.000
L-b16,priority_scan,55,ce,16.0,6,900,0.0263671875,0.4632161458333334,0.30159505208333337,0.08985122044881166,0.6455078125,0.000 -0.282 0.037 0.158 0.446 -0.000
L-b16,priority_scan,55,ce,16.0,8,900,0.001953125,0.4349190848214285,0.325439453125,0.11453111966451007,0.4091796875,0.000 -0.429 0.077 0.078 0.186 0.385 0.391 0.000
L-b16,priority_scan,55,ce,16.0,4,1200,0.1787109375,0.5384114583333334,0.2431640625,-0.000286102294921875,0.8359375,0.000 -0.240 0.239 0.000
L-b16,priority_scan,55,ce,16.0,6,1200,0.0185546875,0.4671223958333334,0.29850260416666663,0.06015688180923444,0.6318359375,0.000 -0.383 0.008 0.225 0.390 -0.000
L-b16,priority_scan,55,ce,16.0,8,1200,0.00390625,0.43146623883928564,0.3291015625,0.08225814059928611,0.4287109375,0.000 -0.382 -0.109 0.083 0.191 0.318 0.393 0.000
L-b16,priority_scan,55,ce,16.0,4,1500,0.185546875,0.5431315104166667,0.24072265625,0.07278336418999568,0.8681640625,0.000 -0.150 0.296 0.000
L-b16,priority_scan,55,ce,16.0,6,1500,0.021484375,0.47421875000000013,0.2942708333333333,0.12907594442367537,0.6787109375,0.000 -0.294 0.085 0.219 0.506 -0.000
L-b16,priority_scan,55,ce,16.0,8,1500,0.00390625,0.4375348772321428,0.32470703125,0.17840438418918184,0.494140625,0.000 -0.391 0.031 0.229 0.252 0.450 0.499 0.000
L-b16,priority_scan,55,ce,16.0,4,1800,0.2119140625,0.5540364583333333,0.23583984375,0.17899254957834881,0.8994140625,0.000 -0.022 0.380 0.000
L-b16,priority_scan,55,ce,16.0,6,1800,0.0302734375,0.4813151041666668,0.28955078125,0.3543763359387714,0.7578125,0.000 0.041 0.428 0.444 0.504 -0.000
L-b16,priority_scan,55,ce,16.0,8,1800,0.00390625,0.44489397321428564,0.3194580078125,0.6297380394405789,0.59765625,0.000 0.265 0.848 0.727 0.696 0.704 0.538 0.000
L-b16,priority_scan,55,ce,16.0,4,2100,0.2421875,0.5823567708333333,0.21826171875,0.05215889877743191,0.8681640625,0.000 0.021 0.083 0.000
L-b16,priority_scan,55,ce,16.0,6,2100,0.0302734375,0.4900390625000001,0.28271484375,0.1566735903422036,0.69921875,0.000 0.146 0.413 0.161 -0.094 -0.000
L-b16,priority_scan,55,ce,16.0,8,2100,0.0029296875,0.4568219866071428,0.31005859375,0.438198756288599,0.5078125,0.000 0.344 1.030 0.725 0.440 0.065 0.026 0.000
L-b16,priority_scan,55,ce,16.0,4,2400,0.6513671875,0.8170572916666666,0.09326171875,0.06701754199133979,0.9169921875,0.000 0.089 0.045 0.000
L-b16,priority_scan,55,ce,16.0,6,2400,0.328125,0.7048828125,0.15755208333333331,0.11596828699111922,0.8134765625,0.000 0.160 0.181 0.209 -0.086 -0.000
L-b16,priority_scan,55,ce,16.0,8,2400,0.1181640625,0.6155133928571428,0.2109375,0.10288011144708703,0.6728515625,0.000 0.351 0.143 0.143 0.247 0.045 -0.311 0.000
L-b16,priority_scan,55,ce,16.0,4,2700,0.75,0.8707682291666666,0.0654296875,0.09142849180433485,0.94140625,0.000 0.104 0.078 0.000
L-b16,priority_scan,55,ce,16.0,6,2700,0.4794921875,0.7891927083333332,0.11018880208333331,0.1308502753575641,0.826171875,0.000 0.188 0.234 0.175 -0.073 -0.000
L-b16,priority_scan,55,ce,16.0,8,2700,0.1865234375,0.6775251116071428,0.173828125,0.11672523286607529,0.736328125,0.000 0.329 0.305 0.248 0.168 0.003 -0.353 0.000
L-b16,priority_scan,55,ce,16.0,4,3000,0.798828125,0.8992513020833333,0.05029296875,0.054853757222493485,0.9443359375,0.000 0.031 0.079 0.000
L-b16,priority_scan,55,ce,16.0,6,3000,0.5244140625,0.8146484374999999,0.09635416666666666,0.0436528523763019,0.8515625,0.000 -0.049 0.027 0.104 0.092 -0.000
L-b16,priority_scan,55,ce,16.0,8,3000,0.26171875,0.73095703125,0.1429443359375,0.004755324787563746,0.75390625,0.000 -0.066 -0.100 0.040 0.127 0.171 -0.144 0.000
L-b16,priority_scan,55,ce,16.0,4,3300,0.8369140625,0.9176432291666666,0.041259765625,-0.12994726498921713,0.947265625,0.000 -0.112 -0.148 0.000
L-b16,priority_scan,55,ce,16.0,6,3300,0.595703125,0.8444661458333332,0.08056640625,-0.15705853700637837,0.8837890625,0.000 -0.109 -0.213 -0.189 -0.118 -0.000
L-b16,priority_scan,55,ce,16.0,8,3300,0.3056640625,0.7533133370535714,0.1307373046875,-0.2628256877263387,0.810546875,0.000 -0.040 -0.251 -0.372 -0.389 -0.246 -0.279 0.000
L-b16,priority_scan,55,ce,16.0,4,3600,0.83203125,0.91162109375,0.045166015625,0.016027622752719455,0.9658203125,0.000 0.048 -0.016 0.000
L-b16,priority_scan,55,ce,16.0,6,3600,0.623046875,0.8532552083333333,0.07633463541666666,0.059507240851719996,0.90234375,0.000 0.111 0.094 0.062 -0.030 -0.000
L-b16,priority_scan,55,ce,16.0,8,3600,0.326171875,0.7700195312500001,0.12109375,0.07214159877211956,0.826171875,0.000 0.181 0.209 0.171 0.072 0.010 -0.210 0.000
L-b16,priority_scan,66,ce,16.0,4,300,0.1796875,0.5411783854166667,0.23876953125,-0.0005748536851671038,0.69921875,0.000 -0.215 0.214 0.000
L-b16,priority_scan,66,ce,16.0,6,300,0.029296875,0.4673828125000001,0.29508463541666663,0.11348843574523909,0.4169921875,0.000 -0.176 0.143 0.251 0.236 -0.000
L-b16,priority_scan,66,ce,16.0,8,300,0.0048828125,0.4355817522321428,0.321533203125,0.10666975268611201,0.2119140625,0.000 -0.311 0.070 0.124 0.216 0.287 0.254 0.000
L-b16,priority_scan,66,ce,16.0,4,600,0.1787109375,0.5486653645833334,0.23486328125,0.03694117069244385,0.7783203125,0.000 -0.182 0.256 0.000
L-b16,priority_scan,66,ce,16.0,6,600,0.0234375,0.4662760416666668,0.29833984375,0.067928632100423,0.541015625,0.000 -0.378 0.092 0.180 0.378 -0.000
L-b16,priority_scan,66,ce,16.0,8,600,0.001953125,0.43000139508928564,0.328125,0.19099039060098152,0.30859375,0.000 -0.228 0.050 0.193 0.295 0.460 0.374 0.000
L-b16,priority_scan,66,ce,16.0,4,900,0.19140625,0.5428059895833333,0.24072265625,0.0825496514638265,0.794921875,0.000 -0.131 0.296 0.000
L-b16,priority_scan,66,ce,16.0,6,900,0.0205078125,0.46165364583333346,0.3014322916666667,0.09977802634239179,0.5615234375,0.000 -0.286 0.092 0.241 0.352 -0.000
L-b16,priority_scan,66,ce,16.0,8,900,0.00390625,0.4408133370535714,0.320556640625,0.12304813773543745,0.357421875,0.000 -0.323 0.020 0.146 0.155 0.409 0.331 0.000
L-b16,priority_scan,66,ce,16.0,4,1200,0.1923828125,0.5472005208333333,0.23828125,0.022629631890190988,0.87890625,0.000 -0.228 0.273 0.000
L-b16,priority_scan,66,ce,16.0,6,1200,0.021484375,0.4740885416666668,0.29443359375,0.09113987286885562,0.681640625,0.000 -0.335 0.079 0.254 0.366 -0.000
L-b16,priority_scan,66,ce,16.0,8,1200,0.001953125,0.43715122767857134,0.32470703125,0.13853335822070087,0.5166015625,0.000 -0.518 0.012 0.162 0.334 0.368 0.473 0.000
L-b16,priority_scan,66,ce,16.0,4,1500,0.193359375,0.5442708333333334,0.240478515625,0.06269938415951198,0.8447265625,0.000 -0.159 0.284 0.000
L-b16,priority_scan,66,ce,16.0,6,1500,0.025390625,0.4641927083333334,0.30078125,0.09110048413276654,0.62890625,0.000 -0.377 0.088 0.229 0.425 -0.000
L-b16,priority_scan,66,ce,16.0,8,1500,0.0048828125,0.43251255580357134,0.3272705078125,0.17790032757653132,0.4384765625,0.000 -0.391 0.016 0.220 0.308 0.447 0.466 0.000
L-b16,priority_scan,66,ce,16.0,4,1800,0.193359375,0.5514322916666666,0.2353515625,0.02904368771447073,0.87890625,0.000 -0.197 0.255 0.000
L-b16,priority_scan,66,ce,16.0,6,1800,0.017578125,0.4663411458333334,0.2998046875,0.07986153165499352,0.716796875,0.000 -0.429 0.023 0.269 0.457 -0.000
L-b16,priority_scan,66,ce,16.0,8,1800,0.005859375,0.43624441964285704,0.3260498046875,0.17864944758238613,0.5439453125,0.000 -0.468 0.041 0.142 0.367 0.501 0.489 0.000
L-b16,priority_scan,66,ce,16.0,4,2100,0.2001953125,0.54736328125,0.2392578125,0.07220923900604248,0.8759765625,0.000 -0.176 0.320 0.000
L-b16,priority_scan,66,ce,16.0,6,2100,0.017578125,0.46087239583333345,0.3030598958333333,0.08721654613812746,0.7080078125,0.000 -0.453 0.114 0.247 0.441 -0.000
L-b16,priority_scan,66,ce,16.0,8,2100,0.0009765625,0.43725585937499994,0.3248291015625,0.22276531766962124,0.5712890625,0.000 -0.391 0.123 0.216 0.369 0.468 0.552 0.000
L-b16,priority_scan,66,ce,16.0,4,2400,0.201171875,0.5613606770833333,0.228515625,0.18213258849249947,0.8671875,0.000 0.079 0.285 0.000
L-b16,priority_scan,66,ce,16.0,6,2400,0.029296875,0.47714843750000013,0.2919921875,0.4416056474049884,0.701171875,0.000 0.193 0.640 0.542 0.391 -0.000
L-b16,priority_scan,66,ce,16.0,8,2400,0.0087890625,0.4513811383928571,0.31494140625,0.770910382270813,0.5458984375,0.000 0.453 1.182 1.097 0.793 0.651 0.450 0.000
L-b16,priority_scan,66,ce,16.0,4,2700,0.28515625,0.6105143229166667,0.20263671875,0.14529208342234293,0.884765625,0.000 0.174 0.117 0.000
L-b16,priority_scan,66,ce,16.0,6,2700,0.0478515625,0.5100911458333335,0.2705078125,0.31072924534479757,0.693359375,0.000 0.383 0.575 0.172 0.114 -0.000
L-b16,priority_scan,66,ce,16.0,8,2700,0.005859375,0.46735491071428564,0.303466796875,0.4840912200786449,0.5615234375,0.000 0.515 1.189 0.853 0.378 0.013 -0.044 0.000
L-b16,priority_scan,66,ce,16.0,4,3000,0.380859375,0.66796875,0.171630859375,0.002673798137240918,0.93359375,0.000 0.195 -0.190 0.000
L-b16,priority_scan,66,ce,16.0,6,3000,0.072265625,0.54609375,0.24837239583333331,0.19587521751721684,0.7978515625,0.000 0.533 0.455 -0.016 -0.188 -0.000
L-b16,priority_scan,66,ce,16.0,8,3000,0.009765625,0.4787248883928571,0.2957763671875,0.3469379963698211,0.6357421875,0.000 0.804 1.202 0.613 0.074 -0.352 -0.259 0.000
L-b16,priority_scan,66,ce,16.0,4,3300,0.3955078125,0.6756184895833333,0.167724609375,-0.22308905919392902,0.919921875,0.000 -0.001 -0.446 0.000
L-b16,priority_scan,66,ce,16.0,6,3300,0.0673828125,0.5347005208333334,0.25472005208333337,-0.17214675744374613,0.7705078125,0.000 0.219 0.041 -0.452 -0.497 -0.000
L-b16,priority_scan,66,ce,16.0,8,3300,0.0048828125,0.49037388392857134,0.28662109375,-0.11880207944799354,0.564453125,0.000 0.437 0.647 0.130 -0.455 -0.828 -0.644 0.000
L-b16,priority_scan,66,ce,16.0,4,3600,0.5,0.734375,0.13671875,0.06511310736338297,0.935546875,0.000 0.265 -0.135 0.000
L-b16,priority_scan,66,ce,16.0,6,3600,0.1240234375,0.5786458333333334,0.22884114583333331,0.2532354990641274,0.798828125,0.000 0.630 0.527 0.032 -0.176 -0.000
L-b16,priority_scan,66,ce,16.0,8,3600,0.0107421875,0.5040457589285714,0.279296875,0.4949551379239118,0.6611328125,0.000 0.850 1.194 0.894 0.372 -0.109 -0.230 0.000
L-b16,priority_scan,77,ce,16.0,4,300,0.1796875,0.53955078125,0.239990234375,0.032411879963345006,0.72265625,0.000 -0.184 0.249 0.000
L-b16,priority_scan,77,ce,16.0,6,300,0.017578125,0.4585937500000001,0.3009440104166667,0.06498689452807091,0.4951171875,0.000 -0.373 0.066 0.197 0.370 -0.000
L-b16,priority_scan,77,ce,16.0,8,300,0.001953125,0.43854631696428564,0.3194580078125,0.17146240781854702,0.2236328125,0.000 -0.171 0.063 0.151 0.228 0.380 0.379 0.000
L-b16,priority_scan,77,ce,16.0,4,600,0.1865234375,0.537109375,0.24365234375,0.02073208491007486,0.7919921875,0.000 -0.217 0.258 0.000
L-b16,priority_scan,77,ce,16.0,6,600,0.0283203125,0.47128906250000013,0.2945963541666667,0.08465538422266625,0.533203125,0.000 -0.246 0.024 0.131 0.430 -0.000
L-b16,priority_scan,77,ce,16.0,8,600,0.001953125,0.43293108258928564,0.325439453125,0.12345735673551206,0.3232421875,0.000 -0.334 -0.006 0.129 0.263 0.353 0.336 0.000
L-b16,priority_scan,77,ce,16.0,4,900,0.1826171875,0.5432942708333334,0.239990234375,0.0266544024149577,0.857421875,0.000 -0.229 0.282 0.000
L-b16,priority_scan,77,ce,16.0,6,900,0.025390625,0.46933593750000013,0.2978515625,0.02313931783040346,0.640625,0.000 -0.468 0.040 0.132 0.389 -0.000
L-b16,priority_scan,77,ce,16.0,8,900,0.001953125,0.43861607142857134,0.3228759765625,0.13184739483727348,0.4453125,0.000 -0.329 -0.027 0.125 0.299 0.346 0.377 0.000
L-b16,priority_scan,77,ce,16.0,4,1200,0.1865234375,0.5418294270833334,0.24169921875,0.013033813900417746,0.8837890625,0.000 -0.242 0.268 0.000
L-b16,priority_scan,77,ce,16.0,6,1200,0.0244140625,0.46855468750000007,0.29833984375,0.10043447216351808,0.7138671875,0.000 -0.375 0.074 0.232 0.471 -0.000
L-b16,priority_scan,77,ce,16.0,8,1200,0.0029296875,0.4362792968749999,0.326171875,0.17505676658065228,0.6015625,0.000 -0.373 0.025 0.180 0.277 0.460 0.481 0.000
L-b16,priority_scan,77,ce,16.0,4,1500,0.1904296875,0.5501302083333334,0.236083984375,0.06989055209689671,0.90234375,0.000 -0.157 0.297 0.000
L-b16,priority_scan,77,ce,16.0,6,1500,0.0244140625,0.4707031250000001,0.29671223958333337,0.09759674469629906,0.6953125,0.000 -0.369 0.121 0.206 0.432 -0.000
L-b16,priority_scan,77,ce,16.0,8,1500,0.0029296875,0.42599051339285704,0.33349609375,0.18935464046619555,0.5087890625,0.000 -0.418 -0.011 0.290 0.332 0.473 0.470 0.000
L-b16,priority_scan,77,ce,16.0,4,1800,0.177734375,0.53759765625,0.243896484375,0.01109083493550618,0.85546875,0.000 -0.227 0.249 0.000
L-b16,priority_scan,77,ce,16.0,6,1800,0.025390625,0.46562500000000007,0.29996744791666663,0.12405673662821436,0.697265625,0.000 -0.356 0.055 0.295 0.502 -0.000
L-b16,priority_scan,77,ce,16.0,8,1800,0.00390625,0.4379185267857142,0.32373046875,0.19646545251210532,0.5107421875,0.000 -0.404 -0.000 0.248 0.303 0.533 0.499 0.000
L-b16,priority_scan,77,ce,16.0,4,2100,0.2744140625,0.5872395833333333,0.21875,0.09481449921925861,0.8525390625,0.000 -0.180 0.370 0.000
L-b16,priority_scan,77,ce,16.0,6,2100,0.05078125,0.4841796875000001,0.28889973958333326,0.11307597160339339,0.6533203125,0.000 -0.483 0.073 0.255 0.608 -0.000
L-b16,priority_scan,77,ce,16.0,8,2100,0.0126953125,0.4465680803571428,0.3193359375,0.07797753369366678,0.466796875,0.000 -0.680 -0.373 -0.044 0.203 0.688 0.675 0.000
L-b16,priority_scan,77,ce,16.0,4,2400,0.3642578125,0.6472981770833333,0.18505859375,0.081813202963935,0.9228515625,0.000 0.020 0.143 0.000
L-b16,priority_scan,77,ce,16.0,6,2400,0.0927734375,0.5198567708333335,0.26692708333333337,0.12759571274121584,0.734375,0.000 -0.117 0.210 0.085 0.333 -0.000
L-b16,priority_scan,77,ce,16.0,8,2400,0.0185546875,0.4707031249999999,0.30224609375,0.07181233829922147,0.5361328125,0.000 -0.287 0.194 0.169 0.014 0.033 0.307 0.000
L-b16,priority_scan,77,ce,16.0,4,2700,0.4609375,0.6990559895833333,0.158203125,0.07088416152530246,0.9384765625,0.000 0.003 0.139 0.000
L-b16,priority_scan,77,ce,16.0,6,2700,0.1162109375,0.5440755208333333,0.25227864583333337,0.10804439584414147,0.826171875,0.000 -0.222 0.142 0.107 0.405 -0.000
L-b16,priority_scan,77,ce,16.0,8,2700,0.02734375,0.4889787946428571,0.2906494140625,0.07836544955218279,0.69921875,0.000 -0.333 0.046 0.038 0.059 0.205 0.456 0.000
L-b16,priority_scan,77,ce,16.0,4,3000,0.396484375,0.6767578125,0.1669921875,0.4358971118927002,0.935546875,0.000 0.453 0.419 0.000
L-b16,priority_scan,77,ce,16.0,6,3000,0.04296875,0.5198567708333334,0.263671875,0.6195973356564839,0.814453125,0.000 0.320 0.842 0.608 0.708 -0.000
L-b16,priority_scan,77,ce,16.0,8,3000,0.00390625,0.4697265624999999,0.3018798828125,0.7370257598382454,0.6142578125,0.000 0.203 1.131 0.945 0.719 0.687 0.737 0.000
L-b16,priority_scan,77,ce,16.0,4,3300,0.5224609375,0.74658203125,0.13037109375,-0.3437384631898668,0.943359375,0.000 -0.267 -0.420 0.000
L-b16,priority_scan,77,ce,16.0,6,3300,0.0751953125,0.5468098958333334,0.24788411458333331,-0.4606556395689649,0.845703125,0.000 -0.416 -0.368 -0.654 -0.405 -0.000
L-b16,priority_scan,77,ce,16.0,8,3300,0.0078125,0.48978097098214274,0.288330078125,-0.66895533491064,0.7099609375,0.000 -0.639 -0.457 -0.605 -0.946 -1.024 -0.343 0.000
L-b16,priority_scan,77,ce,16.0,4,3600,0.623046875,0.8014322916666666,0.101806640625,0.053098864025539816,0.94921875,0.000 0.169 -0.063 0.000
L-b16,priority_scan,77,ce,16.0,6,3600,0.1962890625,0.6194661458333334,0.20654296875,0.10124613841374697,0.83203125,0.000 0.065 0.297 -0.055 0.098 -0.000
L-b16,priority_scan,77,ce,16.0,8,3600,0.0263671875,0.5187290736607142,0.2706298828125,0.07931047015719944,0.6552734375,0.000 -0.163 0.408 0.247 -0.121 -0.154 0.258 0.000
L-b16,priority_scan,88,ce,16.0,4,300,0.1669921875,0.5387369791666667,0.238525390625,0.1240987910164727,0.73828125,0.000 -0.124 0.372 0.000
L-b16,priority_scan,88,ce,16.0,6,300,0.0234375,0.4632812500000001,0.2978515625,0.11284038424491863,0.4912109375,0.000 -0.262 0.086 0.221 0.406 -0.000
L-b16,priority_scan,88,ce,16.0,8,300,0.00390625,0.4286411830357142,0.3272705078125,0.1968494830308137,0.24609375,0.000 -0.257 0.101 0.228 0.350 0.474 0.286 0.000
L-b16,priority_scan,88,ce,16.0,4,600,0.197265625,0.54541015625,0.238525390625,0.053267015351189495,0.7861328125,0.000 -0.216 0.322 0.000
L-b16,priority_scan,88,ce,16.0,6,600,0.01953125,0.45872395833333346,0.30338541666666663,0.1142893731594084,0.5478515625,0.000 -0.251 0.073 0.272 0.363 -0.000
L-b16,priority_scan,88,ce,16.0,8,600,0.0029296875,0.4394182477678571,0.3211669921875,0.2108832421126189,0.345703125,0.000 -0.287 0.232 0.180 0.306 0.430 0.404 0.000
L-b16,priority_scan,88,ce,16.0,4,900,0.193359375,0.5501302083333333,0.236328125,0.0790522495905558,0.8173828125,0.000 -0.100 0.258 0.000
L-b16,priority_scan,88,ce,16.0,6,900,0.01953125,0.4627604166666668,0.30110677083333337,0.17462685704231246,0.5791015625,0.000 -0.275 0.087 0.375 0.512 -0.000
L-b16,priority_scan,88,ce,16.0,8,900,0.001953125,0.43066406249999994,0.3284912109375,0.25464289718204075,0.3740234375,0.000 -0.313 0.159 0.334 0.403 0.446 0.499 0.000
L-b16,priority_scan,88,ce,16.0,4,1200,0.1875,0.5402018229166666,0.2431640625,0.025373829735649958,0.8818359375,0.000 -0.217 0.267 0.000
L-b16,priority_scan,88,ce,16.0,6,1200,0.025390625,0.4658854166666668,0.2998046875,0.15690545241037987,0.6708984375,0.000 -0.266 0.091 0.307 0.495 -0.000
L-b16,priority_scan,88,ce,16.0,8,1200,0.0029296875,0.43310546874999994,0.32763671875,0.20830379592047799,0.5126953125,0.000 -0.411 0.066 0.213 0.382 0.465 0.534 0.000
L-b16,priority_scan,88,ce,16.0,4,1500,0.1796875,0.537109375,0.24462890625,0.1703746451271905,0.90234375,0.000 -0.061 0.401 0.000
L-b16,priority_scan,88,ce,16.0,6,1500,0.0224609375,0.4608072916666668,0.30322265625,0.30050069093704207,0.7607421875,0.000 -0.189 0.367 0.435 0.589 -0.000
L-b16,priority_scan,88,ce,16.0,8,1500,0.00390625,0.4377092633928571,0.324951171875,0.5058091658133047,0.595703125,0.000 -0.143 0.536 0.647 0.659 0.781 0.555 0.000
L-b16,priority_scan,88,ce,16.0,4,1800,0.279296875,0.5997721354166667,0.2099609375,0.11315332518683538,0.8447265625,0.000 -0.005 0.231 0.000
L-b16,priority_scan,88,ce,16.0,6,1800,0.0458984375,0.5007161458333335,0.27604166666666663,0.1777543624242145,0.5810546875,0.000 -0.032 0.174 0.239 0.330 -0.000
L-b16,priority_scan,88,ce,16.0,8,1800,0.0048828125,0.4710170200892857,0.298583984375,0.19880899676570185,0.3759765625,0.000 0.039 0.333 0.225 0.209 0.181 0.205 0.000
L-b16,priority_scan,88,ce,16.0,4,2100,0.662109375,0.8204752604166666,0.09228515625,-0.13957195811801487,0.8994140625,0.000 0.037 -0.317 0.000
L-b16,priority_scan,88,ce,16.0,6,2100,0.220703125,0.6475911458333334,0.18831380208333331,-0.1830481986204785,0.71484375,0.000 -0.256 0.105 -0.239 -0.341 -0.000
L-b16,priority_scan,88,ce,16.0,8,2100,0.0546875,0.5644880022321428,0.2403564453125,-0.21129544134493228,0.521484375,0.000 -0.278 -0.127 0.031 -0.229 -0.426 -0.238 0.000
L-b16,priority_scan,88,ce,16.0,4,2400,0.6884765625,0.84423828125,0.07763671875,0.013718803723653156,0.919921875,0.000 0.000 0.027 0.000
L-b16,priority_scan,88,ce,16.0,6,2400,0.3837890625,0.7495442708333333,0.13118489583333331,0.029280632734298526,0.8017578125,0.000 0.102 0.114 0.010 -0.109 -0.000
L-b16,priority_scan,88,ce,16.0,8,2400,0.1298828125,0.6401715959821428,0.19482421875,0.061088954960858366,0.60546875,0.000 0.323 0.167 0.146 0.084 0.008 -0.360 0.000
L-b16,priority_scan,88,ce,16.0,4,2700,0.73046875,0.8634440104166667,0.068603515625,0.1802230543560452,0.951171875,0.000 0.222 0.138 0.000
L-b16,priority_scan,88,ce,16.0,6,2700,0.3828125,0.73828125,0.13850911458333334,0.17344430088996868,0.8466796875,0.000 0.345 0.365 0.209 -0.224 -0.000
L-b16,priority_scan,88,ce,16.0,8,2700,0.083984375,0.6068638392857143,0.2152099609375,0.25542433615084054,0.732421875,0.000 0.496 0.643 0.537 0.340 -0.005 -0.478 0.000
L-b16,priority_scan,88,ce,16.0,4,3000,0.7744140625,0.8850911458333334,0.057861328125,-0.04572570323944092,0.935546875,0.000 -0.033 -0.059 0.000
L-b16,priority_scan,88,ce,16.0,6,3000,0.4384765625,0.7762369791666667,0.11653645833333331,-0.1441831886768343,0.8330078125,0.000 -0.048 0.026 -0.040 -0.515 -0.000
L-b16,priority_scan,88,ce,16.0,8,3000,0.1513671875,0.6597377232142857,0.18310546875,-0.13050103629076923,0.7158203125,0.000 0.092 0.140 0.147 0.004 -0.383 -0.782 0.000
L-b16,priority_scan,88,ce,16.0,4,3300,0.791015625,0.8955078125,0.05224609375,0.0285469823413425,0.94921875,0.000 0.071 -0.013 0.000
L-b16,priority_scan,88,ce,16.0,6,3300,0.5166015625,0.802734375,0.103515625,0.1687481502691903,0.8623046875,0.000 0.396 0.212 0.077 -0.010 -0.000
L-b16,priority_scan,88,ce,16.0,8,3300,0.1630859375,0.675537109375,0.174560546875,0.28984467188517243,0.73046875,0.000 0.758 0.570 0.383 0.235 0.129 -0.337 0.000
L-b16,priority_scan,88,ce,16.0,4,3600,0.76953125,0.8824869791666667,0.059326171875,0.0034836265775892473,0.94921875,0.000 -0.009 0.015 0.000
L-b16,priority_scan,88,ce,16.0,6,3600,0.4814453125,0.7923828125,0.1083984375,-0.006354649861653832,0.853515625,0.000 0.062 0.071 -0.018 -0.140 -0.000
L-b16,priority_scan,88,ce,16.0,8,3600,0.2236328125,0.70166015625,0.1600341796875,-0.03393106990390354,0.7451171875,0.000 0.146 0.109 0.062 -0.016 -0.123 -0.382 0.000
L-b16,position_scan,11,ce,16.0,4,300,0.4033203125,0.6297200520833334,0.204345703125,-0.18948025173611113,0.8076171875,0.533 0.053 -0.102 -0.520
L-b16,position_scan,11,ce,16.0,6,300,0.0322265625,0.4026692708333334,0.34781901041666663,-0.2171500788794624,0.5419921875,1.036 0.381 0.111 -0.139 -0.415 -1.024
L-b16,position_scan,11,ce,16.0,8,300,0.0,0.34068080357142855,0.3958740234375,-0.2191579531109523,0.310546875,1.507 0.750 0.435 0.143 -0.187 -0.447 -0.762 -1.465
L-b16,position_scan,11,ce,16.0,4,600,0.599609375,0.76953125,0.123046875,-0.07761279741923015,0.8876953125,-0.043 -0.126 0.046 -0.153
L-b16,position_scan,11,ce,16.0,6,600,0.18359375,0.583203125,0.23111979166666663,-0.14830949571397573,0.734375,0.180 -0.448 -0.046 0.124 0.116 -0.487
L-b16,position_scan,11,ce,16.0,8,600,0.0341796875,0.4842703683035714,0.2967529296875,-0.19049065453665598,0.5908203125,0.301 -0.531 -0.378 -0.071 0.147 0.207 0.010 -0.719
L-b16,position_scan,11,ce,16.0,4,900,0.7373046875,0.8575846354166667,0.07373046875,-0.07186474623503507,0.9013671875,0.037 -0.107 -0.020 -0.089
L-b16,position_scan,11,ce,16.0,6,900,0.36328125,0.7133463541666667,0.15445963541666666,-0.14496048953798088,0.7568359375,0.235 -0.227 -0.223 -0.099 0.082 -0.258
L-b16,position_scan,11,ce,16.0,8,900,0.0771484375,0.5777413504464286,0.234375,-0.2113404728117443,0.59375,0.431 -0.275 -0.312 -0.330 -0.259 0.043 0.114 -0.459
L-b16,position_scan,11,ce,16.0,4,1200,0.771484375,0.87451171875,0.065673828125,-0.0840451540770354,0.91015625,0.122 -0.044 -0.113 -0.095
L-b16,position_scan,11,ce,16.0,6,1200,0.4482421875,0.7560546875,0.13053385416666666,-0.12495641575919263,0.8037109375,0.302 -0.065 -0.097 -0.136 -0.079 -0.248
L-b16,position_scan,11,ce,16.0,8,1200,0.1923828125,0.6630161830357142,0.1846923828125,-0.16352379132830905,0.685546875,0.528 -0.061 -0.084 -0.162 -0.214 -0.105 -0.046 -0.473
L-b16,position_scan,11,ce,16.0,4,1500,0.7958984375,0.88916015625,0.0576171875,-0.13824498211895977,0.9375,-0.076 -0.201 -0.084 -0.130
L-b16,position_scan,11,ce,16.0,6,1500,0.4580078125,0.7666666666666666,0.12402343749999999,-0.26691036091910475,0.82421875,0.102 -0.426 -0.335 -0.231 -0.067 -0.275
L-b16,position_scan,11,ce,16.0,8,1500,0.15625,0.6512625558035715,0.1903076171875,-0.3588539645785378,0.71484375,0.375 -0.557 -0.475 -0.529 -0.341 -0.079 -0.046 -0.485
L-b16,position_scan,11,ce,16.0,4,1800,0.80859375,0.9015299479166666,0.0498046875,-0.08869784849661368,0.939453125,-0.157 -0.172 -0.036 -0.058
L-b16,position_scan,11,ce,16.0,6,1800,0.4765625,0.7820963541666666,0.11490885416666666,-0.14280693398581618,0.8359375,-0.063 -0.337 -0.173 -0.082 0.049 -0.171
L-b16,position_scan,11,ce,16.0,8,1800,0.208984375,0.7015904017857144,0.1600341796875,-0.20206812828306167,0.7197265625,0.114 -0.550 -0.277 -0.246 -0.144 0.074 0.084 -0.356
L-b16,position_scan,11,ce,16.0,4,2100,0.8173828125,0.9111328125,0.043701171875,0.12141686898690683,0.9287109375,-0.035 -0.048 0.219 0.193
L-b16,position_scan,11,ce,16.0,6,2100,0.4794921875,0.791796875,0.10872395833333333,0.129491282833947,0.8359375,0.069 -0.202 -0.042 0.265 0.515 0.112
L-b16,position_scan,11,ce,16.0,8,2100,0.1728515625,0.6943359375,0.1629638671875,0.14709501039414177,0.7197265625,0.269 -0.345 -0.163 -0.006 0.233 0.609 0.737 -0.035
L-b16,position_scan,11,ce,16.0,4,2400,0.8486328125,0.9200846354166667,0.040771484375,-0.052578096036557796,0.9248046875,0.023 -0.089 -0.052 -0.017
L-b16,position_scan,11,ce,16.0,6,2400,0.6123046875,0.8406901041666666,0.08365885416666666,-0.09166008896297884,0.8564453125,0.057 -0.136 -0.123 -0.047 -0.063 -0.090
L-b16,position_scan,11,ce,16.0,8,2400,0.333984375,0.7621721540178572,0.1260986328125,-0.111715244868445,0.7451171875,0.229 -0.288 -0.121 -0.157 -0.067 -0.030 0.113 -0.232
L-b16,position_scan,11,ce,16.0,4,2700,0.7998046875,0.8937174479166666,0.0546875,-0.1813077485119855,0.9501953125,-0.103 -0.325 -0.158 -0.061
L-b16,position_scan,11,ce,16.0,6,2700,0.5,0.8011067708333333,0.10400390625,-0.29484050141440504,0.8740234375,0.008 -0.423 -0.438 -0.313 -0.147 -0.154
L-b16,position_scan,11,ce,16.0,8,2700,0.212890625,0.7029506138392858,0.158935546875,-0.3916356487879677,0.7744140625,0.191 -0.542 -0.626 -0.576 -0.417 -0.195 -0.087 -0.299
L-b16,position_scan,11,ce,16.0,4,3000,0.7958984375,0.89404296875,0.053955078125,0.02480864524841309,0.943359375,0.385 0.201 -0.023 -0.104
L-b16,position_scan,11,ce,16.0,6,3000,0.4853515625,0.791796875,0.109375,0.09014210436079234,0.8779296875,0.551 0.528 0.230 0.017 -0.144 -0.180
L-b16,position_scan,11,ce,16.0,8,3000,0.1416015625,0.6784319196428572,0.1722412109375,0.14479892594473703,0.7880859375,0.760 0.737 0.572 0.240 0.032 -0.082 -0.171 -0.314
L-b16,position_scan,11,ce,16.0,4,3300,0.794921875,0.8953450520833333,0.052734375,-0.21608149563824688,0.9443359375,0.388 0.010 -0.273 -0.385
L-b16,position_scan,11,ce,16.0,6,3300,0.408203125,0.7453124999999999,0.13541666666666666,-0.2400019831127591,0.87109375,0.541 0.425 -0.148 -0.358 -0.574 -0.546
L-b16,position_scan,11,ce,16.0,8,3300,0.0654296875,0.5711495535714285,0.237060546875,-0.27939291227431523,0.763671875,0.775 0.660 0.278 -0.258 -0.480 -0.618 -0.817 -0.721
L-b16,position_scan,11,ce,16.0,4,3600,0.8310546875,0.91650390625,0.04150390625,-0.005047365471168806,0.9541015625,0.390 0.166 -0.020 -0.161
L-b16,position_scan,11,ce,16.0,6,3600,0.5087890625,0.8046875,0.10172526041666666,0.07453570100996224,0.86328125,0.581 0.476 0.133 0.003 -0.056 -0.183
L-b16,position_scan,11,ce,16.0,8,3600,0.1396484375,0.6763392857142858,0.1734619140625,0.15985547550140863,0.76171875,0.795 0.721 0.529 0.167 0.029 0.049 -0.103 -0.274
L-b16,position_scan,22,ce,16.0,4,300,0.35546875,0.6100260416666666,0.2119140625,-0.050334223994502304,0.8134765625,0.491 0.200 0.062 -0.413
L-b16,position_scan,22,ce,16.0,6,300,0.0478515625,0.4408854166666668,0.31966145833333337,0.0019590987099540767,0.521484375,0.942 0.428 0.384 0.200 -0.145 -0.858
L-b16,position_scan,22,ce,16.0,8,300,0.0,0.3549107142857143,0.3851318359375,-0.026622670037405833,0.2880859375,1.377 0.743 0.562 0.352 0.151 -0.114 -0.546 -1.333
L-b16,position_scan,22,ce,16.0,4,600,0.5927734375,0.77880859375,0.11474609375,0.010331824973777493,0.837890625,0.113 0.023 0.083 -0.074
L-b16,position_scan,22,ce,16.0,6,600,0.1953125,0.594921875,0.22428385416666666,0.017768694294823494,0.6435546875,0.410 -0.102 0.146 0.192 0.209 -0.356
L-b16,position_scan,22,ce,16.0,8,600,0.0302734375,0.48542131696428564,0.2928466796875,0.0039025904640318998,0.3896484375,0.600 -0.112 0.016 0.126 0.217 0.274 0.089 -0.582
L-b16,position_scan,22,ce,16.0,4,900,0.75,0.8678385416666667,0.067626953125,0.09801127292491772,0.88671875,0.167 0.140 0.127 0.027
L-b16,position_scan,22,ce,16.0,6,900,0.333984375,0.7013671875,0.16031901041666666,0.18704332245720753,0.71484375,0.391 0.139 0.261 0.320 0.337 -0.120
L-b16,position_scan,22,ce,16.0,8,900,0.0654296875,0.572021484375,0.2366943359375,0.2695324307396298,0.513671875,0.646 0.135 0.288 0.352 0.434 0.579 0.396 -0.297
L-b16,position_scan,22,ce,16.0,4,1200,0.7724609375,0.8826497395833333,0.0595703125,0.08781852545561614,0.912109375,0.137 0.114 0.144 0.005
L-b16,position_scan,22,ce,16.0,6,1200,0.427734375,0.7570963541666667,0.12858072916666666,0.11127586497200856,0.77734375,0.309 -0.010 0.164 0.215 0.301 -0.113
L-b16,position_scan,22,ce,16.0,8,1200,0.1533203125,0.64404296875,0.19384765625,0.13928752096872482,0.625,0.559 -0.003 0.103 0.097 0.276 0.440 0.410 -0.348
L-b16,position_scan,22,ce,16.0,4,1500,0.796875,0.8924153645833335,0.05517578125,-0.1459785743995949,0.943359375,-0.158 -0.171 -0.245 -0.021
L-b16,position_scan,22,ce,16.0,6,1500,0.3720703125,0.740234375,0.13639322916666666,-0.2641413079367744,0.8359375,-0.101 -0.410 -0.238 -0.385 -0.223 -0.064
L-b16,position_scan,22,ce,16.0,8,1500,0.08203125,0.6111188616071429,0.2125244140625,-0.36782200374300505,0.708984375,-0.013 -0.677 -0.372 -0.408 -0.512 -0.412 0.003 -0.197
L-b16,position_scan,22,ce,16.0,4,1800,0.8349609375,0.9117838541666667,0.04541015625,0.006411119743629738,0.9306640625,-0.094 0.055 -0.026 -0.010
L-b16,position_scan,22,ce,16.0,6,1800,0.5087890625,0.796875,0.10725911458333333,-0.058251884248521645,0.810546875,-0.064 -0.280 0.049 0.000 0.132 -0.194
L-b16,position_scan,22,ce,16.0,8,1800,0.1875,0.6612723214285715,0.185302734375,-0.1288999640752399,0.712890625,0.072 -0.530 -0.140 0.058 -0.137 0.075 0.236 -0.463
L-b16,position_scan,22,ce,16.0,4,2100,0.7880859375,0.8865559895833334,0.05859375,0.12949819918032046,0.962890625,-0.040 0.097 0.217 0.074
L-b16,position_scan,22,ce,16.0,6,2100,0.4755859375,0.7805989583333333,0.1162109375,0.10960947804980803,0.892578125,0.100 -0.172 0.160 0.247 0.386 -0.073
L-b16,position_scan,22,ce,16.0,8,2100,0.203125,0.6912667410714286,0.1666259765625,0.09263702801295691,0.80859375,0.351 -0.427 -0.002 0.160 0.219 0.499 0.514 -0.315
L-b16,position_scan,22,ce,16.0,4,2400,0.8291015625,0.9080403645833334,0.047607421875,-0.07619879863880298,0.9541015625,0.158 0.005 -0.146 -0.088
L-b16,position_scan,22,ce,16.0,6,2400,0.521484375,0.8025390625,0.10400390625,-0.08629881011115186,0.8544921875,0.331 0.160 -0.064 -0.204 -0.138 -0.186
L-b16,position_scan,22,ce,16.0,8,2400,0.205078125,0.6869070870535715,0.169189453125,-0.0993599778129941,0.740234375,0.601 0.223 0.196 -0.144 -0.374 -0.217 -0.008 -0.371
L-b16,position_scan,22,ce,16.0,4,2700,0.8525390625,0.9226888020833333,0.03955078125,0.0931027642002812,0.9482421875,0.058 -0.020 0.136 0.163
L-b16,position_scan,22,ce,16.0,6,2700,0.5615234375,0.8270833333333333,0.09000651041666666,0.13200733396742076,0.861328125,0.091 0.035 0.022 0.171 0.418 0.015
L-b16,position_scan,22,ce,16.0,8,2700,0.228515625,0.7222726004464286,0.1478271484375,0.16964460176134866,0.7578125,0.201 -0.031 0.056 0.028 0.166 0.455 0.701 -0.188
L-b16,position_scan,22,ce,16.0,4,3000,0.810546875,0.90283203125,0.049072265625,-0.11144540928028246,0.9462890625,-0.064 -0.280 -0.234 0.180
L-b16,position_scan,22,ce,16.0,6,3000,0.39453125,0.7545572916666666,0.12858072916666666,-0.21284483538733595,0.859375,-0.007 -0.379 -0.494 -0.386 0.107 0.088
L-b16,position_scan,22,ce,16.0,8,3000,0.1015625,0.6295340401785714,0.200927734375,-0.29418163829379607,0.7744140625,0.108 -0.537 -0.580 -0.644 -0.604 -0.200 0.600 -0.095
L-b16,position_scan,22,ce,16.0,4,3300,0.8681640625,0.93115234375,0.034912109375,0.059433071701614944,0.947265625,0.146 0.026 0.106 0.047
L-b16,position_scan,22,ce,16.0,6,3300,0.59375,0.83984375,0.08349609375,0.08162034882439503,0.861328125,0.231 0.118 0.028 0.177 0.149 -0.064
L-b16,position_scan,22,ce,16.0,8,3300,0.3603515625,0.7880859375,0.111083984375,0.11804505000038754,0.77734375,0.420 0.091 0.115 0.118 0.240 0.248 0.266 -0.251
L-b16,position_scan,22,ce,16.0,4,3600,0.845703125,0.9182942708333334,0.0419921875,-0.20393247957582825,0.9638671875,0.001 -0.276 -0.262 -0.074
L-b16,position_scan,22,ce,16.0,6,3600,0.5673828125,0.8292317708333332,0.08902994791666666,-0.29112375444836097,0.8974609375,0.109 -0.221 -0.458 -0.388 -0.273 -0.115
L-b16,position_scan,22,ce,16.0,8,3600,0.224609375,0.7262834821428572,0.145263671875,-0.37581040745689753,0.8154296875,0.264 -0.229 -0.425 -0.607 -0.563 -0.448 -0.128 -0.231
L-b16,position_scan,33,ce,16.0,4,300,0.3291015625,0.6022135416666666,0.21484375,-0.3225673569573297,0.822265625,0.200 -0.306 -0.187 -0.475
L-b16,position_scan,33,ce,16.0,6,300,0.0478515625,0.45572916666666674,0.31087239583333337,-0.4724998739030627,0.5908203125,0.611 -0.229 -0.374 -0.441 -0.393 -0.925
L-b16,position_scan,33,ce,16.0,8,300,0.0009765625,0.3773716517857143,0.369384765625,-0.6354913257417225,0.3876953125,0.930 -0.044 -0.453 -0.700 -0.663 -0.535 -0.666 -1.388
L-b16,position_scan,33,ce,16.0,4,600,0.59375,0.7685546875,0.12255859375,-0.1527652034053096,0.8798828125,0.060 -0.140 -0.109 -0.209
L-b16,position_scan,33,ce,16.0,6,600,0.197265625,0.6076822916666668,0.21598307291666666,-0.2156297233369616,0.703125,0.322 -0.221 -0.189 -0.126 -0.048 -0.494
L-b16,position_scan,33,ce,16.0,8,600,0.041015625,0.49930245535714285,0.2864990234375,-0.253592502503168,0.546875,0.491 -0.255 -0.255 -0.256 -0.122 -0.074 -0.111 -0.700
L-b16,position_scan,33,ce,16.0,4,900,0.7451171875,0.8623046875,0.0712890625,-0.1053811885692455,0.892578125,0.004 -0.092 -0.158 -0.067
L-b16,position_scan,33,ce,16.0,6,900,0.3486328125,0.7070963541666667,0.15706380208333331,-0.21355299817191237,0.763671875,0.125 -0.257 -0.196 -0.244 -0.096 -0.275
L-b16,position_scan,33,ce,16.0,8,900,0.0888671875,0.5893205915178572,0.227294921875,-0.3062558931017679,0.5888671875,0.277 -0.360 -0.333 -0.301 -0.376 -0.212 -0.065 -0.497
L-b16,position_scan,33,ce,16.0,4,1200,0.75,0.8671875,0.068359375,-0.20684613121880427,0.9033203125,-0.070 -0.099 -0.186 -0.335
L-b16,position_scan,33,ce,16.0,6,1200,0.359375,0.7171223958333333,0.15185546875,-0.31808051135804927,0.806640625,0.124 -0.381 -0.111 -0.197 -0.310 -0.592
L-b16,position_scan,33,ce,16.0,8,1200,0.0947265625,0.5964006696428572,0.2227783203125,-0.44284461036561035,0.669921875,0.245 -0.498 -0.442 -0.199 -0.281 -0.354 -0.411 -0.914
L-b16,position_scan,33,ce,16.0,4,1500,0.7978515625,0.8875325520833333,0.05908203125,-0.039129168898970994,0.939453125,0.081 -0.080 -0.044 0.007
L-b16,position_scan,33,ce,16.0,6,1500,0.5146484375,0.7922526041666667,0.11067708333333333,-0.09438992208904697,0.845703125,0.289 -0.225 -0.051 -0.080 -0.073 -0.043
L-b16,position_scan,33,ce,16.0,8,1500,0.2255859375,0.6941615513392857,0.16552734375,-0.11690378189086914,0.697265625,0.544 -0.211 -0.225 -0.092 -0.084 -0.099 0.084 -0.191
L-b16,position_scan,33,ce,16.0,4,1800,0.7958984375,0.8907877604166666,0.056396484375,0.019183114722923,0.9404296875,0.235 0.232 -0.107 -0.067
L-b16,position_scan,33,ce,16.0,6,1800,0.4697265625,0.7762369791666667,0.11848958333333333,0.04194630516899953,0.853515625,0.355 0.347 0.306 -0.095 -0.076 -0.272
L-b16,position_scan,33,ce,16.0,8,1800,0.1279296875,0.6223842075892857,0.207763671875,0.05530052714877658,0.7236328125,0.563 0.324 0.598 0.366 -0.130 -0.252 0.044 -0.563
L-b16,position_scan,33,ce,16.0,4,2100,0.791015625,0.8943684895833334,0.052978515625,0.07986377786706994,0.9140625,-0.197 -0.025 0.201 0.064
L-b16,position_scan,33,ce,16.0,6,2100,0.3974609375,0.7485026041666667,0.13199869791666669,0.06854372554355193,0.806640625,-0.037 -0.502 0.093 0.314 0.415 0.023
L-b16,position_scan,33,ce,16.0,8,2100,0.1005859375,0.6223493303571429,0.2056884765625,0.0844604249984499,0.7255859375,0.117 -0.785 -0.300 0.181 0.404 0.660 0.550 -0.120
L-b16,position_scan,33,ce,16.0,4,2400,0.7685546875,0.8777669270833333,0.062744140625,0.15352112275582774,0.9326171875,0.464 0.359 0.047 0.055
L-b16,position_scan,33,ce,16.0,6,2400,0.322265625,0.7086588541666667,0.15494791666666663,0.30203729205661345,0.8291015625,0.607 0.719 0.513 0.153 0.234 -0.109
L-b16,position_scan,33,ce,16.0,8,2400,0.0341796875,0.5452008928571428,0.253662109375,0.44838532568916445,0.736328125,0.768 0.879 0.960 0.683 0.276 0.208 0.479 -0.347
L-b16,position_scan,33,ce,16.0,4,2700,0.8359375,0.9134114583333334,0.04443359375,-0.14853309701990197,0.94921875,-0.072 -0.165 -0.143 -0.137
L-b16,position_scan,33,ce,16.0,6,2700,0.541015625,0.8213541666666666,0.09309895833333333,-0.23209866550233635,0.8564453125,0.147 -0.415 -0.187 -0.182 -0.166 -0.211
L-b16,position_scan,33,ce,16.0,8,2700,0.2421875,0.7194475446428572,0.149658203125,-0.30101700434609063,0.748046875,0.426 -0.607 -0.341 -0.204 -0.225 -0.182 -0.193 -0.356
L-b16,position_scan,33,ce,16.0,4,3000,0.8603515625,0.92919921875,0.03564453125,-0.03987965760407624,0.94921875,-0.189 -0.116 -0.008 0.004
L-b16,position_scan,33,ce,16.0,6,3000,0.60546875,0.8453776041666666,0.08040364583333333,-0.11112557517157666,0.88671875,-0.127 -0.321 -0.118 -0.004 0.022 -0.136
L-b16,position_scan,33,ce,16.0,8,3000,0.2763671875,0.7459193638392857,0.134521484375,-0.1818689278193883,0.7763671875,0.006 -0.736 -0.225 -0.121 -0.023 0.089 0.090 -0.345
L-b16,position_scan,33,ce,16.0,4,3300,0.861328125,0.9261067708333334,0.0380859375,0.03752977759749801,0.9638671875,0.190 0.135 0.011 -0.033
L-b16,position_scan,33,ce,16.0,6,3300,0.6142578125,0.8486328125,0.07893880208333333,0.08246168825361459,0.896484375,0.305 0.321 0.171 0.091 -0.038 -0.133
L-b16,position_scan,33,ce,16.0,8,3300,0.333984375,0.7699846540178572,0.1217041015625,0.10999507374233668,0.8291015625,0.539 0.277 0.398 0.240 0.071 0.036 0.016 -0.267
L-b16,position_scan,33,ce,16.0,4,3600,0.7578125,0.8723958333333333,0.065673828125,0.29740761827539514,0.9521484375,0.135 0.168 0.389 0.336
L-b16,position_scan,33,ce,16.0,6,3600,0.3857421875,0.750390625,0.13102213541666669,0.37348879708184135,0.8740234375,0.236 0.222 0.294 0.522 0.568 0.262
L-b16,position_scan,33,ce,16.0,8,3600,0.111328125,0.6549595424107143,0.1849365234375,0.48009516700865723,0.80078125,0.399 0.265 0.303 0.413 0.629 0.819 0.773 0.159
L-b16,position_scan,44,ce,16.0,4,300,0.3125,0.5934244791666666,0.21923828125,0.16697238992761684,0.8056640625,0.467 0.288 0.403 -0.191
L-b16,position_scan,44,ce,16.0,6,300,0.044921875,0.4569010416666668,0.3098958333333333,0.22532825999789763,0.59765625,0.925 0.414 0.469 0.552 0.249 -0.557
L-b16,position_scan,44,ce,16.0,8,300,0.001953125,0.38982282366071425,0.360107421875,0.3314467649611216,0.400390625,1.337 0.632 0.742 0.593 0.724 0.559 -0.013 -0.918
L-b16,position_scan,44,ce,16.0,4,600,0.5244140625,0.7291666666666667,0.143798828125,-0.16246676445007324,0.8134765625,0.033 -0.171 -0.037 -0.280
L-b16,position_scan,44,ce,16.0,6,600,0.138671875,0.5645833333333334,0.24039713541666666,-0.2870055701997546,0.6103515625,0.294 -0.428 -0.219 -0.073 -0.073 -0.642
L-b16,position_scan,44,ce,16.0,8,600,0.0185546875,0.4698311941964285,0.303955078125,-0.37722428639729816,0.419921875,0.425 -0.476 -0.526 -0.345 -0.203 0.046 -0.219 -0.918
L-b16,position_scan,44,ce,16.0,4,900,0.64453125,0.8009440104166666,0.10498046875,-0.3347276758264612,0.892578125,-0.052 -0.434 -0.362 -0.208
L-b16,position_scan,44,ce,16.0,6,900,0.158203125,0.5949869791666667,0.22119140624999997,-0.5233286089367337,0.7568359375,0.225 -0.591 -0.733 -0.679 -0.261 -0.353
L-b16,position_scan,44,ce,16.0,8,900,0.009765625,0.4809570312499999,0.2945556640625,-0.7215133735111782,0.6298828125,0.320 -0.633 -0.978 -1.122 -0.990 -0.503 -0.247 -0.578
L-b16,position_scan,44,ce,16.0,4,1200,0.7763671875,0.8800455729166667,0.06201171875,0.03509380199291088,0.9033203125,0.039 0.134 0.062 -0.090
L-b16,position_scan,44,ce,16.0,6,1200,0.3994140625,0.7419270833333333,0.13655598958333331,0.06372242503696011,0.7421875,0.195 0.023 0.303 0.141 0.078 -0.225
L-b16,position_scan,44,ce,16.0,8,1200,0.126953125,0.6261858258928572,0.2052001953125,0.06084799766540527,0.5673828125,0.348 -0.220 0.253 0.380 0.250 0.130 0.066 -0.434
L-b16,position_scan,44,ce,16.0,4,1500,0.6923828125,0.83935546875,0.081787109375,0.3078025800210458,0.9296875,0.380 0.505 0.285 0.134
L-b16,position_scan,44,ce,16.0,6,1500,0.1357421875,0.6009765625000001,0.21614583333333331,0.48393437597486705,0.82421875,0.582 0.672 0.761 0.512 0.414 0.061
L-b16,position_scan,44,ce,16.0,8,1500,0.0029296875,0.4782017299107142,0.2962646484375,0.6445413354843381,0.693359375,0.838 0.648 1.102 1.007 0.706 0.612 0.502 -0.066
L-b16,position_scan,44,ce,16.0,4,1800,0.83203125,0.90673828125,0.048828125,-0.006826674496686019,0.9267578125,0.095 0.034 -0.023 -0.032
L-b16,position_scan,44,ce,16.0,6,1800,0.525390625,0.7974609374999999,0.10774739583333331,0.0008992089165581141,0.84765625,0.209 0.054 0.068 0.007 0.018 -0.143
L-b16,position_scan,44,ce,16.0,8,1800,0.283203125,0.718505859375,0.152587890625,-0.000595024653843471,0.7255859375,0.361 -0.096 0.116 0.106 -0.007 0.106 0.116 -0.345
L-b16,position_scan,44,ce,16.0,4,2100,0.845703125,0.9182942708333333,0.0419921875,0.0060454562858298965,0.951171875,0.135 -0.000 0.016 0.002
L-b16,position_scan,44,ce,16.0,6,2100,0.599609375,0.8347005208333333,0.08707682291666666,-0.00024202134874136693,0.8515625,0.375 -0.023 0.012 0.011 0.093 -0.094
L-b16,position_scan,44,ce,16.0,8,2100,0.3056640625,0.737548828125,0.140869140625,0.0018066073220873644,0.7529296875,0.720 -0.096 0.087 0.028 0.012 0.110 0.152 -0.281
L-b16,position_scan,44,ce,16.0,4,2400,0.87890625,0.93505859375,0.033203125,0.048046553576434094,0.951171875,-0.022 0.139 -0.044 0.049
L-b16,position_scan,44,ce,16.0,6,2400,0.6162109375,0.8428385416666666,0.08284505208333333,0.05466061168246794,0.8544921875,0.054 0.033 0.183 -0.003 0.031 0.030
L-b16,position_scan,44,ce,16.0,8,2400,0.2626953125,0.7298758370535714,0.1441650390625,0.07084693227495467,0.771484375,0.220 -0.258 0.350 0.249 -0.012 0.016 0.241 -0.091
L-b16,position_scan,44,ce,16.0,4,2700,0.7841796875,0.8875325520833334,0.057373046875,0.3133681968406395,0.9521484375,0.184 0.343 0.422 0.175
L-b16,position_scan,44,ce,16.0,6,2700,0.3056640625,0.7024739583333333,0.15738932291666666,0.48548334174686014,0.8642578125,0.277 0.388 0.661 0.717 0.624 0.037
L-b16,position_scan,44,ce,16.0,8,2700,0.0302734375,0.5404924665178571,0.25634765625,0.6453119005475726,0.7734375,0.453 0.314 0.694 0.935 1.009 0.955 0.762 -0.152
L-b16,position_scan,44,ce,16.0,4,3000,0.7978515625,0.8982747395833333,0.051025390625,0.1256916258070204,0.9423828125,-0.168 -0.004 0.228 0.152
L-b16,position_scan,44,ce,16.0,6,3000,0.46484375,0.7886067708333333,0.10986328125,0.16716823312971324,0.841796875,-0.114 -0.229 0.227 0.397 0.377 0.064
L-b16,position_scan,44,ce,16.0,8,3000,0.1748046875,0.6833844866071429,0.169677734375,0.1767819079141768,0.7578125,-0.022 -0.526 -0.037 0.367 0.523 0.519 0.494 -0.101
L-b16,position_scan,44,ce,16.0,4,3300,0.810546875,0.89990234375,0.05126953125,-0.2550085385640462,0.93359375,-0.244 -0.424 -0.223 -0.118
L-b16,position_scan,44,ce,16.0,6,3300,0.4052734375,0.7550130208333333,0.12874348958333331,-0.41951740450329267,0.865234375,-0.246 -0.538 -0.688 -0.439 -0.232 -0.201
L-b16,position_scan,44,ce,16.0,8,3300,0.0478515625,0.5936802455357142,0.22216796875,-0.5893134881579687,0.7412109375,-0.162 -0.845 -0.758 -0.946 -0.697 -0.307 -0.236 -0.337
L-b16,position_scan,44,ce,16.0,4,3600,0.873046875,0.9342447916666667,0.033447265625,0.08007672097947863,0.9521484375,-0.068 0.106 0.067 0.067
L-b16,position_scan,44,ce,16.0,6,3600,0.6337890625,0.854296875,0.07600911458333333,0.08841474188698659,0.8857421875,-0.005 -0.021 0.246 0.165 0.057 -0.005
L-b16,position_scan,44,ce,16.0,8,3600,0.291015625,0.7498256138392858,0.132568359375,0.11378857824537489,0.7998046875,0.095 -0.236 0.291 0.406 0.238 0.116 0.132 -0.150
L-b16,position_scan,55,ce,16.0,4,300,0.310546875,0.59375,0.218505859375,-0.04347606941505714,0.7626953125,0.548 0.212 0.039 -0.381
L-b16,position_scan,55,ce,16.0,6,300,0.033203125,0.4257161458333334,0.32942708333333326,0.0058568451139661805,0.466796875,1.011 0.474 0.367 0.199 -0.140 -0.871
L-b16,position_scan,55,ce,16.0,8,300,0.0,0.35546875,0.3829345703125,-0.016283724043104346,0.2216796875,1.507 0.780 0.605 0.403 0.078 -0.062 -0.600 -1.318
L-b16,position_scan,55,ce,16.0,4,600,0.4755859375,0.70849609375,0.153076171875,-0.30582397072403517,0.859375,0.021 -0.363 -0.337 -0.218
L-b16,position_scan,55,ce,16.0,6,600,0.0810546875,0.5289713541666667,0.26123046875,-0.46143115229076814,0.658203125,0.306 -0.496 -0.515 -0.547 -0.247 -0.501
L-b16,position_scan,55,ce,16.0,8,600,0.005859375,0.4499860491071428,0.31689453125,-0.6166604397788881,0.4560546875,0.507 -0.460 -0.706 -0.766 -0.828 -0.488 -0.297 -0.771
L-b16,position_scan,55,ce,16.0,4,900,0.7001953125,0.8377278645833334,0.084228515625,0.08613807183724863,0.9150390625,0.321 0.201 0.031 0.026
L-b16,position_scan,55,ce,16.0,6,900,0.2900390625,0.6736328125,0.17708333333333331,0.146632883283827,0.794921875,0.596 0.308 0.301 0.095 0.154 -0.125
L-b16,position_scan,55,ce,16.0,8,900,0.083984375,0.5652204241071428,0.2432861328125,0.18584476576911074,0.650390625,0.846 0.468 0.473 0.267 0.047 0.134 0.242 -0.330
L-b16,position_scan,55,ce,16.0,4,1200,0.7392578125,0.8590494791666667,0.072998046875,-0.07536879292240849,0.892578125,0.233 0.193 -0.224 -0.194
L-b16,position_scan,55,ce,16.0,6,1200,0.33984375,0.7179036458333332,0.1494140625,-0.0731063154008654,0.7353515625,0.356 0.305 0.227 -0.221 -0.258 -0.417
L-b16,position_scan,55,ce,16.0,8,1200,0.1005859375,0.5914481026785714,0.2255859375,-0.09533479100181945,0.59765625,0.553 0.230 0.500 0.252 -0.280 -0.450 -0.235 -0.685
L-b16,position_scan,55,ce,16.0,4,1500,0.779296875,0.8805338541666667,0.062255859375,-0.09296456972757973,0.9248046875,0.227 0.126 -0.147 -0.258
L-b16,position_scan,55,ce,16.0,6,1500,0.4326171875,0.7564453125,0.12923177083333331,-0.11119515366024446,0.8251953125,0.363 0.220 0.177 -0.138 -0.255 -0.560
L-b16,position_scan,55,ce,16.0,8,1500,0.1142578125,0.6285226004464286,0.2032470703125,-0.14822127327086435,0.7001953125,0.620 0.184 0.368 0.207 -0.211 -0.322 -0.350 -0.915
L-b16,position_scan,55,ce,16.0,4,1800,0.744140625,0.8684895833333334,0.066650390625,0.23129454365483038,0.9306640625,0.107 0.071 0.333 0.290
L-b16,position_scan,55,ce,16.0,6,1800,0.3369140625,0.728515625,0.14241536458333331,0.30066578918033177,0.8154296875,0.237 -0.040 0.219 0.426 0.737 0.162
L-b16,position_scan,55,ce,16.0,8,1800,0.0625,0.6107700892857143,0.2120361328125,0.3706863948277065,0.71484375,0.445 -0.118 0.021 0.258 0.512 0.902 1.028 -0.007
L-b16,position_scan,55,ce,16.0,4,2100,0.828125,0.9103190104166667,0.04541015625,-0.01861064522354691,0.927734375,0.046 -0.006 -0.031 -0.019
L-b16,position_scan,55,ce,16.0,6,2100,0.5771484375,0.8326822916666667,0.08707682291666666,-0.04686465528276237,0.828125,0.147 -0.028 -0.011 -0.054 0.046 -0.187
L-b16,position_scan,55,ce,16.0,8,2100,0.318359375,0.7482212611607143,0.134765625,-0.06329526976933555,0.73828125,0.288 -0.084 0.047 -0.083 -0.101 -0.006 0.182 -0.398
L-b16,position_scan,55,ce,16.0,4,2400,0.720703125,0.8523763020833333,0.07568359375,-0.015384135422883213,0.939453125,-0.310 -0.398 0.138 0.214
L-b16,position_scan,55,ce,16.0,6,2400,0.2626953125,0.6801432291666667,0.17073567708333331,-0.1358447737163968,0.84765625,-0.258 -0.874 -0.482 0.039 0.506 0.131
L-b16,position_scan,55,ce,16.0,8,2400,0.0146484375,0.5345284598214286,0.2581787109375,-0.20600101304432702,0.7080078125,-0.155 -1.164 -1.044 -0.553 0.018 0.554 0.747 -0.001
L-b16,position_scan,55,ce,16.0,4,2700,0.8681640625,0.9345703125,0.032470703125,0.023530235996952763,0.9365234375,0.016 0.055 0.056 -0.041
L-b16,position_scan,55,ce,16.0,6,2700,0.6416015625,0.8598958333333333,0.07291666666666666,0.014305803510877776,0.8466796875,0.146 -0.013 0.122 0.064 0.016 -0.117
L-b16,position_scan,55,ce,16.0,8,2700,0.4013671875,0.789306640625,0.1116943359375,0.01984618958972748,0.7373046875,0.363 -0.157 0.161 0.157 0.107 0.100 0.023 -0.251
L-b16,position_scan,55,ce,16.0,4,3000,0.8505859375,0.9212239583333334,0.040283203125,0.09362459182739258,0.962890625,-0.128 -0.045 0.111 0.215
L-b16,position_scan,55,ce,16.0,6,3000,0.5712890625,0.8238932291666666,0.0927734375,0.08310374948713509,0.89453125,-0.065 -0.265 -0.055 0.137 0.429 0.170
L-b16,position_scan,55,ce,16.0,8,3000,0.2138671875,0.7132742745535714,0.15283203125,0.06464697065807523,0.822265625,0.059 -0.533 -0.214 -0.051 0.031 0.458 0.684 0.077
L-b16,position_scan,55,ce,16.0,4,3300,0.8671875,0.9274088541666667,0.037841796875,-0.1477558524520309,0.9609375,-0.086 -0.099 -0.193 -0.151
L-b16,position_scan,55,ce,16.0,6,3300,0.6123046875,0.8419270833333333,0.0830078125,-0.22604170110490593,0.8828125,0.070 -0.144 -0.208 -0.278 -0.277 -0.223
L-b16,position_scan,55,ce,16.0,8,3300,0.3154296875,0.760009765625,0.126953125,-0.3009371719663106,0.8212890625,0.267 -0.329 -0.084 -0.325 -0.424 -0.313 -0.340 -0.291
L-b16,position_scan,55,ce,16.0,4,3600,0.861328125,0.9290364583333333,0.035888671875,0.04407472080654568,0.955078125,0.083 0.068 0.064 -0.000
L-b16,position_scan,55,ce,16.0,6,3600,0.6669921875,0.8759765625,0.06363932291666666,0.02906403276655404,0.859375,0.224 0.057 0.062 0.101 0.115 -0.190
L-b16,position_scan,55,ce,16.0,8,3600,0.4228515625,0.8064662388392857,0.101318359375,0.01667295183454241,0.75390625,0.434 -0.021 0.088 0.077 0.084 0.159 0.122 -0.393
L-b16,position_scan,66,ce,16.0,4,300,0.345703125,0.6015625,0.217529296875,0.02776415259749802,0.8447265625,0.414 0.136 0.228 -0.281
L-b16,position_scan,66,ce,16.0,6,300,0.064453125,0.4593750000000001,0.31005859374999994,0.013527923160129051,0.623046875,0.842 0.249 0.212 0.196 0.092 -0.682
L-b16,position_scan,66,ce,16.0,8,300,0.0029296875,0.37792968749999994,0.3702392578125,0.023021584465390172,0.419921875,1.262 0.512 0.302 0.235 0.175 0.226 -0.205 -1.084
L-b16,position_scan,66,ce,16.0,4,600,0.533203125,0.73828125,0.1376953125,-0.07786530035513418,0.8447265625,-0.071 -0.227 0.042 -0.049
L-b16,position_scan,66,ce,16.0,6,600,0.125,0.5652994791666667,0.23909505208333331,-0.1646610962020027,0.642578125,0.146 -0.482 -0.273 0.013 0.261 -0.342
L-b16,position_scan,66,ce,16.0,8,600,0.017578125,0.4788992745535714,0.2962646484375,-0.21362083298819406,0.4169921875,0.236 -0.529 -0.624 -0.418 -0.053 0.372 0.281 -0.525
L-b16,position_scan,66,ce,16.0,4,900,0.6513671875,0.80859375,0.10009765625,-0.2261905758469193,0.8837890625,0.259 -0.052 -0.389 -0.237
L-b16,position_scan,66,ce,16.0,6,900,0.203125,0.6234375000000001,0.20491536458333331,-0.2828978962368436,0.740234375,0.568 0.143 -0.136 -0.554 -0.408 -0.459
L-b16,position_scan,66,ce,16.0,8,900,0.0361328125,0.5302385602678572,0.263671875,-0.3621565160297212,0.5361328125,0.809 0.282 0.125 -0.358 -0.744 -0.720 -0.389 -0.732
L-b16,position_scan,66,ce,16.0,4,1200,0.748046875,0.8668619791666666,0.068359375,-0.08304737232349538,0.892578125,0.231 0.091 -0.146 -0.194
L-b16,position_scan,66,ce,16.0,6,1200,0.384765625,0.7234375,0.14827473958333334,-0.0957949426439074,0.7666015625,0.415 0.168 0.182 -0.203 -0.215 -0.412
L-b16,position_scan,66,ce,16.0,8,1200,0.119140625,0.612548828125,0.2130126953125,-0.10670247532072523,0.5927734375,0.697 0.205 0.306 0.091 -0.126 -0.242 -0.259 -0.722
L-b16,position_scan,66,ce,16.0,4,1500,0.751953125,0.87158203125,0.06494140625,0.19180311097039118,0.9140625,0.031 0.126 0.258 0.191
L-b16,position_scan,66,ce,16.0,6,1500,0.384765625,0.7416015625000001,0.13639322916666669,0.23224829965167576,0.775390625,0.164 -0.011 0.242 0.356 0.458 0.115
L-b16,position_scan,66,ce,16.0,8,1500,0.1083984375,0.6273018973214286,0.2027587890625,0.27498021958366275,0.6708984375,0.333 -0.235 0.102 0.327 0.450 0.646 0.646 -0.011
L-b16,position_scan,66,ce,16.0,4,1800,0.8291015625,0.9134114583333334,0.04345703125,0.07998404679475007,0.9169921875,0.116 0.113 0.077 0.050
L-b16,position_scan,66,ce,16.0,6,1800,0.5283203125,0.8115234375,0.09847005208333334,0.12057802412245004,0.8037109375,0.220 0.101 0.230 0.179 0.169 -0.076
L-b16,position_scan,66,ce,16.0,8,1800,0.2421875,0.7162737165178572,0.15185546875,0.15276025212000288,0.6865234375,0.407 -0.002 0.228 0.307 0.274 0.293 0.272 -0.302
L-b16,position_scan,66,ce,16.0,4,2100,0.7919921875,0.8896484375,0.056884765625,0.22808746055320453,0.943359375,0.044 0.156 0.338 0.190
L-b16,position_scan,66,ce,16.0,6,2100,0.4208984375,0.7546875,0.1298828125,0.30742046568128795,0.8720703125,0.168 0.018 0.345 0.497 0.546 0.131
L-b16,position_scan,66,ce,16.0,8,2100,0.1044921875,0.6194196428571428,0.20849609375,0.3900091988699777,0.7822265625,0.357 -0.135 0.239 0.440 0.620 0.844 0.755 -0.034
L-b16,position_scan,66,ce,16.0,4,2400,0.8125,0.8982747395833333,0.052734375,-0.09681966569688584,0.9404296875,0.094 -0.082 -0.146 -0.063
L-b16,position_scan,66,ce,16.0,6,2400,0.490234375,0.7871744791666666,0.11263020833333333,-0.20552397436565828,0.8623046875,0.243 -0.148 -0.175 -0.266 -0.254 -0.184
L-b16,position_scan,66,ce,16.0,8,2400,0.1875,0.6814662388392858,0.1712646484375,-0.2928161431872655,0.74609375,0.449 -0.233 -0.222 -0.312 -0.390 -0.316 -0.191 -0.385
L-b16,position_scan,66,ce,16.0,4,2700,0.861328125,0.9278971354166667,0.03662109375,-0.030088954501681864,0.927734375,-0.003 -0.075 -0.075 0.059
L-b16,position_scan,66,ce,16.0,6,2700,0.6083984375,0.8498697916666667,0.07779947916666666,-0.0647780961460538,0.83203125,0.089 -0.097 -0.106 -0.115 -0.002 -0.004
L-b16,position_scan,66,ce,16.0,8,2700,0.3359375,0.7745535714285714,0.1187744140625,-0.11207251321701775,0.7412109375,0.259 -0.225 -0.071 -0.157 -0.202 -0.084 0.115 -0.160
L-b16,position_scan,66,ce,16.0,4,3000,0.8271484375,0.9095052083333334,0.046142578125,-0.12210342619154187,0.95703125,0.019 -0.172 -0.105 -0.089
L-b16,position_scan,66,ce,16.0,6,3000,0.5693359375,0.8209635416666666,0.09440104166666666,-0.19241796599494093,0.8828125,0.110 -0.204 -0.259 -0.184 -0.160 -0.154
L-b16,position_scan,66,ce,16.0,8,3000,0.2841796875,0.7354213169642858,0.1414794921875,-0.2596121931832934,0.8056640625,0.283 -0.288 -0.264 -0.344 -0.282 -0.091 -0.260 -0.288
L-b16,position_scan,66,ce,16.0,4,3300,0.8310546875,0.908203125,0.0478515625,-0.21933851418671782,0.953125,0.143 -0.185 -0.196 -0.276
L-b16,position_scan,66,ce,16.0,6,3300,0.5068359375,0.7926432291666666,0.10986328125,-0.2965183721648323,0.8564453125,0.299 -0.073 -0.308 -0.334 -0.347 -0.422
L-b16,position_scan,66,ce,16.0,8,3300,0.1845703125,0.6768973214285714,0.1746826171875,-0.3893025716145833,0.75,0.547 -0.085 -0.224 -0.480 -0.457 -0.332 -0.590 -0.556
L-b16,position_scan,66,ce,16.0,4,3600,0.83984375,0.9143880208333333,0.044189453125,0.021483677404898177,0.966796875,0.128 0.151 -0.036 -0.051
L-b16,position_scan,66,ce,16.0,6,3600,0.58203125,0.8377604166666666,0.08430989583333333,0.024540119700961587,0.8857421875,0.181 0.351 0.147 -0.040 -0.209 -0.126
L-b16,position_scan,66,ce,16.0,8,3600,0.26171875,0.7386648995535714,0.138427734375,0.010206775059775694,0.822265625,0.340 0.272 0.496 0.192 -0.079 -0.224 -0.345 -0.241
L-b16,position_scan,77,ce,16.0,4,300,0.3515625,0.6189778645833334,0.204833984375,0.0017681828251591518,0.767578125,0.308 0.057 0.203 -0.255
L-b16,position_scan,77,ce,16.0,6,300,0.0546875,0.4655598958333334,0.30322265625,0.010766082339816574,0.5283203125,0.765 0.106 0.188 0.247 0.136 -0.623
L-b16,position_scan,77,ce,16.0,8,300,0.0029296875,0.3966238839285714,0.3543701171875,0.08466637323773095,0.310546875,1.126 0.326 0.304 0.349 0.420 0.299 -0.107 -0.998
L-b16,position_scan,77,ce,16.0,4,600,0.5712890625,0.7493489583333333,0.134521484375,0.0976343066604049,0.876953125,0.139 0.110 0.244 -0.061
L-b16,position_scan,77,ce,16.0,6,600,0.142578125,0.558203125,0.24593098958333331,0.13694400919808278,0.6826171875,0.459 -0.065 0.316 0.399 0.340 -0.305
L-b16,position_scan,77,ce,16.0,8,600,0.0234375,0.4686104910714285,0.30517578125,0.14737817976209852,0.4921875,0.653 -0.085 0.117 0.328 0.472 0.540 0.228 -0.568
L-b16,position_scan,77,ce,16.0,4,900,0.6923828125,0.8279622395833334,0.0908203125,0.09541409986990469,0.904296875,0.312 0.249 0.144 -0.107
L-b16,position_scan,77,ce,16.0,6,900,0.265625,0.6568359375,0.1865234375,0.17110555701785615,0.736328125,0.535 0.303 0.405 0.329 0.183 -0.364
L-b16,position_scan,77,ce,16.0,8,900,0.0390625,0.5270298549107142,0.266357421875,0.2733295493655735,0.595703125,0.800 0.383 0.529 0.502 0.490 0.454 0.167 -0.612
L-b16,position_scan,77,ce,16.0,4,1200,0.748046875,0.86376953125,0.0703125,0.060904820760091155,0.88671875,0.169 0.136 0.058 -0.011
L-b16,position_scan,77,ce,16.0,6,1200,0.40234375,0.7482421875,0.13216145833333331,0.054773820771111335,0.7314453125,0.343 0.136 0.203 0.078 0.066 -0.209
L-b16,position_scan,77,ce,16.0,8,1200,0.140625,0.6435198102678572,0.193359375,0.07003576036483522,0.564453125,0.532 0.125 0.253 0.218 0.039 0.059 0.191 -0.396
L-b16,position_scan,77,ce,16.0,4,1500,0.7529296875,0.873046875,0.064208984375,0.17920339549029315,0.9072265625,0.218 0.280 0.204 0.054
L-b16,position_scan,77,ce,16.0,6,1500,0.3623046875,0.7282552083333333,0.14388020833333331,0.2755281660291883,0.7890625,0.368 0.308 0.429 0.374 0.342 -0.076
L-b16,position_scan,77,ce,16.0,8,1500,0.0869140625,0.6015276227678571,0.218505859375,0.363376291971358,0.64453125,0.559 0.206 0.552 0.570 0.500 0.520 0.454 -0.258
L-b16,position_scan,77,ce,16.0,4,1800,0.7841796875,0.8893229166666667,0.055908203125,-0.12003964847988552,0.9189453125,-0.158 -0.311 -0.024 -0.026
L-b16,position_scan,77,ce,16.0,6,1800,0.3935546875,0.7462890625,0.1337890625,-0.24732002284791746,0.8076171875,-0.041 -0.622 -0.438 -0.120 0.202 -0.258
L-b16,position_scan,77,ce,16.0,8,1800,0.091796875,0.6145368303571429,0.21142578125,-0.3413575982290601,0.681640625,0.131 -0.775 -0.738 -0.580 -0.226 0.168 0.306 -0.545
L-b16,position_scan,77,ce,16.0,4,2100,0.845703125,0.91650390625,0.043212890625,-0.130678238692107,0.94921875,0.096 -0.142 -0.206 -0.044
L-b16,position_scan,77,ce,16.0,6,2100,0.5634765625,0.8222005208333333,0.09358723958333333,-0.17139234807756218,0.869140625,0.208 -0.027 -0.238 -0.306 -0.146 -0.140
L-b16,position_scan,77,ce,16.0,8,2100,0.267578125,0.7205287388392858,0.150390625,-0.2237905017913334,0.7744140625,0.400 -0.028 -0.135 -0.326 -0.411 -0.276 -0.058 -0.332
L-b16,position_scan,77,ce,16.0,4,2400,0.7470703125,0.8702799479166667,0.065673828125,0.23538527665314848,0.958984375,-0.049 0.201 0.376 0.128
L-b16,position_scan,77,ce,16.0,6,2400,0.404296875,0.7533854166666667,0.1298828125,0.2314150267177158,0.8935546875,-0.007 -0.027 0.292 0.438 0.444 0.010
L-b16,position_scan,77,ce,16.0,8,2400,0.1552734375,0.6709681919642857,0.1773681640625,0.2338795056418767,0.8173828125,0.111 -0.381 0.133 0.378 0.494 0.669 0.515 -0.171
L-b16,position_scan,77,ce,16.0,4,2700,0.8583984375,0.9283854166666666,0.035888671875,-0.07288495699564616,0.9375,-0.067 -0.253 -0.065 0.099
L-b16,position_scan,77,ce,16.0,6,2700,0.576171875,0.8307942708333333,0.08821614583333333,-0.14318047629462355,0.8388671875,0.066 -0.335 -0.440 -0.195 0.195 0.059
L-b16,position_scan,77,ce,16.0,8,2700,0.201171875,0.6991141183035715,0.1607666015625,-0.21459284282865979,0.712890625,0.279 -0.460 -0.511 -0.612 -0.402 0.127 0.406 -0.052
L-b16,position_scan,77,ce,16.0,4,3000,0.87890625,0.93603515625,0.03271484375,0.06811777750651042,0.9560546875,0.114 -0.062 0.074 0.192
L-b16,position_scan,77,ce,16.0,6,3000,0.6025390625,0.8473307291666666,0.07877604166666666,0.10150654448403248,0.8740234375,0.263 -0.071 -0.049 0.098 0.392 0.138
L-b16,position_scan,77,ce,16.0,8,3000,0.267578125,0.7332240513392858,0.1417236328125,0.14018991636851477,0.78125,0.449 -0.021 -0.181 -0.050 0.112 0.414 0.717 -0.010
L-b16,position_scan,77,ce,16.0,4,3300,0.8779296875,0.9357096354166666,0.032958984375,0.04043477552908438,0.9443359375,0.126 0.165 0.017 -0.061
L-b16,position_scan,77,ce,16.0,6,3300,0.658203125,0.8633463541666666,0.07145182291666666,0.051808370484246115,0.8583984375,0.230 0.247 0.189 0.084 -0.070 -0.190
L-b16,position_scan,77,ce,16.0,8,3300,0.3544921875,0.7750069754464286,0.118896484375,0.05211727959769113,0.7939453125,0.377 0.224 0.284 0.275 0.094 -0.044 -0.059 -0.410
L-b16,position_scan,77,ce,16.0,4,3600,0.8828125,0.9345703125,0.034423828125,0.06931437386406793,0.96875,0.137 0.074 0.069 0.065
L-b16,position_scan,77,ce,16.0,6,3600,0.6884765625,0.8755859374999999,0.06477864583333333,0.09831982188754608,0.8837890625,0.250 0.136 0.132 0.123 0.108 -0.008
L-b16,position_scan,77,ce,16.0,8,3600,0.388671875,0.791015625,0.1099853515625,0.14761147044953846,0.8173828125,0.388 0.266 0.198 0.199 0.160 0.149 0.206 -0.145
L-b16,position_scan,88,ce,16.0,4,300,0.3447265625,0.6134440104166666,0.208251953125,0.015796158048841685,0.8193359375,0.287 0.045 0.222 -0.219
L-b16,position_scan,88,ce,16.0,6,300,0.0673828125,0.4858723958333334,0.2902018229166667,0.006247215800815109,0.5908203125,0.663 0.075 0.129 0.237 0.168 -0.578
L-b16,position_scan,88,ce,16.0,8,300,0.005859375,0.4063546316964285,0.348876953125,0.0253769140394907,0.3671875,1.011 0.244 0.137 0.266 0.299 0.253 -0.094 -0.928
L-b16,position_scan,88,ce,16.0,4,600,0.537109375,0.7392578125,0.137451171875,0.11473041993600351,0.8349609375,0.138 0.201 0.211 -0.068
L-b16,position_scan,88,ce,16.0,6,600,0.1484375,0.5638020833333335,0.24251302083333331,0.14738966359032518,0.63671875,0.417 0.145 0.394 0.314 0.248 -0.364
L-b16,position_scan,88,ce,16.0,8,600,0.01953125,0.47241210937499994,0.302734375,0.2138476144699823,0.42578125,0.586 0.125 0.429 0.514 0.448 0.403 0.172 -0.595
L-b16,position_scan,88,ce,16.0,4,900,0.7568359375,0.8616536458333333,0.07373046875,0.024292336569892034,0.9140625,0.062 0.020 0.032 0.021
L-b16,position_scan,88,ce,16.0,6,900,0.37890625,0.7235677083333334,0.1484375,0.018735799524519137,0.7607421875,0.258 -0.147 0.017 0.099 0.282 -0.158
L-b16,position_scan,88,ce,16.0,8,900,0.0947265625,0.5958077566964286,0.223876953125,0.0005490060836549666,0.6201171875,0.416 -0.268 -0.117 -0.020 0.054 0.357 0.353 -0.355
L-b16,position_scan,88,ce,16.0,4,1200,0.744140625,0.86279296875,0.07080078125,0.09071694480048285,0.908203125,-0.067 0.048 0.138 0.085
L-b16,position_scan,88,ce,16.0,6,1200,0.359375,0.7275390625,0.14420572916666666,0.09027728769514291,0.7646484375,0.062 -0.213 0.117 0.183 0.396 -0.032
L-b16,position_scan,88,ce,16.0,8,1200,0.0908203125,0.6145368303571428,0.2113037109375,0.12583936963762557,0.6220703125,0.210 -0.408 -0.091 0.164 0.279 0.599 0.568 -0.230
L-b16,position_scan,88,ce,16.0,4,1500,0.65625,0.82275390625,0.08984375,0.19939877368785716,0.8984375,0.001 0.104 0.418 0.076
L-b16,position_scan,88,ce,16.0,6,1500,0.2529296875,0.6742187500000001,0.17350260416666669,0.22356227371427745,0.7509765625,0.179 -0.190 0.259 0.500 0.617 -0.069
L-b16,position_scan,88,ce,16.0,8,1500,0.060546875,0.5781947544642857,0.2322998046875,0.2738210700807117,0.623046875,0.319 -0.378 -0.035 0.337 0.625 0.972 0.697 -0.302
L-b16,position_scan,88,ce,16.0,4,1800,0.8076171875,0.9036458333333334,0.048095703125,-0.0326253749706127,0.919921875,-0.118 -0.074 -0.091 0.067
L-b16,position_scan,88,ce,16.0,6,1800,0.4951171875,0.7916015624999999,0.10904947916666666,-0.055157588587866936,0.798828125,0.048 -0.271 -0.086 -0.127 0.180 0.028
L-b16,position_scan,88,ce,16.0,8,1800,0.2060546875,0.6904296875,0.1668701171875,-0.0686423929910811,0.677734375,0.265 -0.513 -0.144 -0.133 -0.150 0.091 0.450 -0.082
L-b16,position_scan,88,ce,16.0,4,2100,0.8271484375,0.9138997395833334,0.04296875,0.17767839961581758,0.9208984375,0.007 0.176 0.208 0.149
L-b16,position_scan,88,ce,16.0,6,2100,0.458984375,0.784375,0.11214192708333334,0.2694971693886651,0.787109375,0.058 0.087 0.381 0.345 0.459 0.076
L-b16,position_scan,88,ce,16.0,8,2100,0.111328125,0.63330078125,0.1986083984375,0.3754226177457779,0.662109375,0.213 -0.165 0.417 0.551 0.536 0.692 0.707 -0.110
L-b16,position_scan,88,ce,16.0,4,2400,0.8095703125,0.8963216145833333,0.053955078125,-0.1509461137983534,0.9443359375,0.040 0.064 -0.199 -0.318
L-b16,position_scan,88,ce,16.0,6,2400,0.4990234375,0.7930989583333334,0.10904947916666666,-0.2166745927598742,0.87890625,0.086 0.062 0.040 -0.257 -0.428 -0.500
L-b16,position_scan,88,ce,16.0,8,2400,0.169921875,0.6751534598214286,0.1749267578125,-0.2720894321562751,0.7666015625,0.242 -0.087 0.186 0.009 -0.310 -0.434 -0.516 -0.754
L-b16,position_scan,88,ce,16.0,4,2700,0.8271484375,0.91064453125,0.04541015625,0.18548369407653806,0.9453125,0.190 0.239 0.275 0.043
L-b16,position_scan,88,ce,16.0,6,2700,0.51953125,0.8002604166666667,0.10563151041666666,0.2626563443077935,0.859375,0.341 0.351 0.441 0.397 0.231 -0.107
L-b16,position_scan,88,ce,16.0,8,2700,0.166015625,0.6692243303571428,0.1795654296875,0.3291870298839751,0.7509765625,0.586 0.271 0.587 0.579 0.513 0.484 0.181 -0.311
L-b16,position_scan,88,ce,16.0,4,3000,0.8359375,0.9150390625,0.043212890625,-0.07810106983891241,0.955078125,0.045 0.034 -0.117 -0.151
L-b16,position_scan,88,ce,16.0,6,3000,0.58203125,0.8309895833333333,0.08870442708333334,-0.1022271977530586,0.875,0.161 0.085 0.100 -0.095 -0.284 -0.317
L-b16,position_scan,88,ce,16.0,8,3000,0.26953125,0.7225167410714286,0.1494140625,-0.13749366714840844,0.794921875,0.346 -0.048 0.190 0.201 -0.108 -0.315 -0.342 -0.541
L-b16,position_scan,88,ce,16.0,4,3300,0.869140625,0.9300130208333334,0.0361328125,-0.04504654142591688,0.9560546875,-0.078 -0.064 -0.035 -0.036
L-b16,position_scan,88,ce,16.0,6,3300,0.646484375,0.8583333333333334,0.07421875,-0.11211314466264517,0.87109375,0.070 -0.228 -0.116 -0.106 0.017 -0.129
L-b16,position_scan,88,ce,16.0,8,3300,0.349609375,0.771484375,0.120849609375,-0.15823031228686135,0.80078125,0.247 -0.403 -0.169 -0.156 -0.231 0.048 0.081 -0.279
L-b16,position_scan,88,ce,16.0,4,3600,0.82421875,0.9132486979166667,0.04296875,-0.20817964165299027,0.955078125,0.172 0.047 -0.311 -0.361
L-b16,position_scan,88,ce,16.0,6,3600,0.4443359375,0.7799479166666666,0.11507161458333333,-0.2893101639217801,0.8720703125,0.277 0.183 -0.030 -0.425 -0.626 -0.548
L-b16,position_scan,88,ce,16.0,8,3600,0.0712890625,0.60400390625,0.2164306640625,-0.4030531360989525,0.7802734375,0.484 0.174 0.167 -0.138 -0.596 -0.791 -0.880 -0.758
L-b16,phase_scan,11,ce,16.0,4,300,0.4609375,0.67724609375,0.175048828125,-0.16171194888927318,0.001953125,0.295 0.109 -0.293 -0.302
L-b16,phase_scan,11,ce,16.0,6,300,0.091796875,0.4802083333333334,0.29671223958333337,-0.19874726401435025,0.0,0.803 0.017 0.187 -0.351 -0.100 -0.747
L-b16,phase_scan,11,ce,16.0,8,300,0.0,0.34556361607142855,0.3946533203125,-0.20590768920050723,0.0,1.267 0.122 0.418 0.179 -0.337 -0.438 -0.161 -1.224
L-b16,phase_scan,11,ce,16.0,4,600,0.5673828125,0.7589518229166667,0.126953125,0.13585903026439525,0.0,0.299 0.349 0.137 -0.078
L-b16,phase_scan,11,ce,16.0,6,600,0.171875,0.5897135416666668,0.22639973958333331,0.1695592933230928,0.0,0.629 0.306 0.499 0.190 0.315 -0.462
L-b16,phase_scan,11,ce,16.0,8,600,0.009765625,0.47133091517857134,0.303955078125,0.2592277337634374,0.0,1.000 0.361 0.621 0.572 0.172 0.533 0.345 -0.789
L-b16,phase_scan,11,ce,16.0,4,900,0.7470703125,0.8727213541666667,0.0634765625,0.02870890829298232,0.0009765625,-0.052 0.209 -0.039 -0.084
L-b16,phase_scan,11,ce,16.0,6,900,0.400390625,0.7453776041666667,0.13525390625,-0.06578388479020879,0.0,0.174 -0.152 0.260 -0.017 -0.046 -0.374
L-b16,phase_scan,11,ce,16.0,8,900,0.119140625,0.6216169084821428,0.20849609375,-0.1379283269246419,0.0,0.431 -0.490 0.125 0.237 -0.086 -0.094 0.048 -0.705
L-b16,phase_scan,11,ce,16.0,4,1200,0.7734375,0.8780924479166666,0.06298828125,-0.19517863238299335,0.0,0.017 -0.099 -0.333 -0.153
L-b16,phase_scan,11,ce,16.0,6,1200,0.4052734375,0.7460286458333334,0.13509114583333331,-0.35006998644934767,0.0,0.254 -0.221 -0.222 -0.476 -0.485 -0.346
L-b16,phase_scan,11,ce,16.0,8,1200,0.0654296875,0.5849609375,0.2291259765625,-0.47088282448904856,0.0,0.518 -0.308 -0.211 -0.404 -0.638 -0.695 -0.384 -0.657
L-b16,phase_scan,11,ce,16.0,4,1500,0.826171875,0.9085286458333333,0.047119140625,-0.03175055539166485,0.0,0.023 0.127 -0.201 -0.021
L-b16,phase_scan,11,ce,16.0,6,1500,0.5517578125,0.8175130208333333,0.095703125,-0.046670026249355935,0.0,0.131 0.198 0.142 -0.248 -0.126 -0.199
L-b16,phase_scan,11,ce,16.0,8,1500,0.1923828125,0.6885463169642858,0.16748046875,-0.06428614495292541,0.0,0.333 -0.002 0.465 0.072 -0.316 -0.253 0.019 -0.434
L-b16,phase_scan,11,ce,16.0,4,1800,0.8515625,0.9212239583333333,0.04052734375,0.036404132843017585,0.0,-0.024 -0.048 -0.004 0.162
L-b16,phase_scan,11,ce,16.0,6,1800,0.5634765625,0.8182942708333333,0.09586588541666666,0.024482640955183193,0.0,0.132 -0.032 -0.079 -0.036 0.240 0.029
L-b16,phase_scan,11,ce,16.0,8,1800,0.2626953125,0.7322823660714286,0.1424560546875,0.0468543219187903,0.0,0.386 -0.255 0.108 -0.116 -0.086 0.230 0.610 -0.163
L-b16,phase_scan,11,ce,16.0,4,2100,0.84765625,0.923828125,0.037841796875,-0.15266290417423953,0.0,-0.084 -0.082 -0.282 -0.094
L-b16,phase_scan,11,ce,16.0,6,2100,0.5419921875,0.8185546874999999,0.09456380208333333,-0.2792771723535326,0.0,0.039 -0.287 -0.270 -0.403 -0.233 -0.203
L-b16,phase_scan,11,ce,16.0,8,2100,0.1455078125,0.6711774553571429,0.1767578125,-0.4023498580569313,0.0,0.250 -0.606 -0.261 -0.413 -0.654 -0.365 -0.105 -0.413
L-b16,phase_scan,11,ce,16.0,4,2400,0.869140625,0.9326171875,0.0341796875,0.07040875929373282,0.0,0.093 0.065 0.037 0.109
L-b16,phase_scan,11,ce,16.0,6,2400,0.640625,0.8580078124999999,0.07405598958333333,0.04467524422539586,0.0,0.261 0.003 0.066 0.103 0.063 -0.012
L-b16,phase_scan,11,ce,16.0,8,2400,0.375,0.7861328125,0.112548828125,0.07281889991154746,0.0,0.516 -0.123 0.125 0.102 0.166 0.146 0.258 -0.164
L-b16,phase_scan,11,ce,16.0,4,2700,0.8642578125,0.9236653645833333,0.040283203125,-0.06775688242029261,0.0,-0.048 0.035 -0.174 -0.064
L-b16,phase_scan,11,ce,16.0,6,2700,0.6865234375,0.8791666666666667,0.06266276041666666,-0.15393541918860548,0.0,0.001 0.033 -0.060 -0.158 -0.416 -0.169
L-b16,phase_scan,11,ce,16.0,8,2700,0.33203125,0.7721121651785715,0.1199951171875,-0.27813436493041027,0.0,0.144 -0.347 0.032 -0.145 -0.216 -0.509 -0.471 -0.292
L-b16,phase_scan,11,ce,16.0,4,3000,0.8720703125,0.9326171875,0.03466796875,0.041680777514422375,0.0,0.001 -0.026 0.104 0.048
L-b16,phase_scan,11,ce,16.0,6,3000,0.6640625,0.8725911458333333,0.06591796875,0.009850554996066574,0.0,0.140 -0.174 -0.052 0.188 0.119 -0.031
L-b16,phase_scan,11,ce,16.0,8,3000,0.3642578125,0.7837960379464286,0.11376953125,0.004707007181076778,0.0,0.347 -0.351 -0.262 -0.109 0.280 0.314 0.315 -0.154
L-b16,phase_scan,11,ce,16.0,4,3300,0.857421875,0.9251302083333334,0.038330078125,0.05457622033578378,0.0,0.308 0.165 0.052 -0.053
L-b16,phase_scan,11,ce,16.0,6,3300,0.62109375,0.8561197916666665,0.07438151041666667,0.08891003661685501,0.0,0.466 0.415 0.070 0.190 -0.050 -0.180
L-b16,phase_scan,11,ce,16.0,8,3300,0.3154296875,0.7632184709821429,0.12548828125,0.1302695842016311,0.0,0.715 0.468 0.509 0.045 0.275 0.088 -0.153 -0.320
L-b16,phase_scan,11,ce,16.0,4,3600,0.8955078125,0.94287109375,0.02978515625,-0.060624369868525756,0.0,-0.013 -0.069 -0.134 0.021
L-b16,phase_scan,11,ce,16.0,6,3600,0.7255859375,0.8960937499999999,0.0537109375,-0.13272321886486482,0.0,0.131 -0.161 -0.204 -0.128 -0.142 -0.029
L-b16,phase_scan,11,ce,16.0,8,3600,0.4541015625,0.8189871651785714,0.0948486328125,-0.1872290505303277,0.0,0.312 -0.212 -0.258 -0.309 -0.173 -0.157 -0.069 -0.133
L-b16,phase_scan,22,ce,16.0,4,300,0.359375,0.6228841145833333,0.202392578125,-0.2532447267461706,0.0009765625,0.307 -0.054 -0.448 -0.258
L-b16,phase_scan,22,ce,16.0,6,300,0.0615234375,0.47434895833333346,0.29947916666666663,-0.3991543518172371,0.0,0.819 -0.189 -0.153 -0.803 -0.139 -0.712
L-b16,phase_scan,22,ce,16.0,8,300,0.0,0.3058035714285714,0.4273681640625,-0.5722249878777398,0.0,1.334 -0.028 -0.285 -0.386 -1.097 -0.871 -0.153 -1.186
L-b16,phase_scan,22,ce,16.0,4,600,0.62890625,0.8050130208333334,0.098876953125,-0.19186399601123952,0.001953125,0.082 -0.159 -0.215 -0.201
L-b16,phase_scan,22,ce,16.0,6,600,0.2119140625,0.6347005208333333,0.197265625,-0.3232970502641467,0.0,0.457 -0.367 -0.209 -0.336 -0.157 -0.547
L-b16,phase_scan,22,ce,16.0,8,600,0.025390625,0.4933384486607142,0.288818359375,-0.44581458682105657,0.0,0.820 -0.385 -0.483 -0.350 -0.489 -0.310 -0.206 -0.898
L-b16,phase_scan,22,ce,16.0,4,900,0.75390625,0.8753255208333334,0.0625,-0.04993006035133644,0.0,0.054 -0.039 -0.180 0.070
L-b16,phase_scan,22,ce,16.0,6,900,0.3896484375,0.7423828125,0.13639322916666666,-0.08565434482362541,0.0,0.328 -0.035 -0.110 -0.325 0.230 -0.187
L-b16,phase_scan,22,ce,16.0,8,900,0.1181640625,0.6093052455357143,0.214599609375,-0.11353254318237305,0.0,0.636 -0.147 0.050 -0.178 -0.477 0.059 0.381 -0.483
L-b16,phase_scan,22,ce,16.0,4,1200,0.7685546875,0.8767903645833333,0.0634765625,-0.09633735374168112,0.0,-0.047 -0.165 -0.105 -0.019
L-b16,phase_scan,22,ce,16.0,6,1200,0.37890625,0.7287109375,0.14453125,-0.24197308884726637,0.0,0.139 -0.394 -0.288 -0.270 0.051 -0.307
L-b16,phase_scan,22,ce,16.0,8,1200,0.1318359375,0.6153041294642858,0.2122802734375,-0.321594306400844,0.0,0.451 -0.612 -0.349 -0.459 -0.436 -0.076 0.290 -0.610
L-b16,phase_scan,22,ce,16.0,4,1500,0.8046875,0.9033203125,0.048095703125,-0.055407064932364004,0.0,-0.048 0.098 -0.178 -0.086
L-b16,phase_scan,22,ce,16.0,6,1500,0.509765625,0.8061848958333333,0.10107421875,-0.08673042721218553,0.0,0.109 0.014 0.141 -0.179 -0.170 -0.240
L-b16,phase_scan,22,ce,16.0,8,1500,0.1748046875,0.65771484375,0.1871337890625,-0.13056857245309011,0.0,0.328 -0.252 0.222 0.171 -0.200 -0.294 -0.055 -0.506
L-b16,phase_scan,22,ce,16.0,4,1800,0.7998046875,0.89404296875,0.054443359375,0.13304992958351416,0.0,-0.058 0.102 0.113 0.185
L-b16,phase_scan,22,ce,16.0,6,1800,0.515625,0.7982421874999999,0.10611979166666666,0.12503766351275952,0.0,0.034 -0.085 0.169 0.105 0.418 0.019
L-b16,phase_scan,22,ce,16.0,8,1800,0.1923828125,0.701695033482143,0.1591796875,0.13998232190571133,0.0,0.221 -0.410 0.067 0.237 0.068 0.490 0.731 -0.202
L-b16,phase_scan,22,ce,16.0,4,2100,0.84375,0.916015625,0.04345703125,0.021300889827586985,0.0,0.206 0.192 -0.084 -0.044
L-b16,phase_scan,22,ce,16.0,6,2100,0.5693359375,0.8248046875,0.09195963541666666,0.07783632808261427,0.0,0.327 0.393 0.276 -0.043 -0.083 -0.153
L-b16,phase_scan,22,ce,16.0,8,2100,0.1943359375,0.6819545200892857,0.1724853515625,0.1296769626556881,0.0,0.572 0.487 0.610 0.380 -0.032 -0.123 -0.036 -0.379
L-b16,phase_scan,22,ce,16.0,4,2400,0.8623046875,0.92724609375,0.037353515625,0.025650704348528827,0.0,-0.013 0.026 0.047 0.004
L-b16,phase_scan,22,ce,16.0,6,2400,0.671875,0.8732421875,0.06575520833333333,0.0022891494962903715,0.0,0.064 0.091 -0.045 0.079 0.008 -0.120
L-b16,phase_scan,22,ce,16.0,8,2400,0.4365234375,0.813720703125,0.0975341796875,-0.024018268736581964,0.0,0.215 -0.157 0.113 -0.088 0.067 0.034 0.155 -0.293
L-b16,phase_scan,22,ce,16.0,4,2700,0.7705078125,0.8787434895833334,0.062255859375,-0.23568020926581487,0.0009765625,0.235 0.130 -0.311 -0.526
L-b16,phase_scan,22,ce,16.0,6,2700,0.408203125,0.7591145833333333,0.12646484375,-0.24920104609595425,0.0,0.314 0.505 0.021 -0.341 -0.748 -0.684
L-b16,phase_scan,22,ce,16.0,8,2700,0.0244140625,0.5556640625,0.2451171875,-0.30688957562522273,0.0,0.471 0.593 0.599 -0.048 -0.466 -0.839 -1.108 -0.879
L-b16,phase_scan,22,ce,16.0,4,3000,0.8564453125,0.92822265625,0.035888671875,0.02351999282836914,0.0,-0.092 -0.091 -0.037 0.199
L-b16,phase_scan,22,ce,16.0,6,3000,0.6025390625,0.8477213541666666,0.0791015625,-0.01333161857393057,0.0,0.018 -0.067 -0.241 -0.138 0.234 0.145
L-b16,phase_scan,22,ce,16.0,8,3000,0.2841796875,0.7551967075892857,0.1287841796875,-0.014540751775105793,0.0,0.197 -0.273 -0.121 -0.370 -0.252 0.225 0.640 0.048
L-b16,phase_scan,22,ce,16.0,4,3300,0.8994140625,0.94775390625,0.026611328125,0.04866030481126573,0.0,0.011 0.002 0.063 0.081
L-b16,phase_scan,22,ce,16.0,6,3300,0.7099609375,0.8873046874999999,0.05843098958333333,0.03303189410103687,0.0,0.150 -0.012 -0.050 0.094 0.199 -0.066
L-b16,phase_scan,22,ce,16.0,8,3300,0.4931640625,0.8346470424107143,0.0863037109375,0.06116183977278452,0.0,0.340 -0.054 0.038 -0.069 0.112 0.212 0.434 -0.244
L-b16,phase_scan,22,ce,16.0,4,3600,0.888671875,0.9436848958333334,0.0283203125,-0.0699180143850821,0.0,-0.131 -0.056 -0.112 -0.041
L-b16,phase_scan,22,ce,16.0,6,3600,0.681640625,0.8807291666666666,0.06152343749999999,-0.1626450485653348,0.0,-0.068 -0.139 -0.194 -0.087 -0.227 -0.167
L-b16,phase_scan,22,ce,16.0,8,3600,0.34765625,0.7798549107142858,0.115478515625,-0.314321309801132,0.0,0.049 -0.512 -0.224 -0.307 -0.188 -0.396 -0.236 -0.337
L-b16,phase_scan,33,ce,16.0,4,300,0.0,0.0,1.0,-0.334667408907855,0.037109375,1.147 -1.076 -3.298 3.369
L-b16,phase_scan,33,ce,16.0,6,300,0.0,0.0,0.8333333333333335,-1.7227700816260445,0.0,2.274 0.054 -2.169 -4.390 -6.608 4.500
L-b16,phase_scan,33,ce,16.0,8,300,0.0,0.0,0.9091796875,-0.4046319401453412,0.0,3.404 1.183 -1.040 -3.263 -5.485 -7.705 7.849 5.628
L-b16,phase_scan,33,ce,16.0,4,600,0.0,0.0,1.0,-0.32864504390292676,0.029296875,1.153 -1.069 -3.292 3.374
L-b16,phase_scan,33,ce,16.0,6,600,0.0,0.0,0.8333333333333335,-1.7149207062191436,0.0068359375,2.286 0.063 -2.159 -4.381 -6.604 4.507
L-b16,phase_scan,33,ce,16.0,8,600,0.0,0.0,0.9674072265625,-0.39233790503607857,0.0,3.419 1.196 -1.027 -3.249 -5.472 -7.694 7.861 5.639
L-b16,phase_scan,33,ce,16.0,4,900,0.0,0.0,1.0,-0.3291596306694878,0.041015625,1.153 -1.070 -3.292 3.374
L-b16,phase_scan,33,ce,16.0,6,900,0.0,0.0,0.8333333333333335,-1.7158866193559437,0.0029296875,2.285 0.062 -2.160 -4.383 -6.605 4.506
L-b16,phase_scan,33,ce,16.0,8,900,0.0,0.0,1.0,-0.39358468282790426,0.0,3.417 1.195 -1.028 -3.251 -5.473 -7.696 7.860 5.637
L-b16,phase_scan,33,ce,16.0,4,1200,0.0,0.0,1.0,-0.3305178659933586,0.0341796875,1.151 -1.071 -3.293 3.373
L-b16,phase_scan,33,ce,16.0,6,1200,0.0,0.0,0.8333333333333335,-1.717985775735643,0.0009765625,2.283 0.060 -2.162 -4.385 -6.607 4.504
L-b16,phase_scan,33,ce,16.0,8,1200,0.0,0.0,1.0,-0.3964580429924857,0.0,3.414 1.192 -1.031 -3.254 -5.476 -7.698 7.857 5.635
L-b16,phase_scan,33,ce,16.0,4,1500,0.0,0.0,1.0,-0.33132959295202163,0.037109375,1.151 -1.072 -3.294 3.372
L-b16,phase_scan,33,ce,16.0,6,1500,0.0,0.0,0.8333333333333335,-1.7189857032563949,0.0,2.282 0.059 -2.163 -4.386 -6.608 4.503
L-b16,phase_scan,33,ce,16.0,8,1500,0.0,0.0,1.0,-0.39760903706626266,0.0,3.413 1.191 -1.032 -3.255 -5.477 -7.699 7.856 5.633
L-b16,phase_scan,33,ce,16.0,4,1800,0.0,0.0,1.0,-0.32777945200602215,0.0341796875,1.154 -1.068 -3.291 3.376
L-b16,phase_scan,33,ce,16.0,6,1800,0.0,0.0,0.8333333333333335,-1.7138291862275867,0.0009765625,2.288 0.064 -2.158 -4.381 -6.603 4.508
L-b16,phase_scan,33,ce,16.0,8,1800,0.0,0.0,1.0,-0.3903851054963613,0.0,3.421 1.198 -1.025 -3.247 -5.470 -7.692 7.863 5.640
L-b16,phase_scan,33,ce,16.0,4,2100,0.0,0.0,1.0,-0.33067244070547597,0.0263671875,1.152 -1.071 -3.294 3.373
L-b16,phase_scan,33,ce,16.0,6,2100,0.0,0.0,0.8333333333333335,-1.718301680352953,0.0009765625,2.284 0.060 -2.162 -4.385 -6.607 4.503
L-b16,phase_scan,33,ce,16.0,8,2100,0.0,0.0,1.0,-0.3968199472578749,0.0,3.416 1.192 -1.031 -3.253 -5.476 -7.700 7.856 5.633
L-b16,phase_scan,33,ce,16.0,4,2400,0.0,0.0,1.0,-0.3311696758976688,0.0263671875,1.151 -1.071 -3.294 3.371
L-b16,phase_scan,33,ce,16.0,6,2400,0.0,0.0,0.8333333333333335,-1.7180582152472605,0.0009765625,2.284 0.061 -2.162 -4.385 -6.608 4.502
L-b16,phase_scan,33,ce,16.0,8,2400,0.0,0.0,1.0,-0.3960449733431375,0.0,3.417 1.193 -1.030 -3.252 -5.476 -7.699 7.857 5.634
L-b16,phase_scan,33,ce,16.0,4,2700,0.0,0.0,1.0,-0.3301325992301655,0.0244140625,1.152 -1.070 -3.293 3.373
L-b16,phase_scan,33,ce,16.0,6,2700,0.0,0.0,0.8333333333333335,-1.7167979743745594,0.0,2.285 0.062 -2.161 -4.384 -6.606 4.505
L-b16,phase_scan,33,ce,16.0,8,2700,0.0,0.0,1.0,-0.3942741666521341,0.0,3.417 1.194 -1.029 -3.251 -5.474 -7.696 7.859 5.636
L-b16,phase_scan,33,ce,16.0,4,3000,0.0,0.0,1.0,-0.3304895648249874,0.01953125,1.152 -1.071 -3.294 3.373
L-b16,phase_scan,33,ce,16.0,6,3000,0.0,0.0,0.8333333333333335,-1.717307713296678,0.0,2.285 0.062 -2.161 -4.384 -6.607 4.504
L-b16,phase_scan,33,ce,16.0,8,3000,0.0,0.0,1.0,-0.3950020245143345,0.0,3.417 1.194 -1.029 -3.252 -5.474 -7.697 7.858 5.635
L-b16,phase_scan,33,ce,16.0,4,3300,0.0,0.0,1.0,-0.33169984817504883,0.015625,1.152 -1.072 -3.295 3.371
L-b16,phase_scan,33,ce,16.0,6,3300,0.0,0.0,0.8333333333333335,-1.7192849185731678,0.0,2.284 0.061 -2.163 -4.386 -6.609 4.501
L-b16,phase_scan,33,ce,16.0,8,3300,0.0,0.0,0.9964599609375,-0.3976596726311576,0.0,3.416 1.193 -1.031 -3.254 -5.477 -7.700 7.855 5.631
L-b16,phase_scan,33,ce,16.0,4,3600,0.0,0.0,1.0,-0.3311604923672147,0.0244140625,1.151 -1.071 -3.294 3.372
L-b16,phase_scan,33,ce,16.0,6,3600,0.0,0.0,0.8333333333333335,-1.7189632919099598,0.0,2.282 0.060 -2.163 -4.385 -6.608 4.502
L-b16,phase_scan,33,ce,16.0,8,3600,0.0,0.0,1.0,-0.39803205974518313,0.0,3.413 1.191 -1.032 -3.255 -5.477 -7.700 7.855 5.632
L-b16,phase_scan,44,ce,16.0,4,300,0.41015625,0.6565755208333334,0.18408203125,-0.08518965155990037,0.005859375,0.164 0.091 -0.078 -0.268
L-b16,phase_scan,44,ce,16.0,6,300,0.1005859375,0.4950520833333334,0.28629557291666663,-0.18616438574261157,0.0,0.601 -0.325 0.201 -0.108 0.062 -0.762
L-b16,phase_scan,44,ce,16.0,8,300,0.001953125,0.3609793526785714,0.38330078125,-0.25606492209056064,0.0,1.019 -0.224 -0.088 0.169 -0.189 -0.154 -0.071 -1.235
L-b16,phase_scan,44,ce,16.0,4,600,0.5869140625,0.7755533854166666,0.1162109375,0.026429803283126274,0.0009765625,-0.062 -0.008 0.163 -0.075
L-b16,phase_scan,44,ce,16.0,6,600,0.1826171875,0.6120442708333333,0.21126302083333331,-0.03132310178544806,0.0,0.207 -0.437 0.121 0.242 0.387 -0.470
L-b16,phase_scan,44,ce,16.0,8,600,0.025390625,0.5025460379464285,0.2828369140625,-0.0985746724264962,0.0,0.428 -0.631 -0.314 0.121 0.217 0.472 0.309 -0.864
L-b16,phase_scan,44,ce,16.0,4,900,0.7294921875,0.8499348958333334,0.078857421875,-0.15246077820106788,0.0,0.194 -0.015 -0.187 -0.255
L-b16,phase_scan,44,ce,16.0,6,900,0.3427734375,0.7007161458333333,0.16129557291666666,-0.20982991324530714,0.0,0.564 0.095 -0.041 -0.326 -0.214 -0.563
L-b16,phase_scan,44,ce,16.0,8,900,0.0732421875,0.5536411830357142,0.2510986328125,-0.27221026874723886,0.0,0.886 0.210 0.047 -0.144 -0.427 -0.353 -0.275 -0.963
L-b16,phase_scan,44,ce,16.0,4,1200,0.75,0.8670247395833333,0.068603515625,0.051589497813472045,0.0,-0.003 -0.080 0.108 0.127
L-b16,phase_scan,44,ce,16.0,6,1200,0.3759765625,0.7291666666666667,0.14420572916666666,-0.010743644502427891,0.0,0.231 -0.347 -0.095 0.081 0.403 -0.096
L-b16,phase_scan,44,ce,16.0,8,1200,0.099609375,0.6163504464285714,0.210205078125,-0.06447829897441562,0.0,0.515 -0.544 -0.428 -0.192 -0.008 0.445 0.653 -0.378
L-b16,phase_scan,44,ce,16.0,4,1500,0.8359375,0.91357421875,0.0439453125,-0.04442126662642868,0.0009765625,-0.106 0.089 -0.185 -0.037
L-b16,phase_scan,44,ce,16.0,6,1500,0.509765625,0.8016276041666666,0.10384114583333331,-0.11206152704026984,0.0,-0.009 -0.100 0.057 -0.236 -0.042 -0.240
L-b16,phase_scan,44,ce,16.0,8,1500,0.16015625,0.6533900669642858,0.189208984375,-0.20063966039627318,0.0,0.186 -0.403 0.128 0.015 -0.412 -0.258 0.072 -0.546
L-b16,phase_scan,44,ce,16.0,4,1800,0.7998046875,0.890625,0.05712890625,0.1228159886819345,0.0,0.135 0.091 0.168 0.109
L-b16,phase_scan,44,ce,16.0,6,1800,0.4697265625,0.7821614583333334,0.11474609375,0.14292138152652298,0.0,0.323 0.043 0.182 0.228 0.328 -0.065
L-b16,phase_scan,44,ce,16.0,8,1800,0.203125,0.6909528459821428,0.16650390625,0.22763469862559488,0.0,0.583 0.062 0.180 0.249 0.309 0.528 0.584 -0.319
L-b16,phase_scan,44,ce,16.0,4,2100,0.8076171875,0.90087890625,0.05029296875,0.07394750912984212,0.0,-0.064 -0.087 0.152 0.157
L-b16,phase_scan,44,ce,16.0,6,2100,0.466796875,0.7813151041666666,0.11458333333333333,0.034951421949598466,0.0,0.121 -0.284 -0.072 0.109 0.403 0.019
L-b16,phase_scan,44,ce,16.0,8,2100,0.1728515625,0.6809779575892858,0.171142578125,0.01604488917759489,0.0,0.376 -0.553 -0.316 -0.154 0.120 0.502 0.708 -0.195
L-b16,phase_scan,44,ce,16.0,4,2400,0.873046875,0.9309895833333334,0.03564453125,0.0055550645898889625,0.0,-0.163 0.060 -0.095 0.051
L-b16,phase_scan,44,ce,16.0,6,2400,0.6396484375,0.8606770833333333,0.072265625,-0.040572192933824525,0.0,-0.117 -0.060 0.042 -0.037 -0.109 -0.039
L-b16,phase_scan,44,ce,16.0,8,2400,0.3525390625,0.7745884486607144,0.1190185546875,-0.08969021221948048,0.0,0.033 -0.589 0.093 0.004 -0.046 -0.147 0.271 -0.214
L-b16,phase_scan,44,ce,16.0,4,2700,0.8935546875,0.9435221354166667,0.029052734375,0.027610549220332393,0.0,0.014 0.014 -0.047 0.116
L-b16,phase_scan,44,ce,16.0,6,2700,0.662109375,0.8658854166666666,0.07014973958333333,0.018142753177218918,0.0,0.152 0.045 -0.042 -0.019 0.092 0.013
L-b16,phase_scan,44,ce,16.0,8,2700,0.4384765625,0.8104422433035714,0.099609375,0.03681048514351013,0.0,0.388 -0.132 0.208 -0.045 -0.035 0.087 0.338 -0.164
L-b16,phase_scan,44,ce,16.0,4,3000,0.865234375,0.9293619791666666,0.0361328125,0.016382623601842807,0.0,0.029 -0.066 0.073 0.042
L-b16,phase_scan,44,ce,16.0,6,3000,0.6435546875,0.8608723958333333,0.072265625,-0.026518093215094723,0.0,0.146 -0.098 -0.104 0.155 0.020 -0.105
L-b16,phase_scan,44,ce,16.0,8,3000,0.4326171875,0.8056640625,0.1025390625,-0.04428191790505061,0.0,0.298 -0.227 -0.119 -0.098 0.181 0.088 0.167 -0.302
L-b16,phase_scan,44,ce,16.0,4,3300,0.8564453125,0.92822265625,0.035888671875,0.02041092625370731,0.0,0.148 0.174 -0.091 -0.022
L-b16,phase_scan,44,ce,16.0,6,3300,0.6630859375,0.873046875,0.06526692708333334,0.03503987524244501,0.0,0.241 0.304 0.150 0.009 -0.127 -0.161
L-b16,phase_scan,44,ce,16.0,8,3300,0.365234375,0.78564453125,0.1126708984375,0.07953369428241062,0.0,0.427 0.215 0.547 0.166 0.049 -0.103 0.047 -0.363
L-b16,phase_scan,44,ce,16.0,4,3600,0.8955078125,0.9444986979166666,0.028564453125,-0.04577314412152325,0.0,0.020 -0.045 -0.066 -0.026
L-b16,phase_scan,44,ce,16.0,6,3600,0.7021484375,0.8870442708333333,0.058268229166666664,-0.055370039410061356,0.0,0.158 0.071 -0.194 -0.026 0.018 -0.146
L-b16,phase_scan,44,ce,16.0,8,3600,0.4482421875,0.8129185267857144,0.098876953125,-0.08759332081628224,0.0,0.347 -0.087 0.132 -0.308 -0.053 -0.023 0.038 -0.313
L-b16,phase_scan,55,ce,16.0,4,300,0.3916015625,0.6443684895833334,0.190185546875,0.08097092310587566,0.0009765625,0.402 0.336 0.018 -0.111
L-b16,phase_scan,55,ce,16.0,6,300,0.0595703125,0.46549479166666674,0.3033854166666667,0.11775077713860385,0.0,0.966 0.343 0.439 0.034 0.332 -0.559
L-b16,phase_scan,55,ce,16.0,8,300,0.0,0.3389369419642857,0.399169921875,0.1599618177565317,0.0,1.490 0.347 0.706 0.529 -0.044 0.354 0.223 -0.995
L-b16,phase_scan,55,ce,16.0,4,600,0.572265625,0.7610677083333333,0.125732421875,0.0933573422608552,0.0,0.237 0.440 0.012 -0.172
L-b16,phase_scan,55,ce,16.0,6,600,0.1640625,0.5953776041666667,0.22184244791666666,0.054660651418897664,0.0,0.606 0.202 0.606 0.108 -0.094 -0.548
L-b16,phase_scan,55,ce,16.0,8,600,0.017578125,0.4744001116071428,0.3009033203125,0.07662224391150096,0.0,0.923 0.153 0.656 0.702 0.127 -0.095 -0.104 -0.902
L-b16,phase_scan,55,ce,16.0,4,900,0.7626953125,0.8683268229166666,0.069091796875,0.08199462184199581,0.0,0.194 0.037 0.098 0.112
L-b16,phase_scan,55,ce,16.0,6,900,0.3583984375,0.71015625,0.15608723958333331,0.0872685644361706,0.0,0.541 -0.073 0.161 0.130 0.383 -0.164
L-b16,phase_scan,55,ce,16.0,8,900,0.0947265625,0.5936802455357143,0.224853515625,0.15045858564830963,0.0,0.911 0.036 -0.053 0.203 0.165 0.463 0.691 -0.451
L-b16,phase_scan,55,ce,16.0,4,1200,0.7666015625,0.8756510416666667,0.063720703125,-0.0007118119133843424,0.0,-0.072 0.221 -0.171 -0.052
L-b16,phase_scan,55,ce,16.0,6,1200,0.455078125,0.7802083333333334,0.11474609375,-0.056282526916927964,0.0,0.068 -0.084 0.334 -0.097 -0.133 -0.303
L-b16,phase_scan,55,ce,16.0,8,1200,0.1533203125,0.662841796875,0.1820068359375,-0.08490640019613602,0.0,0.296 -0.423 0.329 0.404 -0.115 -0.278 0.051 -0.562
L-b16,phase_scan,55,ce,16.0,4,1500,0.80859375,0.8948567708333334,0.054931640625,-0.07245937983194987,0.0,0.214 0.192 -0.271 -0.139
L-b16,phase_scan,55,ce,16.0,6,1500,0.453125,0.7743489583333333,0.11914062499999999,-0.07740806208716519,0.0,0.508 0.222 0.248 -0.255 -0.246 -0.356
L-b16,phase_scan,55,ce,16.0,8,1500,0.1220703125,0.6151646205357142,0.212158203125,-0.06170081713842969,0.0,0.826 0.265 0.546 0.294 -0.298 -0.413 -0.151 -0.675
L-b16,phase_scan,55,ce,16.0,4,1800,0.8154296875,0.9025065104166667,0.050048828125,0.11000160817746762,0.0,0.171 0.144 0.014 0.172
L-b16,phase_scan,55,ce,16.0,6,1800,0.537109375,0.8119140624999999,0.09830729166666666,0.1424841218524507,0.0,0.339 0.135 0.203 0.090 0.251 0.033
L-b16,phase_scan,55,ce,16.0,8,1800,0.1845703125,0.6791294642857143,0.172607421875,0.2072032292683919,0.0,0.595 0.115 0.306 0.291 0.087 0.225 0.617 -0.191
L-b16,phase_scan,55,ce,16.0,4,2100,0.841796875,0.91845703125,0.041259765625,-0.0384988166667797,0.0,0.161 0.004 -0.147 0.028
L-b16,phase_scan,55,ce,16.0,6,2100,0.587890625,0.8419270833333334,0.08138020833333333,-0.07932252354092074,0.0,0.394 0.054 -0.074 -0.172 -0.121 -0.084
L-b16,phase_scan,55,ce,16.0,8,2100,0.2734375,0.7352469308035714,0.1412353515625,-0.04677816042824396,0.0,0.703 0.137 0.191 -0.125 -0.197 -0.203 0.167 -0.298
L-b16,phase_scan,55,ce,16.0,4,2400,0.884765625,0.9381510416666667,0.031982421875,0.05954742431640625,0.0,-0.105 0.187 -0.025 0.017
L-b16,phase_scan,55,ce,16.0,6,2400,0.6591796875,0.8693359375,0.06722005208333333,-0.0017665889528064582,0.0,-0.033 -0.024 0.224 0.044 -0.116 -0.136
L-b16,phase_scan,55,ce,16.0,8,2400,0.3115234375,0.7546037946428572,0.13037109375,-0.022555116623166997,0.0,0.116 -0.431 0.318 0.277 0.088 -0.167 0.114 -0.355
L-b16,phase_scan,55,ce,16.0,4,2700,0.8720703125,0.9345703125,0.032958984375,-0.10659831541555899,0.0,0.044 -0.233 -0.107 0.021
L-b16,phase_scan,55,ce,16.0,6,2700,0.66015625,0.8682942708333333,0.068359375,-0.1931998001204597,0.0,0.259 -0.252 -0.404 -0.142 -0.023 -0.146
L-b16,phase_scan,55,ce,16.0,8,2700,0.2958984375,0.7527553013392858,0.1309814453125,-0.2504120365021721,0.0,0.571 -0.324 -0.382 -0.529 -0.230 -0.109 0.177 -0.357
L-b16,phase_scan,55,ce,16.0,4,3000,0.89453125,0.9461263020833333,0.027099609375,0.07665766610039605,0.0,-0.226 0.123 -0.045 0.151
L-b16,phase_scan,55,ce,16.0,6,3000,0.6376953125,0.8594401041666666,0.07307942708333333,0.033510261111789084,0.0,-0.140 -0.211 0.187 0.064 0.056 0.071
L-b16,phase_scan,55,ce,16.0,8,3000,0.3203125,0.762451171875,0.1256103515625,0.011542884130326518,0.0,0.004 -0.716 0.028 0.244 0.120 0.040 0.411 -0.045
L-b16,phase_scan,55,ce,16.0,4,3300,0.890625,0.9404296875,0.031005859375,-0.014427591253209993,0.0,0.028 0.054 -0.107 0.009
L-b16,phase_scan,55,ce,16.0,6,3300,0.677734375,0.8731770833333333,0.06608072916666666,-0.01641641722785122,0.0,0.137 0.164 0.015 -0.036 -0.090 -0.136
L-b16,phase_scan,55,ce,16.0,8,3300,0.4521484375,0.8160226004464286,0.0968017578125,-0.02827653809199257,0.0,0.311 0.006 0.275 -0.048 -0.016 -0.173 0.083 -0.325
L-b16,phase_scan,55,ce,16.0,4,3600,0.890625,0.9449869791666667,0.027587890625,-0.0718814355355722,0.0,-0.082 -0.151 -0.176 0.111
L-b16,phase_scan,55,ce,16.0,6,3600,0.669921875,0.88203125,0.05973307291666666,-0.1192832655376859,0.0,0.066 -0.202 -0.312 -0.139 0.039 0.017
L-b16,phase_scan,55,ce,16.0,8,3600,0.40234375,0.8003627232142858,0.104736328125,-0.15338282736520917,0.0,0.294 -0.413 -0.292 -0.413 -0.160 -0.031 0.362 -0.127
L-b16,phase_scan,66,ce,16.0,4,300,0.2783203125,0.5535481770833333,0.23828125,-0.3089129041742395,0.009765625,0.400 0.020 -0.408 -0.538
L-b16,phase_scan,66,ce,16.0,6,300,0.0107421875,0.35371093750000004,0.3738606770833333,-0.39732814497417895,0.0,1.021 -0.190 0.262 -0.467 -0.443 -1.149
L-b16,phase_scan,66,ce,16.0,8,300,0.0,0.3033272879464286,0.4169921875,-0.47625187843564953,0.0,1.627 0.077 -0.002 0.360 -0.523 -0.776 -0.692 -1.779
L-b16,phase_scan,66,ce,16.0,4,600,0.6298828125,0.7864583333333334,0.1142578125,-0.13771419171933774,0.00390625,0.213 0.139 -0.297 -0.255
L-b16,phase_scan,66,ce,16.0,6,600,0.1708984375,0.5880859375,0.22705078125,-0.19551430808173306,0.0,0.645 0.064 0.188 -0.291 -0.309 -0.629
L-b16,phase_scan,66,ce,16.0,8,600,0.0146484375,0.4457310267857142,0.3214111328125,-0.2463398850153363,0.0,1.013 0.024 0.308 0.141 -0.371 -0.549 -0.307 -0.971
L-b16,phase_scan,66,ce,16.0,4,900,0.65625,0.81982421875,0.091796875,0.18529560830858016,0.001953125,0.173 0.255 0.238 0.063
L-b16,phase_scan,66,ce,16.0,6,900,0.2666015625,0.6715494791666667,0.17626953125,0.21625929408603226,0.0,0.482 0.111 0.386 0.220 0.594 -0.229
L-b16,phase_scan,66,ce,16.0,8,900,0.0556640625,0.5515485491071428,0.2503662109375,0.29097394337729804,0.0,0.813 0.081 0.403 0.447 0.223 0.809 0.620 -0.547
L-b16,phase_scan,66,ce,16.0,4,1200,0.755859375,0.8697916666666666,0.067138671875,0.05765919332151059,0.0,0.143 0.317 0.040 -0.185
L-b16,phase_scan,66,ce,16.0,6,1200,0.40234375,0.7382161458333334,0.13932291666666663,0.06345352861616328,0.0,0.356 0.154 0.496 0.132 -0.005 -0.461
L-b16,phase_scan,66,ce,16.0,8,1200,0.12109375,0.6146763392857143,0.21240234375,0.06792293654547797,0.0,0.653 0.045 0.491 0.568 0.217 0.130 -0.128 -0.847
L-b16,phase_scan,66,ce,16.0,4,1500,0.8037109375,0.89111328125,0.056884765625,0.09786707383615,0.0009765625,0.022 0.161 0.077 0.056
L-b16,phase_scan,66,ce,16.0,6,1500,0.5078125,0.7981119791666667,0.10611979166666666,0.12151250574323849,0.0,0.192 0.114 0.232 0.107 0.282 -0.126
L-b16,phase_scan,66,ce,16.0,8,1500,0.208984375,0.6944405691964286,0.1641845703125,0.1569743951161702,0.0,0.443 -0.110 0.344 0.282 0.197 0.333 0.439 -0.386
L-b16,phase_scan,66,ce,16.0,4,1800,0.7431640625,0.8639322916666667,0.070068359375,0.2700280260156702,0.0,0.094 0.342 0.276 0.192
L-b16,phase_scan,66,ce,16.0,6,1800,0.388671875,0.7430338541666666,0.13606770833333331,0.3511641952726574,0.0,0.245 0.314 0.542 0.397 0.439 0.064
L-b16,phase_scan,66,ce,16.0,8,1800,0.0693359375,0.5932268415178572,0.2236328125,0.45166759263901485,0.0,0.490 0.024 0.708 0.702 0.585 0.525 0.741 -0.124
L-b16,phase_scan,66,ce,16.0,4,2100,0.8095703125,0.90087890625,0.05029296875,0.20340032047695586,0.0,0.241 0.268 0.278 0.065
L-b16,phase_scan,66,ce,16.0,6,2100,0.421875,0.7571614583333333,0.12858072916666669,0.302395357025994,0.0,0.430 0.343 0.418 0.443 0.426 -0.118
L-b16,phase_scan,66,ce,16.0,8,2100,0.080078125,0.6005859375,0.2193603515625,0.46917406339494017,0.0,0.697 0.390 0.751 0.567 0.604 0.720 0.609 -0.357
L-b16,phase_scan,66,ce,16.0,4,2400,0.779296875,0.8855794270833333,0.05810546875,0.015433629353841146,0.0,-0.205 -0.322 0.088 0.280
L-b16,phase_scan,66,ce,16.0,6,2400,0.40625,0.7573567708333333,0.12727864583333331,-0.07232350773281526,0.0,-0.102 -0.527 -0.447 -0.018 0.462 0.168
L-b16,phase_scan,66,ce,16.0,8,2400,0.0615234375,0.594970703125,0.2213134765625,-0.12428359379844069,0.0,0.074 -0.878 -0.680 -0.613 -0.071 0.426 0.921 0.026
L-b16,phase_scan,66,ce,16.0,4,2700,0.85546875,0.9195963541666666,0.042236328125,0.02830620165224428,0.0,0.045 0.091 -0.045 0.039
L-b16,phase_scan,66,ce,16.0,6,2700,0.6455078125,0.8624348958333332,0.07145182291666666,-0.015948798921373353,0.0,0.153 0.048 0.082 -0.015 -0.102 -0.094
L-b16,phase_scan,66,ce,16.0,8,2700,0.4013671875,0.7976422991071428,0.1068115234375,-0.0367180317167252,0.0,0.356 -0.197 0.229 0.081 0.005 -0.157 0.064 -0.281
L-b16,phase_scan,66,ce,16.0,4,3000,0.8583984375,0.9287109375,0.03564453125,-0.042683151033189565,0.0009765625,0.139 0.099 -0.100 -0.128
L-b16,phase_scan,66,ce,16.0,6,3000,0.626953125,0.8596354166666667,0.07210286458333333,-0.06811907556321906,0.0,0.239 0.224 0.056 -0.118 -0.225 -0.279
L-b16,phase_scan,66,ce,16.0,8,3000,0.296875,0.75341796875,0.1304931640625,-0.07727346723041838,0.0,0.392 0.275 0.412 0.059 -0.156 -0.315 -0.357 -0.458
L-b16,phase_scan,66,ce,16.0,4,3300,0.8681640625,0.9332682291666667,0.033447265625,-0.0805289657027633,0.0,-0.045 -0.225 -0.144 0.127
L-b16,phase_scan,66,ce,16.0,6,3300,0.6201171875,0.8499348958333333,0.078125,-0.1726749804284838,0.0,0.045 -0.226 -0.377 -0.254 -0.035 0.030
L-b16,phase_scan,66,ce,16.0,8,3300,0.2705078125,0.7402692522321428,0.1378173828125,-0.25806207505483475,0.0,0.235 -0.445 -0.363 -0.559 -0.419 -0.179 0.274 -0.116
L-b16,phase_scan,66,ce,16.0,4,3600,0.8857421875,0.93701171875,0.032958984375,0.09099311298794217,0.0,-0.076 0.212 0.037 0.024
L-b16,phase_scan,66,ce,16.0,6,3600,0.6650390625,0.8699869791666666,0.0673828125,0.09646981292300734,0.0,-0.013 0.117 0.287 0.137 0.060 -0.119
L-b16,phase_scan,66,ce,16.0,8,3600,0.3388671875,0.771728515625,0.12060546875,0.12400050011892168,0.0,0.118 -0.159 0.536 0.374 0.228 0.127 0.068 -0.305
L-b16,phase_scan,77,ce,16.0,4,300,0.2998046875,0.5944010416666667,0.21630859375,-0.0010063030101634858,0.001953125,0.337 0.093 0.085 -0.180
L-b16,phase_scan,77,ce,16.0,6,300,0.052734375,0.45520833333333344,0.31168619791666663,-0.04340887731975999,0.0,0.874 -0.175 0.234 -0.134 0.537 -0.679
L-b16,phase_scan,77,ce,16.0,8,300,0.0,0.2826102120535714,0.445556640625,-0.0709012576511928,0.0,1.408 -0.016 -0.111 0.142 -0.170 0.495 0.349 -1.185
L-b16,phase_scan,77,ce,16.0,4,600,0.6474609375,0.8072916666666666,0.1005859375,-0.1364341930106834,0.0,0.134 -0.166 -0.187 -0.057
L-b16,phase_scan,77,ce,16.0,6,600,0.2490234375,0.6483723958333334,0.19108072916666663,-0.25071762667761915,0.0,0.469 -0.348 -0.223 -0.295 0.040 -0.427
L-b16,phase_scan,77,ce,16.0,8,600,0.0380859375,0.5018136160714285,0.283935546875,-0.33028400133526514,0.0,0.782 -0.298 -0.421 -0.412 -0.453 -0.072 0.128 -0.784
L-b16,phase_scan,77,ce,16.0,4,900,0.6884765625,0.828125,0.08984375,0.16603045993381077,0.0009765625,0.271 0.457 0.105 -0.064
L-b16,phase_scan,77,ce,16.0,6,900,0.2724609375,0.6729817708333333,0.17626953125,0.22579929563734247,0.0,0.507 0.489 0.648 0.196 0.198 -0.402
L-b16,phase_scan,77,ce,16.0,8,900,0.03125,0.5252511160714286,0.2672119140625,0.31741403398059653,0.0,0.842 0.440 0.987 0.745 0.277 0.356 0.169 -0.754
L-b16,phase_scan,77,ce,16.0,4,1200,0.755859375,0.8697916666666666,0.06689453125,0.127370313361839,0.0009765625,0.196 0.300 -0.040 0.122
L-b16,phase_scan,77,ce,16.0,6,1200,0.4306640625,0.7661458333333333,0.123046875,0.15331504080030636,0.0,0.419 0.351 0.421 -0.002 0.040 -0.043
L-b16,phase_scan,77,ce,16.0,8,1200,0.095703125,0.6245465959821429,0.2049560546875,0.2234591378106011,0.0,0.678 0.325 0.706 0.498 -0.013 -0.012 0.338 -0.278
L-b16,phase_scan,77,ce,16.0,4,1500,0.806640625,0.8981119791666667,0.05224609375,0.009845186162877967,0.0,-0.115 0.113 -0.020 -0.064
L-b16,phase_scan,77,ce,16.0,6,1500,0.513671875,0.7975911458333332,0.10660807291666666,-0.0222999718454151,0.0,-0.009 -0.128 0.226 -0.016 0.023 -0.217
L-b16,phase_scan,77,ce,16.0,8,1500,0.2216796875,0.6937430245535714,0.165283203125,-0.0335466672503759,0.0,0.211 -0.518 0.125 0.269 0.057 0.123 0.169 -0.460
L-b16,phase_scan,77,ce,16.0,4,1800,0.8095703125,0.9026692708333333,0.048828125,-0.11486411094665527,0.0009765625,0.058 0.043 -0.248 -0.139
L-b16,phase_scan,77,ce,16.0,6,1800,0.4970703125,0.7985677083333333,0.10530598958333331,-0.196236358748542,0.0,0.143 0.094 -0.008 -0.301 -0.445 -0.321
L-b16,phase_scan,77,ce,16.0,8,1800,0.1572265625,0.67578125,0.17431640625,-0.25989659248836455,0.0,0.317 -0.044 0.257 -0.031 -0.436 -0.565 -0.405 -0.595
L-b16,phase_scan,77,ce,16.0,4,2100,0.876953125,0.9326171875,0.03515625,0.025263671521787285,0.0,0.074 -0.013 -0.004 0.093
L-b16,phase_scan,77,ce,16.0,6,2100,0.66796875,0.8670572916666666,0.06949869791666667,0.017291797531975593,0.0,0.204 -0.001 -0.064 0.024 0.133 -0.006
L-b16,phase_scan,77,ce,16.0,8,2100,0.34765625,0.7655901227678572,0.1243896484375,0.047017525112818155,0.0,0.451 -0.106 0.128 -0.079 0.024 0.212 0.344 -0.194
L-b16,phase_scan,77,ce,16.0,4,2400,0.822265625,0.9075520833333334,0.047119140625,-0.023489086716263385,0.0,-0.173 -0.092 -0.032 0.054
L-b16,phase_scan,77,ce,16.0,6,2400,0.552734375,0.8192057291666667,0.0947265625,-0.09261350499259105,0.0,-0.063 -0.360 -0.120 -0.042 0.117 -0.057
L-b16,phase_scan,77,ce,16.0,8,2400,0.228515625,0.7164481026785714,0.1513671875,-0.11132404917762394,0.0,0.111 -0.751 -0.245 -0.112 -0.017 0.213 0.373 -0.241
L-b16,phase_scan,77,ce,16.0,4,2700,0.884765625,0.939453125,0.031005859375,-0.03194521974634241,0.0,-0.046 -0.020 -0.079 0.002
L-b16,phase_scan,77,ce,16.0,6,2700,0.6923828125,0.8873697916666667,0.05761718749999999,-0.09750412570105664,0.0,-0.007 -0.027 -0.138 -0.066 -0.150 -0.107
L-b16,phase_scan,77,ce,16.0,8,2700,0.384765625,0.7900390625,0.1104736328125,-0.14296790910145593,0.0,0.124 -0.234 0.017 -0.201 -0.136 -0.138 -0.009 -0.300
L-b16,phase_scan,77,ce,16.0,4,3000,0.8701171875,0.93017578125,0.0361328125,0.11419543513545283,0.0,0.216 0.120 0.127 0.095
L-b16,phase_scan,77,ce,16.0,6,3000,0.6201171875,0.8492187499999999,0.07861328125,0.10873601171705438,0.0,0.404 0.048 0.159 0.214 0.114 0.008
L-b16,phase_scan,77,ce,16.0,8,3000,0.333984375,0.7655203683035715,0.1241455078125,0.1646069685618083,0.0,0.668 0.049 0.171 0.275 0.338 0.261 0.194 -0.136
L-b16,phase_scan,77,ce,16.0,4,3300,0.8046875,0.9012044270833333,0.0498046875,-0.19055048624674478,0.0009765625,-0.124 -0.309 -0.147 -0.116
L-b16,phase_scan,77,ce,16.0,6,3300,0.541015625,0.8233723958333332,0.09147135416666666,-0.28442770904964876,0.0,0.020 -0.327 -0.413 -0.204 -0.279 -0.200
L-b16,phase_scan,77,ce,16.0,8,3300,0.2412109375,0.7283412388392858,0.14404296875,-0.4350383319551982,0.0,0.203 -0.567 -0.579 -0.490 -0.288 -0.378 -0.373 -0.370
L-b16,phase_scan,77,ce,16.0,4,3600,0.859375,0.92724609375,0.036865234375,-0.044210619396633566,0.0,-0.151 -0.060 -0.276 0.203
L-b16,phase_scan,77,ce,16.0,6,3600,0.6259765625,0.8569661458333333,0.07405598958333333,-0.12723194228278273,0.0,-0.102 -0.159 -0.167 -0.303 -0.218 0.211
L-b16,phase_scan,77,ce,16.0,8,3600,0.279296875,0.7488141741071428,0.1326904296875,-0.2012456409514896,0.0,0.013 -0.532 -0.110 -0.302 -0.381 -0.421 0.177 0.162
L-b16,phase_scan,88,ce,16.0,4,300,0.3896484375,0.638671875,0.194580078125,-0.09217045925281665,0.0087890625,0.263 0.154 0.012 -0.443
L-b16,phase_scan,88,ce,16.0,6,300,0.0712890625,0.45781250000000007,0.31119791666666663,-0.14549311664369394,0.0009765625,0.781 -0.128 0.357 0.044 -0.052 -0.949
L-b16,phase_scan,88,ce,16.0,8,300,0.0,0.3040945870535714,0.4267578125,-0.12969853386046393,0.0,1.278 -0.085 0.221 0.490 0.167 0.104 -0.361 -1.443
L-b16,phase_scan,88,ce,16.0,4,600,0.6591796875,0.8186848958333334,0.09326171875,0.062046934057165076,0.0009765625,0.206 0.233 0.010 -0.056
L-b16,phase_scan,88,ce,16.0,6,600,0.2666015625,0.6550130208333333,0.1875,0.04296363724602574,0.0,0.593 0.097 0.300 -0.046 0.259 -0.395
L-b16,phase_scan,88,ce,16.0,8,600,0.0478515625,0.5205775669642856,0.270751953125,0.09632723672049386,0.0,0.930 0.176 0.319 0.284 -0.043 0.365 0.279 -0.707
L-b16,phase_scan,88,ce,16.0,4,900,0.701171875,0.8409830729166666,0.08203125,0.15978892644246417,0.0,0.230 0.508 0.059 -0.087
L-b16,phase_scan,88,ce,16.0,6,900,0.28125,0.6811197916666667,0.17073567708333331,0.19055550628238238,0.0,0.557 0.271 0.705 0.181 0.175 -0.380
L-b16,phase_scan,88,ce,16.0,8,900,0.0341796875,0.5515834263392856,0.25048828125,0.24685307154579764,0.0,0.910 0.203 0.725 0.786 0.274 0.274 0.173 -0.708
L-b16,phase_scan,88,ce,16.0,4,1200,0.6767578125,0.83447265625,0.08349609375,0.2806327519593415,0.0,-0.022 0.253 0.471 0.118
L-b16,phase_scan,88,ce,16.0,6,1200,0.2470703125,0.6690104166666666,0.17708333333333331,0.30215437544716706,0.0,0.235 -0.150 0.559 0.606 0.605 -0.109
L-b16,phase_scan,88,ce,16.0,8,1200,0.0322265625,0.5455147879464285,0.253173828125,0.37280077026003877,0.0,0.494 -0.318 0.059 0.763 0.781 0.994 0.727 -0.397
L-b16,phase_scan,88,ce,16.0,4,1500,0.76171875,0.87451171875,0.064453125,0.22453056441413033,0.0009765625,0.015 0.192 0.267 0.214
L-b16,phase_scan,88,ce,16.0,6,1500,0.3681640625,0.7434244791666667,0.13444010416666666,0.2586433622572155,0.0,0.246 0.054 0.293 0.283 0.598 0.065
L-b16,phase_scan,88,ce,16.0,8,1500,0.0810546875,0.6180245535714286,0.208251953125,0.34149849225604345,0.0,0.485 -0.179 0.316 0.367 0.372 0.754 0.936 -0.175
L-b16,phase_scan,88,ce,16.0,4,1800,0.8115234375,0.9002278645833333,0.051513671875,0.17611989268550166,0.0,-0.037 0.092 0.204 0.233
L-b16,phase_scan,88,ce,16.0,6,1800,0.5107421875,0.8042317708333333,0.10188802083333334,0.15300924910439367,0.0,0.068 -0.102 0.133 0.181 0.433 0.120
L-b16,phase_scan,88,ce,16.0,8,1800,0.177734375,0.6900809151785714,0.1656494140625,0.16711836769467306,0.0,0.306 -0.385 0.002 0.152 0.207 0.505 0.755 -0.067
L-b16,phase_scan,88,ce,16.0,4,2100,0.8291015625,0.9142252604166666,0.04296875,0.004935573648523403,0.0,-0.204 -0.088 0.031 0.072
L-b16,phase_scan,88,ce,16.0,6,2100,0.5380859375,0.8220703125,0.091796875,-0.08893432882097038,0.0,-0.084 -0.490 -0.118 0.007 0.248 -0.091
L-b16,phase_scan,88,ce,16.0,8,2100,0.1533203125,0.6764090401785715,0.173828125,-0.15118407824682809,0.0,0.108 -0.890 -0.442 -0.176 -0.024 0.329 0.451 -0.306
L-b16,phase_scan,88,ce,16.0,4,2400,0.833984375,0.9124348958333334,0.044921875,0.12179065633703162,0.0,0.021 0.183 0.131 0.052
L-b16,phase_scan,88,ce,16.0,6,2400,0.58984375,0.8440104166666667,0.08024088541666666,0.1645098262363008,0.0,0.098 0.231 0.226 0.247 0.212 -0.094
L-b16,phase_scan,88,ce,16.0,8,2400,0.2548828125,0.7410016741071429,0.1363525390625,0.21796644680083746,0.0,0.256 -0.023 0.470 0.321 0.327 0.358 0.372 -0.299
L-b16,phase_scan,88,ce,16.0,4,2700,0.87890625,0.9386393229166667,0.03076171875,0.05720328401636194,0.0,-0.052 0.103 0.034 0.035
L-b16,phase_scan,88,ce,16.0,6,2700,0.65625,0.8662760416666666,0.06917317708333333,0.05475522412194127,0.0,-0.009 0.077 0.096 0.114 0.052 -0.066
L-b16,phase_scan,88,ce,16.0,8,2700,0.3525390625,0.7796107700892858,0.1162109375,0.058818052685450005,0.0,0.124 -0.337 0.315 0.123 0.199 0.175 0.174 -0.236
L-b16,phase_scan,88,ce,16.0,4,3000,0.8408203125,0.91650390625,0.042724609375,-0.008482314922191472,0.0,-0.204 -0.228 0.077 0.125
L-b16,phase_scan,88,ce,16.0,6,3000,0.5068359375,0.8080078125,0.09944661458333334,-0.07322512732611768,0.0,-0.113 -0.537 -0.271 0.164 0.218 0.060
L-b16,phase_scan,88,ce,16.0,8,3000,0.12109375,0.6669921875,0.1778564453125,-0.1280477311876085,0.0,0.043 -1.011 -0.568 -0.311 0.243 0.352 0.473 -0.074
L-b16,phase_scan,88,ce,16.0,4,3300,0.7705078125,0.87890625,0.06201171875,0.13875294614721226,0.0,-0.175 -0.194 0.309 0.301
L-b16,phase_scan,88,ce,16.0,6,3300,0.3681640625,0.7365885416666667,0.13883463541666666,0.09106911553276904,0.0,-0.040 -0.593 -0.236 0.362 0.716 0.207
L-b16,phase_scan,88,ce,16.0,8,3300,0.0478515625,0.5623953683035714,0.2413330078125,0.0854584527394128,0.0,0.151 -0.946 -0.733 -0.289 0.483 0.906 1.083 0.093
L-b16,phase_scan,88,ce,16.0,4,3600,0.892578125,0.9451497395833334,0.027587890625,-0.16085871943721064,0.0,-0.005 -0.102 -0.223 -0.157
L-b16,phase_scan,88,ce,16.0,6,3600,0.64453125,0.8689453125,0.06722005208333333,-0.2566204932000903,0.0,0.063 -0.037 -0.318 -0.246 -0.397 -0.285
L-b16,phase_scan,88,ce,16.0,8,3600,0.220703125,0.7211216517857143,0.147705078125,-0.4134795968494718,0.0,0.202 -0.339 -0.094 -0.513 -0.377 -0.594 -0.505 -0.471
R,priority_scan,11,reg,,4,300,0.17578125,0.53759765625,0.240234375,0.03636340300242105,0.73828125,0.000 -0.157 0.230 0.000
R,priority_scan,11,reg,,6,300,0.0185546875,0.4648437500000001,0.29638671875,0.06584594647089623,0.443359375,0.000 -0.227 -0.031 0.116 0.406 -0.000
R,priority_scan,11,reg,,8,300,0.0029296875,0.4292689732142857,0.32568359375,0.1281754838095771,0.236328125,0.000 -0.329 0.039 0.156 0.272 0.282 0.349 0.000
R,priority_scan,11,reg,,4,600,0.1806640625,0.546875,0.236328125,0.07559345828162299,0.7568359375,0.000 -0.177 0.328 0.000
R,priority_scan,11,reg,,6,600,0.0234375,0.4634114583333334,0.2998046875,0.07267872492472313,0.513671875,0.000 -0.320 0.036 0.136 0.439 -0.000
R,priority_scan,11,reg,,8,600,0.00390625,0.4336983816964285,0.3245849609375,0.14895372920566136,0.3076171875,0.000 -0.294 0.068 0.255 0.152 0.322 0.390 0.000
R,priority_scan,11,reg,,4,900,0.1806640625,0.5411783854166667,0.2412109375,0.029251443015204534,0.8544921875,0.000 -0.191 0.249 0.000
R,priority_scan,11,reg,,6,900,0.0205078125,0.46744791666666674,0.29882812499999994,0.09933491547902407,0.68359375,0.000 -0.339 0.079 0.233 0.425 -0.000
R,priority_scan,11,reg,,8,900,0.00390625,0.42902483258928564,0.3304443359375,0.0989209943347507,0.455078125,0.000 -0.423 -0.008 0.148 0.201 0.328 0.347 0.000
R,priority_scan,22,reg,,4,300,0.158203125,0.5275065104166667,0.246337890625,0.08851846059163412,0.7080078125,0.000 -0.127 0.304 0.000
R,priority_scan,22,reg,,6,300,0.02734375,0.47180989583333344,0.29134114583333337,0.08681590358416222,0.435546875,0.000 -0.201 0.014 0.211 0.324 -0.000
R,priority_scan,22,reg,,8,300,0.0029296875,0.4392787388392857,0.3177490234375,0.13058883172494393,0.2080078125,0.000 -0.208 0.032 0.183 0.201 0.302 0.273 0.000
R,priority_scan,22,reg,,4,600,0.1923828125,0.5520833333333334,0.234375,0.03143039014604357,0.837890625,0.000 -0.170 0.233 0.000
R,priority_scan,22,reg,,6,600,0.025390625,0.46367187500000007,0.2996419270833333,0.05876575907071412,0.5869140625,0.000 -0.380 0.008 0.157 0.450 -0.000
R,priority_scan,22,reg,,8,600,0.0048828125,0.42682756696428564,0.3306884765625,0.10680461371386492,0.3720703125,0.000 -0.415 -0.019 0.076 0.270 0.335 0.393 0.000
R,priority_scan,22,reg,,4,900,0.189453125,0.5475260416666667,0.23779296875,-0.005224943161010742,0.8564453125,0.000 -0.247 0.237 0.000
R,priority_scan,22,reg,,6,900,0.0205078125,0.4652994791666668,0.3001302083333333,0.07643967866897566,0.6787109375,0.000 -0.374 0.023 0.219 0.438 -0.000
R,priority_scan,22,reg,,8,900,0.00390625,0.43178013392857134,0.3282470703125,0.11326666231508609,0.51171875,0.000 -0.439 0.026 0.180 0.110 0.286 0.515 0.000
R,priority_scan,33,reg,,4,300,0.201171875,0.56005859375,0.228515625,0.062096979882982045,0.7822265625,0.000 -0.135 0.259 0.000
R,priority_scan,33,reg,,6,300,0.0263671875,0.4666666666666668,0.29703776041666663,0.101060370604197,0.4970703125,0.000 -0.269 0.063 0.183 0.428 -0.000
R,priority_scan,33,reg,,8,300,0.0029296875,0.4285016741071428,0.32763671875,0.09908058025218823,0.2607421875,0.000 -0.454 -0.004 0.162 0.155 0.311 0.425 0.000
R,priority_scan,33,reg,,4,600,0.2001953125,0.5558268229166667,0.23193359375,0.04974577162000869,0.7998046875,0.000 -0.117 0.217 0.000
R,priority_scan,33,reg,,6,600,0.0224609375,0.46412760416666676,0.30013020833333337,0.09760181109110497,0.51953125,0.000 -0.299 0.067 0.229 0.394 -0.000
R,priority_scan,33,reg,,8,600,0.001953125,0.42560686383928564,0.3311767578125,0.10322645858482078,0.2939453125,0.000 -0.479 0.026 0.173 0.196 0.290 0.414 0.000
R,priority_scan,33,reg,,4,900,0.1845703125,0.5462239583333334,0.238037109375,0.04448718494839139,0.84375,0.000 -0.176 0.265 0.000
R,priority_scan,33,reg,,6,900,0.0283203125,0.4649088541666668,0.30013020833333337,0.07288475831349672,0.619140625,0.000 -0.400 0.079 0.184 0.429 -0.000
R,priority_scan,33,reg,,8,900,0.001953125,0.4333844866071428,0.3262939453125,0.1424149230674461,0.40625,0.000 -0.387 0.143 0.112 0.226 0.372 0.389 0.000
R,priority_scan,44,reg,,4,300,0.171875,0.5322265625,0.246337890625,0.054781966739230706,0.7744140625,0.000 -0.173 0.283 0.000
R,priority_scan,44,reg,,6,300,0.0166015625,0.4658854166666667,0.29768880208333337,0.06512686610221843,0.5595703125,0.000 -0.379 0.029 0.150 0.461 -0.000
R,priority_scan,44,reg,,8,300,0.001953125,0.43847656249999994,0.3226318359375,0.1613751384947035,0.3681640625,0.000 -0.315 0.097 0.159 0.290 0.391 0.347 0.000
R,priority_scan,44,reg,,4,600,0.1904296875,0.5465494791666666,0.237548828125,0.036507911152309835,0.7900390625,0.000 -0.227 0.300 0.000
R,priority_scan,44,reg,,6,600,0.0205078125,0.46634114583333347,0.2978515625,0.09211326638857506,0.5400390625,0.000 -0.365 0.063 0.329 0.343 -0.000
R,priority_scan,44,reg,,8,600,0.00390625,0.43927873883928564,0.3218994140625,0.18235462683218498,0.359375,0.000 -0.286 0.035 0.262 0.313 0.469 0.300 0.000
R,priority_scan,44,reg,,4,900,0.1767578125,0.5390625,0.24267578125,0.020997126897176116,0.8330078125,0.000 -0.223 0.265 0.000
R,priority_scan,44,reg,,6,900,0.025390625,0.46315104166666676,0.3011067708333333,0.07456565896670006,0.634765625,0.000 -0.405 0.057 0.212 0.435 -0.000
R,priority_scan,44,reg,,8,900,0.0048828125,0.4387207031249999,0.3228759765625,0.12918008698357475,0.443359375,0.000 -0.422 0.089 0.051 0.259 0.374 0.424 0.000
R,priority_scan,55,reg,,4,300,0.1875,0.54345703125,0.238525390625,0.044032335281372084,0.755859375,0.000 -0.148 0.237 0.000
R,priority_scan,55,reg,,6,300,0.02734375,0.4728515625000001,0.2919921875,0.08414775133132915,0.4970703125,0.000 -0.306 0.119 0.197 0.327 -0.000
R,priority_scan,55,reg,,8,300,0.0009765625,0.4254673549107142,0.3291015625,0.1654857176321524,0.2666015625,0.000 -0.233 0.223 0.174 0.207 0.359 0.262 0.000
R,priority_scan,55,reg,,4,600,0.18359375,0.5447591145833333,0.239013671875,-0.025434030426873117,0.7978515625,0.000 -0.217 0.166 0.000
R,priority_scan,55,reg,,6,600,0.0234375,0.46022135416666676,0.30257161458333337,0.06964489817619306,0.56640625,0.000 -0.345 0.062 0.216 0.345 -0.000
R,priority_scan,55,reg,,8,600,0.0009765625,0.4280831473214285,0.330322265625,0.12072697833732322,0.3671875,0.000 -0.375 0.075 0.111 0.195 0.386 0.333 0.000
R,priority_scan,55,reg,,4,900,0.18359375,0.5445963541666666,0.2392578125,0.010088019900851786,0.84765625,0.000 -0.203 0.223 0.000
R,priority_scan,55,reg,,6,900,0.02734375,0.4680989583333334,0.29833984375,0.090322693188985,0.6259765625,0.000 -0.305 0.011 0.195 0.461 -0.000
R,priority_scan,55,reg,,8,900,0.0009765625,0.4319196428571428,0.3280029296875,0.08999533123440213,0.41015625,0.000 -0.555 0.020 0.160 0.147 0.376 0.392 0.000
R,priority_scan,66,reg,,4,300,0.17578125,0.5423177083333334,0.23681640625,0.04121747281816272,0.701171875,0.000 -0.208 0.291 0.000
R,priority_scan,66,reg,,6,300,0.013671875,0.4624348958333334,0.29557291666666663,0.06092116236686688,0.388671875,0.000 -0.287 0.023 0.211 0.297 -0.000
R,priority_scan,66,reg,,8,300,0.0048828125,0.4336286272321428,0.3214111328125,0.11658116623207375,0.19140625,0.000 -0.237 0.094 0.120 0.272 0.274 0.176 0.000
R,priority_scan,66,reg,,4,600,0.166015625,0.53955078125,0.240478515625,0.025231043497721345,0.7919921875,0.000 -0.167 0.217 0.000
R,priority_scan,66,reg,,6,600,0.025390625,0.46842447916666674,0.2958984375,0.11780937512715639,0.5341796875,0.000 -0.240 0.045 0.200 0.467 -0.000
R,priority_scan,66,reg,,8,600,0.005859375,0.4352678571428571,0.324462890625,0.16155198768333154,0.2958984375,0.000 -0.370 0.044 0.235 0.267 0.418 0.375 0.000
R,priority_scan,66,reg,,4,900,0.1875,0.5384114583333333,0.2431640625,0.06715072525872126,0.783203125,0.000 -0.189 0.323 0.000
R,priority_scan,66,reg,,6,900,0.021484375,0.45787760416666673,0.30322265625,0.0800233085950214,0.546875,0.000 -0.293 0.051 0.172 0.391 -0.000
R,priority_scan,66,reg,,8,900,0.00390625,0.4388253348214285,0.3216552734375,0.15864460556595414,0.333984375,0.000 -0.331 0.067 0.221 0.242 0.432 0.321 0.000
R,priority_scan,77,reg,,4,300,0.1953125,0.546875,0.237060546875,0.01032617357042101,0.7578125,0.000 -0.211 0.231 0.000
R,priority_scan,77,reg,,6,300,0.021484375,0.4669921875000001,0.2965494791666667,0.0651564697424569,0.537109375,0.000 -0.336 0.062 0.119 0.415 -0.000
R,priority_scan,77,reg,,8,300,0.0009765625,0.42766462053571425,0.3282470703125,0.13261492605562564,0.275390625,0.000 -0.323 0.109 0.193 0.123 0.353 0.341 0.000
R,priority_scan,77,reg,,4,600,0.1796875,0.53857421875,0.2421875,-0.0064857800801595145,0.779296875,0.000 -0.253 0.240 0.000
R,priority_scan,77,reg,,6,600,0.02734375,0.4663411458333334,0.2976888020833333,0.06000429391860943,0.5341796875,0.000 -0.296 -0.045 0.195 0.387 -0.000
R,priority_scan,77,reg,,8,600,0.0029296875,0.4264787946428571,0.3306884765625,0.08473628097110324,0.3056640625,0.000 -0.345 -0.030 0.056 0.234 0.310 0.283 0.000
R,priority_scan,77,reg,,4,900,0.173828125,0.5354817708333334,0.244873046875,0.006220274501376674,0.86328125,0.000 -0.227 0.239 0.000
R,priority_scan,77,reg,,6,900,0.0263671875,0.46549479166666674,0.3006184895833333,0.013196766376495181,0.681640625,0.000 -0.479 0.037 0.135 0.361 -0.000
R,priority_scan,77,reg,,8,900,0.00390625,0.4353027343749999,0.3260498046875,0.13345676439779777,0.50390625,0.000 -0.399 0.008 0.084 0.260 0.433 0.415 0.000
R,priority_scan,88,reg,,4,300,0.1748046875,0.5388997395833335,0.23974609375,0.06291535165574813,0.76171875,0.000 -0.151 0.277 0.000
R,priority_scan,88,reg,,6,300,0.0234375,0.46503906250000004,0.2978515625,0.10768145322799663,0.4892578125,0.000 -0.263 0.043 0.270 0.381 -0.000
R,priority_scan,88,reg,,8,300,0.0009765625,0.4232700892857142,0.32958984375,0.1590357886420356,0.2607421875,0.000 -0.319 0.048 0.237 0.292 0.356 0.341 0.000
R,priority_scan,88,reg,,4,600,0.2001953125,0.5489908854166667,0.23681640625,-0.0008877780702379046,0.794921875,0.000 -0.239 0.237 0.000
R,priority_scan,88,reg,,6,600,0.01953125,0.4605468750000001,0.3025716145833333,0.05586942036946596,0.564453125,0.000 -0.287 -0.014 0.236 0.289 -0.000
R,priority_scan,88,reg,,8,600,0.001953125,0.4267229352678571,0.3311767578125,0.1634856948146113,0.361328125,0.000 -0.403 0.124 0.114 0.261 0.465 0.419 0.000
R,priority_scan,88,reg,,4,900,0.1943359375,0.5491536458333334,0.237060546875,0.027704305118984668,0.8056640625,0.000 -0.222 0.277 0.000
R,priority_scan,88,reg,,6,900,0.0322265625,0.4683593750000001,0.2976888020833333,0.10095303257306398,0.5791015625,0.000 -0.352 0.059 0.255 0.442 -0.000
R,priority_scan,88,reg,,8,900,0.0029296875,0.42867606026785704,0.330322265625,0.15722014285899974,0.40234375,0.000 -0.404 0.053 0.148 0.270 0.437 0.439 0.000
R,position_scan,11,reg,,4,300,0.23046875,0.5603841145833334,0.2333984375,-0.42971271055716054,0.814453125,0.031 -0.538 -0.329 -0.422
R,position_scan,11,reg,,6,300,0.0263671875,0.44309895833333346,0.3173828125,-0.6934611863560148,0.560546875,0.335 -0.563 -0.867 -0.720 -0.481 -0.836
R,position_scan,11,reg,,8,300,0.0,0.3890206473214285,0.359130859375,-0.9274157645210387,0.359375,0.637 -0.418 -0.967 -1.200 -1.184 -0.800 -0.699 -1.225
R,position_scan,11,reg,,4,600,0.6318359375,0.7898763020833333,0.11181640625,-0.15143337073149504,0.9013671875,0.098 -0.053 -0.175 -0.226
R,position_scan,11,reg,,6,600,0.2314453125,0.6133463541666667,0.21451822916666666,-0.24618908431794914,0.732421875,0.416 -0.151 -0.148 -0.198 -0.140 -0.594
R,position_scan,11,reg,,8,600,0.0380859375,0.5014997209821428,0.2850341796875,-0.3089656716301327,0.560546875,0.620 -0.039 -0.212 -0.298 -0.310 -0.196 -0.246 -0.862
R,position_scan,11,reg,,4,900,0.7578125,0.87939453125,0.0595703125,-0.09550871672453703,0.873046875,0.184 0.061 -0.149 -0.198
R,position_scan,11,reg,,6,900,0.3798828125,0.7458333333333333,0.13264973958333331,-0.1363986598120796,0.7080078125,0.362 0.091 -0.013 -0.134 -0.249 -0.377
R,position_scan,11,reg,,8,900,0.0927734375,0.6036551339285714,0.2164306640625,-0.18142972673688615,0.4755859375,0.610 0.118 0.197 -0.045 -0.251 -0.384 -0.294 -0.611
R,position_scan,22,reg,,4,300,0.314453125,0.60791015625,0.2080078125,-0.3955034414927165,0.8330078125,-0.008 -0.461 -0.321 -0.404
R,position_scan,22,reg,,6,300,0.0322265625,0.4686197916666668,0.3006184895833333,-0.5713644093937345,0.57421875,0.283 -0.458 -0.611 -0.562 -0.403 -0.823
R,position_scan,22,reg,,8,300,0.00390625,0.4056222098214285,0.3477783203125,-0.765311358466981,0.38671875,0.532 -0.381 -0.701 -0.760 -0.838 -0.715 -0.703 -1.258
R,position_scan,22,reg,,4,600,0.669921875,0.8282877604166666,0.0869140625,-0.1227195174605758,0.84375,0.110 -0.086 -0.150 -0.133
R,position_scan,22,reg,,6,600,0.306640625,0.6807291666666667,0.17203776041666666,-0.17045792606141838,0.6767578125,0.352 -0.123 -0.185 -0.185 -0.033 -0.326
R,position_scan,22,reg,,8,600,0.0517578125,0.5548618861607142,0.2479248046875,-0.2049792759002201,0.44921875,0.573 -0.064 -0.133 -0.297 -0.294 -0.100 -0.013 -0.533
R,position_scan,22,reg,,4,900,0.7392578125,0.8694661458333334,0.065185546875,0.12456787957085504,0.8994140625,-0.072 0.021 0.244 0.109
R,position_scan,22,reg,,6,900,0.3662109375,0.7400390625,0.13639322916666669,0.16493973467085093,0.744140625,0.045 -0.224 0.164 0.410 0.512 -0.038
R,position_scan,22,reg,,8,900,0.1015625,0.6196637834821428,0.2073974609375,0.17198867268032497,0.564453125,0.268 -0.439 -0.132 0.256 0.480 0.735 0.601 -0.298
R,position_scan,33,reg,,4,300,0.1611328125,0.5185546875,0.25537109375,-0.6603873217547381,0.7841796875,-0.065 -0.702 -0.582 -0.697
R,position_scan,33,reg,,6,300,0.0029296875,0.4098958333333334,0.3362630208333333,-0.932641393608517,0.5009765625,0.233 -0.708 -0.907 -0.951 -0.867 -1.231
R,position_scan,33,reg,,8,300,0.0,0.3917759486607142,0.3543701171875,-1.2549778014894515,0.2900390625,0.483 -0.645 -1.119 -1.331 -1.291 -1.297 -1.312 -1.790
R,position_scan,33,reg,,4,600,0.662109375,0.8160807291666667,0.095458984375,-0.1724092607144956,0.888671875,0.200 -0.043 -0.265 -0.209
R,position_scan,33,reg,,6,600,0.1982421875,0.6326822916666667,0.19791666666666666,-0.24439132875866365,0.6982421875,0.404 -0.001 -0.199 -0.372 -0.270 -0.381
R,position_scan,33,reg,,8,600,0.0400390625,0.531982421875,0.2623291015625,-0.31269591952127124,0.5361328125,0.645 0.077 -0.060 -0.357 -0.535 -0.492 -0.260 -0.563
R,position_scan,33,reg,,4,900,0.7470703125,0.8728841145833333,0.063720703125,0.027079935427065254,0.88671875,0.139 0.161 -0.006 -0.073
R,position_scan,33,reg,,6,900,0.4072265625,0.7434244791666667,0.13623046875,0.011172625753614596,0.7490234375,0.307 0.065 0.215 0.025 -0.037 -0.213
R,position_scan,33,reg,,8,900,0.158203125,0.6450544084821428,0.1944580078125,-0.0031147684369768414,0.58984375,0.546 -0.001 0.194 0.207 -0.036 -0.001 0.032 -0.417
R,position_scan,44,reg,,4,300,0.3896484375,0.6398111979166666,0.1943359375,-0.04013781194333677,0.7724609375,0.255 0.007 0.104 -0.232
R,position_scan,44,reg,,6,300,0.0791015625,0.4888671875,0.28873697916666663,-0.07537459002600781,0.556640625,0.608 0.045 0.014 0.134 0.025 -0.595
R,position_scan,44,reg,,8,300,0.009765625,0.4081682477678571,0.3466796875,-0.13152709082951622,0.314453125,0.972 0.180 0.144 -0.101 0.054 0.047 -0.266 -0.979
R,position_scan,44,reg,,4,600,0.5947265625,0.783203125,0.111572265625,0.08660934589527271,0.830078125,0.010 0.036 0.189 0.035
R,position_scan,44,reg,,6,600,0.1904296875,0.6219401041666667,0.20442708333333331,0.08929546011818776,0.6181640625,0.218 -0.272 0.117 0.326 0.403 -0.127
R,position_scan,44,reg,,8,600,0.0263671875,0.5204380580357142,0.2686767578125,0.1044539421323746,0.4306640625,0.304 -0.421 -0.208 0.197 0.352 0.597 0.466 -0.250
R,position_scan,44,reg,,4,900,0.7314453125,0.8619791666666667,0.0693359375,0.058964667496857824,0.8779296875,-0.077 -0.069 0.150 0.096
R,position_scan,44,reg,,6,900,0.3857421875,0.7447265625,0.13362630208333331,0.013604813151889331,0.748046875,0.097 -0.392 -0.098 0.126 0.444 -0.012
R,position_scan,44,reg,,8,900,0.0986328125,0.6299525669642858,0.2003173828125,-0.06088987229362365,0.6220703125,0.332 -0.620 -0.424 -0.258 0.021 0.528 0.569 -0.242
R,position_scan,55,reg,,4,300,0.3193359375,0.61083984375,0.206298828125,0.18566131591796875,0.7783203125,0.337 0.240 0.392 -0.076
R,position_scan,55,reg,,6,300,0.056640625,0.4757161458333334,0.2957356770833333,0.28953919145796025,0.5068359375,0.725 0.360 0.517 0.605 0.413 -0.448
R,position_scan,55,reg,,8,300,0.00390625,0.4062848772321428,0.3465576171875,0.34211491781567765,0.2744140625,1.114 0.441 0.460 0.720 0.698 0.659 0.161 -0.746
R,position_scan,55,reg,,4,600,0.4892578125,0.720703125,0.144775390625,-0.3067163184837059,0.8291015625,-0.045 -0.397 -0.357 -0.166
R,position_scan,55,reg,,6,600,0.0908203125,0.5479166666666667,0.24853515625,-0.46135175890392743,0.6396484375,0.143 -0.548 -0.625 -0.553 -0.267 -0.314
R,position_scan,55,reg,,8,600,0.009765625,0.4659946986607142,0.3046875,-0.6105998205760168,0.4228515625,0.336 -0.603 -0.798 -0.853 -0.890 -0.515 -0.104 -0.512
R,position_scan,55,reg,,4,900,0.7587890625,0.88427734375,0.056640625,-0.02528159706680864,0.8779296875,0.009 -0.139 -0.029 0.091
R,position_scan,55,reg,,6,900,0.41015625,0.7610026041666667,0.12483723958333333,-0.08052357700135979,0.71484375,0.188 -0.257 -0.167 -0.109 0.154 -0.025
R,position_scan,55,reg,,8,900,0.1650390625,0.6697823660714286,0.177734375,-0.08943353380475727,0.5634765625,0.417 -0.285 -0.217 -0.200 -0.150 0.060 0.365 -0.199
R,position_scan,66,reg,,4,300,0.326171875,0.6051432291666666,0.21142578125,-0.020915402306450743,0.7802734375,0.380 0.159 0.148 -0.370
R,position_scan,66,reg,,6,300,0.03125,0.44479166666666675,0.3167317708333333,0.0542598697874281,0.5341796875,0.834 0.463 0.464 0.291 -0.095 -0.851
R,position_scan,66,reg,,8,300,0.0009765625,0.361572265625,0.3795166015625,0.09174208792429124,0.2763671875,1.256 0.655 0.726 0.569 0.358 0.071 -0.462 -1.275
R,position_scan,66,reg,,4,600,0.603515625,0.7840169270833334,0.112548828125,0.09944664107428657,0.8720703125,0.096 0.167 0.143 -0.011
R,position_scan,66,reg,,6,600,0.203125,0.61328125,0.21207682291666666,0.1429944965574476,0.6875,0.324 0.086 0.300 0.262 0.292 -0.224
R,position_scan,66,reg,,8,600,0.0380859375,0.5141950334821428,0.273681640625,0.1985285774109855,0.44140625,0.478 0.079 0.258 0.355 0.358 0.464 0.304 -0.428
R,position_scan,66,reg,,4,900,0.7568359375,0.87353515625,0.064453125,-0.10925650596618652,0.9072265625,0.037 -0.149 -0.153 -0.025
R,position_scan,66,reg,,6,900,0.4345703125,0.7595052083333333,0.126953125,-0.15228780772950917,0.748046875,0.175 -0.212 -0.188 -0.231 0.091 -0.222
R,position_scan,66,reg,,8,900,0.1708984375,0.6591448102678572,0.18603515625,-0.19240131453862266,0.6181640625,0.399 -0.243 -0.253 -0.279 -0.374 0.025 0.235 -0.457
R,position_scan,77,reg,,4,300,0.30078125,0.6013997395833333,0.2119140625,-0.23934315752100063,0.791015625,0.021 -0.242 -0.088 -0.387
R,position_scan,77,reg,,6,300,0.0498046875,0.48658854166666676,0.2869466145833333,-0.36344228850470656,0.541015625,0.374 -0.364 -0.217 -0.238 -0.201 -0.797
R,position_scan,77,reg,,8,300,0.00390625,0.4073311941964285,0.3465576171875,-0.42142353360615076,0.3125,0.636 -0.214 -0.325 -0.218 -0.165 -0.236 -0.551 -1.241
R,position_scan,77,reg,,4,600,0.6513671875,0.8056640625,0.10205078125,-0.11014527744717068,0.8837890625,-0.010 -0.141 -0.055 -0.135
R,position_scan,77,reg,,6,600,0.240234375,0.6410156250000001,0.19547526041666666,-0.1900550193256803,0.6982421875,0.175 -0.328 -0.184 -0.111 0.026 -0.353
R,position_scan,77,reg,,8,600,0.0556640625,0.5326799665178571,0.2635498046875,-0.267873624014476,0.525390625,0.336 -0.389 -0.319 -0.379 -0.184 0.006 0.006 -0.616
R,position_scan,77,reg,,4,900,0.7783203125,0.8829752604166666,0.0595703125,-0.02743937351085522,0.9013671875,0.028 0.030 -0.103 -0.009
R,position_scan,77,reg,,6,900,0.4423828125,0.7723958333333334,0.11946614583333333,-0.02051340209113232,0.736328125,0.209 -0.042 0.088 -0.060 0.043 -0.131
R,position_scan,77,reg,,8,900,0.1884765625,0.66650390625,0.18115234375,-0.054508125971234035,0.6171875,0.489 -0.184 0.159 0.078 -0.114 -0.102 0.138 -0.357
R,position_scan,88,reg,,4,300,0.3447265625,0.6209309895833334,0.201904296875,-0.07194739800912361,0.80078125,0.133 -0.042 0.110 -0.284
R,position_scan,88,reg,,6,300,0.0712890625,0.49843750000000003,0.27897135416666663,-0.13120385673311027,0.5048828125,0.435 -0.027 0.054 0.052 -0.089 -0.647
R,position_scan,88,reg,,8,300,0.00390625,0.41242327008928564,0.3411865234375,-0.1394152452075292,0.2666015625,0.745 0.132 0.103 0.150 0.095 0.003 -0.386 -1.073
R,position_scan,88,reg,,4,600,0.599609375,0.77880859375,0.11474609375,-0.04081191839995208,0.8427734375,0.137 0.148 -0.054 -0.216
R,position_scan,88,reg,,6,600,0.1943359375,0.6099609375,0.21256510416666666,-0.06804019874996614,0.6484375,0.366 0.123 0.220 -0.041 -0.157 -0.485
R,position_scan,88,reg,,8,600,0.0341796875,0.5012555803571428,0.283447265625,-0.09329067336188424,0.44140625,0.515 0.143 0.345 0.180 -0.062 -0.249 -0.302 -0.709
R,position_scan,88,reg,,4,900,0.703125,0.8427734375,0.08056640625,0.14556107697663487,0.896484375,0.020 0.081 0.240 0.115
R,position_scan,88,reg,,6,900,0.2890625,0.688671875,0.166015625,0.16566546095742113,0.7216796875,0.159 -0.150 0.199 0.381 0.484 -0.085
R,position_scan,88,reg,,8,900,0.0849609375,0.5954241071428572,0.22265625,0.20047980641561838,0.5830078125,0.391 -0.334 -0.047 0.310 0.539 0.680 0.586 -0.331
R,phase_scan,11,reg,,4,300,0.455078125,0.67626953125,0.175048828125,-0.04781603813171387,0.0,0.221 0.079 -0.270 0.047
R,phase_scan,11,reg,,6,300,0.1005859375,0.5056640625000001,0.2779947916666667,-0.05200857586330858,0.0,0.624 0.307 0.037 -0.354 -0.021 -0.229
R,phase_scan,11,reg,,8,300,0.0078125,0.43080357142857134,0.330078125,-0.08587326322283063,0.0,0.974 0.272 0.530 -0.091 -0.520 -0.619 0.346 -0.519
R,phase_scan,11,reg,,4,600,0.7060546875,0.8424479166666667,0.08154296875,0.020535301279138638,0.0,-0.092 -0.041 0.034 0.069
R,phase_scan,11,reg,,6,600,0.2763671875,0.6784505208333333,0.17138671875,-0.0825012988514371,0.0,0.232 -0.438 -0.126 0.112 0.285 -0.245
R,phase_scan,11,reg,,8,600,0.08984375,0.583740234375,0.2310791015625,-0.16589775918022034,0.0,0.543 -0.742 -0.094 -0.347 0.057 0.023 0.522 -0.581
R,phase_scan,11,reg,,4,900,0.7646484375,0.884765625,0.056640625,-0.13231140595895274,0.0,-0.131 -0.142 -0.182 -0.073
R,phase_scan,11,reg,,6,900,0.3564453125,0.7337890625,0.13948567708333331,-0.3831961221165129,0.0,0.154 -0.585 -0.434 -0.262 -0.292 -0.343
R,phase_scan,11,reg,,8,900,0.060546875,0.5684988839285714,0.23876953125,-0.5144195329575313,0.0,0.465 -0.884 -0.244 -0.744 -0.472 -0.634 0.104 -0.727
R,phase_scan,22,reg,,4,300,0.44921875,0.67529296875,0.1748046875,-0.12732885502002855,0.005859375,0.100 0.126 -0.264 -0.245
R,phase_scan,22,reg,,6,300,0.1103515625,0.5210286458333334,0.2685546875,-0.19387732611762173,0.0,0.451 0.156 0.185 -0.278 -0.395 -0.637
R,phase_scan,22,reg,,8,300,0.0048828125,0.4151436941964285,0.3411865234375,-0.3027044591449556,0.0,0.787 0.023 0.488 0.083 -0.379 -0.744 -0.557 -1.033
R,phase_scan,22,reg,,4,600,0.6884765625,0.8434244791666667,0.077392578125,-0.0027755454734519672,0.001953125,-0.040 0.024 0.023 -0.055
R,phase_scan,22,reg,,6,600,0.244140625,0.6583984375,0.18294270833333334,-0.08945716089672531,0.0,0.241 -0.159 0.001 0.171 -0.027 -0.433
R,phase_scan,22,reg,,8,600,0.052734375,0.544189453125,0.2548828125,-0.11867924342079768,0.0,0.595 -0.491 0.206 -0.087 0.223 -0.169 0.290 -0.803
R,phase_scan,22,reg,,4,900,0.763671875,0.8885091145833334,0.0537109375,-0.03857073960480867,0.0,-0.170 -0.186 -0.053 0.123
R,phase_scan,22,reg,,6,900,0.29296875,0.6958333333333333,0.16064453125,-0.21033293671078157,0.0,0.155 -0.738 -0.449 -0.012 0.290 -0.143
R,phase_scan,22,reg,,8,900,0.0458984375,0.5533621651785714,0.2484130859375,-0.3049969105493456,0.0,0.481 -1.010 -0.395 -0.711 -0.149 -0.089 0.699 -0.479
R,phase_scan,33,reg,,4,300,0.3984375,0.65283203125,0.184326171875,0.1458517268851951,0.0,0.320 0.326 0.207 -0.096
R,phase_scan,33,reg,,6,300,0.06640625,0.4897786458333334,0.2872721354166667,0.2310170465045503,0.0,0.748 0.388 0.653 0.325 0.284 -0.495
R,phase_scan,33,reg,,8,300,0.0,0.39770507812499994,0.35546875,0.24451745880974668,0.0,1.105 0.382 0.631 0.692 0.484 0.171 0.255 -0.904
R,phase_scan,33,reg,,4,600,0.7529296875,0.8720703125,0.06494140625,0.03154118855794271,0.0,-0.076 -0.063 0.059 0.099
R,phase_scan,33,reg,,6,600,0.322265625,0.7016927083333333,0.15869140625,-0.03410171137915722,0.0,0.217 -0.320 -0.179 0.168 0.395 -0.234
R,phase_scan,33,reg,,8,600,0.0810546875,0.5930873325892857,0.223388671875,-0.061143296105521085,0.0,0.554 -0.654 -0.002 -0.308 0.250 0.120 0.749 -0.583
R,phase_scan,33,reg,,4,900,0.7939453125,0.9010416666666667,0.048095703125,-0.01843161053127713,0.0,-0.114 -0.106 -0.089 0.139
R,phase_scan,33,reg,,6,900,0.388671875,0.7493489583333334,0.13118489583333331,-0.17330142524507317,0.0,0.144 -0.463 -0.323 -0.035 0.086 -0.132
R,phase_scan,33,reg,,8,900,0.1298828125,0.6391950334821428,0.196044921875,-0.23306231650095136,0.0,0.484 -0.808 -0.138 -0.527 -0.056 -0.333 0.683 -0.453
R,phase_scan,44,reg,,4,300,0.421875,0.6604817708333333,0.181884765625,-0.13938833166051792,0.005859375,0.059 0.117 -0.286 -0.249
R,phase_scan,44,reg,,6,300,0.060546875,0.4899739583333334,0.28597005208333326,-0.31902470853593634,0.0,0.409 0.061 0.088 -0.409 -0.695 -0.640
R,phase_scan,44,reg,,8,300,0.0009765625,0.4188406808035714,0.338134765625,-0.42280997548784527,0.0,0.762 -0.049 0.381 -0.022 -0.573 -0.968 -0.702 -1.026
R,phase_scan,44,reg,,4,600,0.6904296875,0.8307291666666667,0.087890625,0.009710965333161528,0.0,-0.013 0.093 0.001 -0.064
R,phase_scan,44,reg,,6,600,0.2646484375,0.6618489583333333,0.18326822916666666,-0.04415987597571499,0.0,0.328 -0.008 0.066 0.116 0.051 -0.445
R,phase_scan,44,reg,,8,600,0.07421875,0.5514090401785714,0.2520751953125,-0.08812414275275336,0.0,0.652 -0.450 0.359 0.031 0.217 -0.164 0.226 -0.835
R,phase_scan,44,reg,,4,900,0.7685546875,0.8798828125,0.06103515625,-0.05634188652038574,0.0,0.052 -0.114 -0.021 -0.035
R,phase_scan,44,reg,,6,900,0.43359375,0.7554687499999999,0.1298828125,-0.18134350246853306,0.0,0.388 -0.160 -0.386 0.024 -0.051 -0.333
R,phase_scan,44,reg,,8,900,0.126953125,0.6211286272321429,0.20849609375,-0.2613400656079489,0.0,0.768 -0.365 0.042 -0.717 -0.064 -0.284 0.272 -0.714
R,phase_scan,55,reg,,4,300,0.3330078125,0.6087239583333334,0.20751953125,-0.26950195983604147,0.0078125,0.055 -0.032 -0.461 -0.315
R,phase_scan,55,reg,,6,300,0.0390625,0.4679687500000001,0.2958984375,-0.3885129160351224,0.0,0.444 -0.172 -0.033 -0.536 -0.477 -0.725
R,phase_scan,55,reg,,8,300,0.0029296875,0.3882533482142857,0.3560791015625,-0.48468304058862105,0.0,0.834 -0.305 0.212 -0.075 -0.696 -0.865 -0.500 -1.164
R,phase_scan,55,reg,,4,600,0.6787109375,0.8357747395833333,0.08251953125,0.14349425280535663,0.0009765625,0.069 0.293 0.089 0.049
R,phase_scan,55,reg,,6,600,0.1923828125,0.6199218750000001,0.20507812499999997,0.25533331765068884,0.0,0.386 0.414 0.487 0.340 0.327 -0.292
R,phase_scan,55,reg,,8,600,0.0283203125,0.5145438058035714,0.2744140625,0.2783617897639199,0.0,0.719 -0.136 0.849 0.644 0.576 0.115 0.545 -0.644
R,phase_scan,55,reg,,4,900,0.76171875,0.8780924479166667,0.0615234375,0.0030950705210367885,0.0,-0.089 -0.121 0.060 0.071
R,phase_scan,55,reg,,6,900,0.369140625,0.7319661458333333,0.14225260416666666,-0.0747995840178596,0.0,0.174 -0.387 -0.224 0.245 0.213 -0.221
R,phase_scan,55,reg,,8,900,0.142578125,0.6395438058035714,0.1968994140625,-0.07493331318809872,0.0,0.516 -0.686 -0.012 -0.298 0.432 0.018 0.582 -0.560
R,phase_scan,66,reg,,4,300,0.3349609375,0.59716796875,0.21484375,-0.09306558856257685,0.0009765625,0.386 0.270 -0.282 -0.267
R,phase_scan,66,reg,,6,300,0.0458984375,0.43287760416666676,0.3173828125,-0.10991703139411098,0.0,0.858 0.390 0.297 -0.351 -0.130 -0.756
R,phase_scan,66,reg,,8,300,0.0,0.32334681919642855,0.3974609375,-0.1182045255388532,0.0,1.373 0.463 0.668 0.374 -0.370 -0.577 -0.141 -1.245
R,phase_scan,66,reg,,4,600,0.703125,0.8444010416666667,0.079345703125,0.003980309874923142,0.001953125,0.022 0.109 -0.085 -0.012
R,phase_scan,66,reg,,6,600,0.3037109375,0.6973307291666667,0.16064453125,-0.06189941035376676,0.0,0.375 0.046 0.094 0.020 -0.131 -0.338
R,phase_scan,66,reg,,8,600,0.091796875,0.5826590401785715,0.2305908203125,-0.08580548422677177,0.0,0.710 -0.332 0.344 0.024 0.070 -0.233 0.208 -0.682
R,phase_scan,66,reg,,4,900,0.7958984375,0.9021809895833334,0.0478515625,0.02335777989140263,0.0,-0.062 -0.025 -0.012 0.107
R,phase_scan,66,reg,,6,900,0.4326171875,0.7777994791666667,0.11474609375,-0.024384167459276036,0.0,0.236 -0.164 -0.167 0.098 0.246 -0.135
R,phase_scan,66,reg,,8,900,0.1572265625,0.6723284040178572,0.17578125,-0.04963078196086579,0.0,0.586 -0.501 0.215 -0.286 0.131 -0.062 0.619 -0.464
R,phase_scan,77,reg,,4,300,0.296875,0.5804036458333334,0.22119140625,-0.0328040564501727,0.00390625,0.122 0.050 0.060 -0.209
R,phase_scan,77,reg,,6,300,0.03515625,0.4552734375000001,0.30501302083333337,-0.09631296661165047,0.0,0.546 -0.139 0.138 -0.028 0.256 -0.709
R,phase_scan,77,reg,,8,300,0.0,0.3650251116071428,0.3695068359375,-0.10691788461473253,0.0,0.947 -0.122 0.236 0.192 0.006 0.079 0.076 -1.216
R,phase_scan,77,reg,,4,600,0.7158203125,0.8518880208333333,0.074951171875,-0.07583803600735134,0.0,-0.097 -0.069 -0.155 -0.004
R,phase_scan,77,reg,,6,600,0.2373046875,0.653125,0.18668619791666663,-0.25972273614671504,0.0,0.241 -0.303 -0.246 -0.099 -0.297 -0.353
R,phase_scan,77,reg,,8,600,0.056640625,0.5508161272321429,0.2510986328125,-0.34065411204383483,0.0,0.570 -0.630 0.112 -0.469 -0.183 -0.619 0.144 -0.738
R,phase_scan,77,reg,,4,900,0.79296875,0.888671875,0.05712890625,0.0010704994201660202,0.0,-0.110 -0.078 -0.025 0.107
R,phase_scan,77,reg,,6,900,0.359375,0.7333333333333334,0.140625,-0.06939787334865999,0.0,0.149 -0.268 -0.253 0.058 0.289 -0.173
R,phase_scan,77,reg,,8,900,0.1201171875,0.635009765625,0.1983642578125,-0.06496582712445942,0.0,0.459 -0.696 0.200 -0.364 0.214 0.002 0.703 -0.514
R,phase_scan,88,reg,,4,300,0.4677734375,0.69970703125,0.158203125,0.03248832843921803,0.001953125,-0.007 0.130 0.039 -0.071
R,phase_scan,88,reg,,6,300,0.107421875,0.5208333333333334,0.2685546875,-0.010001507070329652,0.0,0.323 -0.019 0.203 0.128 0.062 -0.424
R,phase_scan,88,reg,,8,300,0.015625,0.4476492745535714,0.318115234375,-0.03570325790889677,0.0,0.675 -0.319 0.445 0.306 0.150 -0.129 0.100 -0.802
R,phase_scan,88,reg,,4,600,0.7412109375,0.8719075520833333,0.0634765625,0.002136716136225949,0.0,-0.068 -0.032 0.016 0.022
R,phase_scan,88,reg,,6,600,0.3310546875,0.7076171875,0.15511067708333331,-0.09484295712576976,0.0,0.242 -0.284 -0.204 0.110 0.207 -0.303
R,phase_scan,88,reg,,8,600,0.099609375,0.5919363839285714,0.2257080078125,-0.1459533449203249,0.0,0.555 -0.631 0.116 -0.385 0.061 0.010 0.463 -0.656
R,phase_scan,88,reg,,4,900,0.7373046875,0.8655598958333333,0.067626953125,0.18342291867291483,0.0,0.123 0.295 0.166 0.090
R,phase_scan,88,reg,,6,900,0.314453125,0.7106119791666667,0.15218098958333331,0.348707252078586,0.0,0.396 0.555 0.436 0.441 0.490 -0.178
R,phase_scan,88,reg,,8,900,0.044921875,0.5592215401785714,0.2447509765625,0.4106809790172274,0.0,0.752 0.191 0.917 0.591 0.668 0.328 0.675 -0.494
C,priority_competitive,11,ce,1.0,4,300,0.8408203125,0.9713541666666667,0.0,0.011216137144300642,,-1.111 -0.672 0.695 1.111
C,priority_competitive,11,ce,1.0,6,300,0.6181640625,0.9690755208333335,0.0,0.016712794701258193,,-1.111 -1.182 -0.280 0.409 1.120 1.111
C,priority_competitive,11,ce,1.0,8,300,0.4375,0.9710867745535713,0.0,0.14707069706033774,,-1.111 -1.285 -0.523 -0.039 0.531 0.861 1.338 1.111
C,priority_competitive,11,ce,1.0,4,600,0.8984375,0.9827473958333335,0.0,-0.008236832088894253,,-1.111 -0.650 0.634 1.111
C,priority_competitive,11,ce,1.0,6,600,0.7587890625,0.9819661458333333,0.0,0.07936614255110402,,-1.111 -1.195 -0.148 0.449 1.211 1.111
C,priority_competitive,11,ce,1.0,8,600,0.6005859375,0.982142857142857,0.0,0.14855292108323837,,-1.111 -1.254 -0.480 -0.019 0.407 0.901 1.335 1.111
C,priority_competitive,11,ce,1.0,4,900,0.9033203125,0.9832356770833334,0.0,0.06261481179131406,,-1.111 -0.671 0.796 1.111
C,priority_competitive,11,ce,1.0,6,900,0.7783203125,0.9838541666666667,0.0,0.09750651816527028,,-1.111 -1.177 -0.168 0.514 1.221 1.111
C,priority_competitive,11,ce,1.0,8,900,0.6376953125,0.9838169642857142,0.0,0.14089122966483789,,-1.111 -1.313 -0.495 -0.017 0.410 0.932 1.328 1.111
C,priority_competitive,22,ce,1.0,4,300,0.8525390625,0.9729817708333334,0.0,0.01795715755886501,,-1.111 -0.674 0.710 1.111
C,priority_competitive,22,ce,1.0,6,300,0.6796875,0.9749348958333335,0.0,0.11644887427488948,,-1.111 -1.048 -0.135 0.497 1.152 1.111
C,priority_competitive,22,ce,1.0,8,300,0.501953125,0.9756208147321428,0.0,0.14873924078764736,,-1.111 -1.345 -0.511 -0.026 0.467 1.028 1.280 1.111
C,priority_competitive,22,ce,1.0,4,600,0.8818359375,0.9791666666666666,0.0,-0.0067667828665839425,,-1.111 -0.695 0.682 1.111
C,priority_competitive,22,ce,1.0,6,600,0.732421875,0.9796223958333334,0.0,0.05158315102259303,,-1.111 -1.167 -0.284 0.458 1.199 1.111
C,priority_competitive,22,ce,1.0,8,600,0.5693359375,0.9801199776785713,0.0,0.1551095423875032,,-1.111 -1.385 -0.478 0.009 0.451 1.010 1.324 1.111
C,priority_competitive,22,ce,1.0,4,900,0.9111328125,0.98486328125,0.0,-0.023365881707933245,,-1.111 -0.708 0.662 1.111
C,priority_competitive,22,ce,1.0,6,900,0.794921875,0.9848958333333334,0.0,0.055717428525288715,,-1.111 -1.193 -0.204 0.432 1.188 1.111
C,priority_competitive,22,ce,1.0,8,900,0.6767578125,0.9860142299107142,0.0,0.12249268867351389,,-1.111 -1.415 -0.545 0.000 0.431 0.938 1.326 1.111
C,priority_competitive,33,ce,1.0,4,300,0.8466796875,0.97216796875,0.0,-0.01841902732849121,,-1.111 -0.721 0.684 1.111
C,priority_competitive,33,ce,1.0,6,300,0.630859375,0.9688802083333334,0.0,0.06800313790639226,,-1.111 -1.162 -0.175 0.465 1.144 1.111
C,priority_competitive,33,ce,1.0,8,300,0.4560546875,0.9725516183035714,0.0,0.18330753953368575,,-1.111 -1.214 -0.480 0.118 0.492 0.878 1.305 1.111
C,priority_competitive,33,ce,1.0,4,600,0.861328125,0.9752604166666666,0.0,0.06419201691945392,,-1.111 -0.622 0.750 1.111
C,priority_competitive,33,ce,1.0,6,600,0.703125,0.9766927083333334,0.0,0.11071624855200432,,-1.111 -1.093 -0.227 0.520 1.243 1.111
C,priority_competitive,33,ce,1.0,8,600,0.5654296875,0.9792131696428571,0.0,0.15232173381028355,,-1.111 -1.324 -0.489 0.046 0.468 0.841 1.372 1.111
C,priority_competitive,33,ce,1.0,4,900,0.90625,0.9842122395833334,0.0,0.01849717564053005,,-1.111 -0.674 0.711 1.111
C,priority_competitive,33,ce,1.0,6,900,0.7939453125,0.9841796875000001,0.0,0.11520087718963606,,-1.111 -1.143 -0.115 0.502 1.217 1.111
C,priority_competitive,33,ce,1.0,8,900,0.673828125,0.985804966517857,0.0,0.17788367138968578,,-1.111 -1.375 -0.420 0.012 0.439 1.023 1.388 1.111
C,priority_competitive,44,ce,1.0,4,300,0.8291015625,0.9684244791666667,0.0,0.016206767823961077,,-1.111 -0.750 0.783 1.111
C,priority_competitive,44,ce,1.0,6,300,0.6328125,0.9702473958333335,0.0,0.060688133041063685,,-1.111 -1.166 -0.261 0.457 1.214 1.111
C,priority_competitive,44,ce,1.0,8,300,0.451171875,0.9714355468749999,0.0,0.11019984881083171,,-1.111 -1.287 -0.445 -0.159 0.401 0.940 1.213 1.111
C,priority_competitive,44,ce,1.0,4,600,0.8681640625,0.9767252604166667,0.0,-0.055380331145392536,,-1.111 -0.746 0.635 1.111
C,priority_competitive,44,ce,1.0,6,600,0.724609375,0.9788411458333334,0.0,0.04692661265532161,,-1.111 -1.192 -0.219 0.450 1.149 1.111
C,priority_competitive,44,ce,1.0,8,600,0.5576171875,0.9797363281249999,0.0,0.15184232482203727,,-1.111 -1.213 -0.538 -0.015 0.410 0.949 1.318 1.111
C,priority_competitive,44,ce,1.0,4,900,0.9248046875,0.9874674479166666,0.0,0.044310424062940834,,-1.111 -0.672 0.761 1.111
C,priority_competitive,44,ce,1.0,6,900,0.8193359375,0.9862630208333334,0.0,0.059693381190299794,,-1.111 -1.199 -0.234 0.473 1.199 1.111
C,priority_competitive,44,ce,1.0,8,900,0.701171875,0.9870256696428571,0.0,0.12310392326778828,,-1.111 -1.334 -0.444 -0.069 0.404 0.884 1.296 1.111
C,priority_competitive,55,ce,1.0,4,300,0.8408203125,0.9707031250000001,0.0,0.023330781194898842,,-1.111 -0.624 0.670 1.111
C,priority_competitive,55,ce,1.0,6,300,0.591796875,0.9668619791666668,0.0,0.1403245826562244,,-1.111 -1.000 -0.096 0.484 1.173 1.111
C,priority_competitive,55,ce,1.0,8,300,0.3828125,0.9669712611607142,0.0,0.1838105585840014,,-1.111 -1.189 -0.454 0.113 0.406 1.015 1.213 1.111
C,priority_competitive,55,ce,1.0,4,600,0.8876953125,0.9806315104166667,0.0,0.017287002669440388,,-1.111 -0.675 0.710 1.111
C,priority_competitive,55,ce,1.0,6,600,0.7236328125,0.9786458333333334,0.0,0.08760010202725713,,-1.111 -1.130 -0.207 0.468 1.219 1.111
C,priority_competitive,55,ce,1.0,8,600,0.5498046875,0.9790387834821428,0.0,0.14725778941754944,,-1.111 -1.258 -0.481 -0.025 0.404 0.921 1.322 1.111
C,priority_competitive,55,ce,1.0,4,900,0.9365234375,0.9894205729166667,0.0,0.014854205979241253,,-1.111 -0.692 0.722 1.111
C,priority_competitive,55,ce,1.0,6,900,0.857421875,0.9897786458333333,0.0,0.0683277845382689,,-1.111 -1.184 -0.208 0.420 1.245 1.111
C,priority_competitive,55,ce,1.0,8,900,0.771484375,0.9910365513392857,0.0,0.1495630652816207,,-1.111 -1.343 -0.514 -0.068 0.451 1.006 1.365 1.111
C,priority_competitive,66,ce,1.0,4,300,0.8310546875,0.9694010416666667,0.0,-0.03993431727091473,,-1.111 -0.684 0.604 1.111
C,priority_competitive,66,ce,1.0,6,300,0.6298828125,0.9703125000000001,0.0,0.05638400713602684,,-1.111 -1.130 -0.180 0.396 1.139 1.111
C,priority_competitive,66,ce,1.0,8,300,0.423828125,0.9714704241071428,0.0,0.09437182435282954,,-1.111 -1.291 -0.560 -0.113 0.362 0.919 1.249 1.111
C,priority_competitive,66,ce,1.0,4,600,0.8720703125,0.97705078125,0.0,0.03518144289652503,,-1.111 -0.659 0.729 1.111
C,priority_competitive,66,ce,1.0,6,600,0.734375,0.9787760416666668,0.0,0.10548857351144139,,-1.111 -1.135 -0.227 0.571 1.212 1.111
C,priority_competitive,66,ce,1.0,8,600,0.5439453125,0.9798060825892856,0.0,0.12831944006460683,,-1.111 -1.351 -0.479 -0.029 0.474 0.943 1.212 1.111
C,priority_competitive,66,ce,1.0,4,900,0.9189453125,0.9855143229166667,0.0,0.03923793633778888,,-1.111 -0.656 0.735 1.111
C,priority_competitive,66,ce,1.0,6,900,0.7939453125,0.9852213541666668,0.0,0.08651370803515096,,-1.111 -1.144 -0.192 0.452 1.230 1.111
C,priority_competitive,66,ce,1.0,8,900,0.68359375,0.9862234933035714,0.0,0.1342502898640103,,-1.111 -1.371 -0.468 -0.001 0.439 0.945 1.261 1.111
C,priority_competitive,77,ce,1.0,4,300,0.85546875,0.9728190104166667,0.0,0.04772418075137663,,-1.111 -0.654 0.750 1.111
C,priority_competitive,77,ce,1.0,6,300,0.6650390625,0.9729166666666667,0.0,0.0286145011583962,,-1.111 -1.203 -0.293 0.481 1.129 1.111
C,priority_competitive,77,ce,1.0,8,300,0.5166015625,0.9765276227678571,0.0,0.12351755742673527,,-1.111 -1.283 -0.480 -0.092 0.396 0.964 1.237 1.111
C,priority_competitive,77,ce,1.0,4,600,0.8779296875,0.978515625,0.0,0.0017544958326551896,,-1.111 -0.691 0.695 1.111
C,priority_competitive,77,ce,1.0,6,600,0.734375,0.9799479166666667,0.0,0.0629034141699471,,-1.111 -1.151 -0.190 0.436 1.156 1.111
C,priority_competitive,77,ce,1.0,8,600,0.59765625,0.9810267857142857,0.0,0.1484807773872658,,-1.111 -1.288 -0.510 -0.003 0.330 0.985 1.377 1.111
C,priority_competitive,77,ce,1.0,4,900,0.91015625,0.984375,0.0,0.011816289689805748,,-1.111 -0.701 0.724 1.111
C,priority_competitive,77,ce,1.0,6,900,0.787109375,0.9845703125000002,0.0,0.05091592669486983,,-1.111 -1.173 -0.209 0.434 1.152 1.111
C,priority_competitive,77,ce,1.0,8,900,0.66015625,0.9848981584821428,0.0,0.13711577212369,,-1.111 -1.370 -0.584 0.066 0.458 0.979 1.274 1.111
C,priority_competitive,88,ce,1.0,4,300,0.810546875,0.9661458333333334,0.0,0.07440123293134904,,-1.111 -0.576 0.724 1.111
C,priority_competitive,88,ce,1.0,6,300,0.576171875,0.9632161458333335,0.0,0.13170510530471785,,-1.111 -1.047 -0.161 0.565 1.170 1.111
C,priority_competitive,88,ce,1.0,8,300,0.37890625,0.966029575892857,0.0,0.2025985828152409,,-1.111 -1.186 -0.495 0.143 0.469 1.019 1.267 1.111
C,priority_competitive,88,ce,1.0,4,600,0.861328125,0.9755859375,0.0,0.0005304813385009766,,-1.111 -0.723 0.724 1.111
C,priority_competitive,88,ce,1.0,6,600,0.673828125,0.9737630208333334,0.0,0.05883107582728048,,-1.111 -1.148 -0.313 0.527 1.170 1.111
C,priority_competitive,88,ce,1.0,8,600,0.498046875,0.9758649553571428,0.0,0.1519969767994351,,-1.111 -1.295 -0.521 -0.004 0.492 0.928 1.313 1.111
C,priority_competitive,88,ce,1.0,4,900,0.9443359375,0.9905598958333334,0.0,0.07290224234263104,,-1.111 -0.576 0.722 1.111
C,priority_competitive,88,ce,1.0,6,900,0.8251953125,0.9873697916666667,0.0,0.11035795013109828,,-1.111 -1.158 -0.116 0.506 1.209 1.111
C,priority_competitive,88,ce,1.0,8,900,0.7138671875,0.9881417410714284,0.0,0.16857329342100355,,-1.111 -1.324 -0.443 -0.049 0.434 1.065 1.328 1.111
C,position_competitive,11,ce,1.0,4,300,0.8349609375,0.9710286458333334,0.0,0.15717422520672836,,-0.287 -0.375 0.546 0.300
C,position_competitive,11,ce,1.0,6,300,0.5869140625,0.9664713541666667,0.0,0.08801547023985117,,-0.307 -1.078 -0.472 0.612 1.086 0.291
C,position_competitive,11,ce,1.0,8,300,0.396484375,0.9671805245535714,0.0,0.1280190925749521,,-0.252 -1.414 -1.496 -0.351 0.813 1.695 1.435 0.214
C,position_competitive,11,ce,1.0,4,600,0.8935546875,0.9811197916666667,0.0,0.07348175402040835,,-0.401 -0.625 0.500 0.346
C,position_competitive,11,ce,1.0,6,600,0.7265625,0.9790364583333334,0.0,-0.00584606991873855,,-0.381 -1.301 -0.595 0.570 1.046 0.251
C,position_competitive,11,ce,1.0,8,600,0.5537109375,0.9795619419642856,0.0,-0.07784788570706799,,-0.345 -1.531 -1.630 -0.830 0.526 1.412 1.316 0.192
C,position_competitive,11,ce,1.0,4,900,0.8916015625,0.9812825520833334,0.0,0.5193840574335168,,-0.363 0.331 0.572 0.655
C,position_competitive,11,ce,1.0,6,900,0.7158203125,0.9778645833333335,0.0,0.6019839180840386,,-0.461 -0.310 0.643 0.869 1.043 0.764
C,position_competitive,11,ce,1.0,8,900,0.5166015625,0.9773646763392856,0.0,0.6315673154497904,,-0.541 -0.900 0.156 0.827 0.964 1.095 1.473 0.805
C,position_competitive,22,ce,1.0,4,300,0.8359375,0.9708658854166667,0.0,-0.6779637601640488,,-0.618 -1.376 -0.509 -0.149
C,position_competitive,22,ce,1.0,6,300,0.6064453125,0.9675130208333333,0.0,-0.9716506169901955,,-0.627 -1.916 -1.896 -0.882 0.041 -0.206
C,position_competitive,22,ce,1.0,8,300,0.4248046875,0.970668247767857,0.0,-1.2761229560488747,,-0.608 -2.148 -2.949 -2.650 -1.313 0.013 0.350 -0.235
C,position_competitive,22,ce,1.0,4,600,0.8623046875,0.9755859375,0.0,0.32210469245910645,,-0.278 -0.294 0.815 0.445
C,position_competitive,22,ce,1.0,6,600,0.6845703125,0.9754557291666668,0.0,0.3927609456910027,,-0.230 -0.903 -0.025 1.066 1.397 0.429
C,position_competitive,22,ce,1.0,8,600,0.4794921875,0.9752022879464284,0.0,0.4155420027081929,,-0.193 -1.244 -1.029 -0.136 1.312 2.040 1.614 0.353
C,position_competitive,22,ce,1.0,4,900,0.896484375,0.9822591145833334,0.0,0.6530514028337266,,-0.391 0.280 0.782 0.897
C,position_competitive,22,ce,1.0,6,900,0.7197265625,0.9789062500000001,0.0,0.8072950773768955,,-0.448 -0.432 0.554 1.101 1.853 0.961
C,position_competitive,22,ce,1.0,8,900,0.5361328125,0.9788295200892856,0.0,0.9039516865261017,,-0.526 -1.112 -0.060 0.729 1.300 2.046 2.443 0.981
C,position_competitive,33,ce,1.0,4,300,0.8095703125,0.9654947916666667,0.0,-0.18928717683862759,,-0.415 -0.767 0.109 0.091
C,position_competitive,33,ce,1.0,6,300,0.578125,0.9646484375000002,0.0,-0.41355650292502516,,-0.411 -1.509 -1.187 -0.007 0.588 0.047
C,position_competitive,33,ce,1.0,8,300,0.380859375,0.9666922433035714,0.0,-0.5784096225859627,,-0.428 -1.727 -2.058 -1.612 -0.248 0.801 0.872 -0.078
C,position_competitive,33,ce,1.0,4,600,0.8955078125,0.98193359375,0.0,0.2881775961981879,,-0.318 -0.284 0.740 0.409
C,position_competitive,33,ce,1.0,6,600,0.7275390625,0.9794270833333334,0.0,0.26572864585452605,,-0.318 -1.041 -0.308 0.994 1.292 0.392
C,position_competitive,33,ce,1.0,8,600,0.611328125,0.9817940848214285,0.0,0.29757559299468994,,-0.293 -1.387 -1.307 -0.332 1.227 1.919 1.621 0.342
C,position_competitive,33,ce,1.0,4,900,0.8984375,0.98291015625,0.0,0.3565816084543864,,-0.386 -0.140 0.690 0.519
C,position_competitive,33,ce,1.0,6,900,0.791015625,0.9839192708333333,0.0,0.3965813053978814,,-0.347 -0.674 0.068 0.843 1.266 0.480
C,position_competitive,33,ce,1.0,8,900,0.6123046875,0.9821079799107142,0.0,0.4083807317037431,,-0.347 -1.004 -0.529 0.122 0.954 1.503 1.382 0.430
C,position_competitive,44,ce,1.0,4,300,0.7978515625,0.9615885416666667,0.0,0.16751033288461192,,-0.325 -0.417 0.616 0.304
C,position_competitive,44,ce,1.0,6,300,0.6103515625,0.9665364583333333,0.0,0.10029285483890107,,-0.281 -1.155 -0.554 0.728 1.168 0.315
C,position_competitive,44,ce,1.0,8,300,0.3984375,0.96728515625,0.0,0.10332153903113477,,-0.282 -1.400 -1.482 -0.636 0.826 1.769 1.403 0.243
C,position_competitive,44,ce,1.0,4,600,0.83984375,0.9724934895833334,0.0,0.07827105345549408,,-0.442 -0.647 0.547 0.335
C,position_competitive,44,ce,1.0,6,600,0.6689453125,0.9727864583333334,0.0,-0.00878257221645784,,-0.434 -1.329 -0.663 0.524 1.095 0.329
C,position_competitive,44,ce,1.0,8,600,0.4794921875,0.9740862165178571,0.0,-0.06814787312159463,,-0.458 -1.675 -1.857 -0.869 0.604 1.649 1.434 0.238
C,position_competitive,44,ce,1.0,4,900,0.884765625,0.9806315104166666,0.0,0.40776248331423154,,-0.322 0.027 0.437 0.760
C,position_competitive,44,ce,1.0,6,900,0.7197265625,0.9783854166666668,0.0,0.4554764562182957,,-0.307 -0.342 0.098 0.392 1.344 0.785
C,position_competitive,44,ce,1.0,8,900,0.556640625,0.9784458705357142,0.0,0.437703908435882,,-0.280 -0.709 -0.046 0.013 0.123 1.076 1.817 0.789
C,position_competitive,55,ce,1.0,4,300,0.8173828125,0.9664713541666667,0.0,-0.7259098688761393,,-0.602 -1.330 -0.598 -0.250
C,position_competitive,55,ce,1.0,6,300,0.6162109375,0.96875,0.0,-1.0178113248613145,,-0.590 -1.903 -1.915 -0.881 -0.100 -0.290
C,position_competitive,55,ce,1.0,8,300,0.41015625,0.9697265624999999,0.0,-1.326238929279267,,-0.586 -2.113 -2.842 -2.574 -1.342 -0.161 0.162 -0.415
C,position_competitive,55,ce,1.0,4,600,0.87109375,0.9777018229166667,0.0,-0.3453469276428222,,-0.566 -1.063 -0.072 0.099
C,position_competitive,55,ce,1.0,6,600,0.7080078125,0.9770833333333334,0.0,-0.5989494191275703,,-0.564 -1.726 -1.517 -0.354 0.528 0.075
C,position_competitive,55,ce,1.0,8,600,0.5478515625,0.9786202566964285,0.0,-0.858112091109866,,-0.581 -2.085 -2.582 -2.082 -0.700 0.607 0.863 -0.027
C,position_competitive,55,ce,1.0,4,900,0.8955078125,0.982421875,0.0,0.6402409518206561,,-0.392 -0.111 1.297 0.734
C,position_competitive,55,ce,1.0,6,900,0.77734375,0.9830729166666667,0.0,0.72493357790841,,-0.363 -0.931 0.271 1.615 1.938 0.732
C,position_competitive,55,ce,1.0,8,900,0.650390625,0.9842354910714285,0.0,0.7481665932942949,,-0.359 -1.326 -1.061 0.227 1.855 2.672 2.185 0.686
C,position_competitive,66,ce,1.0,4,300,0.8388671875,0.9718424479166667,0.0,0.2866456243726942,,-0.261 -0.204 0.700 0.364
C,position_competitive,66,ce,1.0,6,300,0.63671875,0.9711588541666668,0.0,0.33858246935738456,,-0.259 -0.936 -0.078 1.010 1.348 0.350
C,position_competitive,66,ce,1.0,8,300,0.40234375,0.9694824218749998,0.0,0.38958959163181367,,-0.229 -1.365 -1.125 -0.145 1.325 2.094 1.630 0.313
C,position_competitive,66,ce,1.0,4,600,0.849609375,0.9734700520833334,0.0,-0.2662531093314841,,-0.583 -1.094 0.083 0.212
C,position_competitive,66,ce,1.0,6,600,0.6357421875,0.9697916666666668,0.0,-0.45251828100946223,,-0.597 -1.669 -1.326 -0.125 0.681 0.176
C,position_competitive,66,ce,1.0,8,600,0.431640625,0.9704938616071428,0.0,-0.6023149736343869,,-0.585 -1.985 -2.455 -1.749 -0.210 1.016 1.058 0.109
C,position_competitive,66,ce,1.0,4,900,0.9150390625,0.9853515625,0.0,0.27170644866095645,,-0.720 -0.241 0.408 0.648
C,position_competitive,66,ce,1.0,6,900,0.755859375,0.9818359375000001,0.0,0.2842098010910882,,-0.830 -0.821 -0.198 0.427 1.309 0.704
C,position_competitive,66,ce,1.0,8,900,0.609375,0.982631138392857,0.0,0.27636694529699896,,-0.887 -1.541 -0.642 -0.187 0.404 1.365 1.824 0.712
C,position_competitive,77,ce,1.0,4,300,0.845703125,0.9718424479166666,0.0,0.19565939903259277,,-0.290 -0.391 0.638 0.340
C,position_competitive,77,ce,1.0,6,300,0.6591796875,0.9720052083333335,0.0,0.16894220643573332,,-0.300 -1.088 -0.497 0.796 1.263 0.370
C,position_competitive,77,ce,1.0,8,300,0.474609375,0.9738071986607142,0.0,0.20049203009832478,,-0.272 -1.410 -1.431 -0.446 0.977 1.908 1.526 0.280
C,position_competitive,77,ce,1.0,4,600,0.8779296875,0.9791666666666667,0.0,0.6090372138553195,,-0.159 0.080 1.181 0.566
C,position_competitive,77,ce,1.0,6,600,0.7158203125,0.9781250000000001,0.0,0.7286084625456068,,-0.089 -0.570 0.412 1.596 1.692 0.513
C,position_competitive,77,ce,1.0,8,600,0.5439453125,0.9785156249999999,0.0,0.8881949432312496,,-0.055 -0.907 -0.542 0.735 2.004 2.566 1.896 0.466
C,position_competitive,77,ce,1.0,4,900,0.9013671875,0.9827473958333334,0.0,-0.10258520091021504,,-0.780 -0.501 -0.162 0.355
C,position_competitive,77,ce,1.0,6,900,0.7265625,0.9795572916666667,0.0,-0.3168977565235562,,-0.881 -1.361 -0.752 -0.367 0.364 0.531
C,position_competitive,77,ce,1.0,8,900,0.533203125,0.9780622209821428,0.0,-0.5212011886021447,,-0.931 -2.108 -1.251 -1.030 -0.749 0.142 0.756 0.593
C,position_competitive,88,ce,1.0,4,300,0.8212890625,0.9677734375,0.0,0.2117239987408673,,-0.318 -0.307 0.626 0.316
C,position_competitive,88,ce,1.0,6,300,0.5947265625,0.9660156250000002,0.0,0.21845367881986827,,-0.277 -0.964 -0.369 0.863 1.235 0.327
C,position_competitive,88,ce,1.0,8,300,0.38671875,0.9668317522321428,0.0,0.216596211705889,,-0.277 -1.409 -1.323 -0.336 1.044 1.836 1.448 0.258
C,position_competitive,88,ce,1.0,4,600,0.8466796875,0.9728190104166667,0.0,0.032608023396244766,,-0.457 -0.669 0.448 0.319
C,position_competitive,88,ce,1.0,6,600,0.6708984375,0.9731770833333334,0.0,-0.031032231118943977,,-0.463 -1.379 -0.759 0.567 1.114 0.303
C,position_competitive,88,ce,1.0,8,600,0.5009765625,0.9768763950892856,0.0,-0.048394089653378485,,-0.439 -1.703 -1.849 -0.886 0.732 1.649 1.459 0.261
C,position_competitive,88,ce,1.0,4,900,0.921875,0.9869791666666666,0.0,-0.19970704008031773,,-0.642 -0.756 -0.147 0.304
C,position_competitive,88,ce,1.0,6,900,0.7734375,0.9833984375,0.0,-0.4853480921851264,,-0.637 -1.456 -1.088 -0.479 0.188 0.408
C,position_competitive,88,ce,1.0,8,900,0.640625,0.9848284040178571,0.0,-0.7225958033213539,,-0.666 -1.789 -1.792 -1.537 -0.860 0.055 0.446 0.419
C,phase_competitive,11,ce,1.0,4,300,0.84375,0.9724934895833334,0.0,,,
C,phase_competitive,11,ce,1.0,6,300,0.638671875,0.9701822916666668,0.0,,,
C,phase_competitive,11,ce,1.0,8,300,0.4140625,0.9689941406249999,0.0,,,
C,phase_competitive,11,ce,1.0,4,600,0.9052734375,0.9835611979166667,0.0,,,
C,phase_competitive,11,ce,1.0,6,600,0.7548828125,0.9809244791666667,0.0,,,
C,phase_competitive,11,ce,1.0,8,600,0.5791015625,0.9805733816964285,0.0,,,
C,phase_competitive,11,ce,1.0,4,900,0.9072265625,0.9837239583333334,0.0,,,
C,phase_competitive,11,ce,1.0,6,900,0.775390625,0.9830078125,0.0,,,
C,phase_competitive,11,ce,1.0,8,900,0.5595703125,0.9802594866071428,0.0,,,
C,phase_competitive,22,ce,1.0,4,300,0.841796875,0.970703125,0.0,,,
C,phase_competitive,22,ce,1.0,6,300,0.630859375,0.9709635416666668,0.0,,,
C,phase_competitive,22,ce,1.0,8,300,0.45703125,0.972133091517857,0.0,,,
C,phase_competitive,22,ce,1.0,4,600,0.888671875,0.9807942708333334,0.0,,,
C,phase_competitive,22,ce,1.0,6,600,0.6875,0.976171875,0.0,,,
C,phase_competitive,22,ce,1.0,8,600,0.4716796875,0.9749232700892856,0.0,,,
C,phase_competitive,22,ce,1.0,4,900,0.9169921875,0.9860026041666667,0.0,,,
C,phase_competitive,22,ce,1.0,6,900,0.7822265625,0.9840494791666667,0.0,,,
C,phase_competitive,22,ce,1.0,8,900,0.6044921875,0.9828752790178571,0.0,,,
C,phase_competitive,33,ce,1.0,4,300,0.8017578125,0.9640299479166667,0.0,,,
C,phase_competitive,33,ce,1.0,6,300,0.587890625,0.9659505208333334,0.0,,,
C,phase_competitive,33,ce,1.0,8,300,0.384765625,0.9672851562499999,0.0,,,
C,phase_competitive,33,ce,1.0,4,600,0.8974609375,0.98193359375,0.0,,,
C,phase_competitive,33,ce,1.0,6,600,0.7109375,0.978515625,0.0,,,
C,phase_competitive,33,ce,1.0,8,600,0.5341796875,0.9781319754464285,0.0,,,
C,phase_competitive,33,ce,1.0,4,900,0.9140625,0.9856770833333334,0.0,,,
C,phase_competitive,33,ce,1.0,6,900,0.796875,0.98515625,0.0,,,
C,phase_competitive,33,ce,1.0,8,900,0.66015625,0.9848284040178571,0.0,,,
C,phase_competitive,44,ce,1.0,4,300,0.791015625,0.9596354166666667,0.0,,,
C,phase_competitive,44,ce,1.0,6,300,0.591796875,0.9651041666666668,0.0,,,
C,phase_competitive,44,ce,1.0,8,300,0.3740234375,0.9664829799107142,0.0,,,
C,phase_competitive,44,ce,1.0,4,600,0.869140625,0.9773763020833333,0.0,,,
C,phase_competitive,44,ce,1.0,6,600,0.67578125,0.9748046875,0.0,,,
C,phase_competitive,44,ce,1.0,8,600,0.486328125,0.9743652343749999,0.0,,,
C,phase_competitive,44,ce,1.0,4,900,0.916015625,0.9855143229166667,0.0,,,
C,phase_competitive,44,ce,1.0,6,900,0.77734375,0.9837890625,0.0,,,
C,phase_competitive,44,ce,1.0,8,900,0.658203125,0.9845493861607142,0.0,,,
C,phase_competitive,55,ce,1.0,4,300,0.83203125,0.96875,0.0,,,
C,phase_competitive,55,ce,1.0,6,300,0.6201171875,0.9701822916666667,0.0,,,
C,phase_competitive,55,ce,1.0,8,300,0.4091796875,0.9702845982142856,0.0,,,
C,phase_competitive,55,ce,1.0,4,600,0.8955078125,0.9825846354166667,0.0,,,
C,phase_competitive,55,ce,1.0,6,600,0.75,0.981640625,0.0,,,
C,phase_competitive,55,ce,1.0,8,600,0.5712890625,0.9806431361607142,0.0,,,
C,phase_competitive,55,ce,1.0,4,900,0.9287109375,0.9879557291666667,0.0,,,
C,phase_competitive,55,ce,1.0,6,900,0.8134765625,0.9863281250000001,0.0,,,
C,phase_competitive,55,ce,1.0,8,900,0.65625,0.9853864397321428,0.0,,,
C,phase_competitive,66,ce,1.0,4,300,0.8251953125,0.9690755208333334,0.0,,,
C,phase_competitive,66,ce,1.0,6,300,0.6044921875,0.9677734375,0.0,,,
C,phase_competitive,66,ce,1.0,8,300,0.35546875,0.9655064174107142,0.0,,,
C,phase_competitive,66,ce,1.0,4,600,0.87109375,0.9775390625,0.0,,,
C,phase_competitive,66,ce,1.0,6,600,0.6748046875,0.9732421875,0.0,,,
C,phase_competitive,66,ce,1.0,8,600,0.46484375,0.9732142857142856,0.0,,,
C,phase_competitive,66,ce,1.0,4,900,0.912109375,0.9847005208333334,0.0,,,
C,phase_competitive,66,ce,1.0,6,900,0.7861328125,0.9843098958333334,0.0,,,
C,phase_competitive,66,ce,1.0,8,900,0.5810546875,0.981201171875,0.0,,,
C,phase_competitive,77,ce,1.0,4,300,0.875,0.9783528645833334,0.0,,,
C,phase_competitive,77,ce,1.0,6,300,0.685546875,0.9759765625000001,0.0,,,
C,phase_competitive,77,ce,1.0,8,300,0.5244140625,0.9785156249999999,0.0,,,
C,phase_competitive,77,ce,1.0,4,600,0.9052734375,0.9837239583333335,0.0,,,
C,phase_competitive,77,ce,1.0,6,600,0.759765625,0.9820963541666667,0.0,,,
C,phase_competitive,77,ce,1.0,8,600,0.4921875,0.9761788504464285,0.0,,,
C,phase_competitive,77,ce,1.0,4,900,0.9150390625,0.9851888020833334,0.0,,,
C,phase_competitive,77,ce,1.0,6,900,0.7587890625,0.9819010416666667,0.0,,,
C,phase_competitive,77,ce,1.0,8,900,0.5810546875,0.9806082589285714,0.0,,,
C,phase_competitive,88,ce,1.0,4,300,0.837890625,0.9710286458333334,0.0,,,
C,phase_competitive,88,ce,1.0,6,300,0.6318359375,0.9686197916666667,0.0,,,
C,phase_competitive,88,ce,1.0,8,300,0.4248046875,0.9698311941964284,0.0,,,
C,phase_competitive,88,ce,1.0,4,600,0.8662109375,0.9765625000000001,0.0,,,
C,phase_competitive,88,ce,1.0,6,600,0.685546875,0.9751302083333334,0.0,,,
C,phase_competitive,88,ce,1.0,8,600,0.494140625,0.9765624999999999,0.0,,,
C,phase_competitive,88,ce,1.0,4,900,0.9384765625,0.9895833333333334,0.0,,,
C,phase_competitive,88,ce,1.0,6,900,0.80859375,0.9856770833333334,0.0,,,
C,phase_competitive,88,ce,1.0,8,900,0.6826171875,0.9864327566964285,0.0,,,
