representation,readout,n,noise_seed,sigma,rank_state,count,failures,failure_rate,ci_low,ci_high,mean_metric_error
priority,competitive,4,101,0.0,preserved,1024,0,0.0,0.0,0.003737540881785676,0.0
priority,competitive,4,101,0.0,inverted,0,0,,,,
priority,competitive,4,101,0.0,tied,0,0,,,,
priority,scan,4,101,0.0,preserved,1024,0,0.0,0.0,0.003737540881785676,0.0
priority,scan,4,101,0.0,inverted,0,0,,,,
priority,scan,4,101,0.0,tied,0,0,,,,
priority,competitive,4,101,0.05,preserved,1024,0,0.0,0.0,0.003737540881785676,0.039748297058102594
priority,competitive,4,101,0.05,inverted,0,0,,,,
priority,competitive,4,101,0.05,tied,0,0,,,,
priority,scan,4,101,0.05,preserved,1024,0,0.0,0.0,0.003737540881785676,0.039748297058102594
priority,scan,4,101,0.05,inverted,0,0,,,,
priority,scan,4,101,0.05,tied,0,0,,,,
priority,competitive,4,101,0.1,preserved,1024,0,0.0,0.0,0.003737540881785676,0.07949659411620519
priority,competitive,4,101,0.1,inverted,0,0,,,,
priority,competitive,4,101,0.1,tied,0,0,,,,
priority,scan,4,101,0.1,preserved,1024,3,0.0029296875,0.0009968294590821545,0.00857818676909931,0.07949659411620519
priority,scan,4,101,0.1,inverted,0,0,,,,
priority,scan,4,101,0.1,tied,0,0,,,,
priority,competitive,4,101,0.2,preserved,1023,0,0.0,-2.168404344971009e-19,0.003741180723492309,0.1588230941161827
priority,competitive,4,101,0.2,inverted,1,1,1.0,0.20654329147389294,1.0,0.33299946913330586
priority,competitive,4,101,0.2,tied,0,0,,,,
priority,scan,4,101,0.2,preserved,1023,140,0.13685239491691104,0.11714518592464017,0.1592768055490204,0.1588230941161827
priority,scan,4,101,0.2,inverted,1,1,1.0,0.20654329147389294,1.0,0.33299946913330586
priority,scan,4,101,0.2,tied,0,0,,,,
priority,competitive,4,101,0.35,preserved,964,0,0.0,0.0,0.003969244554067526,0.2680525720413416
priority,competitive,4,101,0.35,inverted,60,60,1.0,0.9398260695220669,0.9999999999999999,0.4418852310770997
priority,competitive,4,101,0.35,tied,0,0,,,,
priority,scan,4,101,0.35,preserved,964,477,0.4948132780082988,0.4633345831400168,0.5263331476126188,0.2680525720413416
priority,scan,4,101,0.35,inverted,60,60,1.0,0.9398260695220669,0.9999999999999999,0.4418852310770997
priority,scan,4,101,0.35,tied,0,0,,,,
priority,competitive,4,101,0.5,preserved,803,0,0.0,0.0,0.004761281520437221,0.36044919829838284
priority,competitive,4,101,0.5,inverted,221,221,1.0,0.9829141938146678,1.0,0.5320445956623036
priority,competitive,4,101,0.5,tied,0,0,,,,
priority,scan,4,101,0.5,preserved,803,518,0.6450809464508095,0.6113662475133702,0.6774141029296411,0.36044919829838284
priority,scan,4,101,0.5,inverted,221,221,1.0,0.9829141938146678,1.0,0.5320445956623036
priority,scan,4,101,0.5,tied,0,0,,,,
priority,competitive,4,101,0.75,preserved,539,0,0.0,0.0,0.00707683419988446,0.5073633408328244
priority,competitive,4,101,0.75,inverted,485,485,1.0,0.9921414216793335,1.0000000000000002,0.6949793857805434
priority,competitive,4,101,0.75,tied,0,0,,,,
priority,scan,4,101,0.75,preserved,539,393,0.7291280148423006,0.6900858442256192,0.7649271835158067,0.5073633408328244
priority,scan,4,101,0.75,inverted,485,485,1.0,0.9921414216793335,1.0000000000000002,0.6949793857805434
priority,scan,4,101,0.75,tied,0,0,,,,
priority,competitive,4,101,1.0,preserved,387,0,0.0,0.0,0.009829045833401561,0.6603640312108509
priority,competitive,4,101,1.0,inverted,637,637,1.0,0.9940053829214582,0.9999999999999999,0.8767413558419809
priority,competitive,4,101,1.0,tied,0,0,,,,
priority,scan,4,101,1.0,preserved,387,292,0.7545219638242894,0.7092794046358422,0.794761106916664,0.6603640312108509
priority,scan,4,101,1.0,inverted,637,637,1.0,0.9940053829214582,0.9999999999999999,0.8767413558419809
priority,scan,4,101,1.0,tied,0,0,,,,
position,competitive,4,101,0.0,preserved,1024,0,0.0,0.0,0.003737540881785676,0.0
position,competitive,4,101,0.0,inverted,0,0,,,,
position,competitive,4,101,0.0,tied,0,0,,,,
position,scan,4,101,0.0,preserved,1024,0,0.0,0.0,0.003737540881785676,0.0
position,scan,4,101,0.0,inverted,0,0,,,,
position,scan,4,101,0.0,tied,0,0,,,,
position,competitive,4,101,0.05,preserved,1024,0,0.0,0.0,0.003737540881785676,0.039748297058102594
position,competitive,4,101,0.05,inverted,0,0,,,,
position,competitive,4,101,0.05,tied,0,0,,,,
position,scan,4,101,0.05,preserved,1024,0,0.0,0.0,0.003737540881785676,0.039748297058102594
position,scan,4,101,0.05,inverted,0,0,,,,
position,scan,4,101,0.05,tied,0,0,,,,
position,competitive,4,101,0.1,preserved,1024,0,0.0,0.0,0.003737540881785676,0.07949659411620519
position,competitive,4,101,0.1,inverted,0,0,,,,
position,competitive,4,101,0.1,tied,0,0,,,,
position,scan,4,101,0.1,preserved,1024,0,0.0,0.0,0.003737540881785676,0.07949659411620519
position,scan,4,101,0.1,inverted,0,0,,,,
position,scan,4,101,0.1,tied,0,0,,,,
position,competitive,4,101,0.2,preserved,1023,0,0.0,-2.168404344971009e-19,0.003741180723492309,0.15877450442403437
position,competitive,4,101,0.2,inverted,1,1,1.0,0.20654329147389294,1.0,0.38270672420105967
position,competitive,4,101,0.2,tied,0,0,,,,
position,scan,4,101,0.2,preserved,1023,95,0.09286412512218964,0.0765693668860768,0.11220522113217257,0.15877450442403437
position,scan,4,101,0.2,inverted,1,1,1.0,0.20654329147389294,1.0,0.38270672420105967
position,scan,4,101,0.2,tied,0,0,,,,
position,competitive,4,101,0.35,preserved,952,0,0.0,4.336808689942018e-19,0.004019075964050947,0.2665860673075344
position,competitive,4,101,0.35,inverted,72,72,1.0,0.9493470601886036,1.0,0.43230357271814734
position,competitive,4,101,0.35,tied,0,0,,,,
position,scan,4,101,0.35,preserved,952,520,0.5462184873949579,0.5144698080789563,0.5775956554873918,0.2665860673075344
position,scan,4,101,0.35,inverted,72,72,1.0,0.9493470601886036,1.0,0.43230357271814734
position,scan,4,101,0.35,tied,0,0,,,,
position,competitive,4,101,0.5,preserved,768,0,0.0,0.0,0.004977187029048447,0.35090283869335964
position,competitive,4,101,0.5,inverted,256,256,1.0,0.9852156082782743,1.0,0.5372233662440249
position,competitive,4,101,0.5,tied,0,0,,,,
position,scan,4,101,0.5,preserved,768,608,0.7916666666666666,0.7615270524519135,0.8189029217811414,0.35090283869335964
position,scan,4,101,0.5,inverted,256,256,1.0,0.9852156082782743,1.0,0.5372233662440249
position,scan,4,101,0.5,tied,0,0,,,,
position,competitive,4,101,0.75,preserved,521,0,0.0,4.336808689942018e-19,0.007319541743642272,0.4933317791269718
position,competitive,4,101,0.75,inverted,503,503,1.0,0.9924205116549235,1.0000000000000002,0.702799176714321
position,competitive,4,101,0.75,tied,0,0,,,,
position,scan,4,101,0.75,preserved,521,481,0.9232245681381958,0.8971395311886801,0.9431139853008665,0.4933317791269718
position,scan,4,101,0.75,inverted,503,503,1.0,0.9924205116549235,1.0000000000000002,0.702799176714321
position,scan,4,101,0.75,tied,0,0,,,,
position,competitive,4,101,1.0,preserved,380,0,0.0,0.0,0.010008295088390629,0.6434499267626693
position,competitive,4,101,1.0,inverted,644,644,1.0,0.9940701554207079,1.0,0.884369800590259
position,competitive,4,101,1.0,tied,0,0,,,,
position,scan,4,101,1.0,preserved,380,361,0.95,0.9232324484510747,0.9677600859693737,0.6434499267626693
position,scan,4,101,1.0,inverted,644,644,1.0,0.9940701554207079,1.0,0.884369800590259
position,scan,4,101,1.0,tied,0,0,,,,
phase,competitive,4,101,0.0,preserved,1024,1024,1.0,0.9962624591182144,1.0,0.0
phase,competitive,4,101,0.0,inverted,0,0,,,,
phase,competitive,4,101,0.0,tied,0,0,,,,
phase,scan,4,101,0.0,preserved,1024,0,0.0,0.0,0.003737540881785676,0.0
phase,scan,4,101,0.0,inverted,0,0,,,,
phase,scan,4,101,0.0,tied,0,0,,,,
phase,competitive,4,101,0.05,preserved,1024,1024,1.0,0.9962624591182144,1.0,0.039748297058102594
phase,competitive,4,101,0.05,inverted,0,0,,,,
phase,competitive,4,101,0.05,tied,0,0,,,,
phase,scan,4,101,0.05,preserved,1024,0,0.0,0.0,0.003737540881785676,0.039748297058102594
phase,scan,4,101,0.05,inverted,0,0,,,,
phase,scan,4,101,0.05,tied,0,0,,,,
phase,competitive,4,101,0.1,preserved,1024,1024,1.0,0.9962624591182144,1.0,0.07949659411620519
phase,competitive,4,101,0.1,inverted,0,0,,,,
phase,competitive,4,101,0.1,tied,0,0,,,,
phase,scan,4,101,0.1,preserved,1024,0,0.0,0.0,0.003737540881785676,0.07949659411620519
phase,scan,4,101,0.1,inverted,0,0,,,,
phase,scan,4,101,0.1,tied,0,0,,,,
phase,competitive,4,101,0.2,preserved,1009,1009,1.0,0.9962071068170976,1.0,0.1571631246766199
phase,competitive,4,101,0.2,inverted,15,15,1.0,0.7961107336956521,1.0,0.2820954634185855
phase,competitive,4,101,0.2,tied,0,0,,,,
phase,scan,4,101,0.2,preserved,1009,81,0.0802775024777007,0.06505949415541822,0.09867943599910943,0.1571631246766199
phase,scan,4,101,0.2,inverted,15,15,1.0,0.7961107336956521,1.0,0.2820954634185855
phase,scan,4,101,0.2,tied,0,0,,,,
phase,competitive,4,101,0.35,preserved,832,832,1.0,0.9954039138516197,1.0,0.2519214705223293
phase,competitive,4,101,0.35,inverted,192,188,0.9791666666666666,0.947665460133743,0.991869347588416,0.3922767179057363
phase,competitive,4,101,0.35,tied,0,0,,,,
phase,scan,4,101,0.35,preserved,832,400,0.4807692307692308,0.4469853627138195,0.5147298713688105,0.2519214705223293
phase,scan,4,101,0.35,inverted,192,192,1.0,0.9803841471883398,0.9999999999999999,0.3922767179057363
phase,scan,4,101,0.35,tied,0,0,,,,
phase,competitive,4,101,0.5,preserved,547,545,0.9963436928702011,0.9867675722290918,0.9989967563909687,0.31457298836201447
phase,competitive,4,101,0.5,inverted,477,467,0.9790356394129979,0.9618433267131523,0.9885736089263597,0.49256003614454635
phase,competitive,4,101,0.5,tied,0,0,,,,
phase,scan,4,101,0.5,preserved,547,387,0.7074954296160878,0.6680306579848337,0.7440660318802746,0.31457298836201447
phase,scan,4,101,0.5,inverted,477,477,1.0,0.9920106746171712,0.9999999999999999,0.49256003614454635
phase,scan,4,101,0.5,tied,0,0,,,,
phase,competitive,4,101,0.75,preserved,256,248,0.96875,0.9395577004934911,0.9840819322673909,0.40707845801548637
phase,competitive,4,101,0.75,inverted,768,739,0.9622395833333334,0.9462957291592108,0.9735821317904972,0.6532383638674334
phase,competitive,4,101,0.75,tied,0,0,,,,
phase,scan,4,101,0.75,preserved,256,216,0.84375,0.7942275431635906,0.8831081875277229,0.40707845801548637
phase,scan,4,101,0.75,inverted,768,768,1.0,0.9950228129709515,1.0,0.6532383638674334
phase,scan,4,101,0.75,tied,0,0,,,,
phase,competitive,4,101,1.0,preserved,129,123,0.9534883720930233,0.9022364923854131,0.9785117069738238,0.4554008770575268
phase,competitive,4,101,1.0,inverted,895,860,0.9608938547486033,0.9460989784413606,0.9717490606347124,0.8022845061187763
phase,competitive,4,101,1.0,tied,0,0,,,,
phase,scan,4,101,1.0,preserved,129,110,0.8527131782945736,0.7813900995787617,0.9036362777006446,0.4554008770575268
phase,scan,4,101,1.0,inverted,895,895,1.0,0.9957260545128308,1.0,0.8022845061187763
phase,scan,4,101,1.0,tied,0,0,,,,
priority,competitive,4,202,0.0,preserved,1024,0,0.0,0.0,0.003737540881785676,0.0
priority,competitive,4,202,0.0,inverted,0,0,,,,
priority,competitive,4,202,0.0,tied,0,0,,,,
priority,scan,4,202,0.0,preserved,1024,0,0.0,0.0,0.003737540881785676,0.0
priority,scan,4,202,0.0,inverted,0,0,,,,
priority,scan,4,202,0.0,tied,0,0,,,,
priority,competitive,4,202,0.05,preserved,1024,0,0.0,0.0,0.003737540881785676,0.04060214801377776
priority,competitive,4,202,0.05,inverted,0,0,,,,
priority,competitive,4,202,0.05,tied,0,0,,,,
priority,scan,4,202,0.05,preserved,1024,0,0.0,0.0,0.003737540881785676,0.04060214801377776
priority,scan,4,202,0.05,inverted,0,0,,,,
priority,scan,4,202,0.05,tied,0,0,,,,
priority,competitive,4,202,0.1,preserved,1024,0,0.0,0.0,0.003737540881785676,0.08120429602755552
priority,competitive,4,202,0.1,inverted,0,0,,,,
priority,competitive,4,202,0.1,tied,0,0,,,,
priority,scan,4,202,0.1,preserved,1024,1,0.0009765625,0.00017240363051574184,0.005510962366735196,0.08120429602755552
priority,scan,4,202,0.1,inverted,0,0,,,,
priority,scan,4,202,0.1,tied,0,0,,,,
priority,competitive,4,202,0.2,preserved,1022,0,0.0,0.0,0.003744827661502516,0.16207729513483407
priority,competitive,4,202,0.2,inverted,2,2,1.0,0.34237195288961925,1.0,0.33170131831664634
priority,competitive,4,202,0.2,tied,0,0,,,,
priority,scan,4,202,0.2,preserved,1022,148,0.14481409001956946,0.12456782940065571,0.16772057067982454,0.16207729513483407
priority,scan,4,202,0.2,inverted,2,2,1.0,0.34237195288961925,1.0,0.33170131831664634
priority,scan,4,202,0.2,tied,0,0,,,,
priority,competitive,4,202,0.35,preserved,962,0,0.0,0.0,0.003977463799447032,0.2734475047006836
priority,competitive,4,202,0.35,inverted,62,62,1.0,0.9416539087749995,1.0000000000000002,0.45128544259195774
priority,competitive,4,202,0.35,tied,0,0,,,,
priority,scan,4,202,0.35,preserved,962,472,0.49064449064449067,0.45915363173512874,0.5222097719534267,0.2734475047006836
priority,scan,4,202,0.35,inverted,62,62,1.0,0.9416539087749995,1.0000000000000002,0.45128544259195774
priority,scan,4,202,0.35,tied,0,0,,,,
priority,competitive,4,202,0.5,preserved,787,0,0.0,-4.336808689942018e-19,0.004857609918345215,0.36738701222873094
priority,competitive,4,202,0.5,inverted,237,237,1.0,0.9840492672362251,1.0000000000000002,0.5343139959370169
priority,competitive,4,202,0.5,tied,0,0,,,,
priority,scan,4,202,0.5,preserved,787,483,0.613722998729352,0.5792311517969244,0.6471100017286362,0.36738701222873094
priority,scan,4,202,0.5,inverted,237,237,1.0,0.9840492672362251,1.0000000000000002,0.5343139959370169
priority,scan,4,202,0.5,tied,0,0,,,,
priority,competitive,4,202,0.75,preserved,524,0,0.0,0.0,0.00727794095804499,0.5169705766299253
priority,competitive,4,202,0.75,inverted,500,500,1.0,0.9923753814690964,0.9999999999999999,0.7055128226750912
priority,competitive,4,202,0.75,tied,0,0,,,,
priority,scan,4,202,0.75,preserved,524,356,0.6793893129770993,0.6382467876805848,0.7179206686169106,0.5169705766299253
priority,scan,4,202,0.75,inverted,500,500,1.0,0.9923753814690964,0.9999999999999999,0.7055128226750912
priority,scan,4,202,0.75,tied,0,0,,,,
priority,competitive,4,202,1.0,preserved,380,0,0.0,0.0,0.010008295088390629,0.6693299212492382
priority,competitive,4,202,1.0,inverted,644,644,1.0,0.9940701554207079,1.0,0.8962525174649969
priority,competitive,4,202,1.0,tied,0,0,,,,
priority,scan,4,202,1.0,preserved,380,286,0.7526315789473684,0.7068630233109682,0.793343311802266,0.6693299212492382
priority,scan,4,202,1.0,inverted,644,644,1.0,0.9940701554207079,1.0,0.8962525174649969
priority,scan,4,202,1.0,tied,0,0,,,,
position,competitive,4,202,0.0,preserved,1024,0,0.0,0.0,0.003737540881785676,0.0
position,competitive,4,202,0.0,inverted,0,0,,,,
position,competitive,4,202,0.0,tied,0,0,,,,
position,scan,4,202,0.0,preserved,1024,0,0.0,0.0,0.003737540881785676,0.0
position,scan,4,202,0.0,inverted,0,0,,,,
position,scan,4,202,0.0,tied,0,0,,,,
position,competitive,4,202,0.05,preserved,1024,0,0.0,0.0,0.003737540881785676,0.04060214801377776
position,competitive,4,202,0.05,inverted,0,0,,,,
position,competitive,4,202,0.05,tied,0,0,,,,
position,scan,4,202,0.05,preserved,1024,0,0.0,0.0,0.003737540881785676,0.04060214801377776
position,scan,4,202,0.05,inverted,0,0,,,,
position,scan,4,202,0.05,tied,0,0,,,,
position,competitive,4,202,0.1,preserved,1024,0,0.0,0.0,0.003737540881785676,0.08120429602755552
position,competitive,4,202,0.1,inverted,0,0,,,,
position,competitive,4,202,0.1,tied,0,0,,,,
position,scan,4,202,0.1,preserved,1024,0,0.0,0.0,0.003737540881785676,0.08120429602755552
position,scan,4,202,0.1,inverted,0,0,,,,
position,scan,4,202,0.1,tied,0,0,,,,
position,competitive,4,202,0.2,preserved,1024,0,0.0,0.0,0.003737540881785676,0.16240859205511105
position,competitive,4,202,0.2,inverted,0,0,,,,
position,competitive,4,202,0.2,tied,0,0,,,,
position,scan,4,202,0.2,preserved,1024,101,0.0986328125,0.08184266439900814,0.11842321314476903,0.16240859205511105
position,scan,4,202,0.2,inverted,0,0,,,,
position,scan,4,202,0.2,tied,0,0,,,,
position,competitive,4,202,0.35,preserved,959,0,0.0,4.336808689942018e-19,0.003989856690861715,0.27383734548872374
position,competitive,4,202,0.35,inverted,65,65,1.0,0.9441965323292892,0.9999999999999999,0.43732588675496764
position,competitive,4,202,0.35,tied,0,0,,,,
position,scan,4,202,0.35,preserved,959,553,0.5766423357664233,0.5451256311044586,0.6075474565560661,0.27383734548872374
position,scan,4,202,0.35,inverted,65,65,1.0,0.9441965323292892,0.9999999999999999,0.43732588675496764
position,scan,4,202,0.35,tied,0,0,,,,
position,competitive,4,202,0.5,preserved,783,0,0.0,0.0,0.004882304138469547,0.36937383017367487
position,competitive,4,202,0.5,inverted,241,241,1.0,0.9843098558414908,0.9999999999999999,0.5250883262867089
position,competitive,4,202,0.5,tied,0,0,,,,
position,scan,4,202,0.5,preserved,783,627,0.8007662835249042,0.7713500899327341,0.8272456121755429,0.36937383017367487
position,scan,4,202,0.5,inverted,241,241,1.0,0.9843098558414908,0.9999999999999999,0.5250883262867089
position,scan,4,202,0.5,tied,0,0,,,,
position,competitive,4,202,0.75,preserved,525,0,0.0,0.0,0.007264178914820618,0.5150347197534256
position,competitive,4,202,0.75,inverted,499,499,1.0,0.9923602184067507,0.9999999999999999,0.7079273860141843
position,competitive,4,202,0.75,tied,0,0,,,,
position,scan,4,202,0.75,preserved,525,489,0.9314285714285714,0.9065280986428027,0.9500610955506948,0.5150347197534256
position,scan,4,202,0.75,inverted,499,499,1.0,0.9923602184067507,0.9999999999999999,0.7079273860141843
position,scan,4,202,0.75,tied,0,0,,,,
position,competitive,4,202,1.0,preserved,384,0,0.0,0.0,0.009905074649031977,0.6737487522781208
position,competitive,4,202,1.0,inverted,640,640,1.0,0.9940333150265532,1.0000000000000002,0.8950194850740157
position,competitive,4,202,1.0,tied,0,0,,,,
position,scan,4,202,1.0,preserved,384,373,0.9713541666666666,0.9494398226354523,0.9839309142839499,0.6737487522781208
position,scan,4,202,1.0,inverted,640,640,1.0,0.9940333150265532,1.0000000000000002,0.8950194850740157
position,scan,4,202,1.0,tied,0,0,,,,
phase,competitive,4,202,0.0,preserved,1024,1024,1.0,0.9962624591182144,1.0,0.0
phase,competitive,4,202,0.0,inverted,0,0,,,,
phase,competitive,4,202,0.0,tied,0,0,,,,
phase,scan,4,202,0.0,preserved,1024,0,0.0,0.0,0.003737540881785676,0.0
phase,scan,4,202,0.0,inverted,0,0,,,,
phase,scan,4,202,0.0,tied,0,0,,,,
phase,competitive,4,202,0.05,preserved,1024,1024,1.0,0.9962624591182144,1.0,0.04060214801377776
phase,competitive,4,202,0.05,inverted,0,0,,,,
phase,competitive,4,202,0.05,tied,0,0,,,,
phase,scan,4,202,0.05,preserved,1024,0,0.0,0.0,0.003737540881785676,0.04060214801377776
phase,scan,4,202,0.05,inverted,0,0,,,,
phase,scan,4,202,0.05,tied,0,0,,,,
phase,competitive,4,202,0.1,preserved,1024,1024,1.0,0.9962624591182144,1.0,0.08120429602755552
phase,competitive,4,202,0.1,inverted,0,0,,,,
phase,competitive,4,202,0.1,tied,0,0,,,,
phase,scan,4,202,0.1,preserved,1024,0,0.0,0.0,0.003737540881785676,0.08120429602755552
phase,scan,4,202,0.1,inverted,0,0,,,,
phase,scan,4,202,0.1,tied,0,0,,,,
phase,competitive,4,202,0.2,preserved,1006,1006,1.0,0.9961958390305965,1.0,0.16081564428881162
phase,competitive,4,202,0.2,inverted,18,18,1.0,0.8241154494176252,1.0,0.2514366727716227
phase,competitive,4,202,0.2,tied,0,0,,,,
phase,scan,4,202,0.2,preserved,1006,83,0.08250497017892644,0.06704943788289032,0.10113693906969314,0.16081564428881162
phase,scan,4,202,0.2,inverted,18,18,1.0,0.8241154494176252,1.0,0.2514366727716227
phase,scan,4,202,0.2,tied,0,0,,,,
phase,competitive,4,202,0.35,preserved,809,809,1.0,0.9952738639360976,0.9999999999999998,0.25753692465177674
phase,competitive,4,202,0.35,inverted,215,213,0.9906976744186047,0.9667223878009351,0.9974453024371183,0.3845991856719609
phase,competitive,4,202,0.35,tied,0,0,,,,
phase,scan,4,202,0.35,preserved,809,403,0.49814585908529047,0.46378140794379485,0.5325278360712751,0.25753692465177674
phase,scan,4,202,0.35,inverted,215,215,1.0,0.9824457507164999,1.0,0.3845991856719609
phase,scan,4,202,0.35,tied,0,0,,,,
phase,competitive,4,202,0.5,preserved,525,524,0.9980952380952381,0.9892902781013849,0.9996636922368033,0.3231827692912498
phase,competitive,4,202,0.5,inverted,499,489,0.9799599198396793,0.9635072400701885,0.9890790216869929,0.49317643643923476
phase,competitive,4,202,0.5,tied,0,0,,,,
phase,scan,4,202,0.5,preserved,525,369,0.7028571428571428,0.6624055094437827,0.7403615951107757,0.3231827692912498
phase,scan,4,202,0.5,inverted,499,499,1.0,0.9923602184067507,0.9999999999999999,0.49317643643923476
phase,scan,4,202,0.5,tied,0,0,,,,
phase,competitive,4,202,0.75,preserved,238,234,0.9831932773109243,0.9575903339090249,0.9934453853386146,0.40195922356733943
phase,competitive,4,202,0.75,inverted,786,762,0.9694656488549618,0.9549679113172208,0.9793966498808725,0.6679862437253777
phase,competitive,4,202,0.75,tied,0,0,,,,
phase,scan,4,202,0.75,preserved,238,202,0.8487394957983193,0.7977027303008658,0.8886969627213436,0.40195922356733943
phase,scan,4,202,0.75,inverted,786,786,1.0,0.9951362399752052,1.0,0.6679862437253777
phase,scan,4,202,0.75,tied,0,0,,,,
phase,competitive,4,202,1.0,preserved,122,115,0.9426229508196722,0.8862898495496278,0.9719319149543201,0.4778541145746011
phase,competitive,4,202,1.0,inverted,902,870,0.9645232815964523,0.9503468368492133,0.9747597159962288,0.8180431076717671
phase,competitive,4,202,1.0,tied,0,0,,,,
phase,scan,4,202,1.0,preserved,122,111,0.9098360655737705,0.8457417985692873,0.9489079833788124,0.4778541145746011
phase,scan,4,202,1.0,inverted,902,902,1.0,0.9957590819410368,0.9999999999999999,0.8180431076717671
phase,scan,4,202,1.0,tied,0,0,,,,
priority,competitive,4,303,0.0,preserved,1024,0,0.0,0.0,0.003737540881785676,0.0
priority,competitive,4,303,0.0,inverted,0,0,,,,
priority,competitive,4,303,0.0,tied,0,0,,,,
priority,scan,4,303,0.0,preserved,1024,0,0.0,0.0,0.003737540881785676,0.0
priority,scan,4,303,0.0,inverted,0,0,,,,
priority,scan,4,303,0.0,tied,0,0,,,,
priority,competitive,4,303,0.05,preserved,1024,0,0.0,0.0,0.003737540881785676,0.0393236304926203
priority,competitive,4,303,0.05,inverted,0,0,,,,
priority,competitive,4,303,0.05,tied,0,0,,,,
priority,scan,4,303,0.05,preserved,1024,0,0.0,0.0,0.003737540881785676,0.0393236304926203
priority,scan,4,303,0.05,inverted,0,0,,,,
priority,scan,4,303,0.05,tied,0,0,,,,
priority,competitive,4,303,0.1,preserved,1024,0,0.0,0.0,0.003737540881785676,0.0786472609852406
priority,competitive,4,303,0.1,inverted,0,0,,,,
priority,competitive,4,303,0.1,tied,0,0,,,,
priority,scan,4,303,0.1,preserved,1024,0,0.0,0.0,0.003737540881785676,0.0786472609852406
priority,scan,4,303,0.1,inverted,0,0,,,,
priority,scan,4,303,0.1,tied,0,0,,,,
priority,competitive,4,303,0.2,preserved,1024,0,0.0,0.0,0.003737540881785676,0.1572945219704812
priority,competitive,4,303,0.2,inverted,0,0,,,,
priority,competitive,4,303,0.2,tied,0,0,,,,
priority,scan,4,303,0.2,preserved,1024,146,0.142578125,0.12249678037183598,0.16533122736787798,0.1572945219704812
priority,scan,4,303,0.2,inverted,0,0,,,,
priority,scan,4,303,0.2,tied,0,0,,,,
priority,competitive,4,303,0.35,preserved,952,0,0.0,4.336808689942018e-19,0.004019075964050947,0.2633381628286003
priority,competitive,4,303,0.35,inverted,72,72,1.0,0.9493470601886036,1.0,0.4329701716427053
priority,competitive,4,303,0.35,tied,0,0,,,,
priority,scan,4,303,0.35,preserved,952,453,0.47584033613445376,0.44427622078221846,0.507598650535372,0.2633381628286003
priority,scan,4,303,0.35,inverted,72,72,1.0,0.9493470601886036,1.0,0.4329701716427053
priority,scan,4,303,0.35,tied,0,0,,,,
priority,competitive,4,303,0.5,preserved,773,0,0.0,0.0,0.004945152267849713,0.34816980138141657
priority,competitive,4,303,0.5,inverted,251,251,1.0,0.9849255380597204,1.0000000000000002,0.532026772018314
priority,competitive,4,303,0.5,tied,0,0,,,,
priority,scan,4,303,0.5,preserved,773,482,0.6235446313065977,0.5888575621593379,0.6570098064264844,0.34816980138141657
priority,scan,4,303,0.5,inverted,251,251,1.0,0.9849255380597204,1.0000000000000002,0.532026772018314
priority,scan,4,303,0.5,tied,0,0,,,,
priority,competitive,4,303,0.75,preserved,527,0,0.0,0.0,0.00723681037808642,0.48922991535259547
priority,competitive,4,303,0.75,inverted,497,497,1.0,0.9923297106310658,1.0,0.6965529154443257
priority,competitive,4,303,0.75,tied,0,0,,,,
priority,scan,4,303,0.75,preserved,527,382,0.7248576850094877,0.685204778990371,0.761256086171666,0.48922991535259547
priority,scan,4,303,0.75,inverted,497,497,1.0,0.9923297106310658,1.0,0.6965529154443257
priority,scan,4,303,0.75,tied,0,0,,,,
priority,competitive,4,303,1.0,preserved,372,0,0.0,0.0,0.010221327282557334,0.6240870824653614
priority,competitive,4,303,1.0,inverted,652,652,1.0,0.9941424880641913,1.0000000000000002,0.8791220211836644
priority,competitive,4,303,1.0,tied,0,0,,,,
priority,scan,4,303,1.0,preserved,372,288,0.7741935483870968,0.729026724042083,0.81375512873845,0.6240870824653614
priority,scan,4,303,1.0,inverted,652,652,1.0,0.9941424880641913,1.0000000000000002,0.8791220211836644
priority,scan,4,303,1.0,tied,0,0,,,,
position,competitive,4,303,0.0,preserved,1024,0,0.0,0.0,0.003737540881785676,0.0
position,competitive,4,303,0.0,inverted,0,0,,,,
position,competitive,4,303,0.0,tied,0,0,,,,
position,scan,4,303,0.0,preserved,1024,0,0.0,0.0,0.003737540881785676,0.0
position,scan,4,303,0.0,inverted,0,0,,,,
position,scan,4,303,0.0,tied,0,0,,,,
position,competitive,4,303,0.05,preserved,1024,0,0.0,0.0,0.003737540881785676,0.039323630492620304
position,competitive,4,303,0.05,inverted,0,0,,,,
position,competitive,4,303,0.05,tied,0,0,,,,
position,scan,4,303,0.05,preserved,1024,0,0.0,0.0,0.003737540881785676,0.039323630492620304
position,scan,4,303,0.05,inverted,0,0,,,,
position,scan,4,303,0.05,tied,0,0,,,,
position,competitive,4,303,0.1,preserved,1024,0,0.0,0.0,0.003737540881785676,0.07864726098524061
position,competitive,4,303,0.1,inverted,0,0,,,,
position,competitive,4,303,0.1,tied,0,0,,,,
position,scan,4,303,0.1,preserved,1024,0,0.0,0.0,0.003737540881785676,0.07864726098524061
position,scan,4,303,0.1,inverted,0,0,,,,
position,scan,4,303,0.1,tied,0,0,,,,
position,competitive,4,303,0.2,preserved,1024,0,0.0,0.0,0.003737540881785676,0.15729452197048122
position,competitive,4,303,0.2,inverted,0,0,,,,
position,competitive,4,303,0.2,tied,0,0,,,,
position,scan,4,303,0.2,preserved,1024,98,0.095703125,0.07916578768269719,0.1152626145146842,0.15729452197048122
position,scan,4,303,0.2,inverted,0,0,,,,
position,scan,4,303,0.2,tied,0,0,,,,
position,competitive,4,303,0.35,preserved,960,0,0.0,-4.336808689942018e-19,0.003985717155184006,0.2642998305311994
position,competitive,4,303,0.35,inverted,64,64,1.0,0.9433739770288436,1.0,0.4397491572054829
position,competitive,4,303,0.35,tied,0,0,,,,
position,scan,4,303,0.35,preserved,960,523,0.5447916666666667,0.5131732822046977,0.5760529973001505,0.2642998305311994
position,scan,4,303,0.35,inverted,64,64,1.0,0.9433739770288436,1.0,0.4397491572054829
position,scan,4,303,0.35,tied,0,0,,,,
position,competitive,4,303,0.5,preserved,791,0,0.0,0.0,0.004833164243039116,0.352121268184725
position,competitive,4,303,0.5,inverted,233,233,1.0,0.9837798765081812,1.0000000000000002,0.53281567858504
position,competitive,4,303,0.5,tied,0,0,,,,
position,scan,4,303,0.5,preserved,791,613,0.7749683944374209,0.7445768535052898,0.8027020005456306,0.352121268184725
position,scan,4,303,0.5,inverted,233,233,1.0,0.9837798765081812,1.0000000000000002,0.53281567858504
position,scan,4,303,0.5,tied,0,0,,,,
position,competitive,4,303,0.75,preserved,516,0,0.0,0.0,0.0073899433981428194,0.4802840777181002
position,competitive,4,303,0.75,inverted,508,508,1.0,0.992494553002335,1.0,0.7011503548506063
position,competitive,4,303,0.75,tied,0,0,,,,
position,scan,4,303,0.75,preserved,516,456,0.8837209302325582,0.8531829314086347,0.9085875771462791,0.4802840777181002
position,scan,4,303,0.75,inverted,508,508,1.0,0.992494553002335,1.0,0.7011503548506063
position,scan,4,303,0.75,tied,0,0,,,,
position,competitive,4,303,1.0,preserved,362,0,0.0,0.0,0.010500719437045978,0.6121076719682018
position,competitive,4,303,1.0,inverted,662,662,1.0,0.994230459616822,1.0000000000000002,0.8818202042845537
position,competitive,4,303,1.0,tied,0,0,,,,
position,scan,4,303,1.0,preserved,362,342,0.9447513812154696,0.9162084131680472,0.9639539303161273,0.6121076719682018
position,scan,4,303,1.0,inverted,662,662,1.0,0.994230459616822,1.0000000000000002,0.8818202042845537
position,scan,4,303,1.0,tied,0,0,,,,
phase,competitive,4,303,0.0,preserved,1024,1024,1.0,0.9962624591182144,1.0,0.0
phase,competitive,4,303,0.0,inverted,0,0,,,,
phase,competitive,4,303,0.0,tied,0,0,,,,
phase,scan,4,303,0.0,preserved,1024,0,0.0,0.0,0.003737540881785676,0.0
phase,scan,4,303,0.0,inverted,0,0,,,,
phase,scan,4,303,0.0,tied,0,0,,,,
phase,competitive,4,303,0.05,preserved,1024,1024,1.0,0.9962624591182144,1.0,0.0393236304926203
phase,competitive,4,303,0.05,inverted,0,0,,,,
phase,competitive,4,303,0.05,tied,0,0,,,,
phase,scan,4,303,0.05,preserved,1024,0,0.0,0.0,0.003737540881785676,0.0393236304926203
phase,scan,4,303,0.05,inverted,0,0,,,,
phase,scan,4,303,0.05,tied,0,0,,,,
phase,competitive,4,303,0.1,preserved,1024,1024,1.0,0.9962624591182144,1.0,0.07864726098524061
phase,competitive,4,303,0.1,inverted,0,0,,,,
phase,competitive,4,303,0.1,tied,0,0,,,,
phase,scan,4,303,0.1,preserved,1024,0,0.0,0.0,0.003737540881785676,0.07864726098524061
phase,scan,4,303,0.1,inverted,0,0,,,,
phase,scan,4,303,0.1,tied,0,0,,,,
phase,competitive,4,303,0.2,preserved,1010,1010,1.0,0.9962108479273292,1.0,0.15546239165425407
phase,competitive,4,303,0.2,inverted,14,14,1.0,0.7846829880728186,1.0,0.28946963764115186
phase,competitive,4,303,0.2,tied,0,0,,,,
phase,scan,4,303,0.2,preserved,1010,84,0.08316831683168317,0.0676766518313123,0.10181885910451832,0.15546239165425407
phase,scan,4,303,0.2,inverted,14,14,1.0,0.7846829880728186,1.0,0.28946963764115186
phase,scan,4,303,0.2,tied,0,0,,,,
phase,competitive,4,303,0.35,preserved,823,823,1.0,0.9953538864033932,0.9999999999999999,0.2475392894065088
phase,competitive,4,303,0.35,inverted,201,199,0.9900497512437811,0.9644516279680263,0.9972670854183171,0.3887907870126643
phase,competitive,4,303,0.35,tied,0,0,,,,
phase,scan,4,303,0.35,preserved,823,386,0.4690157958687728,0.4351437446464332,0.5031757593553005,0.2475392894065088
phase,scan,4,303,0.35,inverted,201,201,1.0,0.9812459969068782,0.9999999999999999,0.3887907870126643
phase,scan,4,303,0.35,tied,0,0,,,,
phase,competitive,4,303,0.5,preserved,542,542,1.0,0.9929620607883314,1.0000000000000002,0.30511019462179273
phase,competitive,4,303,0.5,inverted,482,466,0.966804979253112,0.9467619129862788,0.9794658945954517,0.49233247045522843
phase,competitive,4,303,0.5,tied,0,0,,,,
phase,scan,4,303,0.5,preserved,542,364,0.6715867158671587,0.6309616900494792,0.7097965079332322,0.30511019462179273
phase,scan,4,303,0.5,inverted,482,482,1.0,0.9920928961208757,1.0,0.49233247045522843
phase,scan,4,303,0.5,tied,0,0,,,,
phase,competitive,4,303,0.75,preserved,272,270,0.9926470588235294,0.9735908114941793,0.9979812791549468,0.36372395830495163
phase,competitive,4,303,0.75,inverted,752,726,0.9654255319148937,0.9498219147487902,0.9762980553613493,0.6678588230085953
phase,competitive,4,303,0.75,tied,0,0,,,,
phase,scan,4,303,0.75,preserved,272,212,0.7794117647058824,0.7264330742631686,0.8246078129706642,0.36372395830495163
phase,scan,4,303,0.75,inverted,752,752,1.0,0.9949174536040354,0.9999999999999999,0.6678588230085953
phase,scan,4,303,0.75,tied,0,0,,,,
phase,competitive,4,303,1.0,preserved,144,143,0.9930555555555556,0.9617143276425165,0.9987731129695979,0.41362479053478474
phase,competitive,4,303,1.0,inverted,880,843,0.9579545454545455,0.9425839208986064,0.9693441892967047,0.8098943558853449
phase,competitive,4,303,1.0,tied,0,0,,,,
phase,scan,4,303,1.0,preserved,144,124,0.8611111111111112,0.7951966640512391,0.9082589262562251,0.41362479053478474
phase,scan,4,303,1.0,inverted,880,880,1.0,0.9956535198162204,1.0,0.8098943558853449
phase,scan,4,303,1.0,tied,0,0,,,,
priority,competitive,4,404,0.0,preserved,1024,0,0.0,0.0,0.003737540881785676,0.0
priority,competitive,4,404,0.0,inverted,0,0,,,,
priority,competitive,4,404,0.0,tied,0,0,,,,
priority,scan,4,404,0.0,preserved,1024,0,0.0,0.0,0.003737540881785676,0.0
priority,scan,4,404,0.0,inverted,0,0,,,,
priority,scan,4,404,0.0,tied,0,0,,,,
priority,competitive,4,404,0.05,preserved,1024,0,0.0,0.0,0.003737540881785676,0.040306191987356396
priority,competitive,4,404,0.05,inverted,0,0,,,,
priority,competitive,4,404,0.05,tied,0,0,,,,
priority,scan,4,404,0.05,preserved,1024,0,0.0,0.0,0.003737540881785676,0.040306191987356396
priority,scan,4,404,0.05,inverted,0,0,,,,
priority,scan,4,404,0.05,tied,0,0,,,,
priority,competitive,4,404,0.1,preserved,1024,0,0.0,0.0,0.003737540881785676,0.08061238397471279
priority,competitive,4,404,0.1,inverted,0,0,,,,
priority,competitive,4,404,0.1,tied,0,0,,,,
priority,scan,4,404,0.1,preserved,1024,0,0.0,0.0,0.003737540881785676,0.08061238397471279
priority,scan,4,404,0.1,inverted,0,0,,,,
priority,scan,4,404,0.1,tied,0,0,,,,
priority,competitive,4,404,0.2,preserved,1024,0,0.0,0.0,0.003737540881785676,0.16122476794942558
priority,competitive,4,404,0.2,inverted,0,0,,,,
priority,competitive,4,404,0.2,tied,0,0,,,,
priority,scan,4,404,0.2,preserved,1024,131,0.1279296875,0.10885308142787867,0.14978754957985638,0.16122476794942558
priority,scan,4,404,0.2,inverted,0,0,,,,
priority,scan,4,404,0.2,tied,0,0,,,,
priority,competitive,4,404,0.35,preserved,954,0,0.0,0.0,0.004010684021241091,0.2710322437179602
priority,competitive,4,404,0.35,inverted,70,70,1.0,0.9479751251327163,0.9999999999999999,0.43357176654909413
priority,competitive,4,404,0.35,tied,0,0,,,,
priority,scan,4,404,0.35,preserved,954,455,0.4769392033542977,0.44540027378787994,0.5086631120579636,0.2710322437179602
priority,scan,4,404,0.35,inverted,70,70,1.0,0.9479751251327163,0.9999999999999999,0.43357176654909413
priority,scan,4,404,0.35,tied,0,0,,,,
priority,competitive,4,404,0.5,preserved,796,0,0.0,0.0,0.00480295098429489,0.3649334261275183
priority,competitive,4,404,0.5,inverted,228,228,1.0,0.9834300660450928,1.0,0.5361771875132672
priority,competitive,4,404,0.5,tied,0,0,,,,
priority,scan,4,404,0.5,preserved,796,506,0.635678391959799,0.6016688775400847,0.6683845930470915,0.3649334261275183
priority,scan,4,404,0.5,inverted,228,228,1.0,0.9834300660450928,1.0,0.5361771875132672
priority,scan,4,404,0.5,tied,0,0,,,,
priority,competitive,4,404,0.75,preserved,528,0,0.0,0.0,0.007223203299629062,0.5121341686321554
priority,competitive,4,404,0.75,inverted,496,496,1.0,0.9923143651908927,1.0000000000000002,0.7030166691290648
priority,competitive,4,404,0.75,tied,0,0,,,,
priority,scan,4,404,0.75,preserved,528,373,0.7064393939393939,0.6662159346441953,0.7436805458116397,0.5121341686321554
priority,scan,4,404,0.75,inverted,496,496,1.0,0.9923143651908927,1.0000000000000002,0.7030166691290648
priority,scan,4,404,0.75,tied,0,0,,,,
priority,competitive,4,404,1.0,preserved,365,0,0.0,0.0,0.010415311071202379,0.6702765944845466
priority,competitive,4,404,1.0,inverted,659,659,1.0,0.994204346860547,1.0,0.8813654854540203
priority,competitive,4,404,1.0,tied,0,0,,,,
priority,scan,4,404,1.0,preserved,365,261,0.7150684931506849,0.6667080928825061,0.7589488829033054,0.6702765944845466
priority,scan,4,404,1.0,inverted,659,659,1.0,0.994204346860547,1.0,0.8813654854540203
priority,scan,4,404,1.0,tied,0,0,,,,
position,competitive,4,404,0.0,preserved,1024,0,0.0,0.0,0.003737540881785676,0.0
position,competitive,4,404,0.0,inverted,0,0,,,,
position,competitive,4,404,0.0,tied,0,0,,,,
position,scan,4,404,0.0,preserved,1024,0,0.0,0.0,0.003737540881785676,0.0
position,scan,4,404,0.0,inverted,0,0,,,,
position,scan,4,404,0.0,tied,0,0,,,,
position,competitive,4,404,0.05,preserved,1024,0,0.0,0.0,0.003737540881785676,0.040306191987356396
position,competitive,4,404,0.05,inverted,0,0,,,,
position,competitive,4,404,0.05,tied,0,0,,,,
position,scan,4,404,0.05,preserved,1024,0,0.0,0.0,0.003737540881785676,0.040306191987356396
position,scan,4,404,0.05,inverted,0,0,,,,
position,scan,4,404,0.05,tied,0,0,,,,
position,competitive,4,404,0.1,preserved,1024,0,0.0,0.0,0.003737540881785676,0.08061238397471279
position,competitive,4,404,0.1,inverted,0,0,,,,
position,competitive,4,404,0.1,tied,0,0,,,,
position,scan,4,404,0.1,preserved,1024,0,0.0,0.0,0.003737540881785676,0.08061238397471279
position,scan,4,404,0.1,inverted,0,0,,,,
position,scan,4,404,0.1,tied,0,0,,,,
position,competitive,4,404,0.2,preserved,1023,0,0.0,-2.168404344971009e-19,0.003741180723492309,0.16105468284937113
position,competitive,4,404,0.2,inverted,1,1,1.0,0.20654329147389294,1.0,0.33522182530512834
position,competitive,4,404,0.2,tied,0,0,,,,
position,scan,4,404,0.2,preserved,1023,106,0.10361681329423265,0.08639998540557513,0.12379952345733032,0.16105468284937113
position,scan,4,404,0.2,inverted,1,1,1.0,0.20654329147389294,1.0,0.33522182530512834
position,scan,4,404,0.2,tied,0,0,,,,
position,competitive,4,404,0.35,preserved,962,0,0.0,0.0,0.003977463799447032,0.2724671986270747
position,competitive,4,404,0.35,inverted,62,62,1.0,0.9416539087749995,1.0000000000000002,0.43227966267943135
position,competitive,4,404,0.35,tied,0,0,,,,
position,scan,4,404,0.35,preserved,962,555,0.5769230769230769,0.5454574604069251,0.6077767759316215,0.2724671986270747
position,scan,4,404,0.35,inverted,62,62,1.0,0.9416539087749995,1.0000000000000002,0.43227966267943135
position,scan,4,404,0.35,tied,0,0,,,,
position,competitive,4,404,0.5,preserved,780,0,0.0,0.0,0.004900990200060828,0.3653726913862352
position,competitive,4,404,0.5,inverted,244,244,1.0,0.9844997772770996,1.0,0.5235438797920741
position,competitive,4,404,0.5,tied,0,0,,,,
position,scan,4,404,0.5,preserved,780,638,0.8179487179487179,0.7893307456576365,0.8434501631382222,0.3653726913862352
position,scan,4,404,0.5,inverted,244,244,1.0,0.9844997772770996,1.0,0.5235438797920741
position,scan,4,404,0.5,tied,0,0,,,,
position,competitive,4,404,0.75,preserved,541,0,0.0,0.0,0.00705085661594122,0.5202689710597451
position,competitive,4,404,0.75,inverted,483,483,1.0,0.9921091377565106,1.0,0.6990426409574991
position,competitive,4,404,0.75,tied,0,0,,,,
position,scan,4,404,0.75,preserved,541,505,0.933456561922366,0.9092506777603665,0.9515499659496586,0.5202689710597451
position,scan,4,404,0.75,inverted,483,483,1.0,0.9921091377565106,1.0,0.6990426409574991
position,scan,4,404,0.75,tied,0,0,,,,
position,competitive,4,404,1.0,preserved,403,0,0.0,-8.673617379884035e-19,0.009442495556010004,0.6695258775474868
position,competitive,4,404,1.0,inverted,621,621,1.0,0.9938518818209289,1.0000000000000002,0.8947695382438353
position,competitive,4,404,1.0,tied,0,0,,,,
position,scan,4,404,1.0,preserved,403,385,0.9553349875930521,0.9305075218066213,0.9715634561857965,0.6695258775474868
position,scan,4,404,1.0,inverted,621,621,1.0,0.9938518818209289,1.0000000000000002,0.8947695382438353
position,scan,4,404,1.0,tied,0,0,,,,
phase,competitive,4,404,0.0,preserved,1024,1024,1.0,0.9962624591182144,1.0,0.0
phase,competitive,4,404,0.0,inverted,0,0,,,,
phase,competitive,4,404,0.0,tied,0,0,,,,
phase,scan,4,404,0.0,preserved,1024,0,0.0,0.0,0.003737540881785676,0.0
phase,scan,4,404,0.0,inverted,0,0,,,,
phase,scan,4,404,0.0,tied,0,0,,,,
phase,competitive,4,404,0.05,preserved,1024,1024,1.0,0.9962624591182144,1.0,0.040306191987356396
phase,competitive,4,404,0.05,inverted,0,0,,,,
phase,competitive,4,404,0.05,tied,0,0,,,,
phase,scan,4,404,0.05,preserved,1024,0,0.0,0.0,0.003737540881785676,0.040306191987356396
phase,scan,4,404,0.05,inverted,0,0,,,,
phase,scan,4,404,0.05,tied,0,0,,,,
phase,competitive,4,404,0.1,preserved,1024,1024,1.0,0.9962624591182144,1.0,0.08061238397471279
phase,competitive,4,404,0.1,inverted,0,0,,,,
phase,competitive,4,404,0.1,tied,0,0,,,,
phase,scan,4,404,0.1,preserved,1024,0,0.0,0.0,0.003737540881785676,0.08061238397471279
phase,scan,4,404,0.1,inverted,0,0,,,,
phase,scan,4,404,0.1,tied,0,0,,,,
phase,competitive,4,404,0.2,preserved,1008,1008,1.0,0.9962033583122101,1.0,0.1598967483979719
phase,competitive,4,404,0.2,inverted,16,16,1.0,0.8063865817272802,1.0,0.2448899996910089
phase,competitive,4,404,0.2,tied,0,0,,,,
phase,scan,4,404,0.2,preserved,1008,91,0.09027777777777778,0.07410683375452877,0.10955985873963235,0.1598967483979719
phase,scan,4,404,0.2,inverted,16,16,1.0,0.8063865817272802,1.0,0.2448899996910089
phase,scan,4,404,0.2,tied,0,0,,,,
phase,competitive,4,404,0.35,preserved,808,808,1.0,0.9952680424358644,1.0,0.2554228573400083
phase,competitive,4,404,0.35,inverted,216,216,1.0,0.9825256002503623,1.0000000000000002,0.38209775664187
phase,competitive,4,404,0.35,tied,0,0,,,,
phase,scan,4,404,0.35,preserved,808,401,0.4962871287128713,0.46191102885588836,0.5306983668685977,0.2554228573400083
phase,scan,4,404,0.35,inverted,216,216,1.0,0.9825256002503623,1.0000000000000002,0.38209775664187
phase,scan,4,404,0.35,tied,0,0,,,,
phase,competitive,4,404,0.5,preserved,510,510,1.0,0.992523766078885,1.0,0.31498970116136094
phase,competitive,4,404,0.5,inverted,514,510,0.9922178988326849,0.9801630754630578,0.9969697002737697,0.49025035971510567
phase,competitive,4,404,0.5,tied,0,0,,,,
phase,scan,4,404,0.5,preserved,510,368,0.7215686274509804,0.6811207083286085,0.7587035487965444,0.31498970116136094
phase,scan,4,404,0.5,inverted,514,514,1.0,0.9925815152741688,1.0,0.49025035971510567
phase,scan,4,404,0.5,tied,0,0,,,,
phase,competitive,4,404,0.75,preserved,244,242,0.9918032786885246,0.9706111117514494,0.9977493249145503,0.3959255189586613
phase,competitive,4,404,0.75,inverted,780,751,0.9628205128205128,0.9471139795848635,0.9739904884607213,0.6646357920716961
phase,competitive,4,404,0.75,tied,0,0,,,,
phase,scan,4,404,0.75,preserved,244,208,0.8524590163934426,0.8025059316989894,0.8914857145783103,0.3959255189586613
phase,scan,4,404,0.75,inverted,780,780,1.0,0.9950990097999394,1.0000000000000002,0.6646357920716961
phase,scan,4,404,0.75,tied,0,0,,,,
phase,competitive,4,404,1.0,preserved,135,130,0.9629629629629629,0.9162282153274139,0.9840783210420891,0.46135257172001953
phase,competitive,4,404,1.0,inverted,889,851,0.9572553430821147,0.9418743010617825,0.9687015502426368,0.8175463622369536
phase,competitive,4,404,1.0,tied,0,0,,,,
phase,scan,4,404,1.0,preserved,135,116,0.8592592592592593,0.7906257331521718,0.9080121390705627,0.46135257172001953
phase,scan,4,404,1.0,inverted,889,889,1.0,0.9956973330991744,0.9999999999999999,0.8175463622369536
phase,scan,4,404,1.0,tied,0,0,,,,
priority,competitive,6,101,0.0,preserved,1024,0,0.0,0.0,0.003737540881785676,0.0
priority,competitive,6,101,0.0,inverted,0,0,,,,
priority,competitive,6,101,0.0,tied,0,0,,,,
priority,scan,6,101,0.0,preserved,1024,0,0.0,0.0,0.003737540881785676,0.0
priority,scan,6,101,0.0,inverted,0,0,,,,
priority,scan,6,101,0.0,tied,0,0,,,,
priority,competitive,6,101,0.05,preserved,1024,0,0.0,0.0,0.003737540881785676,0.03939666071986629
priority,competitive,6,101,0.05,inverted,0,0,,,,
priority,competitive,6,101,0.05,tied,0,0,,,,
priority,scan,6,101,0.05,preserved,1024,0,0.0,0.0,0.003737540881785676,0.03939666071986629
priority,scan,6,101,0.05,inverted,0,0,,,,
priority,scan,6,101,0.05,tied,0,0,,,,
priority,competitive,6,101,0.1,preserved,1024,0,0.0,0.0,0.003737540881785676,0.07879332143973258
priority,competitive,6,101,0.1,inverted,0,0,,,,
priority,competitive,6,101,0.1,tied,0,0,,,,
priority,scan,6,101,0.1,preserved,1024,3,0.0029296875,0.0009968294590821545,0.00857818676909931,0.07879332143973258
priority,scan,6,101,0.1,inverted,0,0,,,,
priority,scan,6,101,0.1,tied,0,0,,,,
priority,competitive,6,101,0.2,preserved,1022,0,0.0,0.0,0.003744827661502516,0.15739434496011848
priority,competitive,6,101,0.2,inverted,2,2,1.0,0.34237195288961925,1.0,0.25585087966563774
priority,competitive,6,101,0.2,tied,0,0,,,,
priority,scan,6,101,0.2,preserved,1022,236,0.2309197651663405,0.20611887640165333,0.257735972144165,0.15739434496011848
priority,scan,6,101,0.2,inverted,2,2,1.0,0.34237195288961925,1.0,0.25585087966563774
priority,scan,6,101,0.2,tied,0,0,,,,
priority,competitive,6,101,0.35,preserved,915,0,0.0,0.0,0.004180916493114808,0.2639328001674491
priority,competitive,6,101,0.35,inverted,109,109,1.0,0.9659558177126165,0.9999999999999999,0.3751995585943637
priority,competitive,6,101,0.35,tied,0,0,,,,
priority,scan,6,101,0.35,preserved,915,618,0.6754098360655738,0.6443923744687622,0.7049605499090631,0.2639328001674491
priority,scan,6,101,0.35,inverted,109,109,1.0,0.9659558177126165,0.9999999999999999,0.3751995585943637
priority,scan,6,101,0.35,tied,0,0,,,,
priority,competitive,6,101,0.5,preserved,686,0,0.0,0.0,0.005568814638027048,0.35363510436749906
priority,competitive,6,101,0.5,inverted,338,338,1.0,0.988762046515111,1.0,0.4758228525897233
priority,competitive,6,101,0.5,tied,0,0,,,,
priority,scan,6,101,0.5,preserved,686,585,0.8527696793002916,0.8242901979482321,0.8773201427444718,0.35363510436749906
priority,scan,6,101,0.5,inverted,338,338,1.0,0.988762046515111,1.0,0.4758228525897233
priority,scan,6,101,0.5,tied,0,0,,,,
priority,competitive,6,101,0.75,preserved,351,0,0.0,0.0,0.010826239088088881,0.48437793864485035
priority,competitive,6,101,0.75,inverted,673,673,1.0,0.9943242259341032,0.9999999999999998,0.6465320240606296
priority,competitive,6,101,0.75,tied,0,0,,,,
priority,scan,6,101,0.75,preserved,351,312,0.8888888888888888,0.8517092444031961,0.917648125194957,0.48437793864485035
priority,scan,6,101,0.75,inverted,673,673,1.0,0.9943242259341032,0.9999999999999998,0.6465320240606296
priority,scan,6,101,0.75,tied,0,0,,,,
priority,competitive,6,101,1.0,preserved,196,0,0.0,0.0,0.019223224794036875,0.6241626084183154
priority,competitive,6,101,1.0,inverted,828,828,1.0,0.9953818130759511,1.0,0.8267001694358356
priority,competitive,6,101,1.0,tied,0,0,,,,
priority,scan,6,101,1.0,preserved,196,180,0.9183673469387755,0.8715200667126564,0.9491298880515169,0.6241626084183154
priority,scan,6,101,1.0,inverted,828,828,1.0,0.9953818130759511,1.0,0.8267001694358356
priority,scan,6,101,1.0,tied,0,0,,,,
position,competitive,6,101,0.0,preserved,1024,0,0.0,0.0,0.003737540881785676,0.0
position,competitive,6,101,0.0,inverted,0,0,,,,
position,competitive,6,101,0.0,tied,0,0,,,,
position,scan,6,101,0.0,preserved,1024,0,0.0,0.0,0.003737540881785676,0.0
position,scan,6,101,0.0,inverted,0,0,,,,
position,scan,6,101,0.0,tied,0,0,,,,
position,competitive,6,101,0.05,preserved,1024,0,0.0,0.0,0.003737540881785676,0.03939666071986629
position,competitive,6,101,0.05,inverted,0,0,,,,
position,competitive,6,101,0.05,tied,0,0,,,,
position,scan,6,101,0.05,preserved,1024,0,0.0,0.0,0.003737540881785676,0.03939666071986629
position,scan,6,101,0.05,inverted,0,0,,,,
position,scan,6,101,0.05,tied,0,0,,,,
position,competitive,6,101,0.1,preserved,1024,0,0.0,0.0,0.003737540881785676,0.07879332143973258
position,competitive,6,101,0.1,inverted,0,0,,,,
position,competitive,6,101,0.1,tied,0,0,,,,
position,scan,6,101,0.1,preserved,1024,0,0.0,0.0,0.003737540881785676,0.07879332143973258
position,scan,6,101,0.1,inverted,0,0,,,,
position,scan,6,101,0.1,tied,0,0,,,,
position,competitive,6,101,0.2,preserved,1023,0,0.0,-2.168404344971009e-19,0.003741180723492309,0.15743497189027933
position,competitive,6,101,0.2,inverted,1,1,1.0,0.20654329147389294,1.0,0.3127460648165771
position,competitive,6,101,0.2,tied,0,0,,,,
position,scan,6,101,0.2,preserved,1023,135,0.13196480938416422,0.11259444426274087,0.15408894682698512,0.15743497189027933
position,scan,6,101,0.2,inverted,1,1,1.0,0.20654329147389294,1.0,0.3127460648165771
position,scan,6,101,0.2,tied,0,0,,,,
position,competitive,6,101,0.35,preserved,928,0,0.0,0.0,0.0041225890752248015,0.2654447842825148
position,competitive,6,101,0.35,inverted,96,96,1.0,0.9615230525151842,1.0000000000000002,0.37565108568570676
position,competitive,6,101,0.35,tied,0,0,,,,
position,scan,6,101,0.35,preserved,928,646,0.6961206896551724,0.6657701183622635,0.7248542109228853,0.2654447842825148
position,scan,6,101,0.35,inverted,96,96,1.0,0.9615230525151842,1.0000000000000002,0.37565108568570676
position,scan,6,101,0.35,tied,0,0,,,,
position,competitive,6,101,0.5,preserved,689,0,0.0,0.0,0.005544701703823789,0.3502794968999739
position,competitive,6,101,0.5,inverted,335,335,1.0,0.9886625491084918,0.9999999999999999,0.48381860420104117
position,competitive,6,101,0.5,tied,0,0,,,,
position,scan,6,101,0.5,preserved,689,623,0.9042089985486212,0.8799387568320343,0.9239968036193014,0.3502794968999739
position,scan,6,101,0.5,inverted,335,335,1.0,0.9886625491084918,0.9999999999999999,0.48381860420104117
position,scan,6,101,0.5,tied,0,0,,,,
position,competitive,6,101,0.75,preserved,352,0,0.0,8.673617379884035e-19,0.010795814767019931,0.4775980133594003
position,competitive,6,101,0.75,inverted,672,672,1.0,0.9943158278507865,1.0000000000000002,0.6503247142182103
position,competitive,6,101,0.75,tied,0,0,,,,
position,scan,6,101,0.75,preserved,352,338,0.9602272727272727,0.9343544936473681,0.9761629950329885,0.4775980133594003
position,scan,6,101,0.75,inverted,672,672,1.0,0.9943158278507865,1.0000000000000002,0.6503247142182103
position,scan,6,101,0.75,tied,0,0,,,,
position,competitive,6,101,1.0,preserved,193,0,0.0,0.0,0.019516199827678698,0.6085537673996732
position,competitive,6,101,1.0,inverted,831,831,1.0,0.9953984085124652,1.0,0.8295941449274667
position,competitive,6,101,1.0,tied,0,0,,,,
position,scan,6,101,1.0,preserved,193,187,0.9689119170984456,0.9338451536160307,0.9856759232295141,0.6085537673996732
position,scan,6,101,1.0,inverted,831,831,1.0,0.9953984085124652,1.0,0.8295941449274667
position,scan,6,101,1.0,tied,0,0,,,,
phase,competitive,6,101,0.0,preserved,1024,1024,1.0,0.9962624591182144,1.0,7.067899292141147e-17
phase,competitive,6,101,0.0,inverted,0,0,,,,
phase,competitive,6,101,0.0,tied,0,0,,,,
phase,scan,6,101,0.0,preserved,1024,0,0.0,0.0,0.003737540881785676,7.067899292141147e-17
phase,scan,6,101,0.0,inverted,0,0,,,,
phase,scan,6,101,0.0,tied,0,0,,,,
phase,competitive,6,101,0.05,preserved,1024,1024,1.0,0.9962624591182144,1.0,0.0393966607198663
phase,competitive,6,101,0.05,inverted,0,0,,,,
phase,competitive,6,101,0.05,tied,0,0,,,,
phase,scan,6,101,0.05,preserved,1024,0,0.0,0.0,0.003737540881785676,0.0393966607198663
phase,scan,6,101,0.05,inverted,0,0,,,,
phase,scan,6,101,0.05,tied,0,0,,,,
phase,competitive,6,101,0.1,preserved,1024,1024,1.0,0.9962624591182144,1.0,0.07879332143973258
phase,competitive,6,101,0.1,inverted,0,0,,,,
phase,competitive,6,101,0.1,tied,0,0,,,,
phase,scan,6,101,0.1,preserved,1024,0,0.0,0.0,0.003737540881785676,0.07879332143973258
phase,scan,6,101,0.1,inverted,0,0,,,,
phase,scan,6,101,0.1,tied,0,0,,,,
phase,competitive,6,101,0.2,preserved,1010,1010,1.0,0.9962108479273292,1.0,0.15662756831953012
phase,competitive,6,101,0.2,inverted,14,14,1.0,0.7846829880728186,1.0,0.22677702184621087
phase,competitive,6,101,0.2,tied,0,0,,,,
phase,scan,6,101,0.2,preserved,1010,122,0.12079207920792079,0.10211732496911771,0.14234058640480896,0.15662756831953012
phase,scan,6,101,0.2,inverted,14,14,1.0,0.7846829880728186,1.0,0.22677702184621087
phase,scan,6,101,0.2,tied,0,0,,,,
phase,competitive,6,101,0.35,preserved,781,781,1.0,0.9951052543596057,1.0,0.2524277403960518
phase,competitive,6,101,0.35,inverted,243,243,1.0,0.9844369830693043,1.0,0.35081974810981525
phase,competitive,6,101,0.35,tied,0,0,,,,
phase,scan,6,101,0.35,preserved,781,499,0.6389244558258643,0.604633740436793,0.6718551714659402,0.2524277403960518
phase,scan,6,101,0.35,inverted,243,243,1.0,0.9844369830693043,1.0,0.35081974810981525
phase,scan,6,101,0.35,tied,0,0,,,,
phase,competitive,6,101,0.5,preserved,476,476,1.0,0.9919940246948161,1.0000000000000002,0.3175972821812509
phase,competitive,6,101,0.5,inverted,548,548,1.0,0.9930385820858737,0.9999999999999999,0.4603020063013786
phase,competitive,6,101,0.5,tied,0,0,,,,
phase,scan,6,101,0.5,preserved,476,410,0.8613445378151261,0.8273948422530228,0.8895084024844073,0.3175972821812509
phase,scan,6,101,0.5,inverted,548,548,1.0,0.9930385820858737,0.9999999999999999,0.4603020063013786
phase,scan,6,101,0.5,tied,0,0,,,,
phase,competitive,6,101,0.75,preserved,164,164,1.0,0.9771117529861488,1.0,0.3948756181148723
phase,competitive,6,101,0.75,inverted,860,860,1.0,0.9955528883999102,0.9999999999999999,0.6283408224259387
phase,competitive,6,101,0.75,tied,0,0,,,,
phase,scan,6,101,0.75,preserved,164,150,0.9146341463414634,0.8618178617456066,0.9484699334136389,0.3948756181148723
phase,scan,6,101,0.75,inverted,860,860,1.0,0.9955528883999102,0.9999999999999999,0.6283408224259387
phase,scan,6,101,0.75,tied,0,0,,,,
phase,competitive,6,101,1.0,preserved,63,63,1.0,0.9425268096514744,0.9999999999999999,0.4485996069327062
phase,competitive,6,101,1.0,inverted,961,961,1.0,0.9960184137997367,0.9999999999999999,0.8081631742052195
phase,competitive,6,101,1.0,tied,0,0,,,,
phase,scan,6,101,1.0,preserved,63,57,0.9047619047619048,0.807380773471272,0.9556171200561122,0.4485996069327062
phase,scan,6,101,1.0,inverted,961,961,1.0,0.9960184137997367,0.9999999999999999,0.8081631742052195
phase,scan,6,101,1.0,tied,0,0,,,,
priority,competitive,6,202,0.0,preserved,1024,0,0.0,0.0,0.003737540881785676,0.0
priority,competitive,6,202,0.0,inverted,0,0,,,,
priority,competitive,6,202,0.0,tied,0,0,,,,
priority,scan,6,202,0.0,preserved,1024,0,0.0,0.0,0.003737540881785676,0.0
priority,scan,6,202,0.0,inverted,0,0,,,,
priority,scan,6,202,0.0,tied,0,0,,,,
priority,competitive,6,202,0.05,preserved,1024,0,0.0,0.0,0.003737540881785676,0.04027835488156843
priority,competitive,6,202,0.05,inverted,0,0,,,,
priority,competitive,6,202,0.05,tied,0,0,,,,
priority,scan,6,202,0.05,preserved,1024,0,0.0,0.0,0.003737540881785676,0.04027835488156843
priority,scan,6,202,0.05,inverted,0,0,,,,
priority,scan,6,202,0.05,tied,0,0,,,,
priority,competitive,6,202,0.1,preserved,1024,0,0.0,0.0,0.003737540881785676,0.08055670976313686
priority,competitive,6,202,0.1,inverted,0,0,,,,
priority,competitive,6,202,0.1,tied,0,0,,,,
priority,scan,6,202,0.1,preserved,1024,2,0.001953125,0.0005357696110014584,0.007093421501714742,0.08055670976313686
priority,scan,6,202,0.1,inverted,0,0,,,,
priority,scan,6,202,0.1,tied,0,0,,,,
priority,competitive,6,202,0.2,preserved,1024,0,0.0,0.0,0.003737540881785676,0.16111341952627373
priority,competitive,6,202,0.2,inverted,0,0,,,,
priority,competitive,6,202,0.2,tied,0,0,,,,
priority,scan,6,202,0.2,preserved,1024,260,0.25390625,0.22820127677081442,0.28145079413193946,0.16111341952627373
priority,scan,6,202,0.2,inverted,0,0,,,,
priority,scan,6,202,0.2,tied,0,0,,,,
priority,competitive,6,202,0.35,preserved,921,0,0.0,-4.336808689942018e-19,0.0041537923899616965,0.270695153496141
priority,competitive,6,202,0.35,inverted,103,103,1.0,0.9640439678926562,1.0000000000000002,0.38257292641880203
priority,competitive,6,202,0.35,tied,0,0,,,,
priority,scan,6,202,0.35,preserved,921,642,0.6970684039087948,0.6666221046536873,0.7258775406909856,0.270695153496141
priority,scan,6,202,0.35,inverted,103,103,1.0,0.9640439678926562,1.0000000000000002,0.38257292641880203
priority,scan,6,202,0.35,tied,0,0,,,,
priority,competitive,6,202,0.5,preserved,664,0,0.0,4.336808689942018e-19,0.0057522622130756745,0.3576632989025844
priority,competitive,6,202,0.5,inverted,360,360,1.0,0.9894415591839967,1.0000000000000002,0.4860053430998464
priority,competitive,6,202,0.5,tied,0,0,,,,
priority,scan,6,202,0.5,preserved,664,567,0.8539156626506024,0.8250153157162514,0.8787443781991919,0.3576632989025844
priority,scan,6,202,0.5,inverted,360,360,1.0,0.9894415591839967,1.0000000000000002,0.4860053430998464
priority,scan,6,202,0.5,tied,0,0,,,,
priority,competitive,6,202,0.75,preserved,330,0,0.0,0.0,0.011507253739498012,0.488787058543248
priority,competitive,6,202,0.75,inverted,694,694,1.0,0.9944950258052829,1.0,0.6590429418755321
priority,competitive,6,202,0.75,tied,0,0,,,,
priority,scan,6,202,0.75,preserved,330,313,0.9484848484848485,0.9190568812467685,0.9675911578232574,0.488787058543248
priority,scan,6,202,0.75,inverted,694,694,1.0,0.9944950258052829,1.0,0.6590429418755321
priority,scan,6,202,0.75,tied,0,0,,,,
priority,competitive,6,202,1.0,preserved,182,0,0.0,0.0,0.020671367444102935,0.6276813630745144
priority,competitive,6,202,1.0,inverted,842,842,1.0,0.9954582512848743,1.0000000000000002,0.8440174583075533
priority,competitive,6,202,1.0,tied,0,0,,,,
priority,scan,6,202,1.0,preserved,182,173,0.9505494505494505,0.9087028804334308,0.9737690741773773,0.6276813630745144
priority,scan,6,202,1.0,inverted,842,842,1.0,0.9954582512848743,1.0000000000000002,0.8440174583075533
priority,scan,6,202,1.0,tied,0,0,,,,
position,competitive,6,202,0.0,preserved,1024,0,0.0,0.0,0.003737540881785676,0.0
position,competitive,6,202,0.0,inverted,0,0,,,,
position,competitive,6,202,0.0,tied,0,0,,,,
position,scan,6,202,0.0,preserved,1024,0,0.0,0.0,0.003737540881785676,0.0
position,scan,6,202,0.0,inverted,0,0,,,,
position,scan,6,202,0.0,tied,0,0,,,,
position,competitive,6,202,0.05,preserved,1024,0,0.0,0.0,0.003737540881785676,0.04027835488156843
position,competitive,6,202,0.05,inverted,0,0,,,,
position,competitive,6,202,0.05,tied,0,0,,,,
position,scan,6,202,0.05,preserved,1024,0,0.0,0.0,0.003737540881785676,0.04027835488156843
position,scan,6,202,0.05,inverted,0,0,,,,
position,scan,6,202,0.05,tied,0,0,,,,
position,competitive,6,202,0.1,preserved,1024,0,0.0,0.0,0.003737540881785676,0.08055670976313686
position,competitive,6,202,0.1,inverted,0,0,,,,
position,competitive,6,202,0.1,tied,0,0,,,,
position,scan,6,202,0.1,preserved,1024,0,0.0,0.0,0.003737540881785676,0.08055670976313686
position,scan,6,202,0.1,inverted,0,0,,,,
position,scan,6,202,0.1,tied,0,0,,,,
position,competitive,6,202,0.2,preserved,1020,0,0.0,0.0,0.0037521429096063295,0.16056735952174714
position,competitive,6,202,0.2,inverted,4,4,1.0,0.5100999795960008,1.0,0.30035872068056074
position,competitive,6,202,0.2,tied,0,0,,,,
position,scan,6,202,0.2,preserved,1020,130,0.12745098039215685,0.10837398916334368,0.14932368594577478,0.16056735952174714
position,scan,6,202,0.2,inverted,4,4,1.0,0.5100999795960008,1.0,0.30035872068056074
position,scan,6,202,0.2,tied,0,0,,,,
position,competitive,6,202,0.35,preserved,903,0,0.0,4.336808689942018e-19,0.00423624147811481,0.26652423745664733
position,competitive,6,202,0.35,inverted,121,121,1.0,0.969228205982621,0.9999999999999999,0.39705670551842953
position,competitive,6,202,0.35,tied,0,0,,,,
position,scan,6,202,0.35,preserved,903,623,0.689922480620155,0.6590030741685994,0.7192327720916515,0.26652423745664733
position,scan,6,202,0.35,inverted,121,121,1.0,0.969228205982621,0.9999999999999999,0.39705670551842953
position,scan,6,202,0.35,tied,0,0,,,,
position,competitive,6,202,0.5,preserved,662,0,0.0,0.0,0.005769540383178221,0.35503824210235535
position,competitive,6,202,0.5,inverted,362,362,1.0,0.9894992805629539,0.9999999999999998,0.490096789269341
position,competitive,6,202,0.5,tied,0,0,,,,
position,scan,6,202,0.5,preserved,662,591,0.8927492447129909,0.8668706212449306,0.9140959029253826,0.35503824210235535
position,scan,6,202,0.5,inverted,362,362,1.0,0.9894992805629539,0.9999999999999998,0.490096789269341
position,scan,6,202,0.5,tied,0,0,,,,
position,competitive,6,202,0.75,preserved,321,0,0.0,0.0,0.011826071537635574,0.47880184732195
position,competitive,6,202,0.75,inverted,703,703,1.0,0.994565118974322,1.0000000000000002,0.661422671394801
position,competitive,6,202,0.75,tied,0,0,,,,
position,scan,6,202,0.75,preserved,321,315,0.9813084112149533,0.9598267100703403,0.9914061369541788,0.47880184732195
position,scan,6,202,0.75,inverted,703,703,1.0,0.994565118974322,1.0000000000000002,0.661422671394801
position,scan,6,202,0.75,tied,0,0,,,,
position,competitive,6,202,1.0,preserved,192,0,0.0,0.0,0.019615852811660034,0.625945610666376
position,competitive,6,202,1.0,inverted,832,832,1.0,0.9954039138516197,1.0,0.8470182100079053
position,competitive,6,202,1.0,tied,0,0,,,,
position,scan,6,202,1.0,preserved,192,191,0.9947916666666666,0.971091779786119,0.9990800325356756,0.625945610666376
position,scan,6,202,1.0,inverted,832,832,1.0,0.9954039138516197,1.0,0.8470182100079053
position,scan,6,202,1.0,tied,0,0,,,,
phase,competitive,6,202,0.0,preserved,1024,1024,1.0,0.9962624591182144,1.0,7.067899292141147e-17
phase,competitive,6,202,0.0,inverted,0,0,,,,
phase,competitive,6,202,0.0,tied,0,0,,,,
phase,scan,6,202,0.0,preserved,1024,0,0.0,0.0,0.003737540881785676,7.067899292141147e-17
phase,scan,6,202,0.0,inverted,0,0,,,,
phase,scan,6,202,0.0,tied,0,0,,,,
phase,competitive,6,202,0.05,preserved,1024,1024,1.0,0.9962624591182144,1.0,0.040278354881568446
phase,competitive,6,202,0.05,inverted,0,0,,,,
phase,competitive,6,202,0.05,tied,0,0,,,,
phase,scan,6,202,0.05,preserved,1024,0,0.0,0.0,0.003737540881785676,0.040278354881568446
phase,scan,6,202,0.05,inverted,0,0,,,,
phase,scan,6,202,0.05,tied,0,0,,,,
phase,competitive,6,202,0.1,preserved,1024,1024,1.0,0.9962624591182144,1.0,0.08055670976313686
phase,competitive,6,202,0.1,inverted,0,0,,,,
phase,competitive,6,202,0.1,tied,0,0,,,,
phase,scan,6,202,0.1,preserved,1024,0,0.0,0.0,0.003737540881785676,0.08055670976313686
phase,scan,6,202,0.1,inverted,0,0,,,,
phase,scan,6,202,0.1,tied,0,0,,,,
phase,competitive,6,202,0.2,preserved,1009,1009,1.0,0.9962071068170976,1.0,0.15991712515113626
phase,competitive,6,202,0.2,inverted,15,15,1.0,0.7961107336956521,1.0,0.24158415449385498
phase,competitive,6,202,0.2,tied,0,0,,,,
phase,scan,6,202,0.2,preserved,1009,119,0.11793855302279485,0.09947106963571661,0.1393042729252525,0.15991712515113626
phase,scan,6,202,0.2,inverted,15,15,1.0,0.7961107336956521,1.0,0.24158415449385498
phase,scan,6,202,0.2,tied,0,0,,,,
phase,competitive,6,202,0.35,preserved,772,772,1.0,0.9950484738121801,0.9999999999999998,0.25681194686094416
phase,competitive,6,202,0.35,inverted,252,252,1.0,0.9849844591340893,1.0,0.35895406672394287
phase,competitive,6,202,0.35,tied,0,0,,,,
phase,scan,6,202,0.35,preserved,772,492,0.6373056994818653,0.602788076078606,0.6704635773516818,0.25681194686094416
phase,scan,6,202,0.35,inverted,252,252,1.0,0.9849844591340893,1.0,0.35895406672394287
phase,scan,6,202,0.35,tied,0,0,,,,
phase,competitive,6,202,0.5,preserved,462,462,1.0,0.9917534200466425,1.0,0.32905821503574295
phase,competitive,6,202,0.5,inverted,562,562,1.0,0.9932108208374923,1.0,0.4633904958020419
phase,competitive,6,202,0.5,tied,0,0,,,,
phase,scan,6,202,0.5,preserved,462,391,0.8463203463203464,0.8105900061379532,0.8763387696519291,0.32905821503574295
phase,scan,6,202,0.5,inverted,562,562,1.0,0.9932108208374923,1.0,0.4633904958020419
phase,scan,6,202,0.5,tied,0,0,,,,
phase,competitive,6,202,0.75,preserved,143,143,1.0,0.9738384762900976,1.0,0.4045336587358992
phase,competitive,6,202,0.75,inverted,881,881,1.0,0.9956584319724571,1.0,0.6364683071984892
phase,competitive,6,202,0.75,tied,0,0,,,,
phase,scan,6,202,0.75,preserved,143,137,0.958041958041958,0.9114868758899654,0.9806308891030612,0.4045336587358992
phase,scan,6,202,0.75,inverted,881,881,1.0,0.9956584319724571,1.0,0.6364683071984892
phase,scan,6,202,0.75,tied,0,0,,,,
phase,competitive,6,202,1.0,preserved,55,55,1.0,0.9347128562105721,0.9999999999999999,0.480312546082383
phase,competitive,6,202,1.0,inverted,969,969,1.0,0.9960511557071572,1.0,0.821833792077551
phase,competitive,6,202,1.0,tied,0,0,,,,
phase,scan,6,202,1.0,preserved,55,54,0.9818181818181818,0.9039399953951678,0.9967833024077472,0.480312546082383
phase,scan,6,202,1.0,inverted,969,969,1.0,0.9960511557071572,1.0,0.821833792077551
phase,scan,6,202,1.0,tied,0,0,,,,
priority,competitive,6,303,0.0,preserved,1024,0,0.0,0.0,0.003737540881785676,0.0
priority,competitive,6,303,0.0,inverted,0,0,,,,
priority,competitive,6,303,0.0,tied,0,0,,,,
priority,scan,6,303,0.0,preserved,1024,0,0.0,0.0,0.003737540881785676,0.0
priority,scan,6,303,0.0,inverted,0,0,,,,
priority,scan,6,303,0.0,tied,0,0,,,,
priority,competitive,6,303,0.05,preserved,1024,0,0.0,0.0,0.003737540881785676,0.03945513215260838
priority,competitive,6,303,0.05,inverted,0,0,,,,
priority,competitive,6,303,0.05,tied,0,0,,,,
priority,scan,6,303,0.05,preserved,1024,0,0.0,0.0,0.003737540881785676,0.03945513215260838
priority,scan,6,303,0.05,inverted,0,0,,,,
priority,scan,6,303,0.05,tied,0,0,,,,
priority,competitive,6,303,0.1,preserved,1024,0,0.0,0.0,0.003737540881785676,0.07891026430521678
priority,competitive,6,303,0.1,inverted,0,0,,,,
priority,competitive,6,303,0.1,tied,0,0,,,,
priority,scan,6,303,0.1,preserved,1024,4,0.00390625,0.0015200565834699161,0.010000784760176809,0.07891026430521678
priority,scan,6,303,0.1,inverted,0,0,,,,
priority,scan,6,303,0.1,tied,0,0,,,,
priority,competitive,6,303,0.2,preserved,1022,0,0.0,0.0,0.003744827661502516,0.15761926826233796
priority,competitive,6,303,0.2,inverted,2,2,1.0,0.34237195288961925,1.0,0.26066456648727604
priority,competitive,6,303,0.2,tied,0,0,,,,
priority,scan,6,303,0.2,preserved,1022,248,0.24266144814090018,0.21737363383746297,0.2698766394990833,0.15761926826233796
priority,scan,6,303,0.2,inverted,2,2,1.0,0.34237195288961925,1.0,0.26066456648727604
priority,scan,6,303,0.2,tied,0,0,,,,
priority,competitive,6,303,0.35,preserved,917,0,0.0,-4.336808689942018e-19,0.004171835851030188,0.2641508048404802
priority,competitive,6,303,0.35,inverted,107,107,1.0,0.9653415324210404,1.0,0.37932803019791195
priority,competitive,6,303,0.35,tied,0,0,,,,
priority,scan,6,303,0.35,preserved,917,641,0.6990185387131952,0.6685503062402469,0.7278262258364967,0.2641508048404802
priority,scan,6,303,0.35,inverted,107,107,1.0,0.9653415324210404,1.0,0.37932803019791195
priority,scan,6,303,0.35,tied,0,0,,,,
priority,competitive,6,303,0.5,preserved,662,0,0.0,0.0,0.005769540383178221,0.3459571437713528
priority,competitive,6,303,0.5,inverted,362,362,1.0,0.9894992805629539,0.9999999999999998,0.48341691730959757
priority,competitive,6,303,0.5,tied,0,0,,,,
priority,scan,6,303,0.5,preserved,662,560,0.8459214501510574,0.8164306314756032,0.8714206532744032,0.3459571437713528
priority,scan,6,303,0.5,inverted,362,362,1.0,0.9894992805629539,0.9999999999999998,0.48341691730959757
priority,scan,6,303,0.5,tied,0,0,,,,
priority,competitive,6,303,0.75,preserved,365,0,0.0,0.0,0.010415311071202379,0.4654649206044513
priority,competitive,6,303,0.75,inverted,659,659,1.0,0.994204346860547,1.0,0.6618150741175116
priority,competitive,6,303,0.75,tied,0,0,,,,
priority,scan,6,303,0.75,preserved,365,340,0.9315068493150684,0.9008455206833167,0.9531796218168783,0.4654649206044513
priority,scan,6,303,0.75,inverted,659,659,1.0,0.994204346860547,1.0,0.6618150741175116
priority,scan,6,303,0.75,tied,0,0,,,,
priority,competitive,6,303,1.0,preserved,208,0,0.0,0.0,0.01813430412157008,0.589485005415333
priority,competitive,6,303,1.0,inverted,816,816,1.0,0.9953142167950493,1.0,0.8399855702929295
priority,competitive,6,303,1.0,tied,0,0,,,,
priority,scan,6,303,1.0,preserved,208,201,0.9663461538461539,0.932174138958779,0.9836044427739874,0.589485005415333
priority,scan,6,303,1.0,inverted,816,816,1.0,0.9953142167950493,1.0,0.8399855702929295
priority,scan,6,303,1.0,tied,0,0,,,,
position,competitive,6,303,0.0,preserved,1024,0,0.0,0.0,0.003737540881785676,0.0
position,competitive,6,303,0.0,inverted,0,0,,,,
position,competitive,6,303,0.0,tied,0,0,,,,
position,scan,6,303,0.0,preserved,1024,0,0.0,0.0,0.003737540881785676,0.0
position,scan,6,303,0.0,inverted,0,0,,,,
position,scan,6,303,0.0,tied,0,0,,,,
position,competitive,6,303,0.05,preserved,1024,0,0.0,0.0,0.003737540881785676,0.03945513215260839
position,competitive,6,303,0.05,inverted,0,0,,,,
position,competitive,6,303,0.05,tied,0,0,,,,
position,scan,6,303,0.05,preserved,1024,0,0.0,0.0,0.003737540881785676,0.03945513215260839
position,scan,6,303,0.05,inverted,0,0,,,,
position,scan,6,303,0.05,tied,0,0,,,,
position,competitive,6,303,0.1,preserved,1024,0,0.0,0.0,0.003737540881785676,0.07891026430521678
position,competitive,6,303,0.1,inverted,0,0,,,,
position,competitive,6,303,0.1,tied,0,0,,,,
position,scan,6,303,0.1,preserved,1024,0,0.0,0.0,0.003737540881785676,0.07891026430521678
position,scan,6,303,0.1,inverted,0,0,,,,
position,scan,6,303,0.1,tied,0,0,,,,
position,competitive,6,303,0.2,preserved,1021,0,0.0,0.0,0.003748481716589178,0.1573286316023995
position,competitive,6,303,0.2,inverted,3,3,1.0,0.43849391955098227,1.0,0.3252294770113681
position,competitive,6,303,0.2,tied,0,0,,,,
position,scan,6,303,0.2,preserved,1021,132,0.12928501469147893,0.11008582238244435,0.15126344368950273,0.1573286316023995
position,scan,6,303,0.2,inverted,3,3,1.0,0.43849391955098227,1.0,0.3252294770113681
position,scan,6,303,0.2,tied,0,0,,,,
position,competitive,6,303,0.35,preserved,922,0,0.0,4.336808689942018e-19,0.004149305885585611,0.26416695310051064
position,competitive,6,303,0.35,inverted,102,102,1.0,0.9637042523922542,1.0000000000000002,0.3848280050120202
position,competitive,6,303,0.35,tied,0,0,,,,
position,scan,6,303,0.35,preserved,922,644,0.6984815618221258,0.6680853261012545,0.7272306761176996,0.26416695310051064
position,scan,6,303,0.35,inverted,102,102,1.0,0.9637042523922542,1.0000000000000002,0.3848280050120202
position,scan,6,303,0.35,tied,0,0,,,,
position,competitive,6,303,0.5,preserved,670,0,0.0,0.0,0.00570104309380721,0.3514597616314642
position,competitive,6,303,0.5,inverted,354,354,1.0,0.9892645237445842,0.9999999999999999,0.4761087936430194
position,competitive,6,303,0.5,tied,0,0,,,,
position,scan,6,303,0.5,preserved,670,598,0.8925373134328358,0.866808580780915,0.9137903018051409,0.3514597616314642
position,scan,6,303,0.5,inverted,354,354,1.0,0.9892645237445842,0.9999999999999999,0.4761087936430194
position,scan,6,303,0.5,tied,0,0,,,,
position,competitive,6,303,0.75,preserved,350,0,0.0,0.0,0.010856835374924824,0.47027373108560944
position,competitive,6,303,0.75,inverted,674,674,1.0,0.9943325992385242,1.0,0.6549481068013375
position,competitive,6,303,0.75,tied,0,0,,,,
position,scan,6,303,0.75,preserved,350,331,0.9457142857142857,0.9167755916590814,0.9649748865209855,0.47027373108560944
position,scan,6,303,0.75,inverted,674,674,1.0,0.9943325992385242,1.0,0.6549481068013375
position,scan,6,303,0.75,tied,0,0,,,,
position,competitive,6,303,1.0,preserved,194,0,0.0,0.0,0.019417554245416534,0.5882227707413719
position,competitive,6,303,1.0,inverted,830,830,1.0,0.9953928899685504,0.9999999999999999,0.8360552879055343
position,competitive,6,303,1.0,tied,0,0,,,,
position,scan,6,303,1.0,preserved,194,192,0.9896907216494846,0.9631959354897175,0.9971683155070397,0.5882227707413719
position,scan,6,303,1.0,inverted,830,830,1.0,0.9953928899685504,0.9999999999999999,0.8360552879055343
position,scan,6,303,1.0,tied,0,0,,,,
phase,competitive,6,303,0.0,preserved,1024,1024,1.0,0.9962624591182144,1.0,7.067899292141147e-17
phase,competitive,6,303,0.0,inverted,0,0,,,,
phase,competitive,6,303,0.0,tied,0,0,,,,
phase,scan,6,303,0.0,preserved,1024,0,0.0,0.0,0.003737540881785676,7.067899292141147e-17
phase,scan,6,303,0.0,inverted,0,0,,,,
phase,scan,6,303,0.0,tied,0,0,,,,
phase,competitive,6,303,0.05,preserved,1024,1024,1.0,0.9962624591182144,1.0,0.0394551321526084
phase,competitive,6,303,0.05,inverted,0,0,,,,
phase,competitive,6,303,0.05,tied,0,0,,,,
phase,scan,6,303,0.05,preserved,1024,0,0.0,0.0,0.003737540881785676,0.0394551321526084
phase,scan,6,303,0.05,inverted,0,0,,,,
phase,scan,6,303,0.05,tied,0,0,,,,
phase,competitive,6,303,0.1,preserved,1024,1024,1.0,0.9962624591182144,1.0,0.07891026430521678
phase,competitive,6,303,0.1,inverted,0,0,,,,
phase,competitive,6,303,0.1,tied,0,0,,,,
phase,scan,6,303,0.1,preserved,1024,0,0.0,0.0,0.003737540881785676,0.07891026430521678
phase,scan,6,303,0.1,inverted,0,0,,,,
phase,scan,6,303,0.1,tied,0,0,,,,
phase,competitive,6,303,0.2,preserved,1010,1010,1.0,0.9962108479273292,1.0,0.15650501987133894
phase,competitive,6,303,0.2,inverted,14,14,1.0,0.7846829880728186,1.0,0.2527250876451175
phase,competitive,6,303,0.2,tied,0,0,,,,
phase,scan,6,303,0.2,preserved,1010,121,0.1198019801980198,0.10120166344905725,0.1412835531764985,0.15650501987133894
phase,scan,6,303,0.2,inverted,14,14,1.0,0.7846829880728186,1.0,0.2527250876451175
phase,scan,6,303,0.2,tied,0,0,,,,
phase,competitive,6,303,0.35,preserved,770,770,1.0,0.995035676551894,1.0000000000000002,0.2505545434246809
phase,competitive,6,303,0.35,inverted,254,254,1.0,0.9851009301834924,0.9999999999999999,0.3538873576098133
phase,competitive,6,303,0.35,tied,0,0,,,,
phase,scan,6,303,0.35,preserved,770,492,0.638961038961039,0.6044230774339019,0.672119305400001,0.2505545434246809
phase,scan,6,303,0.35,inverted,254,254,1.0,0.9851009301834924,0.9999999999999999,0.3538873576098133
phase,scan,6,303,0.35,tied,0,0,,,,
phase,competitive,6,303,0.5,preserved,469,469,1.0,0.9918755033398077,1.0,0.3201187154750905
phase,competitive,6,303,0.5,inverted,555,555,1.0,0.9931257801852976,1.0,0.4574502264592657
phase,competitive,6,303,0.5,tied,0,0,,,,
phase,scan,6,303,0.5,preserved,469,397,0.8464818763326226,0.8110523944123806,0.8762813765587014,0.3201187154750905
phase,scan,6,303,0.5,inverted,555,555,1.0,0.9931257801852976,1.0,0.4574502264592657
phase,scan,6,303,0.5,tied,0,0,,,,
phase,competitive,6,303,0.75,preserved,177,177,1.0,0.9787571001362518,1.0,0.4013255994145021
phase,competitive,6,303,0.75,inverted,847,846,0.9988193624557261,0.9933427638008087,0.9997915634347191,0.6315888869194337
phase,competitive,6,303,0.75,tied,0,0,,,,
phase,scan,6,303,0.75,preserved,177,158,0.8926553672316384,0.8384327867886435,0.9301956703805033,0.4013255994145021
phase,scan,6,303,0.75,inverted,847,847,1.0,0.9954849410278014,1.0000000000000002,0.6315888869194337
phase,scan,6,303,0.75,tied,0,0,,,,
phase,competitive,6,303,1.0,preserved,72,72,1.0,0.9493470601886036,1.0,0.4414347205188195
phase,competitive,6,303,1.0,inverted,952,951,0.9989495798319328,0.9940739713901298,0.999814555746584,0.8134847917793968
phase,competitive,6,303,1.0,tied,0,0,,,,
phase,scan,6,303,1.0,preserved,72,70,0.9722222222222222,0.9042564183109327,0.9923491385338594,0.4414347205188195
phase,scan,6,303,1.0,inverted,952,952,1.0,0.995980924035949,1.0,0.8134847917793968
phase,scan,6,303,1.0,tied,0,0,,,,
priority,competitive,6,404,0.0,preserved,1024,0,0.0,0.0,0.003737540881785676,0.0
priority,competitive,6,404,0.0,inverted,0,0,,,,
priority,competitive,6,404,0.0,tied,0,0,,,,
priority,scan,6,404,0.0,preserved,1024,0,0.0,0.0,0.003737540881785676,0.0
priority,scan,6,404,0.0,inverted,0,0,,,,
priority,scan,6,404,0.0,tied,0,0,,,,
priority,competitive,6,404,0.05,preserved,1024,0,0.0,0.0,0.003737540881785676,0.03942303218688073
priority,competitive,6,404,0.05,inverted,0,0,,,,
priority,competitive,6,404,0.05,tied,0,0,,,,
priority,scan,6,404,0.05,preserved,1024,0,0.0,0.0,0.003737540881785676,0.03942303218688073
priority,scan,6,404,0.05,inverted,0,0,,,,
priority,scan,6,404,0.05,tied,0,0,,,,
priority,competitive,6,404,0.1,preserved,1024,0,0.0,0.0,0.003737540881785676,0.07884606437376147
priority,competitive,6,404,0.1,inverted,0,0,,,,
priority,competitive,6,404,0.1,tied,0,0,,,,
priority,scan,6,404,0.1,preserved,1024,1,0.0009765625,0.00017240363051574184,0.005510962366735196,0.07884606437376147
priority,scan,6,404,0.1,inverted,0,0,,,,
priority,scan,6,404,0.1,tied,0,0,,,,
priority,competitive,6,404,0.2,preserved,1023,0,0.0,-2.168404344971009e-19,0.003741180723492309,0.15760409159780564
priority,competitive,6,404,0.2,inverted,1,1,1.0,0.20654329147389294,1.0,0.2477541329083438
priority,competitive,6,404,0.2,tied,0,0,,,,
priority,scan,6,404,0.2,preserved,1023,262,0.2561094819159335,0.23030876588568394,0.2837350749559805,0.15760409159780564
priority,scan,6,404,0.2,inverted,1,1,1.0,0.20654329147389294,1.0,0.2477541329083438
priority,scan,6,404,0.2,tied,0,0,,,,
priority,competitive,6,404,0.35,preserved,920,0,0.0,-4.336808689942018e-19,0.004158288607051251,0.26425116173899754
priority,competitive,6,404,0.35,inverted,104,104,1.0,0.9643773831248793,0.9999999999999999,0.37955024918926217
priority,competitive,6,404,0.35,tied,0,0,,,,
priority,scan,6,404,0.35,preserved,920,664,0.7217391304347827,0.6919039881786524,0.749730162091264,0.26425116173899754
priority,scan,6,404,0.35,inverted,104,104,1.0,0.9643773831248793,0.9999999999999999,0.37955024918926217
priority,scan,6,404,0.35,tied,0,0,,,,
priority,competitive,6,404,0.5,preserved,673,0,0.0,-4.336808689942018e-19,0.005675774065896658,0.3535134438405953
priority,competitive,6,404,0.5,inverted,351,351,1.0,0.9891737609119111,1.0,0.47230000538158984
priority,competitive,6,404,0.5,tied,0,0,,,,
priority,scan,6,404,0.5,preserved,673,567,0.8424962852897474,0.8130399373385787,0.868064770173489,0.3535134438405953
priority,scan,6,404,0.5,inverted,351,351,1.0,0.9891737609119111,1.0,0.47230000538158984
priority,scan,6,404,0.5,tied,0,0,,,,
priority,competitive,6,404,0.75,preserved,346,0,0.0,-8.673617379884035e-19,0.010980969673132068,0.48827203443309397
priority,competitive,6,404,0.75,inverted,678,678,1.0,0.9943658468477137,1.0,0.6439463871336837
priority,competitive,6,404,0.75,tied,0,0,,,,
priority,scan,6,404,0.75,preserved,346,315,0.9104046242774566,0.8756323919885038,0.9361635751006014,0.48827203443309397
priority,scan,6,404,0.75,inverted,678,678,1.0,0.9943658468477137,1.0,0.6439463871336837
priority,scan,6,404,0.75,tied,0,0,,,,
priority,competitive,6,404,1.0,preserved,191,0,0.0,0.0,0.019716528708448297,0.6374435073819382
priority,competitive,6,404,1.0,inverted,833,833,1.0,0.995409406033352,1.0,0.8230876221817134
priority,competitive,6,404,1.0,tied,0,0,,,,
priority,scan,6,404,1.0,preserved,191,177,0.9267015706806283,0.8807379949693558,0.9558389988553716,0.6374435073819382
priority,scan,6,404,1.0,inverted,833,833,1.0,0.995409406033352,1.0,0.8230876221817134
priority,scan,6,404,1.0,tied,0,0,,,,
position,competitive,6,404,0.0,preserved,1024,0,0.0,0.0,0.003737540881785676,0.0
position,competitive,6,404,0.0,inverted,0,0,,,,
position,competitive,6,404,0.0,tied,0,0,,,,
position,scan,6,404,0.0,preserved,1024,0,0.0,0.0,0.003737540881785676,0.0
position,scan,6,404,0.0,inverted,0,0,,,,
position,scan,6,404,0.0,tied,0,0,,,,
position,competitive,6,404,0.05,preserved,1024,0,0.0,0.0,0.003737540881785676,0.03942303218688073
position,competitive,6,404,0.05,inverted,0,0,,,,
position,competitive,6,404,0.05,tied,0,0,,,,
position,scan,6,404,0.05,preserved,1024,0,0.0,0.0,0.003737540881785676,0.03942303218688073
position,scan,6,404,0.05,inverted,0,0,,,,
position,scan,6,404,0.05,tied,0,0,,,,
position,competitive,6,404,0.1,preserved,1024,0,0.0,0.0,0.003737540881785676,0.07884606437376147
position,competitive,6,404,0.1,inverted,0,0,,,,
position,competitive,6,404,0.1,tied,0,0,,,,
position,scan,6,404,0.1,preserved,1024,0,0.0,0.0,0.003737540881785676,0.07884606437376147
position,scan,6,404,0.1,inverted,0,0,,,,
position,scan,6,404,0.1,tied,0,0,,,,
position,competitive,6,404,0.2,preserved,1024,0,0.0,0.0,0.003737540881785676,0.15769212874752292
position,competitive,6,404,0.2,inverted,0,0,,,,
position,competitive,6,404,0.2,tied,0,0,,,,
position,scan,6,404,0.2,preserved,1024,152,0.1484375,0.12797612747137166,0.17152683096113386,0.15769212874752292
position,scan,6,404,0.2,inverted,0,0,,,,
position,scan,6,404,0.2,tied,0,0,,,,
position,competitive,6,404,0.35,preserved,918,0,0.0,-4.336808689942018e-19,0.004167310305805248,0.26418845986665646
position,competitive,6,404,0.35,inverted,106,106,1.0,0.9650260010779157,0.9999999999999998,0.37791781658462675
position,competitive,6,404,0.35,tied,0,0,,,,
position,scan,6,404,0.35,preserved,918,628,0.6840958605664488,0.6533090050433669,0.7133483469355414,0.26418845986665646
position,scan,6,404,0.35,inverted,106,106,1.0,0.9650260010779157,0.9999999999999998,0.37791781658462675
position,scan,6,404,0.35,tied,0,0,,,,
position,competitive,6,404,0.5,preserved,680,0,0.0,0.0,0.005617675204316321,0.3507566572413577
position,competitive,6,404,0.5,inverted,344,344,1.0,0.9889558925671915,1.0,0.4801666356672542
position,competitive,6,404,0.5,tied,0,0,,,,
position,scan,6,404,0.5,preserved,680,620,0.9117647058823529,0.8880671654755277,0.9308359255326824,0.3507566572413577
position,scan,6,404,0.5,inverted,344,344,1.0,0.9889558925671915,1.0,0.4801666356672542
position,scan,6,404,0.5,tied,0,0,,,,
position,competitive,6,404,0.75,preserved,318,0,0.0,-8.673617379884035e-19,0.011936306555771534,0.46791566037134946
position,competitive,6,404,0.75,inverted,706,706,1.0,0.9945880883847887,0.9999999999999999,0.6469413518305933
position,competitive,6,404,0.75,tied,0,0,,,,
position,scan,6,404,0.75,preserved,318,307,0.9654088050314465,0.9391298933688473,0.9805771923528245,0.46791566037134946
position,scan,6,404,0.75,inverted,706,706,1.0,0.9945880883847887,0.9999999999999999,0.6469413518305933
position,scan,6,404,0.75,tied,0,0,,,,
position,competitive,6,404,1.0,preserved,160,0,0.0,-1.734723475976807e-18,0.023447036650032713,0.5728868647977696
position,competitive,6,404,1.0,inverted,864,864,1.0,0.9955733857422827,0.9999999999999999,0.8283817139116599
position,competitive,6,404,1.0,tied,0,0,,,,
position,scan,6,404,1.0,preserved,160,157,0.98125,0.9463289621260206,0.9936032650983228,0.5728868647977696
position,scan,6,404,1.0,inverted,864,864,1.0,0.9955733857422827,0.9999999999999999,0.8283817139116599
position,scan,6,404,1.0,tied,0,0,,,,
phase,competitive,6,404,0.0,preserved,1024,1024,1.0,0.9962624591182144,1.0,7.067899292141147e-17
phase,competitive,6,404,0.0,inverted,0,0,,,,
phase,competitive,6,404,0.0,tied,0,0,,,,
phase,scan,6,404,0.0,preserved,1024,0,0.0,0.0,0.003737540881785676,7.067899292141147e-17
phase,scan,6,404,0.0,inverted,0,0,,,,
phase,scan,6,404,0.0,tied,0,0,,,,
phase,competitive,6,404,0.05,preserved,1024,1024,1.0,0.9962624591182144,1.0,0.03942303218688074
phase,competitive,6,404,0.05,inverted,0,0,,,,
phase,competitive,6,404,0.05,tied,0,0,,,,
phase,scan,6,404,0.05,preserved,1024,0,0.0,0.0,0.003737540881785676,0.03942303218688074
phase,scan,6,404,0.05,inverted,0,0,,,,
phase,scan,6,404,0.05,tied,0,0,,,,
phase,competitive,6,404,0.1,preserved,1024,1024,1.0,0.9962624591182144,1.0,0.07884606437376147
phase,competitive,6,404,0.1,inverted,0,0,,,,
phase,competitive,6,404,0.1,tied,0,0,,,,
phase,scan,6,404,0.1,preserved,1024,0,0.0,0.0,0.003737540881785676,0.07884606437376147
phase,scan,6,404,0.1,inverted,0,0,,,,
phase,scan,6,404,0.1,tied,0,0,,,,
phase,competitive,6,404,0.2,preserved,1012,1012,1.0,0.9962183080511763,0.9999999999999999,0.1565591414634114
phase,competitive,6,404,0.2,inverted,12,12,1.0,0.7574992425007574,1.0,0.2532407230409278
phase,competitive,6,404,0.2,tied,0,0,,,,
phase,scan,6,404,0.2,preserved,1012,140,0.1383399209486166,0.1184318996708417,0.16098331624471054,0.1565591414634114
phase,scan,6,404,0.2,inverted,12,12,1.0,0.7574992425007574,1.0,0.2532407230409278
phase,scan,6,404,0.2,tied,0,0,,,,
phase,competitive,6,404,0.35,preserved,777,777,1.0,0.995080180154336,0.9999999999999999,0.2516674879460336
phase,competitive,6,404,0.35,inverted,247,247,1.0,0.984685155891208,1.0000000000000002,0.3523832250262872
phase,competitive,6,404,0.35,tied,0,0,,,,
phase,scan,6,404,0.35,preserved,777,487,0.6267696267696268,0.5922154289057402,0.6600764571822961,0.2516674879460336
phase,scan,6,404,0.35,inverted,247,247,1.0,0.984685155891208,1.0000000000000002,0.3523832250262872
phase,scan,6,404,0.35,tied,0,0,,,,
phase,competitive,6,404,0.5,preserved,469,469,1.0,0.9918755033398077,1.0,0.322385048382962
phase,competitive,6,404,0.5,inverted,555,555,1.0,0.9931257801852976,1.0,0.454942814237927
phase,competitive,6,404,0.5,tied,0,0,,,,
phase,scan,6,404,0.5,preserved,469,409,0.8720682302771855,0.8387873216006282,0.8993034047652416,0.322385048382962
phase,scan,6,404,0.5,inverted,555,555,1.0,0.9931257801852976,1.0,0.454942814237927
phase,scan,6,404,0.5,tied,0,0,,,,
phase,competitive,6,404,0.75,preserved,145,145,1.0,0.9741900113946637,0.9999999999999999,0.3929412976264979
phase,competitive,6,404,0.75,inverted,879,879,1.0,0.9956485965319258,0.9999999999999999,0.6239759818426813
phase,competitive,6,404,0.75,tied,0,0,,,,
phase,scan,6,404,0.75,preserved,145,134,0.9241379310344827,0.8692671612879235,0.9571147104468603,0.3929412976264979
phase,scan,6,404,0.75,inverted,879,879,1.0,0.9956485965319258,0.9999999999999999,0.6239759818426813
phase,scan,6,404,0.75,tied,0,0,,,,
phase,competitive,6,404,1.0,preserved,54,54,1.0,0.9335841332189981,1.0,0.4499028322097753
phase,competitive,6,404,1.0,inverted,970,970,1.0,0.9960552106215218,0.9999999999999999,0.8050577448132376
phase,competitive,6,404,1.0,tied,0,0,,,,
phase,scan,6,404,1.0,preserved,54,51,0.9444444444444444,0.8489254853651705,0.980927077496161,0.4499028322097753
phase,scan,6,404,1.0,inverted,970,970,1.0,0.9960552106215218,0.9999999999999999,0.8050577448132376
phase,scan,6,404,1.0,tied,0,0,,,,
priority,competitive,8,101,0.0,preserved,1024,0,0.0,0.0,0.003737540881785676,0.0
priority,competitive,8,101,0.0,inverted,0,0,,,,
priority,competitive,8,101,0.0,tied,0,0,,,,
priority,scan,8,101,0.0,preserved,1024,0,0.0,0.0,0.003737540881785676,0.0
priority,scan,8,101,0.0,inverted,0,0,,,,
priority,scan,8,101,0.0,tied,0,0,,,,
priority,competitive,8,101,0.05,preserved,1024,0,0.0,0.0,0.003737540881785676,0.03967873887076105
priority,competitive,8,101,0.05,inverted,0,0,,,,
priority,competitive,8,101,0.05,tied,0,0,,,,
priority,scan,8,101,0.05,preserved,1024,0,0.0,0.0,0.003737540881785676,0.03967873887076105
priority,scan,8,101,0.05,inverted,0,0,,,,
priority,scan,8,101,0.05,tied,0,0,,,,
priority,competitive,8,101,0.1,preserved,1024,0,0.0,0.0,0.003737540881785676,0.0793574777415221
priority,competitive,8,101,0.1,inverted,0,0,,,,
priority,competitive,8,101,0.1,tied,0,0,,,,
priority,scan,8,101,0.1,preserved,1024,5,0.0048828125,0.0020873641822286623,0.011379302276883326,0.0793574777415221
priority,scan,8,101,0.1,inverted,0,0,,,,
priority,scan,8,101,0.1,tied,0,0,,,,
priority,competitive,8,101,0.2,preserved,1022,0,0.0,0.0,0.003744827661502516,0.15855835251032865
priority,competitive,8,101,0.2,inverted,2,2,1.0,0.34237195288961925,1.0,0.23873907454070387
priority,competitive,8,101,0.2,tied,0,0,,,,
priority,scan,8,101,0.2,preserved,1022,350,0.3424657534246575,0.3140105649092871,0.37210081914844645,0.15855835251032865
priority,scan,8,101,0.2,inverted,2,2,1.0,0.34237195288961925,1.0,0.23873907454070387
priority,scan,8,101,0.2,tied,0,0,,,,
priority,competitive,8,101,0.35,preserved,864,0,0.0,4.336808689942018e-19,0.004426614257717076,0.2634142718567644
priority,competitive,8,101,0.35,inverted,160,160,1.0,0.9765529633499672,1.0,0.355170433383567
priority,competitive,8,101,0.35,tied,0,0,,,,
priority,scan,8,101,0.35,preserved,864,747,0.8645833333333334,0.8401469282937045,0.8857919988100434,0.2634142718567644
priority,scan,8,101,0.35,inverted,160,160,1.0,0.9765529633499672,1.0,0.355170433383567
priority,scan,8,101,0.35,tied,0,0,,,,
priority,competitive,8,101,0.5,preserved,555,0,0.0,-4.336808689942018e-19,0.006874219814702412,0.3490436244873751
priority,competitive,8,101,0.5,inverted,469,469,1.0,0.9918755033398077,1.0,0.45328587301940293
priority,competitive,8,101,0.5,tied,0,0,,,,
priority,scan,8,101,0.5,preserved,555,528,0.9513513513513514,0.9301439943364725,0.9663533315605258,0.3490436244873751
priority,scan,8,101,0.5,inverted,469,469,1.0,0.9918755033398077,1.0,0.45328587301940293
priority,scan,8,101,0.5,tied,0,0,,,,
priority,competitive,8,101,0.75,preserved,207,0,0.0,0.0,0.018220313258863523,0.46858529161348417
priority,competitive,8,101,0.75,inverted,817,817,1.0,0.9953199253059299,1.0,0.6272561489484682
priority,competitive,8,101,0.75,tied,0,0,,,,
priority,scan,8,101,0.75,preserved,207,204,0.9855072463768116,0.9582630844457733,0.9950592200709825,0.46858529161348417
priority,scan,8,101,0.75,inverted,817,817,1.0,0.9953199253059299,1.0,0.6272561489484682
priority,scan,8,101,0.75,tied,0,0,,,,
priority,competitive,8,101,1.0,preserved,83,0,0.0,3.469446951953614e-18,0.04423686343872062,0.5905223541084179
priority,competitive,8,101,1.0,inverted,941,941,1.0,0.9959341332981103,0.9999999999999999,0.811484821128786
priority,competitive,8,101,1.0,tied,0,0,,,,
priority,scan,8,101,1.0,preserved,83,82,0.9879518072289156,0.9348626221234112,0.9978700774122952,0.5905223541084179
priority,scan,8,101,1.0,inverted,941,941,1.0,0.9959341332981103,0.9999999999999999,0.811484821128786
priority,scan,8,101,1.0,tied,0,0,,,,
position,competitive,8,101,0.0,preserved,1024,0,0.0,0.0,0.003737540881785676,0.0
position,competitive,8,101,0.0,inverted,0,0,,,,
position,competitive,8,101,0.0,tied,0,0,,,,
position,scan,8,101,0.0,preserved,1024,0,0.0,0.0,0.003737540881785676,0.0
position,scan,8,101,0.0,inverted,0,0,,,,
position,scan,8,101,0.0,tied,0,0,,,,
position,competitive,8,101,0.05,preserved,1024,0,0.0,0.0,0.003737540881785676,0.039678738870761045
position,competitive,8,101,0.05,inverted,0,0,,,,
position,competitive,8,101,0.05,tied,0,0,,,,
position,scan,8,101,0.05,preserved,1024,0,0.0,0.0,0.003737540881785676,0.039678738870761045
position,scan,8,101,0.05,inverted,0,0,,,,
position,scan,8,101,0.05,tied,0,0,,,,
position,competitive,8,101,0.1,preserved,1024,0,0.0,0.0,0.003737540881785676,0.0793574777415221
position,competitive,8,101,0.1,inverted,0,0,,,,
position,competitive,8,101,0.1,tied,0,0,,,,
position,scan,8,101,0.1,preserved,1024,0,0.0,0.0,0.003737540881785676,0.0793574777415221
position,scan,8,101,0.1,inverted,0,0,,,,
position,scan,8,101,0.1,tied,0,0,,,,
position,competitive,8,101,0.2,preserved,1024,0,0.0,0.0,0.003737540881785676,0.1587149554830442
position,competitive,8,101,0.2,inverted,0,0,,,,
position,competitive,8,101,0.2,tied,0,0,,,,
position,scan,8,101,0.2,preserved,1024,186,0.181640625,0.15922984497773418,0.20643116738059025,0.1587149554830442
position,scan,8,101,0.2,inverted,0,0,,,,
position,scan,8,101,0.2,tied,0,0,,,,
position,competitive,8,101,0.35,preserved,878,0,0.0,0.0,0.004356337918283737,0.265669603307243
position,competitive,8,101,0.35,inverted,146,146,1.0,0.9743622598797664,1.0,0.350406085766136
position,competitive,8,101,0.35,tied,0,0,,,,
position,scan,8,101,0.35,preserved,878,698,0.7949886104783599,0.7670266805761166,0.8203804002420259,0.265669603307243
position,scan,8,101,0.35,inverted,146,146,1.0,0.9743622598797664,1.0,0.350406085766136
position,scan,8,101,0.35,tied,0,0,,,,
position,competitive,8,101,0.5,preserved,578,0,0.0,0.0,0.006602484250008937,0.3535568094751303
position,competitive,8,101,0.5,inverted,446,446,1.0,0.9914601050680949,0.9999999999999998,0.4528126685201072
position,competitive,8,101,0.5,tied,0,0,,,,
position,scan,8,101,0.5,preserved,578,553,0.9567474048442907,0.9369294461615867,0.9705340284335608,0.3535568094751303
position,scan,8,101,0.5,inverted,446,446,1.0,0.9914601050680949,0.9999999999999998,0.4528126685201072
position,scan,8,101,0.5,tied,0,0,,,,
position,competitive,8,101,0.75,preserved,225,0,0.0,1.734723475976807e-18,0.016787157579740745,0.47608961021602947
position,competitive,8,101,0.75,inverted,799,799,1.0,0.9952149963330251,1.0,0.6287174802957235
position,competitive,8,101,0.75,tied,0,0,,,,
position,scan,8,101,0.75,preserved,225,225,1.0,0.9832128424202591,0.9999999999999998,0.47608961021602947
position,scan,8,101,0.75,inverted,799,799,1.0,0.9952149963330251,1.0,0.6287174802957235
position,scan,8,101,0.75,tied,0,0,,,,
position,competitive,8,101,1.0,preserved,85,0,0.0,0.0,0.04324100421424198,0.5948347933378867
position,competitive,8,101,1.0,inverted,939,939,1.0,0.9959255085902022,1.0,0.8115650848130628
position,competitive,8,101,1.0,tied,0,0,,,,
position,scan,8,101,1.0,preserved,85,85,1.0,0.9567589957857582,1.0000000000000002,0.5948347933378867
position,scan,8,101,1.0,inverted,939,939,1.0,0.9959255085902022,1.0,0.8115650848130628
position,scan,8,101,1.0,tied,0,0,,,,
phase,competitive,8,101,0.0,preserved,1024,1024,1.0,0.9962624591182144,1.0,0.0
phase,competitive,8,101,0.0,inverted,0,0,,,,
phase,competitive,8,101,0.0,tied,0,0,,,,
phase,scan,8,101,0.0,preserved,1024,0,0.0,0.0,0.003737540881785676,0.0
phase,scan,8,101,0.0,inverted,0,0,,,,
phase,scan,8,101,0.0,tied,0,0,,,,
phase,competitive,8,101,0.05,preserved,1024,1024,1.0,0.9962624591182144,1.0,0.039678738870761066
phase,competitive,8,101,0.05,inverted,0,0,,,,
phase,competitive,8,101,0.05,tied,0,0,,,,
phase,scan,8,101,0.05,preserved,1024,0,0.0,0.0,0.003737540881785676,0.039678738870761066
phase,scan,8,101,0.05,inverted,0,0,,,,
phase,scan,8,101,0.05,tied,0,0,,,,
phase,competitive,8,101,0.1,preserved,1024,1024,1.0,0.9962624591182144,1.0,0.07935747774152212
phase,competitive,8,101,0.1,inverted,0,0,,,,
phase,competitive,8,101,0.1,tied,0,0,,,,
phase,scan,8,101,0.1,preserved,1024,0,0.0,0.0,0.003737540881785676,0.07935747774152212
phase,scan,8,101,0.1,inverted,0,0,,,,
phase,scan,8,101,0.1,tied,0,0,,,,
phase,competitive,8,101,0.2,preserved,1009,1009,1.0,0.9962071068170976,1.0,0.15811743948575402
phase,competitive,8,101,0.2,inverted,15,15,1.0,0.7961107336956521,1.0,0.19890786490076612
phase,competitive,8,101,0.2,tied,0,0,,,,
phase,scan,8,101,0.2,preserved,1009,171,0.1694747274529237,0.14758895159218913,0.19386779741969987,0.15811743948575402
phase,scan,8,101,0.2,inverted,15,15,1.0,0.7961107336956521,1.0,0.19890786490076612
phase,scan,8,101,0.2,tied,0,0,,,,
phase,competitive,8,101,0.35,preserved,729,729,1.0,0.9947579395056177,1.0000000000000002,0.2560736532828222
phase,competitive,8,101,0.35,inverted,295,295,1.0,0.9871450293399581,1.0,0.33132036265233156
phase,competitive,8,101,0.35,tied,0,0,,,,
phase,scan,8,101,0.35,preserved,729,549,0.7530864197530864,0.7205106146399727,0.7830088362208956,0.2560736532828222
phase,scan,8,101,0.35,inverted,295,295,1.0,0.9871450293399581,1.0,0.33132036265233156
phase,scan,8,101,0.35,tied,0,0,,,,
phase,competitive,8,101,0.5,preserved,386,386,1.0,0.9901457412446493,1.0000000000000002,0.3281389246705889
phase,competitive,8,101,0.5,inverted,638,638,1.0,0.994014722635616,1.0,0.4383207854447427
phase,competitive,8,101,0.5,tied,0,0,,,,
phase,scan,8,101,0.5,preserved,386,361,0.9352331606217616,0.9061392655561937,0.9557492553199776,0.3281389246705889
phase,scan,8,101,0.5,inverted,638,638,1.0,0.994014722635616,1.0,0.4383207854447427
phase,scan,8,101,0.5,tied,0,0,,,,
phase,competitive,8,101,0.75,preserved,103,103,1.0,0.9640439678926562,1.0000000000000002,0.4230283447293882
phase,competitive,8,101,0.75,inverted,921,921,1.0,0.9958462076100382,0.9999999999999999,0.6144337780106002
phase,competitive,8,101,0.75,tied,0,0,,,,
phase,scan,8,101,0.75,preserved,103,103,1.0,0.9640439678926562,1.0000000000000002,0.4230283447293882
phase,scan,8,101,0.75,inverted,921,921,1.0,0.9958462076100382,0.9999999999999999,0.6144337780106002
phase,scan,8,101,0.75,tied,0,0,,,,
phase,competitive,8,101,1.0,preserved,25,25,1.0,0.8668035060468213,1.0,0.48399789348649797
phase,competitive,8,101,1.0,inverted,999,999,1.0,0.9961692853587246,0.9999999999999999,0.8013219466827065
phase,competitive,8,101,1.0,tied,0,0,,,,
phase,scan,8,101,1.0,preserved,25,25,1.0,0.8668035060468213,1.0,0.48399789348649797
phase,scan,8,101,1.0,inverted,999,999,1.0,0.9961692853587246,0.9999999999999999,0.8013219466827065
phase,scan,8,101,1.0,tied,0,0,,,,
priority,competitive,8,202,0.0,preserved,1024,0,0.0,0.0,0.003737540881785676,0.0
priority,competitive,8,202,0.0,inverted,0,0,,,,
priority,competitive,8,202,0.0,tied,0,0,,,,
priority,scan,8,202,0.0,preserved,1024,0,0.0,0.0,0.003737540881785676,0.0
priority,scan,8,202,0.0,inverted,0,0,,,,
priority,scan,8,202,0.0,tied,0,0,,,,
priority,competitive,8,202,0.05,preserved,1024,0,0.0,0.0,0.003737540881785676,0.039772491354858844
priority,competitive,8,202,0.05,inverted,0,0,,,,
priority,competitive,8,202,0.05,tied,0,0,,,,
priority,scan,8,202,0.05,preserved,1024,0,0.0,0.0,0.003737540881785676,0.039772491354858844
priority,scan,8,202,0.05,inverted,0,0,,,,
priority,scan,8,202,0.05,tied,0,0,,,,
priority,competitive,8,202,0.1,preserved,1024,0,0.0,0.0,0.003737540881785676,0.0795449827097177
priority,competitive,8,202,0.1,inverted,0,0,,,,
priority,competitive,8,202,0.1,tied,0,0,,,,
priority,scan,8,202,0.1,preserved,1024,1,0.0009765625,0.00017240363051574184,0.005510962366735196,0.0795449827097177
priority,scan,8,202,0.1,inverted,0,0,,,,
priority,scan,8,202,0.1,tied,0,0,,,,
priority,competitive,8,202,0.2,preserved,1024,0,0.0,0.0,0.003737540881785676,0.1590899654194354
priority,competitive,8,202,0.2,inverted,0,0,,,,
priority,competitive,8,202,0.2,tied,0,0,,,,
priority,scan,8,202,0.2,preserved,1024,352,0.34375,0.31529130306048103,0.37337667846507694,0.1590899654194354
priority,scan,8,202,0.2,inverted,0,0,,,,
priority,scan,8,202,0.2,tied,0,0,,,,
priority,competitive,8,202,0.35,preserved,887,0,0.0,0.0,0.004312326680747733,0.2658445906256554
priority,competitive,8,202,0.35,inverted,137,137,1.0,0.9727239679185695,1.0,0.35974500836986734
priority,competitive,8,202,0.35,tied,0,0,,,,
priority,scan,8,202,0.35,preserved,887,739,0.8331454340473506,0.8071825262133537,0.8562350779937243,0.2658445906256554
priority,scan,8,202,0.35,inverted,137,137,1.0,0.9727239679185695,1.0,0.35974500836986734
priority,scan,8,202,0.35,tied,0,0,,,,
priority,competitive,8,202,0.5,preserved,559,0,0.0,0.0,0.00682536614209042,0.3520016951860175
priority,competitive,8,202,0.5,inverted,465,465,1.0,0.9918061878468121,0.9999999999999998,0.4526911050855286
priority,competitive,8,202,0.5,tied,0,0,,,,
priority,scan,8,202,0.5,preserved,559,531,0.9499105545617174,0.9285590466969569,0.9651204538943285,0.3520016951860175
priority,scan,8,202,0.5,inverted,465,465,1.0,0.9918061878468121,0.9999999999999998,0.4526911050855286
priority,scan,8,202,0.5,tied,0,0,,,,
priority,competitive,8,202,0.75,preserved,223,0,0.0,0.0,0.01693516533122672,0.4795076588317319
priority,competitive,8,202,0.75,inverted,801,801,1.0,0.9952268868805985,0.9999999999999998,0.6291825958691082
priority,competitive,8,202,0.75,tied,0,0,,,,
priority,scan,8,202,0.75,preserved,223,220,0.9865470852017937,0.9612001395000701,0.9954145202448795,0.4795076588317319
priority,scan,8,202,0.75,inverted,801,801,1.0,0.9952268868805985,0.9999999999999998,0.6291825958691082
priority,scan,8,202,0.75,tied,0,0,,,,
priority,competitive,8,202,1.0,preserved,87,0,0.0,0.0,0.04228899535014795,0.5973823170596422
priority,competitive,8,202,1.0,inverted,937,937,1.0,0.9959168472142389,1.0,0.8138403002810248
priority,competitive,8,202,1.0,tied,0,0,,,,
priority,scan,8,202,1.0,preserved,87,86,0.9885057471264368,0.937726515139851,0.9979681445755221,0.5973823170596422
priority,scan,8,202,1.0,inverted,937,937,1.0,0.9959168472142389,1.0,0.8138403002810248
priority,scan,8,202,1.0,tied,0,0,,,,
position,competitive,8,202,0.0,preserved,1024,0,0.0,0.0,0.003737540881785676,0.0
position,competitive,8,202,0.0,inverted,0,0,,,,
position,competitive,8,202,0.0,tied,0,0,,,,
position,scan,8,202,0.0,preserved,1024,0,0.0,0.0,0.003737540881785676,0.0
position,scan,8,202,0.0,inverted,0,0,,,,
position,scan,8,202,0.0,tied,0,0,,,,
position,competitive,8,202,0.05,preserved,1024,0,0.0,0.0,0.003737540881785676,0.039772491354858844
position,competitive,8,202,0.05,inverted,0,0,,,,
position,competitive,8,202,0.05,tied,0,0,,,,
position,scan,8,202,0.05,preserved,1024,0,0.0,0.0,0.003737540881785676,0.039772491354858844
position,scan,8,202,0.05,inverted,0,0,,,,
position,scan,8,202,0.05,tied,0,0,,,,
position,competitive,8,202,0.1,preserved,1024,0,0.0,0.0,0.003737540881785676,0.0795449827097177
position,competitive,8,202,0.1,inverted,0,0,,,,
position,competitive,8,202,0.1,tied,0,0,,,,
position,scan,8,202,0.1,preserved,1024,0,0.0,0.0,0.003737540881785676,0.0795449827097177
position,scan,8,202,0.1,inverted,0,0,,,,
position,scan,8,202,0.1,tied,0,0,,,,
position,competitive,8,202,0.2,preserved,1022,0,0.0,0.0,0.003744827661502516,0.1588853332109234
position,competitive,8,202,0.2,inverted,2,2,1.0,0.34237195288961925,1.0,0.26365702396904955
position,competitive,8,202,0.2,tied,0,0,,,,
position,scan,8,202,0.2,preserved,1022,180,0.1761252446183953,0.15399576118341549,0.20068043833900587,0.1588853332109234
position,scan,8,202,0.2,inverted,2,2,1.0,0.34237195288961925,1.0,0.26365702396904955
position,scan,8,202,0.2,tied,0,0,,,,
position,competitive,8,202,0.35,preserved,853,0,0.0,4.336808689942018e-19,0.00448344244723879,0.2652016003120857
position,competitive,8,202,0.35,inverted,171,171,1.0,0.978028112302793,1.0,0.34428218108432224
position,competitive,8,202,0.35,tied,0,0,,,,
position,scan,8,202,0.35,preserved,853,668,0.7831184056271981,0.7542248520682018,0.8094732690314275,0.2652016003120857
position,scan,8,202,0.35,inverted,171,171,1.0,0.978028112302793,1.0,0.34428218108432224
position,scan,8,202,0.35,tied,0,0,,,,
position,competitive,8,202,0.5,preserved,550,0,0.0,0.0,0.006936279253851642,0.35215051841083955
position,competitive,8,202,0.5,inverted,474,474,1.0,0.9919605157859843,1.0,0.45060659567044903
position,competitive,8,202,0.5,tied,0,0,,,,
position,scan,8,202,0.5,preserved,550,529,0.9618181818181818,0.9423364047400014,0.9748933591491684,0.35215051841083955
position,scan,8,202,0.5,inverted,474,474,1.0,0.9919605157859843,1.0,0.45060659567044903
position,scan,8,202,0.5,tied,0,0,,,,
position,competitive,8,202,0.75,preserved,205,0,0.0,0.0,0.018394802568070728,0.474631709326742
position,competitive,8,202,0.75,inverted,819,819,1.0,0.9953313007023467,1.0,0.627113512574664
position,competitive,8,202,0.75,tied,0,0,,,,
position,scan,8,202,0.75,preserved,205,202,0.9853658536585366,0.9578643909600811,0.9950108982543283,0.474631709326742
position,scan,8,202,0.75,inverted,819,819,1.0,0.9953313007023467,1.0,0.627113512574664
position,scan,8,202,0.75,tied,0,0,,,,
position,competitive,8,202,1.0,preserved,75,0,0.0,0.0,0.04872554590470005,0.5655952911095373
position,competitive,8,202,1.0,inverted,949,949,1.0,0.995968270067134,1.0,0.813615359446042
position,competitive,8,202,1.0,tied,0,0,,,,
position,scan,8,202,1.0,preserved,75,75,1.0,0.9512744540953,1.0,0.5655952911095373
position,scan,8,202,1.0,inverted,949,949,1.0,0.995968270067134,1.0,0.813615359446042
position,scan,8,202,1.0,tied,0,0,,,,
phase,competitive,8,202,0.0,preserved,1024,1024,1.0,0.9962624591182144,1.0,0.0
phase,competitive,8,202,0.0,inverted,0,0,,,,
phase,competitive,8,202,0.0,tied,0,0,,,,
phase,scan,8,202,0.0,preserved,1024,0,0.0,0.0,0.003737540881785676,0.0
phase,scan,8,202,0.0,inverted,0,0,,,,
phase,scan,8,202,0.0,tied,0,0,,,,
phase,competitive,8,202,0.05,preserved,1024,1024,1.0,0.9962624591182144,1.0,0.03977249135485886
phase,competitive,8,202,0.05,inverted,0,0,,,,
phase,competitive,8,202,0.05,tied,0,0,,,,
phase,scan,8,202,0.05,preserved,1024,0,0.0,0.0,0.003737540881785676,0.03977249135485886
phase,scan,8,202,0.05,inverted,0,0,,,,
phase,scan,8,202,0.05,tied,0,0,,,,
phase,competitive,8,202,0.1,preserved,1024,1024,1.0,0.9962624591182144,1.0,0.0795449827097177
phase,competitive,8,202,0.1,inverted,0,0,,,,
phase,competitive,8,202,0.1,tied,0,0,,,,
phase,scan,8,202,0.1,preserved,1024,0,0.0,0.0,0.003737540881785676,0.0795449827097177
phase,scan,8,202,0.1,inverted,0,0,,,,
phase,scan,8,202,0.1,tied,0,0,,,,
phase,competitive,8,202,0.2,preserved,1013,1013,1.0,0.9962220271082536,1.0,0.1583713629037942
phase,competitive,8,202,0.2,inverted,11,11,1.0,0.7411599827511859,1.0,0.22526672435984932
phase,competitive,8,202,0.2,tied,0,0,,,,
phase,scan,8,202,0.2,preserved,1013,171,0.1688055281342547,0.14699915219091972,0.1931143915507997,0.1583713629037942
phase,scan,8,202,0.2,inverted,11,11,1.0,0.7411599827511859,1.0,0.22526672435984932
phase,scan,8,202,0.2,tied,0,0,,,,
phase,competitive,8,202,0.35,preserved,717,717,1.0,0.9946706738345843,0.9999999999999998,0.2554596798158733
phase,competitive,8,202,0.35,inverted,307,307,1.0,0.9876412938293974,1.0,0.33200204431155383
phase,competitive,8,202,0.35,tied,0,0,,,,
phase,scan,8,202,0.35,preserved,717,532,0.7419804741980475,0.7087231116771648,0.7726586509736035,0.2554596798158733
phase,scan,8,202,0.35,inverted,307,307,1.0,0.9876412938293974,1.0,0.33200204431155383
phase,scan,8,202,0.35,tied,0,0,,,,
phase,competitive,8,202,0.5,preserved,381,381,1.0,0.9900177111829908,1.0000000000000002,0.3283478037281586
phase,competitive,8,202,0.5,inverted,643,643,1.0,0.9940609880378749,0.9999999999999999,0.43883327877655703
phase,competitive,8,202,0.5,tied,0,0,,,,
phase,scan,8,202,0.5,preserved,381,360,0.9448818897637795,0.9172116458033874,0.9636702546980136,0.3283478037281586
phase,scan,8,202,0.5,inverted,643,643,1.0,0.9940609880378749,0.9999999999999999,0.43883327877655703
phase,scan,8,202,0.5,tied,0,0,,,,
phase,competitive,8,202,0.75,preserved,116,116,1.0,0.9679443532129076,0.9999999999999999,0.43528480145214976
phase,competitive,8,202,0.75,inverted,908,908,1.0,0.9957869875645068,0.9999999999999999,0.6171943064341215
phase,competitive,8,202,0.75,tied,0,0,,,,
phase,scan,8,202,0.75,preserved,116,113,0.9741379310344828,0.9267119938162736,0.9911662721614838,0.43528480145214976
phase,scan,8,202,0.75,inverted,908,908,1.0,0.9957869875645068,0.9999999999999999,0.6171943064341215
phase,scan,8,202,0.75,tied,0,0,,,,
phase,competitive,8,202,1.0,preserved,33,33,1.0,0.8957265699643882,1.0,0.5075404161388324
phase,competitive,8,202,1.0,inverted,991,991,1.0,0.9961384807390443,1.0,0.8050175411008229
phase,competitive,8,202,1.0,tied,0,0,,,,
phase,scan,8,202,1.0,preserved,33,33,1.0,0.8957265699643882,1.0,0.5075404161388324
phase,scan,8,202,1.0,inverted,991,991,1.0,0.9961384807390443,1.0,0.8050175411008229
phase,scan,8,202,1.0,tied,0,0,,,,
priority,competitive,8,303,0.0,preserved,1024,0,0.0,0.0,0.003737540881785676,0.0
priority,competitive,8,303,0.0,inverted,0,0,,,,
priority,competitive,8,303,0.0,tied,0,0,,,,
priority,scan,8,303,0.0,preserved,1024,0,0.0,0.0,0.003737540881785676,0.0
priority,scan,8,303,0.0,inverted,0,0,,,,
priority,scan,8,303,0.0,tied,0,0,,,,
priority,competitive,8,303,0.05,preserved,1024,0,0.0,0.0,0.003737540881785676,0.03940427895642202
priority,competitive,8,303,0.05,inverted,0,0,,,,
priority,competitive,8,303,0.05,tied,0,0,,,,
priority,scan,8,303,0.05,preserved,1024,0,0.0,0.0,0.003737540881785676,0.03940427895642202
priority,scan,8,303,0.05,inverted,0,0,,,,
priority,scan,8,303,0.05,tied,0,0,,,,
priority,competitive,8,303,0.1,preserved,1024,0,0.0,0.0,0.003737540881785676,0.07880855791284402
priority,competitive,8,303,0.1,inverted,0,0,,,,
priority,competitive,8,303,0.1,tied,0,0,,,,
priority,scan,8,303,0.1,preserved,1024,1,0.0009765625,0.00017240363051574184,0.005510962366735196,0.07880855791284402
priority,scan,8,303,0.1,inverted,0,0,,,,
priority,scan,8,303,0.1,tied,0,0,,,,
priority,competitive,8,303,0.2,preserved,1024,0,0.0,0.0,0.003737540881785676,0.15761711582568805
priority,competitive,8,303,0.2,inverted,0,0,,,,
priority,competitive,8,303,0.2,tied,0,0,,,,
priority,scan,8,303,0.2,preserved,1024,357,0.3486328125,0.3200597366301323,0.37833737047275195,0.15761711582568805
priority,scan,8,303,0.2,inverted,0,0,,,,
priority,scan,8,303,0.2,tied,0,0,,,,
priority,competitive,8,303,0.35,preserved,884,0,0.0,4.336808689942018e-19,0.004326897951166062,0.2648385583058595
priority,competitive,8,303,0.35,inverted,140,140,1.0,0.9732928443510084,1.0,0.3452327572660942
priority,competitive,8,303,0.35,tied,0,0,,,,
priority,scan,8,303,0.35,preserved,884,730,0.8257918552036199,0.7993931242264632,0.8493712499592022,0.2648385583058595
priority,scan,8,303,0.35,inverted,140,140,1.0,0.9732928443510084,1.0,0.3452327572660942
priority,scan,8,303,0.35,tied,0,0,,,,
priority,competitive,8,303,0.5,preserved,537,0,0.0,0.0,0.007103003910941761,0.3456229785607559
priority,competitive,8,303,0.5,inverted,487,487,1.0,0.9921734425118003,1.0000000000000002,0.44743383373025764
priority,competitive,8,303,0.5,tied,0,0,,,,
priority,scan,8,303,0.5,preserved,537,503,0.9366852886405959,0.9128260673861229,0.9543409552689389,0.3456229785607559
priority,scan,8,303,0.5,inverted,487,487,1.0,0.9921734425118003,1.0000000000000002,0.44743383373025764
priority,scan,8,303,0.5,tied,0,0,,,,
priority,competitive,8,303,0.75,preserved,201,0,0.0,0.0,0.018754003093121707,0.46842522513227974
priority,competitive,8,303,0.75,inverted,823,823,1.0,0.9953538864033932,0.9999999999999999,0.6210161051264325
priority,competitive,8,303,0.75,tied,0,0,,,,
priority,scan,8,303,0.75,preserved,201,195,0.9701492537313433,0.9364151595075196,0.986248986837754,0.46842522513227974
priority,scan,8,303,0.75,inverted,823,823,1.0,0.9953538864033932,0.9999999999999999,0.6210161051264325
priority,scan,8,303,0.75,tied,0,0,,,,
priority,competitive,8,303,1.0,preserved,81,0,0.0,-3.469446951953614e-18,0.04527967412212876,0.5581622389528498
priority,competitive,8,303,1.0,inverted,943,943,1.0,0.995942721570324,1.0000000000000002,0.8078350919112852
priority,competitive,8,303,1.0,tied,0,0,,,,
priority,scan,8,303,1.0,preserved,81,81,1.0,0.954720325877871,0.9999999999999999,0.5581622389528498
priority,scan,8,303,1.0,inverted,943,943,1.0,0.995942721570324,1.0000000000000002,0.8078350919112852
priority,scan,8,303,1.0,tied,0,0,,,,
position,competitive,8,303,0.0,preserved,1024,0,0.0,0.0,0.003737540881785676,0.0
position,competitive,8,303,0.0,inverted,0,0,,,,
position,competitive,8,303,0.0,tied,0,0,,,,
position,scan,8,303,0.0,preserved,1024,0,0.0,0.0,0.003737540881785676,0.0
position,scan,8,303,0.0,inverted,0,0,,,,
position,scan,8,303,0.0,tied,0,0,,,,
position,competitive,8,303,0.05,preserved,1024,0,0.0,0.0,0.003737540881785676,0.03940427895642201
position,competitive,8,303,0.05,inverted,0,0,,,,
position,competitive,8,303,0.05,tied,0,0,,,,
position,scan,8,303,0.05,preserved,1024,0,0.0,0.0,0.003737540881785676,0.03940427895642201
position,scan,8,303,0.05,inverted,0,0,,,,
position,scan,8,303,0.05,tied,0,0,,,,
position,competitive,8,303,0.1,preserved,1024,0,0.0,0.0,0.003737540881785676,0.07880855791284404
position,competitive,8,303,0.1,inverted,0,0,,,,
position,competitive,8,303,0.1,tied,0,0,,,,
position,scan,8,303,0.1,preserved,1024,0,0.0,0.0,0.003737540881785676,0.07880855791284404
position,scan,8,303,0.1,inverted,0,0,,,,
position,scan,8,303,0.1,tied,0,0,,,,
position,competitive,8,303,0.2,preserved,1021,0,0.0,0.0,0.003748481716589178,0.15729758968583457
position,competitive,8,303,0.2,inverted,3,3,1.0,0.43849391955098227,1.0,0.2663625120891486
position,competitive,8,303,0.2,tied,0,0,,,,
position,scan,8,303,0.2,preserved,1021,171,0.16748285994123407,0.14583359128586582,0.1916249974365279,0.15729758968583457
position,scan,8,303,0.2,inverted,3,3,1.0,0.43849391955098227,1.0,0.2663625120891486
position,scan,8,303,0.2,tied,0,0,,,,
position,competitive,8,303,0.35,preserved,877,0,0.0,0.0,0.004361283572437995,0.26355243207482043
position,competitive,8,303,0.35,inverted,147,147,1.0,0.9745322245322244,0.9999999999999999,0.34907747367357445
position,competitive,8,303,0.35,tied,0,0,,,,
position,scan,8,303,0.35,preserved,877,689,0.7856328392246295,0.7572568254319839,0.8115174013983565,0.26355243207482043
position,scan,8,303,0.35,inverted,147,147,1.0,0.9745322245322244,0.9999999999999999,0.34907747367357445
position,scan,8,303,0.35,tied,0,0,,,,
position,competitive,8,303,0.5,preserved,552,0,0.0,0.0,0.006911321498786704,0.34509400117793354
position,competitive,8,303,0.5,inverted,472,472,1.0,0.9919267251959477,1.0000000000000002,0.4512879827617417
position,competitive,8,303,0.5,tied,0,0,,,,
position,scan,8,303,0.5,preserved,552,524,0.9492753623188406,0.9276653281955324,0.96467522350121,0.34509400117793354
position,scan,8,303,0.5,inverted,472,472,1.0,0.9919267251959477,1.0000000000000002,0.4512879827617417
position,scan,8,303,0.5,tied,0,0,,,,
position,competitive,8,303,0.75,preserved,215,0,0.0,0.0,0.017554249283500026,0.4701368886631537
position,competitive,8,303,0.75,inverted,809,809,1.0,0.9952738639360976,0.9999999999999998,0.623201846363491
position,competitive,8,303,0.75,tied,0,0,,,,
position,scan,8,303,0.75,preserved,215,214,0.9953488372093023,0.9741282161586808,0.9991785043185957,0.4701368886631537
position,scan,8,303,0.75,inverted,809,809,1.0,0.9952738639360976,0.9999999999999998,0.623201846363491
position,scan,8,303,0.75,tied,0,0,,,,
position,competitive,8,303,1.0,preserved,90,0,0.0,0.0,0.04093706842168078,0.5978981761214313
position,competitive,8,303,1.0,inverted,934,934,1.0,0.9959037858845248,1.0000000000000002,0.8064119884117709
position,competitive,8,303,1.0,tied,0,0,,,,
position,scan,8,303,1.0,preserved,90,90,1.0,0.9590629315783191,0.9999999999999999,0.5978981761214313
position,scan,8,303,1.0,inverted,934,934,1.0,0.9959037858845248,1.0000000000000002,0.8064119884117709
position,scan,8,303,1.0,tied,0,0,,,,
phase,competitive,8,303,0.0,preserved,1024,1024,1.0,0.9962624591182144,1.0,0.0
phase,competitive,8,303,0.0,inverted,0,0,,,,
phase,competitive,8,303,0.0,tied,0,0,,,,
phase,scan,8,303,0.0,preserved,1024,0,0.0,0.0,0.003737540881785676,0.0
phase,scan,8,303,0.0,inverted,0,0,,,,
phase,scan,8,303,0.0,tied,0,0,,,,
phase,competitive,8,303,0.05,preserved,1024,1024,1.0,0.9962624591182144,1.0,0.03940427895642202
phase,competitive,8,303,0.05,inverted,0,0,,,,
phase,competitive,8,303,0.05,tied,0,0,,,,
phase,scan,8,303,0.05,preserved,1024,0,0.0,0.0,0.003737540881785676,0.03940427895642202
phase,scan,8,303,0.05,inverted,0,0,,,,
phase,scan,8,303,0.05,tied,0,0,,,,
phase,competitive,8,303,0.1,preserved,1024,1024,1.0,0.9962624591182144,1.0,0.07880855791284402
phase,competitive,8,303,0.1,inverted,0,0,,,,
phase,competitive,8,303,0.1,tied,0,0,,,,
phase,scan,8,303,0.1,preserved,1024,0,0.0,0.0,0.003737540881785676,0.07880855791284402
phase,scan,8,303,0.1,inverted,0,0,,,,
phase,scan,8,303,0.1,tied,0,0,,,,
phase,competitive,8,303,0.2,preserved,1012,1012,1.0,0.9962183080511763,0.9999999999999999,0.15691342435592573
phase,competitive,8,303,0.2,inverted,12,12,1.0,0.7574992425007574,1.0,0.2169617631089802
phase,competitive,8,303,0.2,tied,0,0,,,,
phase,scan,8,303,0.2,preserved,1012,162,0.1600790513833992,0.13877879972056445,0.18395025567547368,0.15691342435592573
phase,scan,8,303,0.2,inverted,12,12,1.0,0.7574992425007574,1.0,0.2169617631089802
phase,scan,8,303,0.2,tied,0,0,,,,
phase,competitive,8,303,0.35,preserved,731,731,1.0,0.9947722066905302,1.0,0.2530415098317099
phase,competitive,8,303,0.35,inverted,293,293,1.0,0.9870584176880869,1.0,0.33268439546980566
phase,competitive,8,303,0.35,tied,0,0,,,,
phase,scan,8,303,0.35,preserved,731,543,0.7428180574555403,0.7099207267855219,0.7731765828931898,0.2530415098317099
phase,scan,8,303,0.35,inverted,293,293,1.0,0.9870584176880869,1.0,0.33268439546980566
phase,scan,8,303,0.35,tied,0,0,,,,
phase,competitive,8,303,0.5,preserved,376,376,1.0,0.9898863105041681,1.0,0.3199494847248458
phase,competitive,8,303,0.5,inverted,648,648,1.0,0.9941065436756417,1.0000000000000002,0.4370352010142275
phase,competitive,8,303,0.5,tied,0,0,,,,
phase,scan,8,303,0.5,preserved,376,348,0.925531914893617,0.8944778250510166,0.9479786094206157,0.3199494847248458
phase,scan,8,303,0.5,inverted,648,648,1.0,0.9941065436756417,1.0000000000000002,0.4370352010142275
phase,scan,8,303,0.5,tied,0,0,,,,
phase,competitive,8,303,0.75,preserved,102,102,1.0,0.9637042523922542,1.0000000000000002,0.4072957787640306
phase,competitive,8,303,0.75,inverted,922,922,1.0,0.9958506941144142,0.9999999999999999,0.6113943116450229
phase,competitive,8,303,0.75,tied,0,0,,,,
phase,scan,8,303,0.75,preserved,102,101,0.9901960784313726,0.9465407803733753,0.9982673102072662,0.4072957787640306
phase,scan,8,303,0.75,inverted,922,922,1.0,0.9958506941144142,0.9999999999999999,0.6113943116450229
phase,scan,8,303,0.75,tied,0,0,,,,
phase,competitive,8,303,1.0,preserved,26,26,1.0,0.8712669561953784,1.0000000000000002,0.4548340963774127
phase,competitive,8,303,1.0,inverted,998,998,1.0,0.9961654616857596,1.0,0.7967674814846795
phase,competitive,8,303,1.0,tied,0,0,,,,
phase,scan,8,303,1.0,preserved,26,26,1.0,0.8712669561953784,1.0000000000000002,0.4548340963774127
phase,scan,8,303,1.0,inverted,998,998,1.0,0.9961654616857596,1.0,0.7967674814846795
phase,scan,8,303,1.0,tied,0,0,,,,
priority,competitive,8,404,0.0,preserved,1024,0,0.0,0.0,0.003737540881785676,0.0
priority,competitive,8,404,0.0,inverted,0,0,,,,
priority,competitive,8,404,0.0,tied,0,0,,,,
priority,scan,8,404,0.0,preserved,1024,0,0.0,0.0,0.003737540881785676,0.0
priority,scan,8,404,0.0,inverted,0,0,,,,
priority,scan,8,404,0.0,tied,0,0,,,,
priority,competitive,8,404,0.05,preserved,1024,0,0.0,0.0,0.003737540881785676,0.04033899770085633
priority,competitive,8,404,0.05,inverted,0,0,,,,
priority,competitive,8,404,0.05,tied,0,0,,,,
priority,scan,8,404,0.05,preserved,1024,0,0.0,0.0,0.003737540881785676,0.04033899770085633
priority,scan,8,404,0.05,inverted,0,0,,,,
priority,scan,8,404,0.05,tied,0,0,,,,
priority,competitive,8,404,0.1,preserved,1024,0,0.0,0.0,0.003737540881785676,0.08067799540171268
priority,competitive,8,404,0.1,inverted,0,0,,,,
priority,competitive,8,404,0.1,tied,0,0,,,,
priority,scan,8,404,0.1,preserved,1024,7,0.0068359375,0.003315166965966453,0.014043149724076057,0.08067799540171268
priority,scan,8,404,0.1,inverted,0,0,,,,
priority,scan,8,404,0.1,tied,0,0,,,,
priority,competitive,8,404,0.2,preserved,1020,0,0.0,0.0,0.0037521429096063295,0.16108312336337918
priority,competitive,8,404,0.2,inverted,4,4,1.0,0.5100999795960008,1.0,0.23093718801519064
priority,competitive,8,404,0.2,tied,0,0,,,,
priority,scan,8,404,0.2,preserved,1020,338,0.33137254901960783,0.30316530741806125,0.36084521921027657,0.16108312336337918
priority,scan,8,404,0.2,inverted,4,4,1.0,0.5100999795960008,1.0,0.23093718801519064
priority,scan,8,404,0.2,tied,0,0,,,,
priority,competitive,8,404,0.35,preserved,866,0,0.0,-4.336808689942018e-19,0.0044164362798927975,0.2688787218654225
priority,competitive,8,404,0.35,inverted,158,158,1.0,0.9762632104477463,0.9999999999999999,0.3563352049638121
priority,competitive,8,404,0.35,tied,0,0,,,,
priority,scan,8,404,0.35,preserved,866,738,0.8521939953810623,0.8270014842949034,0.8742756217896985,0.2688787218654225
priority,scan,8,404,0.35,inverted,158,158,1.0,0.9762632104477463,0.9999999999999999,0.3563352049638121
priority,scan,8,404,0.35,tied,0,0,,,,
priority,competitive,8,404,0.5,preserved,537,0,0.0,0.0,0.007103003910941761,0.3529157737548776
priority,competitive,8,404,0.5,inverted,487,487,1.0,0.9921734425118003,1.0000000000000002,0.4590463366537979
priority,competitive,8,404,0.5,tied,0,0,,,,
priority,scan,8,404,0.5,preserved,537,510,0.9497206703910615,0.9278345454947368,0.965218059926148,0.3529157737548776
priority,scan,8,404,0.5,inverted,487,487,1.0,0.9921734425118003,1.0000000000000002,0.4590463366537979
priority,scan,8,404,0.5,tied,0,0,,,,
priority,competitive,8,404,0.75,preserved,183,0,0.0,0.0,0.020560731657189836,0.47800969305241386
priority,competitive,8,404,0.75,inverted,841,841,1.0,0.9954528754265887,0.9999999999999999,0.6327363030399068
priority,competitive,8,404,0.75,tied,0,0,,,,
priority,scan,8,404,0.75,preserved,183,179,0.9781420765027322,0.9451542859948119,0.9914679651526841,0.47800969305241386
priority,scan,8,404,0.75,inverted,841,841,1.0,0.9954528754265887,0.9999999999999999,0.6327363030399068
priority,scan,8,404,0.75,tied,0,0,,,,
priority,competitive,8,404,1.0,preserved,67,0,0.0,0.0,0.05422802421176257,0.5951310064548097
priority,competitive,8,404,1.0,inverted,957,957,1.0,0.9960018383883463,1.0,0.8215975919342376
priority,competitive,8,404,1.0,tied,0,0,,,,
priority,scan,8,404,1.0,preserved,67,65,0.9701492537313433,0.8975324995811698,0.991775477652546,0.5951310064548097
priority,scan,8,404,1.0,inverted,957,957,1.0,0.9960018383883463,1.0,0.8215975919342376
priority,scan,8,404,1.0,tied,0,0,,,,
position,competitive,8,404,0.0,preserved,1024,0,0.0,0.0,0.003737540881785676,0.0
position,competitive,8,404,0.0,inverted,0,0,,,,
position,competitive,8,404,0.0,tied,0,0,,,,
position,scan,8,404,0.0,preserved,1024,0,0.0,0.0,0.003737540881785676,0.0
position,scan,8,404,0.0,inverted,0,0,,,,
position,scan,8,404,0.0,tied,0,0,,,,
position,competitive,8,404,0.05,preserved,1024,0,0.0,0.0,0.003737540881785676,0.04033899770085633
position,competitive,8,404,0.05,inverted,0,0,,,,
position,competitive,8,404,0.05,tied,0,0,,,,
position,scan,8,404,0.05,preserved,1024,0,0.0,0.0,0.003737540881785676,0.04033899770085633
position,scan,8,404,0.05,inverted,0,0,,,,
position,scan,8,404,0.05,tied,0,0,,,,
position,competitive,8,404,0.1,preserved,1024,0,0.0,0.0,0.003737540881785676,0.08067799540171267
position,competitive,8,404,0.1,inverted,0,0,,,,
position,competitive,8,404,0.1,tied,0,0,,,,
position,scan,8,404,0.1,preserved,1024,0,0.0,0.0,0.003737540881785676,0.08067799540171267
position,scan,8,404,0.1,inverted,0,0,,,,
position,scan,8,404,0.1,tied,0,0,,,,
position,competitive,8,404,0.2,preserved,1021,0,0.0,0.0,0.003748481716589178,0.16103943296022497
position,competitive,8,404,0.2,inverted,3,3,1.0,0.43849391955098227,1.0,0.26909117677261424
position,competitive,8,404,0.2,tied,0,0,,,,
position,scan,8,404,0.2,preserved,1021,186,0.1821743388834476,0.1597036268424386,0.20702777828397312,0.16103943296022497
position,scan,8,404,0.2,inverted,3,3,1.0,0.43849391955098227,1.0,0.26909117677261424
position,scan,8,404,0.2,tied,0,0,,,,
position,competitive,8,404,0.35,preserved,875,0,0.0,4.336808689942018e-19,0.0043712086455625215,0.26878058956883816
position,competitive,8,404,0.35,inverted,149,149,1.0,0.9748654816489752,1.0,0.362194091590636
position,competitive,8,404,0.35,tied,0,0,,,,
position,scan,8,404,0.35,preserved,875,705,0.8057142857142857,0.7781853989765499,0.8305704905944491,0.26878058956883816
position,scan,8,404,0.35,inverted,149,149,1.0,0.9748654816489752,1.0,0.362194091590636
position,scan,8,404,0.35,tied,0,0,,,,
position,competitive,8,404,0.5,preserved,533,0,0.0,0.0,0.007155928303618796,0.3519215420175467
position,competitive,8,404,0.5,inverted,491,491,1.0,0.9922367076656451,1.0000000000000002,0.45926100725339386
position,competitive,8,404,0.5,tied,0,0,,,,
position,scan,8,404,0.5,preserved,533,506,0.949343339587242,0.9273004477487303,0.964955293982164,0.3519215420175467
position,scan,8,404,0.5,inverted,491,491,1.0,0.9922367076656451,1.0000000000000002,0.45926100725339386
position,scan,8,404,0.5,tied,0,0,,,,
position,competitive,8,404,0.75,preserved,195,0,0.0,0.0,0.019319900865814796,0.4816644712015356
position,competitive,8,404,0.75,inverted,829,829,1.0,0.9953873581723103,1.0,0.6341163242471095
position,competitive,8,404,0.75,tied,0,0,,,,
position,scan,8,404,0.75,preserved,195,194,0.9948717948717949,0.9715276468408303,0.9990941948663379,0.4816644712015356
position,scan,8,404,0.75,inverted,829,829,1.0,0.9953873581723103,1.0,0.6341163242471095
position,scan,8,404,0.75,tied,0,0,,,,
position,competitive,8,404,1.0,preserved,69,0,0.0,0.0,0.05273909414400562,0.6018892237565205
position,competitive,8,404,1.0,inverted,955,955,1.0,0.9959934988219117,1.0,0.8215835774600396
position,competitive,8,404,1.0,tied,0,0,,,,
position,scan,8,404,1.0,preserved,69,69,1.0,0.9472609058559944,1.0,0.6018892237565205
position,scan,8,404,1.0,inverted,955,955,1.0,0.9959934988219117,1.0,0.8215835774600396
position,scan,8,404,1.0,tied,0,0,,,,
phase,competitive,8,404,0.0,preserved,1024,1024,1.0,0.9962624591182144,1.0,0.0
phase,competitive,8,404,0.0,inverted,0,0,,,,
phase,competitive,8,404,0.0,tied,0,0,,,,
phase,scan,8,404,0.0,preserved,1024,0,0.0,0.0,0.003737540881785676,0.0
phase,scan,8,404,0.0,inverted,0,0,,,,
phase,scan,8,404,0.0,tied,0,0,,,,
phase,competitive,8,404,0.05,preserved,1024,1024,1.0,0.9962624591182144,1.0,0.04033899770085633
phase,competitive,8,404,0.05,inverted,0,0,,,,
phase,competitive,8,404,0.05,tied,0,0,,,,
phase,scan,8,404,0.05,preserved,1024,0,0.0,0.0,0.003737540881785676,0.04033899770085633
phase,scan,8,404,0.05,inverted,0,0,,,,
phase,scan,8,404,0.05,tied,0,0,,,,
phase,competitive,8,404,0.1,preserved,1024,1024,1.0,0.9962624591182144,1.0,0.08067799540171268
phase,competitive,8,404,0.1,inverted,0,0,,,,
phase,competitive,8,404,0.1,tied,0,0,,,,
phase,scan,8,404,0.1,preserved,1024,0,0.0,0.0,0.003737540881785676,0.08067799540171268
phase,scan,8,404,0.1,inverted,0,0,,,,
phase,scan,8,404,0.1,tied,0,0,,,,
phase,competitive,8,404,0.2,preserved,1006,1006,1.0,0.9961958390305965,1.0,0.16033295891948088
phase,competitive,8,404,0.2,inverted,18,18,1.0,0.8241154494176252,1.0,0.21853210609498952
phase,competitive,8,404,0.2,tied,0,0,,,,
phase,scan,8,404,0.2,preserved,1006,171,0.16998011928429424,0.1480344183334787,0.1944367177338015,0.16033295891948088
phase,scan,8,404,0.2,inverted,18,18,1.0,0.8241154494176252,1.0,0.21853210609498952
phase,scan,8,404,0.2,tied,0,0,,,,
phase,competitive,8,404,0.35,preserved,743,743,1.0,0.9948562051176582,1.0,0.26025610370216873
phase,competitive,8,404,0.35,inverted,281,281,1.0,0.9865132059362116,1.0,0.3408528486442235
phase,competitive,8,404,0.35,tied,0,0,,,,
phase,scan,8,404,0.35,preserved,743,573,0.7711978465679677,0.7396436581994243,0.7999620627459543,0.26025610370216873
phase,scan,8,404,0.35,inverted,281,281,1.0,0.9865132059362116,1.0,0.3408528486442235
phase,scan,8,404,0.35,tied,0,0,,,,
phase,competitive,8,404,0.5,preserved,366,366,1.0,0.9896128504743652,0.9999999999999999,0.3266033314457633
phase,competitive,8,404,0.5,inverted,658,658,1.0,0.9941955900021999,1.0,0.4461010898899992
phase,competitive,8,404,0.5,tied,0,0,,,,
phase,scan,8,404,0.5,preserved,366,339,0.9262295081967213,0.8947959318063882,0.9488084653193002,0.3266033314457633
phase,scan,8,404,0.5,inverted,658,658,1.0,0.9941955900021999,1.0,0.4461010898899992
phase,scan,8,404,0.5,tied,0,0,,,,
phase,competitive,8,404,0.75,preserved,86,86,1.0,0.9572402984808819,1.0,0.41777861070171896
phase,competitive,8,404,0.75,inverted,938,938,1.0,0.9959211825003272,1.0000000000000002,0.622258042819622
phase,competitive,8,404,0.75,tied,0,0,,,,
phase,scan,8,404,0.75,preserved,86,85,0.9883720930232558,0.9370344119330343,0.9979444842575944,0.41777861070171896
phase,scan,8,404,0.75,inverted,938,938,1.0,0.9959211825003272,1.0000000000000002,0.622258042819622
phase,scan,8,404,0.75,tied,0,0,,,,
phase,competitive,8,404,1.0,preserved,24,24,1.0,0.8620194241710247,1.0,0.5078168568926733
phase,competitive,8,404,1.0,inverted,1000,1000,1.0,0.9961731014136095,1.0,0.8138859972906967
phase,competitive,8,404,1.0,tied,0,0,,,,
phase,scan,8,404,1.0,preserved,24,24,1.0,0.8620194241710247,1.0,0.5078168568926733
phase,scan,8,404,1.0,inverted,1000,1000,1.0,0.9961731014136095,1.0,0.8138859972906967
phase,scan,8,404,1.0,tied,0,0,,,,
priority,competitive,10,101,0.0,preserved,1024,0,0.0,0.0,0.003737540881785676,0.0
priority,competitive,10,101,0.0,inverted,0,0,,,,
priority,competitive,10,101,0.0,tied,0,0,,,,
priority,scan,10,101,0.0,preserved,1024,0,0.0,0.0,0.003737540881785676,0.0
priority,scan,10,101,0.0,inverted,0,0,,,,
priority,scan,10,101,0.0,tied,0,0,,,,
priority,competitive,10,101,0.05,preserved,1024,0,0.0,0.0,0.003737540881785676,0.03995760493669105
priority,competitive,10,101,0.05,inverted,0,0,,,,
priority,competitive,10,101,0.05,tied,0,0,,,,
priority,scan,10,101,0.05,preserved,1024,0,0.0,0.0,0.003737540881785676,0.03995760493669105
priority,scan,10,101,0.05,inverted,0,0,,,,
priority,scan,10,101,0.05,tied,0,0,,,,
priority,competitive,10,101,0.1,preserved,1024,0,0.0,0.0,0.003737540881785676,0.07991520987338212
priority,competitive,10,101,0.1,inverted,0,0,,,,
priority,competitive,10,101,0.1,tied,0,0,,,,
priority,scan,10,101,0.1,preserved,1024,6,0.005859375,0.002688052185372109,0.012724439389205141,0.07991520987338212
priority,scan,10,101,0.1,inverted,0,0,,,,
priority,scan,10,101,0.1,tied,0,0,,,,
priority,competitive,10,101,0.2,preserved,1018,0,0.0,0.0,0.0037594867932564105,0.15957114407176234
priority,competitive,10,101,0.2,inverted,6,6,1.0,0.6096569663469354,0.9999999999999999,0.2038208592720847
priority,competitive,10,101,0.2,tied,0,0,,,,
priority,scan,10,101,0.2,preserved,1018,435,0.42730844793713163,0.39724889351971165,0.4579145682144749,0.15957114407176234
priority,scan,10,101,0.2,inverted,6,6,1.0,0.6096569663469354,0.9999999999999999,0.2038208592720847
priority,scan,10,101,0.2,tied,0,0,,,,
priority,competitive,10,101,0.35,preserved,826,0,0.0,0.0,0.004629317209452984,0.26584195985064735
priority,competitive,10,101,0.35,inverted,198,198,1.0,0.9809672535295005,1.0000000000000002,0.3375285522705394
priority,competitive,10,101,0.35,tied,0,0,,,,
priority,scan,10,101,0.35,preserved,826,744,0.9007263922518159,0.8784412438462801,0.9193013614894849,0.26584195985064735
priority,scan,10,101,0.35,inverted,198,198,1.0,0.9809672535295005,1.0000000000000002,0.3375285522705394
priority,scan,10,101,0.35,tied,0,0,,,,
priority,competitive,10,101,0.5,preserved,457,0,0.0,0.0,0.008336052995215708,0.3482592087536673
priority,competitive,10,101,0.5,inverted,567,567,1.0,0.993270287239052,1.0,0.44093724188940114
priority,competitive,10,101,0.5,tied,0,0,,,,
priority,scan,10,101,0.5,preserved,457,442,0.9671772428884027,0.9465556651879797,0.9800099920790725,0.3482592087536673
priority,scan,10,101,0.5,inverted,567,567,1.0,0.993270287239052,1.0,0.44093724188940114
priority,scan,10,101,0.5,tied,0,0,,,,
priority,competitive,10,101,0.75,preserved,141,0,0.0,0.0,0.026522766939884673,0.45935124870541244
priority,competitive,10,101,0.75,inverted,883,883,1.0,0.9956682230513316,0.9999999999999998,0.621721727927646
priority,competitive,10,101,0.75,tied,0,0,,,,
priority,scan,10,101,0.75,preserved,141,141,1.0,0.9734772330601154,1.0,0.45935124870541244
priority,scan,10,101,0.75,inverted,883,883,1.0,0.9956682230513316,0.9999999999999998,0.621721727927646
priority,scan,10,101,0.75,tied,0,0,,,,
priority,competitive,10,101,1.0,preserved,43,0,0.0,0.0,0.08201257002322722,0.5628183332491342
priority,competitive,10,101,1.0,inverted,981,981,1.0,0.9960992711924435,1.0,0.8095112749986952
priority,competitive,10,101,1.0,tied,0,0,,,,
priority,scan,10,101,1.0,preserved,43,43,1.0,0.9179874299767729,1.0,0.5628183332491342
priority,scan,10,101,1.0,inverted,981,981,1.0,0.9960992711924435,1.0,0.8095112749986952
priority,scan,10,101,1.0,tied,0,0,,,,
position,competitive,10,101,0.0,preserved,1024,0,0.0,0.0,0.003737540881785676,0.0
position,competitive,10,101,0.0,inverted,0,0,,,,
position,competitive,10,101,0.0,tied,0,0,,,,
position,scan,10,101,0.0,preserved,1024,0,0.0,0.0,0.003737540881785676,0.0
position,scan,10,101,0.0,inverted,0,0,,,,
position,scan,10,101,0.0,tied,0,0,,,,
position,competitive,10,101,0.05,preserved,1024,0,0.0,0.0,0.003737540881785676,0.03995760493669106
position,competitive,10,101,0.05,inverted,0,0,,,,
position,competitive,10,101,0.05,tied,0,0,,,,
position,scan,10,101,0.05,preserved,1024,0,0.0,0.0,0.003737540881785676,0.03995760493669106
position,scan,10,101,0.05,inverted,0,0,,,,
position,scan,10,101,0.05,tied,0,0,,,,
position,competitive,10,101,0.1,preserved,1024,0,0.0,0.0,0.003737540881785676,0.07991520987338213
position,competitive,10,101,0.1,inverted,0,0,,,,
position,competitive,10,101,0.1,tied,0,0,,,,
position,scan,10,101,0.1,preserved,1024,0,0.0,0.0,0.003737540881785676,0.07991520987338213
position,scan,10,101,0.1,inverted,0,0,,,,
position,scan,10,101,0.1,tied,0,0,,,,
position,competitive,10,101,0.2,preserved,1022,0,0.0,0.0,0.003744827661502516,0.1596620094673622
position,competitive,10,101,0.2,inverted,2,2,1.0,0.34237195288961925,1.0,0.2458880725212078
position,competitive,10,101,0.2,tied,0,0,,,,
position,scan,10,101,0.2,preserved,1022,240,0.23483365949119372,0.20986742066809314,0.2617859028079679,0.1596620094673622
position,scan,10,101,0.2,inverted,2,2,1.0,0.34237195288961925,1.0,0.2458880725212078
position,scan,10,101,0.2,tied,0,0,,,,
position,competitive,10,101,0.35,preserved,832,0,0.0,0.0,0.004596086148380267,0.265670822789786
position,competitive,10,101,0.35,inverted,192,192,1.0,0.9803841471883398,0.9999999999999999,0.3405103522140602
position,competitive,10,101,0.35,tied,0,0,,,,
position,scan,10,101,0.35,preserved,832,731,0.8786057692307693,0.8546567516238578,0.8990745773743639,0.265670822789786
position,scan,10,101,0.35,inverted,192,192,1.0,0.9803841471883398,0.9999999999999999,0.3405103522140602
position,scan,10,101,0.35,tied,0,0,,,,
position,competitive,10,101,0.5,preserved,461,0,0.0,8.673617379884035e-19,0.008264320577160044,0.3515577502852282
position,competitive,10,101,0.5,inverted,563,563,1.0,0.9932227980444626,1.0,0.438894763179798
position,competitive,10,101,0.5,tied,0,0,,,,
position,scan,10,101,0.5,preserved,461,448,0.9718004338394793,0.9523552182529224,0.9834474293586509,0.3515577502852282
position,scan,10,101,0.5,inverted,563,563,1.0,0.9932227980444626,1.0,0.438894763179798
position,scan,10,101,0.5,tied,0,0,,,,
position,competitive,10,101,0.75,preserved,127,0,0.0,0.0,0.02936069262375269,0.45399075498159924
position,competitive,10,101,0.75,inverted,897,897,1.0,0.9957355432964019,1.0,0.6199464726253195
position,competitive,10,101,0.75,tied,0,0,,,,
position,scan,10,101,0.75,preserved,127,127,1.0,0.9706393073762475,1.0000000000000002,0.45399075498159924
position,scan,10,101,0.75,inverted,897,897,1.0,0.9957355432964019,1.0,0.6199464726253195
position,scan,10,101,0.75,tied,0,0,,,,
position,competitive,10,101,1.0,preserved,40,0,0.0,-6.938893903907228e-18,0.08762453925039232,0.5767923509987087
position,competitive,10,101,1.0,inverted,984,984,1.0,0.9961111174099169,1.0000000000000002,0.8081911128693948
position,competitive,10,101,1.0,tied,0,0,,,,
position,scan,10,101,1.0,preserved,40,40,1.0,0.9123754607496077,1.0,0.5767923509987087
position,scan,10,101,1.0,inverted,984,984,1.0,0.9961111174099169,1.0000000000000002,0.8081911128693948
position,scan,10,101,1.0,tied,0,0,,,,
phase,competitive,10,101,0.0,preserved,1024,1024,1.0,0.9962624591182144,1.0,1.4135798584282295e-16
phase,competitive,10,101,0.0,inverted,0,0,,,,
phase,competitive,10,101,0.0,tied,0,0,,,,
phase,scan,10,101,0.0,preserved,1024,0,0.0,0.0,0.003737540881785676,1.4135798584282295e-16
phase,scan,10,101,0.0,inverted,0,0,,,,
phase,scan,10,101,0.0,tied,0,0,,,,
phase,competitive,10,101,0.05,preserved,1024,1024,1.0,0.9962624591182144,1.0,0.039957604936691066
phase,competitive,10,101,0.05,inverted,0,0,,,,
phase,competitive,10,101,0.05,tied,0,0,,,,
phase,scan,10,101,0.05,preserved,1024,0,0.0,0.0,0.003737540881785676,0.039957604936691066
phase,scan,10,101,0.05,inverted,0,0,,,,
phase,scan,10,101,0.05,tied,0,0,,,,
phase,competitive,10,101,0.1,preserved,1024,1024,1.0,0.9962624591182144,1.0,0.07991520987338213
phase,competitive,10,101,0.1,inverted,0,0,,,,
phase,competitive,10,101,0.1,tied,0,0,,,,
phase,scan,10,101,0.1,preserved,1024,0,0.0,0.0,0.003737540881785676,0.07991520987338213
phase,scan,10,101,0.1,inverted,0,0,,,,
phase,scan,10,101,0.1,tied,0,0,,,,
phase,competitive,10,101,0.2,preserved,1010,1010,1.0,0.9962108479273292,1.0,0.15935015268521277
phase,competitive,10,101,0.2,inverted,14,14,1.0,0.7846829880728186,1.0,0.19447825775869246
phase,competitive,10,101,0.2,tied,0,0,,,,
phase,scan,10,101,0.2,preserved,1010,228,0.22574257425742575,0.2010260246714167,0.25253753002983054,0.15935015268521277
phase,scan,10,101,0.2,inverted,14,14,1.0,0.7846829880728186,1.0,0.19447825775869246
phase,scan,10,101,0.2,tied,0,0,,,,
phase,competitive,10,101,0.35,preserved,713,713,1.0,0.9946409360171061,0.9999999999999999,0.259616789501772
phase,competitive,10,101,0.35,inverted,311,311,1.0,0.9877983087368379,1.0,0.3257535089113764
phase,competitive,10,101,0.35,tied,0,0,,,,
phase,scan,10,101,0.35,preserved,713,612,0.8583450210378681,0.8308259881649782,0.8820232661193712,0.259616789501772
phase,scan,10,101,0.35,inverted,311,311,1.0,0.9877983087368379,1.0,0.3257535089113764
phase,scan,10,101,0.35,tied,0,0,,,,
phase,competitive,10,101,0.5,preserved,327,327,1.0,0.9883884009749682,1.0,0.33257742465722634
phase,competitive,10,101,0.5,inverted,697,697,1.0,0.9945185902206719,1.0,0.4310086896539504
phase,competitive,10,101,0.5,tied,0,0,,,,
phase,scan,10,101,0.5,preserved,327,314,0.9602446483180428,0.9331787908927995,0.9766221531239143,0.33257742465722634
phase,scan,10,101,0.5,inverted,697,697,1.0,0.9945185902206719,1.0,0.4310086896539504
phase,scan,10,101,0.5,tied,0,0,,,,
phase,competitive,10,101,0.75,preserved,66,66,1.0,0.9449955327483907,1.0,0.4123692594828547
phase,competitive,10,101,0.75,inverted,958,958,1.0,0.9960059951659398,0.9999999999999999,0.6122468065779815
phase,competitive,10,101,0.75,tied,0,0,,,,
phase,scan,10,101,0.75,preserved,66,66,1.0,0.9449955327483907,1.0,0.4123692594828547
phase,scan,10,101,0.75,inverted,958,958,1.0,0.9960059951659398,0.9999999999999999,0.6122468065779815
phase,scan,10,101,0.75,tied,0,0,,,,
phase,competitive,10,101,1.0,preserved,16,16,1.0,0.8063865817272802,1.0,0.5328928477856179
phase,competitive,10,101,1.0,inverted,1008,1008,1.0,0.9962033583122101,1.0,0.8033784360504593
phase,competitive,10,101,1.0,tied,0,0,,,,
phase,scan,10,101,1.0,preserved,16,16,1.0,0.8063865817272802,1.0,0.5328928477856179
phase,scan,10,101,1.0,inverted,1008,1008,1.0,0.9962033583122101,1.0,0.8033784360504593
phase,scan,10,101,1.0,tied,0,0,,,,
priority,competitive,10,202,0.0,preserved,1024,0,0.0,0.0,0.003737540881785676,0.0
priority,competitive,10,202,0.0,inverted,0,0,,,,
priority,competitive,10,202,0.0,tied,0,0,,,,
priority,scan,10,202,0.0,preserved,1024,0,0.0,0.0,0.003737540881785676,0.0
priority,scan,10,202,0.0,inverted,0,0,,,,
priority,scan,10,202,0.0,tied,0,0,,,,
priority,competitive,10,202,0.05,preserved,1024,0,0.0,0.0,0.003737540881785676,0.040332610313976294
priority,competitive,10,202,0.05,inverted,0,0,,,,
priority,competitive,10,202,0.05,tied,0,0,,,,
priority,scan,10,202,0.05,preserved,1024,0,0.0,0.0,0.003737540881785676,0.040332610313976294
priority,scan,10,202,0.05,inverted,0,0,,,,
priority,scan,10,202,0.05,tied,0,0,,,,
priority,competitive,10,202,0.1,preserved,1024,0,0.0,0.0,0.003737540881785676,0.08066522062795259
priority,competitive,10,202,0.1,inverted,0,0,,,,
priority,competitive,10,202,0.1,tied,0,0,,,,
priority,scan,10,202,0.1,preserved,1024,4,0.00390625,0.0015200565834699161,0.010000784760176809,0.08066522062795259
priority,scan,10,202,0.1,inverted,0,0,,,,
priority,scan,10,202,0.1,tied,0,0,,,,
priority,competitive,10,202,0.2,preserved,1017,0,0.0,-2.168404344971009e-19,0.0037631695260067774,0.16083972735729254
priority,competitive,10,202,0.2,inverted,7,7,1.0,0.6456611570247934,1.0,0.23262416052576887
priority,competitive,10,202,0.2,tied,0,0,,,,
priority,scan,10,202,0.2,preserved,1017,434,0.42674532940019666,0.3966783842434796,0.45736361404499143,0.16083972735729254
priority,scan,10,202,0.2,inverted,7,7,1.0,0.6456611570247934,1.0,0.23262416052576887
priority,scan,10,202,0.2,tied,0,0,,,,
priority,competitive,10,202,0.35,preserved,811,0,0.0,0.0,0.004714535929437083,0.2680340853968922
priority,competitive,10,202,0.35,inverted,213,213,1.0,0.982283842214778,1.0,0.3367535562145654
priority,competitive,10,202,0.35,tied,0,0,,,,
priority,scan,10,202,0.35,preserved,811,728,0.8976572133168927,0.8748866732705581,0.9166782149236626,0.2680340853968922
priority,scan,10,202,0.35,inverted,213,213,1.0,0.982283842214778,1.0,0.3367535562145654
priority,scan,10,202,0.35,tied,0,0,,,,
priority,competitive,10,202,0.5,preserved,442,0,0.0,8.673617379884035e-19,0.00861651312932665,0.3528837868179561
priority,competitive,10,202,0.5,inverted,582,582,1.0,0.9934425960874066,1.0,0.4416345289374238
priority,competitive,10,202,0.5,tied,0,0,,,,
priority,scan,10,202,0.5,preserved,442,430,0.9728506787330317,0.9531500469708608,0.9844026623321741,0.3528837868179561
priority,scan,10,202,0.5,inverted,582,582,1.0,0.9934425960874066,1.0,0.4416345289374238
priority,scan,10,202,0.5,tied,0,0,,,,
priority,competitive,10,202,0.75,preserved,139,0,0.0,-1.734723475976807e-18,0.026894126080917603,0.4730245849570208
priority,competitive,10,202,0.75,inverted,885,885,1.0,0.9956779700680075,0.9999999999999999,0.6257157933487569
priority,competitive,10,202,0.75,tied,0,0,,,,
priority,scan,10,202,0.75,preserved,139,138,0.9928057553956835,0.9603754095443335,0.9987289410090068,0.4730245849570208
priority,scan,10,202,0.75,inverted,885,885,1.0,0.9956779700680075,0.9999999999999999,0.6257157933487569
priority,scan,10,202,0.75,tied,0,0,,,,
priority,competitive,10,202,1.0,preserved,45,0,0.0,0.0,0.07865426194064076,0.5570936348884034
priority,competitive,10,202,1.0,inverted,979,979,1.0,0.9960913335373677,1.0,0.8181232335651237
priority,competitive,10,202,1.0,tied,0,0,,,,
priority,scan,10,202,1.0,preserved,45,45,1.0,0.9213457380593594,1.0000000000000002,0.5570936348884034
priority,scan,10,202,1.0,inverted,979,979,1.0,0.9960913335373677,1.0,0.8181232335651237
priority,scan,10,202,1.0,tied,0,0,,,,
position,competitive,10,202,0.0,preserved,1024,0,0.0,0.0,0.003737540881785676,0.0
position,competitive,10,202,0.0,inverted,0,0,,,,
position,competitive,10,202,0.0,tied,0,0,,,,
position,scan,10,202,0.0,preserved,1024,0,0.0,0.0,0.003737540881785676,0.0
position,scan,10,202,0.0,inverted,0,0,,,,
position,scan,10,202,0.0,tied,0,0,,,,
position,competitive,10,202,0.05,preserved,1024,0,0.0,0.0,0.003737540881785676,0.04033261031397629
position,competitive,10,202,0.05,inverted,0,0,,,,
position,competitive,10,202,0.05,tied,0,0,,,,
position,scan,10,202,0.05,preserved,1024,0,0.0,0.0,0.003737540881785676,0.04033261031397629
position,scan,10,202,0.05,inverted,0,0,,,,
position,scan,10,202,0.05,tied,0,0,,,,
position,competitive,10,202,0.1,preserved,1024,0,0.0,0.0,0.003737540881785676,0.08066522062795259
position,competitive,10,202,0.1,inverted,0,0,,,,
position,competitive,10,202,0.1,tied,0,0,,,,
position,scan,10,202,0.1,preserved,1024,0,0.0,0.0,0.003737540881785676,0.08066522062795259
position,scan,10,202,0.1,inverted,0,0,,,,
position,scan,10,202,0.1,tied,0,0,,,,
position,competitive,10,202,0.2,preserved,1022,0,0.0,0.0,0.003744827661502516,0.16117546048466047
position,competitive,10,202,0.2,inverted,2,2,1.0,0.34237195288961925,1.0,0.24052561536193529
position,competitive,10,202,0.2,tied,0,0,,,,
position,scan,10,202,0.2,preserved,1022,228,0.22309197651663404,0.19863118213934186,0.2496267165459912,0.16117546048466047
position,scan,10,202,0.2,inverted,2,2,1.0,0.34237195288961925,1.0,0.24052561536193529
position,scan,10,202,0.2,tied,0,0,,,,
position,competitive,10,202,0.35,preserved,822,0,0.0,-4.336808689942018e-19,0.0046517395103370905,0.26881554471471575
position,competitive,10,202,0.35,inverted,202,202,1.0,0.9813371058134022,1.0,0.33731570779745373
position,competitive,10,202,0.35,tied,0,0,,,,
position,scan,10,202,0.35,preserved,822,737,0.8965936739659367,0.8738997868856608,0.9155978601207384,0.26881554471471575
position,scan,10,202,0.35,inverted,202,202,1.0,0.9813371058134022,1.0,0.33731570779745373
position,scan,10,202,0.35,tied,0,0,,,,
position,competitive,10,202,0.5,preserved,452,0,0.0,0.0,0.008427488847002994,0.3562498052596044
position,competitive,10,202,0.5,inverted,572,572,1.0,0.9933287209538177,0.9999999999999998,0.4405262546114965
position,competitive,10,202,0.5,tied,0,0,,,,
position,scan,10,202,0.5,preserved,452,443,0.9800884955752213,0.9625951618613332,0.9894899484050402,0.3562498052596044
position,scan,10,202,0.5,inverted,572,572,1.0,0.9933287209538177,0.9999999999999998,0.4405262546114965
position,scan,10,202,0.5,tied,0,0,,,,
position,competitive,10,202,0.75,preserved,120,0,0.0,-3.469446951953614e-18,0.031020271055929513,0.46787885339630264
position,competitive,10,202,0.75,inverted,904,904,1.0,0.9957684248000972,0.9999999999999999,0.6231896371848668
position,competitive,10,202,0.75,tied,0,0,,,,
position,scan,10,202,0.75,preserved,120,119,0.9916666666666667,0.9543025846256777,0.9985274821693252,0.46787885339630264
position,scan,10,202,0.75,inverted,904,904,1.0,0.9957684248000972,0.9999999999999999,0.6231896371848668
position,scan,10,202,0.75,tied,0,0,,,,
position,competitive,10,202,1.0,preserved,39,0,0.0,0.0,0.08966985360023902,0.5477303029560301
position,competitive,10,202,1.0,inverted,985,985,1.0,0.9961150501758828,1.0000000000000002,0.8169039364618773
position,competitive,10,202,1.0,tied,0,0,,,,
position,scan,10,202,1.0,preserved,39,39,1.0,0.9103301463997611,1.0,0.5477303029560301
position,scan,10,202,1.0,inverted,985,985,1.0,0.9961150501758828,1.0000000000000002,0.8169039364618773
position,scan,10,202,1.0,tied,0,0,,,,
phase,competitive,10,202,0.0,preserved,1024,1024,1.0,0.9962624591182144,1.0,1.4135798584282295e-16
phase,competitive,10,202,0.0,inverted,0,0,,,,
phase,competitive,10,202,0.0,tied,0,0,,,,
phase,scan,10,202,0.0,preserved,1024,0,0.0,0.0,0.003737540881785676,1.4135798584282295e-16
phase,scan,10,202,0.0,inverted,0,0,,,,
phase,scan,10,202,0.0,tied,0,0,,,,
phase,competitive,10,202,0.05,preserved,1024,1024,1.0,0.9962624591182144,1.0,0.040332610313976294
phase,competitive,10,202,0.05,inverted,0,0,,,,
phase,competitive,10,202,0.05,tied,0,0,,,,
phase,scan,10,202,0.05,preserved,1024,0,0.0,0.0,0.003737540881785676,0.040332610313976294
phase,scan,10,202,0.05,inverted,0,0,,,,
phase,scan,10,202,0.05,tied,0,0,,,,
phase,competitive,10,202,0.1,preserved,1024,1024,1.0,0.9962624591182144,1.0,0.08066522062795259
phase,competitive,10,202,0.1,inverted,0,0,,,,
phase,competitive,10,202,0.1,tied,0,0,,,,
phase,scan,10,202,0.1,preserved,1024,0,0.0,0.0,0.003737540881785676,0.08066522062795259
phase,scan,10,202,0.1,inverted,0,0,,,,
phase,scan,10,202,0.1,tied,0,0,,,,
phase,competitive,10,202,0.2,preserved,1011,1011,1.0,0.9962145816647643,1.0,0.1607376646819605
phase,competitive,10,202,0.2,inverted,13,13,1.0,0.7718981569447083,1.0,0.2074302194296013
phase,competitive,10,202,0.2,tied,0,0,,,,
phase,scan,10,202,0.2,preserved,1011,217,0.21463897131552917,0.19043536613206885,0.2410029982392774,0.1607376646819605
phase,scan,10,202,0.2,inverted,13,13,1.0,0.7718981569447083,1.0,0.2074302194296013
phase,scan,10,202,0.2,tied,0,0,,,,
phase,competitive,10,202,0.35,preserved,692,692,1.0,0.994479203312938,1.0000000000000002,0.26283494215168096
phase,competitive,10,202,0.35,inverted,332,332,1.0,0.9885612741244684,1.0000000000000002,0.32295894807716496
phase,competitive,10,202,0.35,tied,0,0,,,,
phase,scan,10,202,0.35,preserved,692,607,0.8771676300578035,0.8506073793553648,0.8995633491552619,0.26283494215168096
phase,scan,10,202,0.35,inverted,332,332,1.0,0.9885612741244684,1.0000000000000002,0.32295894807716496
phase,scan,10,202,0.35,tied,0,0,,,,
phase,competitive,10,202,0.5,preserved,294,294,1.0,0.9871018689128719,1.0,0.3380284627660556
phase,competitive,10,202,0.5,inverted,730,730,1.0,0.9947650828189627,1.0000000000000002,0.4296240569341054
phase,competitive,10,202,0.5,tied,0,0,,,,
phase,scan,10,202,0.5,preserved,294,285,0.9693877551020408,0.9428540912564614,0.9838129693556223,0.3380284627660556
phase,scan,10,202,0.5,inverted,730,730,1.0,0.9947650828189627,1.0000000000000002,0.4296240569341054
phase,scan,10,202,0.5,tied,0,0,,,,
phase,competitive,10,202,0.75,preserved,58,58,1.0,0.9378800031047062,0.9999999999999999,0.4166144703129112
phase,competitive,10,202,0.75,inverted,966,966,1.0,0.9960389407919807,0.9999999999999998,0.6162994359674191
phase,competitive,10,202,0.75,tied,0,0,,,,
phase,scan,10,202,0.75,preserved,58,57,0.9827586206896551,0.9085892732270167,0.9969500401154581,0.4166144703129112
phase,scan,10,202,0.75,inverted,966,966,1.0,0.9960389407919807,0.9999999999999998,0.6162994359674191
phase,scan,10,202,0.75,tied,0,0,,,,
phase,competitive,10,202,1.0,preserved,12,12,1.0,0.7574992425007574,1.0,0.47019529251451136
phase,competitive,10,202,1.0,inverted,1012,1012,1.0,0.9962183080511763,0.9999999999999999,0.8106418139526287
phase,competitive,10,202,1.0,tied,0,0,,,,
phase,scan,10,202,1.0,preserved,12,12,1.0,0.7574992425007574,1.0,0.47019529251451136
phase,scan,10,202,1.0,inverted,1012,1012,1.0,0.9962183080511763,0.9999999999999999,0.8106418139526287
phase,scan,10,202,1.0,tied,0,0,,,,
priority,competitive,10,303,0.0,preserved,1024,0,0.0,0.0,0.003737540881785676,0.0
priority,competitive,10,303,0.0,inverted,0,0,,,,
priority,competitive,10,303,0.0,tied,0,0,,,,
priority,scan,10,303,0.0,preserved,1024,0,0.0,0.0,0.003737540881785676,0.0
priority,scan,10,303,0.0,inverted,0,0,,,,
priority,scan,10,303,0.0,tied,0,0,,,,
priority,competitive,10,303,0.05,preserved,1024,0,0.0,0.0,0.003737540881785676,0.039693398913669006
priority,competitive,10,303,0.05,inverted,0,0,,,,
priority,competitive,10,303,0.05,tied,0,0,,,,
priority,scan,10,303,0.05,preserved,1024,0,0.0,0.0,0.003737540881785676,0.039693398913669006
priority,scan,10,303,0.05,inverted,0,0,,,,
priority,scan,10,303,0.05,tied,0,0,,,,
priority,competitive,10,303,0.1,preserved,1024,0,0.0,0.0,0.003737540881785676,0.07938679782733801
priority,competitive,10,303,0.1,inverted,0,0,,,,
priority,competitive,10,303,0.1,tied,0,0,,,,
priority,scan,10,303,0.1,preserved,1024,2,0.001953125,0.0005357696110014584,0.007093421501714742,0.07938679782733801
priority,scan,10,303,0.1,inverted,0,0,,,,
priority,scan,10,303,0.1,tied,0,0,,,,
priority,competitive,10,303,0.2,preserved,1024,0,0.0,0.0,0.003737540881785676,0.15877359565467603
priority,competitive,10,303,0.2,inverted,0,0,,,,
priority,competitive,10,303,0.2,tied,0,0,,,,
priority,scan,10,303,0.2,preserved,1024,418,0.408203125,0.3784961293122117,0.43859630983405357,0.15877359565467603
priority,scan,10,303,0.2,inverted,0,0,,,,
priority,scan,10,303,0.2,tied,0,0,,,,
priority,competitive,10,303,0.35,preserved,862,0,0.0,0.0,0.0044368392555867026,0.2667744292914062
priority,competitive,10,303,0.35,inverted,162,162,1.0,0.976835727585841,1.0,0.3368069466912792
priority,competitive,10,303,0.35,tied,0,0,,,,
priority,scan,10,303,0.35,preserved,862,786,0.9118329466357309,0.8910311908034982,0.9289802292992086,0.2667744292914062
priority,scan,10,303,0.35,inverted,162,162,1.0,0.976835727585841,1.0,0.3368069466912792
priority,scan,10,303,0.35,tied,0,0,,,,
priority,competitive,10,303,0.5,preserved,463,0,0.0,0.0,0.008228915332309716,0.35413431425211855
priority,competitive,10,303,0.5,inverted,561,561,1.0,0.9931988012214398,0.9999999999999999,0.4322570719736893
priority,competitive,10,303,0.5,tied,0,0,,,,
priority,scan,10,303,0.5,preserved,463,454,0.980561555075594,0.9634736595460618,0.9897404499077658,0.35413431425211855
priority,scan,10,303,0.5,inverted,561,561,1.0,0.9931988012214398,0.9999999999999999,0.4322570719736893
priority,scan,10,303,0.5,tied,0,0,,,,
priority,competitive,10,303,0.75,preserved,116,0,0.0,0.0,0.03205564678709229,0.46091746839173975
priority,competitive,10,303,0.75,inverted,908,908,1.0,0.9957869875645068,0.9999999999999999,0.6125816971151037
priority,competitive,10,303,0.75,tied,0,0,,,,
priority,scan,10,303,0.75,preserved,116,115,0.9913793103448276,0.9527790060325537,0.9984766514353037,0.46091746839173975
priority,scan,10,303,0.75,inverted,908,908,1.0,0.9957869875645068,0.9999999999999999,0.6125816971151037
priority,scan,10,303,0.75,tied,0,0,,,,
priority,competitive,10,303,1.0,preserved,36,0,0.0,0.0,0.09642183044857634,0.5616053955875712
priority,competitive,10,303,1.0,inverted,988,988,1.0,0.9961268008924006,1.0,0.8023309873590977
priority,competitive,10,303,1.0,tied,0,0,,,,
priority,scan,10,303,1.0,preserved,36,36,1.0,0.9035781695514236,1.0,0.5616053955875712
priority,scan,10,303,1.0,inverted,988,988,1.0,0.9961268008924006,1.0,0.8023309873590977
priority,scan,10,303,1.0,tied,0,0,,,,
position,competitive,10,303,0.0,preserved,1024,0,0.0,0.0,0.003737540881785676,0.0
position,competitive,10,303,0.0,inverted,0,0,,,,
position,competitive,10,303,0.0,tied,0,0,,,,
position,scan,10,303,0.0,preserved,1024,0,0.0,0.0,0.003737540881785676,0.0
position,scan,10,303,0.0,inverted,0,0,,,,
position,scan,10,303,0.0,tied,0,0,,,,
position,competitive,10,303,0.05,preserved,1024,0,0.0,0.0,0.003737540881785676,0.039693398913669006
position,competitive,10,303,0.05,inverted,0,0,,,,
position,competitive,10,303,0.05,tied,0,0,,,,
position,scan,10,303,0.05,preserved,1024,0,0.0,0.0,0.003737540881785676,0.039693398913669006
position,scan,10,303,0.05,inverted,0,0,,,,
position,scan,10,303,0.05,tied,0,0,,,,
position,competitive,10,303,0.1,preserved,1024,0,0.0,0.0,0.003737540881785676,0.07938679782733801
position,competitive,10,303,0.1,inverted,0,0,,,,
position,competitive,10,303,0.1,tied,0,0,,,,
position,scan,10,303,0.1,preserved,1024,0,0.0,0.0,0.003737540881785676,0.07938679782733801
position,scan,10,303,0.1,inverted,0,0,,,,
position,scan,10,303,0.1,tied,0,0,,,,
position,competitive,10,303,0.2,preserved,1024,0,0.0,0.0,0.003737540881785676,0.158773595654676
position,competitive,10,303,0.2,inverted,0,0,,,,
position,competitive,10,303,0.2,tied,0,0,,,,
position,scan,10,303,0.2,preserved,1024,222,0.216796875,0.19264147634779807,0.24306924016727585,0.158773595654676
position,scan,10,303,0.2,inverted,0,0,,,,
position,scan,10,303,0.2,tied,0,0,,,,
position,competitive,10,303,0.35,preserved,848,0,0.0,-4.336808689942018e-19,0.004509758621790719,0.26553485410795996
position,competitive,10,303,0.35,inverted,176,176,1.0,0.9786389800802484,1.0,0.3372086768728939
position,competitive,10,303,0.35,tied,0,0,,,,
position,scan,10,303,0.35,preserved,848,745,0.8785377358490566,0.8548272837943267,0.8988339602679496,0.26553485410795996
position,scan,10,303,0.35,inverted,176,176,1.0,0.9786389800802484,1.0,0.3372086768728939
position,scan,10,303,0.35,tied,0,0,,,,
position,competitive,10,303,0.5,preserved,439,0,0.0,0.0,0.008674885105644998,0.3473721331909281
position,competitive,10,303,0.5,inverted,585,585,1.0,0.9934760044127318,1.0,0.4341265613763302
position,competitive,10,303,0.5,tied,0,0,,,,
position,scan,10,303,0.5,preserved,439,431,0.9817767653758542,0.9644569852909161,0.9907378292883827,0.3473721331909281
position,scan,10,303,0.5,inverted,585,585,1.0,0.9934760044127318,1.0,0.4341265613763302
position,scan,10,303,0.5,tied,0,0,,,,
position,competitive,10,303,0.75,preserved,116,0,0.0,0.0,0.03205564678709229,0.4578609438555659
position,competitive,10,303,0.75,inverted,908,908,1.0,0.9957869875645068,0.9999999999999999,0.6129721782232492
position,competitive,10,303,0.75,tied,0,0,,,,
position,scan,10,303,0.75,preserved,116,116,1.0,0.9679443532129076,0.9999999999999999,0.4578609438555659
position,scan,10,303,0.75,inverted,908,908,1.0,0.9957869875645068,0.9999999999999999,0.6129721782232492
position,scan,10,303,0.75,tied,0,0,,,,
position,competitive,10,303,1.0,preserved,30,0,0.0,-1.3877787807814457e-17,0.113517091390478,0.6028770871619684
position,competitive,10,303,1.0,inverted,994,994,1.0,0.9961500903550221,0.9999999999999999,0.7996322908823763
position,competitive,10,303,1.0,tied,0,0,,,,
position,scan,10,303,1.0,preserved,30,30,1.0,0.8864829086095221,1.0,0.6028770871619684
position,scan,10,303,1.0,inverted,994,994,1.0,0.9961500903550221,0.9999999999999999,0.7996322908823763
position,scan,10,303,1.0,tied,0,0,,,,
phase,competitive,10,303,0.0,preserved,1024,1024,1.0,0.9962624591182144,1.0,1.4135798584282295e-16
phase,competitive,10,303,0.0,inverted,0,0,,,,
phase,competitive,10,303,0.0,tied,0,0,,,,
phase,scan,10,303,0.0,preserved,1024,0,0.0,0.0,0.003737540881785676,1.4135798584282295e-16
phase,scan,10,303,0.0,inverted,0,0,,,,
phase,scan,10,303,0.0,tied,0,0,,,,
phase,competitive,10,303,0.05,preserved,1024,1024,1.0,0.9962624591182144,1.0,0.039693398913669006
phase,competitive,10,303,0.05,inverted,0,0,,,,
phase,competitive,10,303,0.05,tied,0,0,,,,
phase,scan,10,303,0.05,preserved,1024,0,0.0,0.0,0.003737540881785676,0.039693398913669006
phase,scan,10,303,0.05,inverted,0,0,,,,
phase,scan,10,303,0.05,tied,0,0,,,,
phase,competitive,10,303,0.1,preserved,1024,1024,1.0,0.9962624591182144,1.0,0.07938679782733801
phase,competitive,10,303,0.1,inverted,0,0,,,,
phase,competitive,10,303,0.1,tied,0,0,,,,
phase,scan,10,303,0.1,preserved,1024,0,0.0,0.0,0.003737540881785676,0.07938679782733801
phase,scan,10,303,0.1,inverted,0,0,,,,
phase,scan,10,303,0.1,tied,0,0,,,,
phase,competitive,10,303,0.2,preserved,1014,1014,1.0,0.9962257388575984,1.0,0.1584604281869838
phase,competitive,10,303,0.2,inverted,10,10,1.0,0.7224598312333834,1.0,0.19052877687866718
phase,competitive,10,303,0.2,tied,0,0,,,,
phase,scan,10,303,0.2,preserved,1014,212,0.20907297830374755,0.18516455282804464,0.2351774728859761,0.1584604281869838
phase,scan,10,303,0.2,inverted,10,10,1.0,0.7224598312333834,1.0,0.19052877687866718
phase,scan,10,303,0.2,tied,0,0,,,,
phase,competitive,10,303,0.35,preserved,716,716,1.0,0.9946632703639245,1.0,0.25804334449807154
phase,competitive,10,303,0.35,inverted,308,308,1.0,0.9876809251876595,1.0,0.32390665179402656
phase,competitive,10,303,0.35,tied,0,0,,,,
phase,scan,10,303,0.35,preserved,716,613,0.8561452513966481,0.8285368762705451,0.879952324686999,0.25804334449807154
phase,scan,10,303,0.35,inverted,308,308,1.0,0.9876809251876595,1.0,0.32390665179402656
phase,scan,10,303,0.35,tied,0,0,,,,
phase,competitive,10,303,0.5,preserved,303,303,1.0,0.9874801852160854,0.9999999999999999,0.328756474906707
phase,competitive,10,303,0.5,inverted,721,721,1.0,0.9947000834389196,0.9999999999999999,0.4255855658519256
phase,competitive,10,303,0.5,tied,0,0,,,,
phase,scan,10,303,0.5,preserved,303,295,0.9735973597359736,0.948773940225461,0.9865620767943956,0.328756474906707
phase,scan,10,303,0.5,inverted,721,721,1.0,0.9947000834389196,0.9999999999999999,0.4255855658519256
phase,scan,10,303,0.5,tied,0,0,,,,
phase,competitive,10,303,0.75,preserved,65,65,1.0,0.9441965323292892,0.9999999999999999,0.4154734788730669
phase,competitive,10,303,0.75,inverted,959,959,1.0,0.9960101433091382,0.9999999999999998,0.6075962786102258
phase,competitive,10,303,0.75,tied,0,0,,,,
phase,scan,10,303,0.75,preserved,65,65,1.0,0.9441965323292892,0.9999999999999999,0.4154734788730669
phase,scan,10,303,0.75,inverted,959,959,1.0,0.9960101433091382,0.9999999999999998,0.6075962786102258
phase,scan,10,303,0.75,tied,0,0,,,,
phase,competitive,10,303,1.0,preserved,9,9,1.0,0.7008472464490407,1.0,0.5096316483179919
phase,competitive,10,303,1.0,inverted,1015,1015,1.0,0.996229443320728,0.9999999999999999,0.7963883004109155
phase,competitive,10,303,1.0,tied,0,0,,,,
phase,scan,10,303,1.0,preserved,9,9,1.0,0.7008472464490407,1.0,0.5096316483179919
phase,scan,10,303,1.0,inverted,1015,1015,1.0,0.996229443320728,0.9999999999999999,0.7963883004109155
phase,scan,10,303,1.0,tied,0,0,,,,
priority,competitive,10,404,0.0,preserved,1024,0,0.0,0.0,0.003737540881785676,0.0
priority,competitive,10,404,0.0,inverted,0,0,,,,
priority,competitive,10,404,0.0,tied,0,0,,,,
priority,scan,10,404,0.0,preserved,1024,0,0.0,0.0,0.003737540881785676,0.0
priority,scan,10,404,0.0,inverted,0,0,,,,
priority,scan,10,404,0.0,tied,0,0,,,,
priority,competitive,10,404,0.05,preserved,1024,0,0.0,0.0,0.003737540881785676,0.03991969262841572
priority,competitive,10,404,0.05,inverted,0,0,,,,
priority,competitive,10,404,0.05,tied,0,0,,,,
priority,scan,10,404,0.05,preserved,1024,0,0.0,0.0,0.003737540881785676,0.03991969262841572
priority,scan,10,404,0.05,inverted,0,0,,,,
priority,scan,10,404,0.05,tied,0,0,,,,
priority,competitive,10,404,0.1,preserved,1024,0,0.0,0.0,0.003737540881785676,0.07983938525683146
priority,competitive,10,404,0.1,inverted,0,0,,,,
priority,competitive,10,404,0.1,tied,0,0,,,,
priority,scan,10,404,0.1,preserved,1024,2,0.001953125,0.0005357696110014584,0.007093421501714742,0.07983938525683146
priority,scan,10,404,0.1,inverted,0,0,,,,
priority,scan,10,404,0.1,tied,0,0,,,,
priority,competitive,10,404,0.2,preserved,1023,0,0.0,-2.168404344971009e-19,0.003741180723492309,0.1595453478657905
priority,competitive,10,404,0.2,inverted,1,1,1.0,0.20654329147389294,1.0,0.29617013928713504
priority,competitive,10,404,0.2,tied,0,0,,,,
priority,scan,10,404,0.2,preserved,1023,459,0.44868035190615835,0.41845066374104,0.479294032227647,0.1595453478657905
priority,scan,10,404,0.2,inverted,1,1,1.0,0.20654329147389294,1.0,0.29617013928713504
priority,scan,10,404,0.2,tied,0,0,,,,
priority,competitive,10,404,0.35,preserved,837,0,0.0,4.336808689942018e-19,0.0045687558750661245,0.2662020294985236
priority,competitive,10,404,0.35,inverted,187,187,1.0,0.9798702169757536,1.0,0.33868052443967717
priority,competitive,10,404,0.35,tied,0,0,,,,
priority,scan,10,404,0.35,preserved,837,761,0.9091995221027479,0.8878191660908255,0.9268408126733079,0.2662020294985236
priority,scan,10,404,0.35,inverted,187,187,1.0,0.9798702169757536,1.0,0.33868052443967717
priority,scan,10,404,0.35,tied,0,0,,,,
priority,competitive,10,404,0.5,preserved,460,0,0.0,-8.673617379884035e-19,0.008282137695282184,0.34854009393116825
priority,competitive,10,404,0.5,inverted,564,564,1.0,0.9932347330664044,1.0,0.4405127824585809
priority,competitive,10,404,0.5,tied,0,0,,,,
priority,scan,10,404,0.5,preserved,460,452,0.9826086956521739,0.9660614271277065,0.9911619008359777,0.34854009393116825
priority,scan,10,404,0.5,inverted,564,564,1.0,0.9932347330664044,1.0,0.4405127824585809
priority,scan,10,404,0.5,tied,0,0,,,,
priority,competitive,10,404,0.75,preserved,131,0,0.0,0.0,0.02848972423940386,0.4785273189009411
priority,competitive,10,404,0.75,inverted,893,893,1.0,0.9957165234083698,0.9999999999999998,0.6164382978683564
priority,competitive,10,404,0.75,tied,0,0,,,,
priority,scan,10,404,0.75,preserved,131,131,1.0,0.9715102757605961,0.9999999999999999,0.4785273189009411
priority,scan,10,404,0.75,inverted,893,893,1.0,0.9957165234083698,0.9999999999999998,0.6164382978683564
priority,scan,10,404,0.75,tied,0,0,,,,
priority,competitive,10,404,1.0,preserved,36,0,0.0,0.0,0.09642183044857634,0.6378787726799117
priority,competitive,10,404,1.0,inverted,988,988,1.0,0.9961268008924006,1.0,0.8042425801755843
priority,competitive,10,404,1.0,tied,0,0,,,,
priority,scan,10,404,1.0,preserved,36,36,1.0,0.9035781695514236,1.0,0.6378787726799117
priority,scan,10,404,1.0,inverted,988,988,1.0,0.9961268008924006,1.0,0.8042425801755843
priority,scan,10,404,1.0,tied,0,0,,,,
position,competitive,10,404,0.0,preserved,1024,0,0.0,0.0,0.003737540881785676,0.0
position,competitive,10,404,0.0,inverted,0,0,,,,
position,competitive,10,404,0.0,tied,0,0,,,,
position,scan,10,404,0.0,preserved,1024,0,0.0,0.0,0.003737540881785676,0.0
position,scan,10,404,0.0,inverted,0,0,,,,
position,scan,10,404,0.0,tied,0,0,,,,
position,competitive,10,404,0.05,preserved,1024,0,0.0,0.0,0.003737540881785676,0.03991969262841573
position,competitive,10,404,0.05,inverted,0,0,,,,
position,competitive,10,404,0.05,tied,0,0,,,,
position,scan,10,404,0.05,preserved,1024,0,0.0,0.0,0.003737540881785676,0.03991969262841573
position,scan,10,404,0.05,inverted,0,0,,,,
position,scan,10,404,0.05,tied,0,0,,,,
position,competitive,10,404,0.1,preserved,1024,0,0.0,0.0,0.003737540881785676,0.07983938525683146
position,competitive,10,404,0.1,inverted,0,0,,,,
position,competitive,10,404,0.1,tied,0,0,,,,
position,scan,10,404,0.1,preserved,1024,0,0.0,0.0,0.003737540881785676,0.07983938525683146
position,scan,10,404,0.1,inverted,0,0,,,,
position,scan,10,404,0.1,tied,0,0,,,,
position,competitive,10,404,0.2,preserved,1023,0,0.0,-2.168404344971009e-19,0.003741180723492309,0.15956368106789742
position,competitive,10,404,0.2,inverted,1,1,1.0,0.20654329147389294,1.0,0.27741527353176365
position,competitive,10,404,0.2,tied,0,0,,,,
position,scan,10,404,0.2,preserved,1023,234,0.2287390029325513,0.20404315019720626,0.25546452849442447,0.15956368106789742
position,scan,10,404,0.2,inverted,1,1,1.0,0.20654329147389294,1.0,0.27741527353176365
position,scan,10,404,0.2,tied,0,0,,,,
position,competitive,10,404,0.35,preserved,829,0,0.0,-4.336808689942018e-19,0.004612641827689683,0.265472321610072
position,competitive,10,404,0.35,inverted,195,195,1.0,0.9806800991341854,1.0000000000000002,0.3388092417729957
position,competitive,10,404,0.35,tied,0,0,,,,
position,scan,10,404,0.35,preserved,829,723,0.8721351025331725,0.8476737450548817,0.8931634081324711,0.265472321610072
position,scan,10,404,0.35,inverted,195,195,1.0,0.9806800991341854,1.0000000000000002,0.3388092417729957
position,scan,10,404,0.35,tied,0,0,,,,
position,competitive,10,404,0.5,preserved,466,0,0.0,0.0,0.008176372632819229,0.352901867109107
position,competitive,10,404,0.5,inverted,558,558,1.0,0.9931624856543195,0.9999999999999998,0.4378591083192351
position,competitive,10,404,0.5,tied,0,0,,,,
position,scan,10,404,0.5,preserved,466,460,0.9871244635193133,0.9721969970864234,0.994086107687611,0.352901867109107
position,scan,10,404,0.5,inverted,558,558,1.0,0.9931624856543195,0.9999999999999998,0.4378591083192351
position,scan,10,404,0.5,tied,0,0,,,,
position,competitive,10,404,0.75,preserved,129,0,0.0,0.0,0.028918651988533713,0.480654922914977
position,competitive,10,404,0.75,inverted,895,895,1.0,0.9957260545128308,1.0,0.6158234566664061
position,competitive,10,404,0.75,tied,0,0,,,,
position,scan,10,404,0.75,preserved,129,129,1.0,0.9710813480114663,0.9999999999999999,0.480654922914977
position,scan,10,404,0.75,inverted,895,895,1.0,0.9957260545128308,1.0,0.6158234566664061
position,scan,10,404,0.75,tied,0,0,,,,
position,competitive,10,404,1.0,preserved,37,0,0.0,0.0,0.09406095745514377,0.6083815897974416
position,competitive,10,404,1.0,inverted,987,987,1.0,0.9961228918931138,0.9999999999999998,0.805516905985257
position,competitive,10,404,1.0,tied,0,0,,,,
position,scan,10,404,1.0,preserved,37,37,1.0,0.9059390425448564,1.0000000000000002,0.6083815897974416
position,scan,10,404,1.0,inverted,987,987,1.0,0.9961228918931138,0.9999999999999998,0.805516905985257
position,scan,10,404,1.0,tied,0,0,,,,
phase,competitive,10,404,0.0,preserved,1024,1024,1.0,0.9962624591182144,1.0,1.4135798584282295e-16
phase,competitive,10,404,0.0,inverted,0,0,,,,
phase,competitive,10,404,0.0,tied,0,0,,,,
phase,scan,10,404,0.0,preserved,1024,0,0.0,0.0,0.003737540881785676,1.4135798584282295e-16
phase,scan,10,404,0.0,inverted,0,0,,,,
phase,scan,10,404,0.0,tied,0,0,,,,
phase,competitive,10,404,0.05,preserved,1024,1024,1.0,0.9962624591182144,1.0,0.03991969262841574
phase,competitive,10,404,0.05,inverted,0,0,,,,
phase,competitive,10,404,0.05,tied,0,0,,,,
phase,scan,10,404,0.05,preserved,1024,0,0.0,0.0,0.003737540881785676,0.03991969262841574
phase,scan,10,404,0.05,inverted,0,0,,,,
phase,scan,10,404,0.05,tied,0,0,,,,
phase,competitive,10,404,0.1,preserved,1024,1024,1.0,0.9962624591182144,1.0,0.07983938525683146
phase,competitive,10,404,0.1,inverted,0,0,,,,
phase,competitive,10,404,0.1,tied,0,0,,,,
phase,scan,10,404,0.1,preserved,1024,0,0.0,0.0,0.003737540881785676,0.07983938525683146
phase,scan,10,404,0.1,inverted,0,0,,,,
phase,scan,10,404,0.1,tied,0,0,,,,
phase,competitive,10,404,0.2,preserved,1005,1005,1.0,0.9961920682097168,0.9999999999999999,0.1588301367602034
phase,competitive,10,404,0.2,inverted,19,19,1.0,0.8318156346315496,1.0000000000000002,0.20456702957823003
phase,competitive,10,404,0.2,tied,0,0,,,,
phase,scan,10,404,0.2,preserved,1005,216,0.21492537313432836,0.19063967243442165,0.24138216330272477,0.1588301367602034
phase,scan,10,404,0.2,inverted,19,19,1.0,0.8318156346315496,1.0000000000000002,0.20456702957823003
phase,scan,10,404,0.2,tied,0,0,,,,
phase,competitive,10,404,0.35,preserved,708,708,1.0,0.9946032937664783,0.9999999999999999,0.2595284846297473
phase,competitive,10,404,0.35,inverted,316,316,1.0,0.9879890545820181,1.0,0.32404490393235075
phase,competitive,10,404,0.35,tied,0,0,,,,
phase,scan,10,404,0.35,preserved,708,602,0.8502824858757062,0.8221131116721383,0.8746711167292363,0.2595284846297473
phase,scan,10,404,0.35,inverted,316,316,1.0,0.9879890545820181,1.0,0.32404490393235075
phase,scan,10,404,0.35,tied,0,0,,,,
phase,competitive,10,404,0.5,preserved,311,311,1.0,0.9877983087368379,1.0,0.33342581790342485
phase,competitive,10,404,0.5,inverted,713,713,1.0,0.9946409360171061,0.9999999999999999,0.4278853059565384
phase,competitive,10,404,0.5,tied,0,0,,,,
phase,scan,10,404,0.5,preserved,311,305,0.9807073954983923,0.9585550157086125,0.9911288888325918,0.33342581790342485
phase,scan,10,404,0.5,inverted,713,713,1.0,0.9946409360171061,0.9999999999999999,0.4278853059565384
phase,scan,10,404,0.5,tied,0,0,,,,
phase,competitive,10,404,0.75,preserved,63,63,1.0,0.9425268096514744,0.9999999999999999,0.4498764079567721
phase,competitive,10,404,0.75,inverted,961,961,1.0,0.9960184137997367,0.9999999999999999,0.6085580281698115
phase,competitive,10,404,0.75,tied,0,0,,,,
phase,scan,10,404,0.75,preserved,63,63,1.0,0.9425268096514744,0.9999999999999999,0.4498764079567721
phase,scan,10,404,0.75,inverted,961,961,1.0,0.9960184137997367,0.9999999999999999,0.6085580281698115
phase,scan,10,404,0.75,tied,0,0,,,,
phase,competitive,10,404,1.0,preserved,9,9,1.0,0.7008472464490407,1.0,0.5989663804145924
phase,competitive,10,404,1.0,inverted,1015,1015,1.0,0.996229443320728,0.9999999999999999,0.8001621749815002
phase,competitive,10,404,1.0,tied,0,0,,,,
phase,scan,10,404,1.0,preserved,9,9,1.0,0.7008472464490407,1.0,0.5989663804145924
phase,scan,10,404,1.0,inverted,1015,1015,1.0,0.996229443320728,0.9999999999999999,0.8001621749815002
phase,scan,10,404,1.0,tied,0,0,,,,
priority,competitive,12,101,0.0,preserved,1024,0,0.0,0.0,0.003737540881785676,0.0
priority,competitive,12,101,0.0,inverted,0,0,,,,
priority,competitive,12,101,0.0,tied,0,0,,,,
priority,scan,12,101,0.0,preserved,1024,0,0.0,0.0,0.003737540881785676,0.0
priority,scan,12,101,0.0,inverted,0,0,,,,
priority,scan,12,101,0.0,tied,0,0,,,,
priority,competitive,12,101,0.05,preserved,1024,0,0.0,0.0,0.003737540881785676,0.03966667128430149
priority,competitive,12,101,0.05,inverted,0,0,,,,
priority,competitive,12,101,0.05,tied,0,0,,,,
priority,scan,12,101,0.05,preserved,1024,0,0.0,0.0,0.003737540881785676,0.03966667128430149
priority,scan,12,101,0.05,inverted,0,0,,,,
priority,scan,12,101,0.05,tied,0,0,,,,
priority,competitive,12,101,0.1,preserved,1024,0,0.0,0.0,0.003737540881785676,0.07933334256860297
priority,competitive,12,101,0.1,inverted,0,0,,,,
priority,competitive,12,101,0.1,tied,0,0,,,,
priority,scan,12,101,0.1,preserved,1024,3,0.0029296875,0.0009968294590821545,0.00857818676909931,0.07933334256860297
priority,scan,12,101,0.1,inverted,0,0,,,,
priority,scan,12,101,0.1,tied,0,0,,,,
priority,competitive,12,101,0.2,preserved,1021,0,0.0,0.0,0.003748481716589178,0.1585127004082456
priority,competitive,12,101,0.2,inverted,3,3,1.0,0.43849391955098227,1.0,0.21107282122671076
priority,competitive,12,101,0.2,tied,0,0,,,,
priority,scan,12,101,0.2,preserved,1021,483,0.4730656219392752,0.4425984439264609,0.5037347259995061,0.1585127004082456
priority,scan,12,101,0.2,inverted,3,3,1.0,0.43849391955098227,1.0,0.21107282122671076
priority,scan,12,101,0.2,tied,0,0,,,,
priority,competitive,12,101,0.35,preserved,819,0,0.0,-4.336808689942018e-19,0.0046686992976534,0.2641530345066522
priority,competitive,12,101,0.35,inverted,205,205,1.0,0.9816051974319293,1.0,0.3316554366093898
priority,competitive,12,101,0.35,tied,0,0,,,,
priority,scan,12,101,0.35,preserved,819,768,0.9377289377289377,0.9190480799779097,0.9523225459116904,0.2641530345066522
priority,scan,12,101,0.35,inverted,205,205,1.0,0.9816051974319293,1.0,0.3316554366093898
priority,scan,12,101,0.35,tied,0,0,,,,
priority,competitive,12,101,0.5,preserved,399,0,0.0,-8.673617379884035e-19,0.009536254448398576,0.3475586813850309
priority,competitive,12,101,0.5,inverted,625,625,1.0,0.9938909894001924,1.0,0.4280172801257919
priority,competitive,12,101,0.5,tied,0,0,,,,
priority,scan,12,101,0.5,preserved,399,397,0.9949874686716792,0.9819099505226396,0.9986243339206751,0.3475586813850309
priority,scan,12,101,0.5,inverted,625,625,1.0,0.9938909894001924,1.0,0.4280172801257919
priority,scan,12,101,0.5,tied,0,0,,,,
priority,competitive,12,101,0.75,preserved,82,0,0.0,0.0,0.044752194740079396,0.4593648019136226
priority,competitive,12,101,0.75,inverted,942,942,1.0,0.9959384319742334,1.0,0.6068069609022863
priority,competitive,12,101,0.75,tied,0,0,,,,
priority,scan,12,101,0.75,preserved,82,82,1.0,0.9552478052599207,1.0,0.4593648019136226
priority,scan,12,101,0.75,inverted,942,942,1.0,0.9959384319742334,1.0,0.6068069609022863
priority,scan,12,101,0.75,tied,0,0,,,,
priority,competitive,12,101,1.0,preserved,13,0,0.0,0.0,0.22810184305529166,0.6376267555525769
priority,competitive,12,101,1.0,inverted,1011,1011,1.0,0.9962145816647643,1.0,0.7953355886056488
priority,competitive,12,101,1.0,tied,0,0,,,,
priority,scan,12,101,1.0,preserved,13,13,1.0,0.7718981569447083,1.0,0.6376267555525769
priority,scan,12,101,1.0,inverted,1011,1011,1.0,0.9962145816647643,1.0,0.7953355886056488
priority,scan,12,101,1.0,tied,0,0,,,,
position,competitive,12,101,0.0,preserved,1024,0,0.0,0.0,0.003737540881785676,0.0
position,competitive,12,101,0.0,inverted,0,0,,,,
position,competitive,12,101,0.0,tied,0,0,,,,
position,scan,12,101,0.0,preserved,1024,0,0.0,0.0,0.003737540881785676,0.0
position,scan,12,101,0.0,inverted,0,0,,,,
position,scan,12,101,0.0,tied,0,0,,,,
position,competitive,12,101,0.05,preserved,1024,0,0.0,0.0,0.003737540881785676,0.039666671284301486
position,competitive,12,101,0.05,inverted,0,0,,,,
position,competitive,12,101,0.05,tied,0,0,,,,
position,scan,12,101,0.05,preserved,1024,0,0.0,0.0,0.003737540881785676,0.039666671284301486
position,scan,12,101,0.05,inverted,0,0,,,,
position,scan,12,101,0.05,tied,0,0,,,,
position,competitive,12,101,0.1,preserved,1024,0,0.0,0.0,0.003737540881785676,0.07933334256860297
position,competitive,12,101,0.1,inverted,0,0,,,,
position,competitive,12,101,0.1,tied,0,0,,,,
position,scan,12,101,0.1,preserved,1024,0,0.0,0.0,0.003737540881785676,0.07933334256860297
position,scan,12,101,0.1,inverted,0,0,,,,
position,scan,12,101,0.1,tied,0,0,,,,
position,competitive,12,101,0.2,preserved,1022,0,0.0,0.0,0.003744827661502516,0.15860229717008517
position,competitive,12,101,0.2,inverted,2,2,1.0,0.34237195288961925,1.0,0.1915689363359234
position,competitive,12,101,0.2,tied,0,0,,,,
position,scan,12,101,0.2,preserved,1022,269,0.26320939334637966,0.23713279681920954,0.2910594699011106,0.15860229717008517
position,scan,12,101,0.2,inverted,2,2,1.0,0.34237195288961925,1.0,0.1915689363359234
position,scan,12,101,0.2,tied,0,0,,,,
position,competitive,12,101,0.35,preserved,797,0,0.0,4.336808689942018e-19,0.004796953604807742,0.2622771412832417
position,competitive,12,101,0.35,inverted,227,227,1.0,0.9833582855083312,1.0,0.33169963948515147
position,competitive,12,101,0.35,tied,0,0,,,,
position,scan,12,101,0.35,preserved,797,738,0.9259723964868256,0.9056808864552708,0.9421771668726282,0.2622771412832417
position,scan,12,101,0.35,inverted,227,227,1.0,0.9833582855083312,1.0,0.33169963948515147
position,scan,12,101,0.35,tied,0,0,,,,
position,competitive,12,101,0.5,preserved,383,0,0.0,-8.673617379884035e-19,0.009930679637350275,0.34564413222925816
position,competitive,12,101,0.5,inverted,641,641,1.0,0.9940425679732819,0.9999999999999999,0.42715290375575876
position,competitive,12,101,0.5,tied,0,0,,,,
position,scan,12,101,0.5,preserved,383,379,0.9895561357702349,0.9734576566578099,0.9959313645849932,0.34564413222925816
position,scan,12,101,0.5,inverted,641,641,1.0,0.9940425679732819,0.9999999999999999,0.42715290375575876
position,scan,12,101,0.5,tied,0,0,,,,
position,competitive,12,101,0.75,preserved,73,0,0.0,-3.469446951953614e-18,0.04999375338358389,0.4842220925882891
position,competitive,12,101,0.75,inverted,951,951,1.0,0.9959767148812954,0.9999999999999999,0.603503531196557
position,competitive,12,101,0.75,tied,0,0,,,,
position,scan,12,101,0.75,preserved,73,73,1.0,0.950006246616416,0.9999999999999999,0.4842220925882891
position,scan,12,101,0.75,inverted,951,951,1.0,0.9959767148812954,0.9999999999999999,0.603503531196557
position,scan,12,101,0.75,tied,0,0,,,,
position,competitive,12,101,1.0,preserved,19,0,0.0,0.0,0.16818436536845052,0.5930488571228199
position,competitive,12,101,1.0,inverted,1005,1005,1.0,0.9961920682097168,0.9999999999999999,0.797119900116578
position,competitive,12,101,1.0,tied,0,0,,,,
position,scan,12,101,1.0,preserved,19,19,1.0,0.8318156346315496,1.0000000000000002,0.5930488571228199
position,scan,12,101,1.0,inverted,1005,1005,1.0,0.9961920682097168,0.9999999999999999,0.797119900116578
position,scan,12,101,1.0,tied,0,0,,,,
phase,competitive,12,101,0.0,preserved,1024,1024,1.0,0.9962624591182144,1.0,2.562113493401166e-16
phase,competitive,12,101,0.0,inverted,0,0,,,,
phase,competitive,12,101,0.0,tied,0,0,,,,
phase,scan,12,101,0.0,preserved,1024,0,0.0,0.0,0.003737540881785676,2.562113493401166e-16
phase,scan,12,101,0.0,inverted,0,0,,,,
phase,scan,12,101,0.0,tied,0,0,,,,
phase,competitive,12,101,0.05,preserved,1024,1024,1.0,0.9962624591182144,1.0,0.0396666712843015
phase,competitive,12,101,0.05,inverted,0,0,,,,
phase,competitive,12,101,0.05,tied,0,0,,,,
phase,scan,12,101,0.05,preserved,1024,0,0.0,0.0,0.003737540881785676,0.0396666712843015
phase,scan,12,101,0.05,inverted,0,0,,,,
phase,scan,12,101,0.05,tied,0,0,,,,
phase,competitive,12,101,0.1,preserved,1024,1024,1.0,0.9962624591182144,1.0,0.079333342568603
phase,competitive,12,101,0.1,inverted,0,0,,,,
phase,competitive,12,101,0.1,tied,0,0,,,,
phase,scan,12,101,0.1,preserved,1024,0,0.0,0.0,0.003737540881785676,0.079333342568603
phase,scan,12,101,0.1,inverted,0,0,,,,
phase,scan,12,101,0.1,tied,0,0,,,,
phase,competitive,12,101,0.2,preserved,1005,1005,1.0,0.9961920682097168,0.9999999999999999,0.15800909674745428
phase,competitive,12,101,0.2,inverted,19,19,1.0,0.8318156346315496,1.0000000000000002,0.19344964996354533
phase,competitive,12,101,0.2,tied,0,0,,,,
phase,scan,12,101,0.2,preserved,1005,252,0.2507462686567164,0.22493150078719773,0.27845931894109266,0.15800909674745428
phase,scan,12,101,0.2,inverted,19,19,1.0,0.8318156346315496,1.0000000000000002,0.19344964996354533
phase,scan,12,101,0.2,tied,0,0,,,,
phase,competitive,12,101,0.35,preserved,668,668,1.0,0.9942819855156335,1.0,0.25741123960459356
phase,competitive,12,101,0.35,inverted,356,356,1.0,0.9893241915331634,1.0,0.31567413401686684
phase,competitive,12,101,0.35,tied,0,0,,,,
phase,scan,12,101,0.35,preserved,668,609,0.9116766467065869,0.8877363565486817,0.9309089908070046,0.25741123960459356
phase,scan,12,101,0.35,inverted,356,356,1.0,0.9893241915331634,1.0,0.31567413401686684
phase,scan,12,101,0.35,tied,0,0,,,,
phase,competitive,12,101,0.5,preserved,250,250,1.0,0.9848661527503766,1.0,0.32810596313844015
phase,competitive,12,101,0.5,inverted,774,774,1.0,0.9950612052633853,1.0,0.41881165783803265
phase,competitive,12,101,0.5,tied,0,0,,,,
phase,scan,12,101,0.5,preserved,250,246,0.984,0.9595895595167768,0.9937608763455877,0.32810596313844015
phase,scan,12,101,0.5,inverted,774,774,1.0,0.9950612052633853,1.0,0.41881165783803265
phase,scan,12,101,0.5,tied,0,0,,,,
phase,competitive,12,101,0.75,preserved,36,36,1.0,0.9035781695514236,1.0,0.46065491900054084
phase,competitive,12,101,0.75,inverted,988,988,1.0,0.9961268008924006,1.0,0.599895236683048
phase,competitive,12,101,0.75,tied,0,0,,,,
phase,scan,12,101,0.75,preserved,36,36,1.0,0.9035781695514236,1.0,0.46065491900054084
phase,scan,12,101,0.75,inverted,988,988,1.0,0.9961268008924006,1.0,0.599895236683048
phase,scan,12,101,0.75,tied,0,0,,,,
phase,competitive,12,101,1.0,preserved,6,6,1.0,0.6096569663469354,0.9999999999999999,0.5994907804307846
phase,competitive,12,101,1.0,inverted,1018,1018,1.0,0.9962405132067436,1.0,0.7944759167189683
phase,competitive,12,101,1.0,tied,0,0,,,,
phase,scan,12,101,1.0,preserved,6,6,1.0,0.6096569663469354,0.9999999999999999,0.5994907804307846
phase,scan,12,101,1.0,inverted,1018,1018,1.0,0.9962405132067436,1.0,0.7944759167189683
phase,scan,12,101,1.0,tied,0,0,,,,
priority,competitive,12,202,0.0,preserved,1024,0,0.0,0.0,0.003737540881785676,0.0
priority,competitive,12,202,0.0,inverted,0,0,,,,
priority,competitive,12,202,0.0,tied,0,0,,,,
priority,scan,12,202,0.0,preserved,1024,0,0.0,0.0,0.003737540881785676,0.0
priority,scan,12,202,0.0,inverted,0,0,,,,
priority,scan,12,202,0.0,tied,0,0,,,,
priority,competitive,12,202,0.05,preserved,1024,0,0.0,0.0,0.003737540881785676,0.040195272010082425
priority,competitive,12,202,0.05,inverted,0,0,,,,
priority,competitive,12,202,0.05,tied,0,0,,,,
priority,scan,12,202,0.05,preserved,1024,0,0.0,0.0,0.003737540881785676,0.040195272010082425
priority,scan,12,202,0.05,inverted,0,0,,,,
priority,scan,12,202,0.05,tied,0,0,,,,
priority,competitive,12,202,0.1,preserved,1024,0,0.0,0.0,0.003737540881785676,0.08039054402016485
priority,competitive,12,202,0.1,inverted,0,0,,,,
priority,competitive,12,202,0.1,tied,0,0,,,,
priority,scan,12,202,0.1,preserved,1024,4,0.00390625,0.0015200565834699161,0.010000784760176809,0.08039054402016485
priority,scan,12,202,0.1,inverted,0,0,,,,
priority,scan,12,202,0.1,tied,0,0,,,,
priority,competitive,12,202,0.2,preserved,1020,0,0.0,0.0,0.0037521429096063295,0.1605201542325545
priority,competitive,12,202,0.2,inverted,4,4,1.0,0.5100999795960008,1.0,0.22731920902300845
priority,competitive,12,202,0.2,tied,0,0,,,,
priority,scan,12,202,0.2,preserved,1020,517,0.5068627450980392,0.47621250041163804,0.5374614897837201,0.1605201542325545
priority,scan,12,202,0.2,inverted,4,4,1.0,0.5100999795960008,1.0,0.22731920902300845
priority,scan,12,202,0.2,tied,0,0,,,,
priority,competitive,12,202,0.35,preserved,801,0,0.0,-4.336808689942018e-19,0.004773113119401382,0.26808465431090267
priority,competitive,12,202,0.35,inverted,223,223,1.0,0.9830648346687735,1.0000000000000002,0.3290757922207972
priority,competitive,12,202,0.35,tied,0,0,,,,
priority,scan,12,202,0.35,preserved,801,772,0.9637952559300874,0.94848748343918,0.9746755339794028,0.26808465431090267
priority,scan,12,202,0.35,inverted,223,223,1.0,0.9830648346687735,1.0000000000000002,0.3290757922207972
priority,scan,12,202,0.35,tied,0,0,,,,
priority,competitive,12,202,0.5,preserved,367,0,0.0,0.0,0.010359139859174374,0.35119308031896007
priority,competitive,12,202,0.5,inverted,657,657,1.0,0.9941868066417126,1.0,0.4303070394310283
priority,competitive,12,202,0.5,tied,0,0,,,,
priority,scan,12,202,0.5,preserved,367,364,0.9918256130790191,0.9762452413418039,0.9972162041918147,0.35119308031896007
priority,scan,12,202,0.5,inverted,657,657,1.0,0.9941868066417126,1.0,0.4303070394310283
priority,scan,12,202,0.5,tied,0,0,,,,
priority,competitive,12,202,0.75,preserved,80,0,0.0,-3.469446951953614e-18,0.0458197362645751,0.45831136524675664
priority,competitive,12,202,0.75,inverted,944,944,1.0,0.9959470021151213,1.0,0.6151848187024634
priority,competitive,12,202,0.75,tied,0,0,,,,
priority,scan,12,202,0.75,preserved,80,80,1.0,0.954180263735425,1.0,0.45831136524675664
priority,scan,12,202,0.75,inverted,944,944,1.0,0.9959470021151213,1.0,0.6151848187024634
priority,scan,12,202,0.75,tied,0,0,,,,
priority,competitive,12,202,1.0,preserved,13,0,0.0,0.0,0.22810184305529166,0.5342313948729507
priority,competitive,12,202,1.0,inverted,1011,1011,1.0,0.9962145816647643,1.0,0.8073730589843122
priority,competitive,12,202,1.0,tied,0,0,,,,
priority,scan,12,202,1.0,preserved,13,13,1.0,0.7718981569447083,1.0,0.5342313948729507
priority,scan,12,202,1.0,inverted,1011,1011,1.0,0.9962145816647643,1.0,0.8073730589843122
priority,scan,12,202,1.0,tied,0,0,,,,
position,competitive,12,202,0.0,preserved,1024,0,0.0,0.0,0.003737540881785676,0.0
position,competitive,12,202,0.0,inverted,0,0,,,,
position,competitive,12,202,0.0,tied,0,0,,,,
position,scan,12,202,0.0,preserved,1024,0,0.0,0.0,0.003737540881785676,0.0
position,scan,12,202,0.0,inverted,0,0,,,,
position,scan,12,202,0.0,tied,0,0,,,,
position,competitive,12,202,0.05,preserved,1024,0,0.0,0.0,0.003737540881785676,0.040195272010082425
position,competitive,12,202,0.05,inverted,0,0,,,,
position,competitive,12,202,0.05,tied,0,0,,,,
position,scan,12,202,0.05,preserved,1024,0,0.0,0.0,0.003737540881785676,0.040195272010082425
position,scan,12,202,0.05,inverted,0,0,,,,
position,scan,12,202,0.05,tied,0,0,,,,
position,competitive,12,202,0.1,preserved,1024,0,0.0,0.0,0.003737540881785676,0.08039054402016485
position,competitive,12,202,0.1,inverted,0,0,,,,
position,competitive,12,202,0.1,tied,0,0,,,,
position,scan,12,202,0.1,preserved,1024,1,0.0009765625,0.00017240363051574184,0.005510962366735196,0.08039054402016485
position,scan,12,202,0.1,inverted,0,0,,,,
position,scan,12,202,0.1,tied,0,0,,,,
position,competitive,12,202,0.2,preserved,1021,0,0.0,0.0,0.003748481716589178,0.1606253014258829
position,competitive,12,202,0.2,inverted,3,3,1.0,0.43849391955098227,1.0,0.21380046582372522
position,competitive,12,202,0.2,tied,0,0,,,,
position,scan,12,202,0.2,preserved,1021,261,0.2556317335945152,0.22982479963148594,0.2832706875150156,0.1606253014258829
position,scan,12,202,0.2,inverted,3,3,1.0,0.43849391955098227,1.0,0.21380046582372522
position,scan,12,202,0.2,tied,0,0,,,,
position,competitive,12,202,0.35,preserved,800,0,0.0,0.0,0.004779050997111869,0.26901855819475423
position,competitive,12,202,0.35,inverted,224,224,1.0,0.983139163348572,1.0,0.32546813934137236
position,competitive,12,202,0.35,tied,0,0,,,,
position,scan,12,202,0.35,preserved,800,736,0.92,0.8991310115258194,0.9368545856366067,0.26901855819475423
position,scan,12,202,0.35,inverted,224,224,1.0,0.983139163348572,1.0,0.32546813934137236
position,scan,12,202,0.35,tied,0,0,,,,
position,competitive,12,202,0.5,preserved,370,0,0.0,0.0,0.010276009946458605,0.3517821026200441
position,competitive,12,202,0.5,inverted,654,654,1.0,0.9941602963388148,1.0,0.4303367085838344
position,competitive,12,202,0.5,tied,0,0,,,,
position,scan,12,202,0.5,preserved,370,369,0.9972972972972973,0.9848513711839514,0.999522759463895,0.3517821026200441
position,scan,12,202,0.5,inverted,654,654,1.0,0.9941602963388148,1.0,0.4303367085838344
position,scan,12,202,0.5,tied,0,0,,,,
position,competitive,12,202,0.75,preserved,91,0,0.0,0.0,0.04050543221539915,0.46429536029216817
position,competitive,12,202,0.75,inverted,933,933,1.0,0.9958994135187849,1.0,0.6164506969863651
position,competitive,12,202,0.75,tied,0,0,,,,
position,scan,12,202,0.75,preserved,91,91,1.0,0.959494567784601,1.0,0.46429536029216817
position,scan,12,202,0.75,inverted,933,933,1.0,0.9958994135187849,1.0,0.6164506969863651
position,scan,12,202,0.75,tied,0,0,,,,
position,competitive,12,202,1.0,preserved,18,0,0.0,0.0,0.1758845505823749,0.5704984730463705
position,competitive,12,202,1.0,inverted,1006,1006,1.0,0.9961958390305965,1.0,0.8080817080036315
position,competitive,12,202,1.0,tied,0,0,,,,
position,scan,12,202,1.0,preserved,18,18,1.0,0.8241154494176252,1.0,0.5704984730463705
position,scan,12,202,1.0,inverted,1006,1006,1.0,0.9961958390305965,1.0,0.8080817080036315
position,scan,12,202,1.0,tied,0,0,,,,
phase,competitive,12,202,0.0,preserved,1024,1024,1.0,0.9962624591182144,1.0,2.562113493401166e-16
phase,competitive,12,202,0.0,inverted,0,0,,,,
phase,competitive,12,202,0.0,tied,0,0,,,,
phase,scan,12,202,0.0,preserved,1024,0,0.0,0.0,0.003737540881785676,2.562113493401166e-16
phase,scan,12,202,0.0,inverted,0,0,,,,
phase,scan,12,202,0.0,tied,0,0,,,,
phase,competitive,12,202,0.05,preserved,1024,1024,1.0,0.9962624591182144,1.0,0.04019527201008244
phase,competitive,12,202,0.05,inverted,0,0,,,,
phase,competitive,12,202,0.05,tied,0,0,,,,
phase,scan,12,202,0.05,preserved,1024,0,0.0,0.0,0.003737540881785676,0.04019527201008244
phase,scan,12,202,0.05,inverted,0,0,,,,
phase,scan,12,202,0.05,tied,0,0,,,,
phase,competitive,12,202,0.1,preserved,1024,1024,1.0,0.9962624591182144,1.0,0.08039054402016488
phase,competitive,12,202,0.1,inverted,0,0,,,,
phase,competitive,12,202,0.1,tied,0,0,,,,
phase,scan,12,202,0.1,preserved,1024,1,0.0009765625,0.00017240363051574184,0.005510962366735196,0.08039054402016488
phase,scan,12,202,0.1,inverted,0,0,,,,
phase,scan,12,202,0.1,tied,0,0,,,,
phase,competitive,12,202,0.2,preserved,1008,1008,1.0,0.9962033583122101,1.0,0.1602486406681617
phase,competitive,12,202,0.2,inverted,16,16,1.0,0.8063865817272802,1.0,0.194325272486917
phase,competitive,12,202,0.2,tied,0,0,,,,
phase,scan,12,202,0.2,preserved,1008,248,0.24603174603174602,0.22044023405316923,0.27355171093110486,0.1602486406681617
phase,scan,12,202,0.2,inverted,16,16,1.0,0.8063865817272802,1.0,0.194325272486917
phase,scan,12,202,0.2,tied,0,0,,,,
phase,competitive,12,202,0.35,preserved,678,678,1.0,0.9943658468477137,1.0,0.26302472289986994
phase,competitive,12,202,0.35,inverted,346,346,1.0,0.9890190303268678,0.9999999999999998,0.31730909723167344
phase,competitive,12,202,0.35,tied,0,0,,,,
phase,scan,12,202,0.35,preserved,678,614,0.9056047197640118,0.8812546480713953,0.925384313235747,0.26302472289986994
phase,scan,12,202,0.35,inverted,346,346,1.0,0.9890190303268678,0.9999999999999998,0.31730909723167344
phase,scan,12,202,0.35,tied,0,0,,,,
phase,competitive,12,202,0.5,preserved,251,251,1.0,0.9849255380597204,1.0000000000000002,0.3358353228331755
phase,competitive,12,202,0.5,inverted,773,773,1.0,0.9950548477321504,1.0,0.42342162917479564
phase,competitive,12,202,0.5,tied,0,0,,,,
phase,scan,12,202,0.5,preserved,251,250,0.9960159362549801,0.9777811393139588,0.9992963864903057,0.3358353228331755
phase,scan,12,202,0.5,inverted,773,773,1.0,0.9950548477321504,1.0,0.42342162917479564
phase,scan,12,202,0.5,tied,0,0,,,,
phase,competitive,12,202,0.75,preserved,38,38,1.0,0.90818706741616,0.9999999999999999,0.44681907223731193
phase,competitive,12,202,0.75,inverted,986,986,1.0,0.9961189749955953,1.0,0.6089454901925438
phase,competitive,12,202,0.75,tied,0,0,,,,
phase,scan,12,202,0.75,preserved,38,38,1.0,0.90818706741616,0.9999999999999999,0.44681907223731193
phase,scan,12,202,0.75,inverted,986,986,1.0,0.9961189749955953,1.0,0.6089454901925438
phase,scan,12,202,0.75,tied,0,0,,,,
phase,competitive,12,202,1.0,preserved,4,4,1.0,0.5100999795960008,1.0,0.5145355200746553
phase,competitive,12,202,1.0,inverted,1020,1020,1.0,0.9962478570903937,1.0,0.8050402242021465
phase,competitive,12,202,1.0,tied,0,0,,,,
phase,scan,12,202,1.0,preserved,4,4,1.0,0.5100999795960008,1.0,0.5145355200746553
phase,scan,12,202,1.0,inverted,1020,1020,1.0,0.9962478570903937,1.0,0.8050402242021465
phase,scan,12,202,1.0,tied,0,0,,,,
priority,competitive,12,303,0.0,preserved,1024,0,0.0,0.0,0.003737540881785676,0.0
priority,competitive,12,303,0.0,inverted,0,0,,,,
priority,competitive,12,303,0.0,tied,0,0,,,,
priority,scan,12,303,0.0,preserved,1024,0,0.0,0.0,0.003737540881785676,0.0
priority,scan,12,303,0.0,inverted,0,0,,,,
priority,scan,12,303,0.0,tied,0,0,,,,
priority,competitive,12,303,0.05,preserved,1024,0,0.0,0.0,0.003737540881785676,0.039695839941173566
priority,competitive,12,303,0.05,inverted,0,0,,,,
priority,competitive,12,303,0.05,tied,0,0,,,,
priority,scan,12,303,0.05,preserved,1024,0,0.0,0.0,0.003737540881785676,0.039695839941173566
priority,scan,12,303,0.05,inverted,0,0,,,,
priority,scan,12,303,0.05,tied,0,0,,,,
priority,competitive,12,303,0.1,preserved,1024,0,0.0,0.0,0.003737540881785676,0.07939167988234713
priority,competitive,12,303,0.1,inverted,0,0,,,,
priority,competitive,12,303,0.1,tied,0,0,,,,
priority,scan,12,303,0.1,preserved,1024,5,0.0048828125,0.0020873641822286623,0.011379302276883326,0.07939167988234713
priority,scan,12,303,0.1,inverted,0,0,,,,
priority,scan,12,303,0.1,tied,0,0,,,,
priority,competitive,12,303,0.2,preserved,1022,0,0.0,0.0,0.003744827661502516,0.15860915249481108
priority,competitive,12,303,0.2,inverted,2,2,1.0,0.34237195288961925,1.0,0.2478032746749897
priority,competitive,12,303,0.2,tied,0,0,,,,
priority,scan,12,303,0.2,preserved,1022,504,0.4931506849315068,0.462581696151939,0.5237709727201362,0.15860915249481108
priority,scan,12,303,0.2,inverted,2,2,1.0,0.34237195288961925,1.0,0.2478032746749897
priority,scan,12,303,0.2,tied,0,0,,,,
priority,competitive,12,303,0.35,preserved,799,0,0.0,0.0,0.004785003666974905,0.26429704784441177
priority,competitive,12,303,0.35,inverted,225,225,1.0,0.9832128424202591,0.9999999999999998,0.3260730643139872
priority,competitive,12,303,0.35,tied,0,0,,,,
priority,scan,12,303,0.35,preserved,799,757,0.9474342928660826,0.929708416008908,0.9608782202590682,0.26429704784441177
priority,scan,12,303,0.35,inverted,225,225,1.0,0.9832128424202591,0.9999999999999998,0.3260730643139872
priority,scan,12,303,0.35,tied,0,0,,,,
priority,competitive,12,303,0.5,preserved,405,0,0.0,0.0,0.009396304094299602,0.35165734526662273
priority,competitive,12,303,0.5,inverted,619,619,1.0,0.9938321396644025,1.0,0.4265980228830938
priority,competitive,12,303,0.5,tied,0,0,,,,
priority,scan,12,303,0.5,preserved,405,400,0.9876543209876543,0.9714288187056965,0.9947155266838137,0.35165734526662273
priority,scan,12,303,0.5,inverted,619,619,1.0,0.9938321396644025,1.0,0.4265980228830938
priority,scan,12,303,0.5,tied,0,0,,,,
priority,competitive,12,303,0.75,preserved,81,0,0.0,-3.469446951953614e-18,0.04527967412212876,0.4780238594488224
priority,competitive,12,303,0.75,inverted,943,943,1.0,0.995942721570324,1.0000000000000002,0.6055229786649748
priority,competitive,12,303,0.75,tied,0,0,,,,
priority,scan,12,303,0.75,preserved,81,81,1.0,0.954720325877871,0.9999999999999999,0.4780238594488224
priority,scan,12,303,0.75,inverted,943,943,1.0,0.995942721570324,1.0000000000000002,0.6055229786649748
priority,scan,12,303,0.75,tied,0,0,,,,
priority,competitive,12,303,1.0,preserved,17,0,0.0,0.0,0.18432366037156456,0.5656390711020967
priority,competitive,12,303,1.0,inverted,1007,1007,1.0,0.9961996023907209,1.0000000000000002,0.7977705439786483
priority,competitive,12,303,1.0,tied,0,0,,,,
priority,scan,12,303,1.0,preserved,17,17,1.0,0.8156763396284354,1.0,0.5656390711020967
priority,scan,12,303,1.0,inverted,1007,1007,1.0,0.9961996023907209,1.0000000000000002,0.7977705439786483
priority,scan,12,303,1.0,tied,0,0,,,,
position,competitive,12,303,0.0,preserved,1024,0,0.0,0.0,0.003737540881785676,0.0
position,competitive,12,303,0.0,inverted,0,0,,,,
position,competitive,12,303,0.0,tied,0,0,,,,
position,scan,12,303,0.0,preserved,1024,0,0.0,0.0,0.003737540881785676,0.0
position,scan,12,303,0.0,inverted,0,0,,,,
position,scan,12,303,0.0,tied,0,0,,,,
position,competitive,12,303,0.05,preserved,1024,0,0.0,0.0,0.003737540881785676,0.039695839941173566
position,competitive,12,303,0.05,inverted,0,0,,,,
position,competitive,12,303,0.05,tied,0,0,,,,
position,scan,12,303,0.05,preserved,1024,0,0.0,0.0,0.003737540881785676,0.039695839941173566
position,scan,12,303,0.05,inverted,0,0,,,,
position,scan,12,303,0.05,tied,0,0,,,,
position,competitive,12,303,0.1,preserved,1024,0,0.0,0.0,0.003737540881785676,0.07939167988234713
position,competitive,12,303,0.1,inverted,0,0,,,,
position,competitive,12,303,0.1,tied,0,0,,,,
position,scan,12,303,0.1,preserved,1024,0,0.0,0.0,0.003737540881785676,0.07939167988234713
position,scan,12,303,0.1,inverted,0,0,,,,
position,scan,12,303,0.1,tied,0,0,,,,
position,competitive,12,303,0.2,preserved,1021,0,0.0,0.0,0.003748481716589178,0.1586563957431844
position,competitive,12,303,0.2,inverted,3,3,1.0,0.43849391955098227,1.0,0.20199344841856368
position,competitive,12,303,0.2,tied,0,0,,,,
position,scan,12,303,0.2,preserved,1021,278,0.2722820763956905,0.2458690295180563,0.3004023162196655,0.1586563957431844
position,scan,12,303,0.2,inverted,3,3,1.0,0.43849391955098227,1.0,0.20199344841856368
position,scan,12,303,0.2,tied,0,0,,,,
position,competitive,12,303,0.35,preserved,792,0,0.0,0.0,0.004827091220162404,0.2643057878014279
position,competitive,12,303,0.35,inverted,232,232,1.0,0.9837111010101696,1.0,0.32417929637759135
position,competitive,12,303,0.35,tied,0,0,,,,
position,scan,12,303,0.35,preserved,792,709,0.8952020202020202,0.8719286110464619,0.9146600769537634,0.2643057878014279
position,scan,12,303,0.35,inverted,232,232,1.0,0.9837111010101696,1.0,0.32417929637759135
position,scan,12,303,0.35,tied,0,0,,,,
position,competitive,12,303,0.5,preserved,392,0,0.0,0.0,0.009704892057833234,0.34669162872738934
position,competitive,12,303,0.5,inverted,632,632,1.0,0.9939582436883652,1.0,0.4281365230007606
position,competitive,12,303,0.5,tied,0,0,,,,
position,scan,12,303,0.5,preserved,392,389,0.9923469387755102,0.9777435590450763,0.9973939707143022,0.34669162872738934
position,scan,12,303,0.5,inverted,632,632,1.0,0.9939582436883652,1.0,0.4281365230007606
position,scan,12,303,0.5,tied,0,0,,,,
position,competitive,12,303,0.75,preserved,80,0,0.0,-3.469446951953614e-18,0.0458197362645751,0.455025379810874
position,competitive,12,303,0.75,inverted,944,944,1.0,0.9959470021151213,1.0,0.6073369397368179
position,competitive,12,303,0.75,tied,0,0,,,,
position,scan,12,303,0.75,preserved,80,80,1.0,0.954180263735425,1.0,0.455025379810874
position,scan,12,303,0.75,inverted,944,944,1.0,0.9959470021151213,1.0,0.6073369397368179
position,scan,12,303,0.75,tied,0,0,,,,
position,competitive,12,303,1.0,preserved,19,0,0.0,0.0,0.16818436536845052,0.5701228969162222
position,competitive,12,303,1.0,inverted,1005,1005,1.0,0.9961920682097168,0.9999999999999999,0.798147728312265
position,competitive,12,303,1.0,tied,0,0,,,,
position,scan,12,303,1.0,preserved,19,19,1.0,0.8318156346315496,1.0000000000000002,0.5701228969162222
position,scan,12,303,1.0,inverted,1005,1005,1.0,0.9961920682097168,0.9999999999999999,0.798147728312265
position,scan,12,303,1.0,tied,0,0,,,,
phase,competitive,12,303,0.0,preserved,1024,1024,1.0,0.9962624591182144,1.0,2.562113493401166e-16
phase,competitive,12,303,0.0,inverted,0,0,,,,
phase,competitive,12,303,0.0,tied,0,0,,,,
phase,scan,12,303,0.0,preserved,1024,0,0.0,0.0,0.003737540881785676,2.562113493401166e-16
phase,scan,12,303,0.0,inverted,0,0,,,,
phase,scan,12,303,0.0,tied,0,0,,,,
phase,competitive,12,303,0.05,preserved,1024,1024,1.0,0.9962624591182144,1.0,0.039695839941173566
phase,competitive,12,303,0.05,inverted,0,0,,,,
phase,competitive,12,303,0.05,tied,0,0,,,,
phase,scan,12,303,0.05,preserved,1024,0,0.0,0.0,0.003737540881785676,0.039695839941173566
phase,scan,12,303,0.05,inverted,0,0,,,,
phase,scan,12,303,0.05,tied,0,0,,,,
phase,competitive,12,303,0.1,preserved,1024,1024,1.0,0.9962624591182144,1.0,0.07939167988234713
phase,competitive,12,303,0.1,inverted,0,0,,,,
phase,competitive,12,303,0.1,tied,0,0,,,,
phase,scan,12,303,0.1,preserved,1024,0,0.0,0.0,0.003737540881785676,0.07939167988234713
phase,scan,12,303,0.1,inverted,0,0,,,,
phase,scan,12,303,0.1,tied,0,0,,,,
phase,competitive,12,303,0.2,preserved,1011,1011,1.0,0.9962145816647643,1.0,0.15843367281242585
phase,competitive,12,303,0.2,inverted,13,13,1.0,0.7718981569447083,1.0,0.1859782450526487
phase,competitive,12,303,0.2,tied,0,0,,,,
phase,scan,12,303,0.2,preserved,1011,268,0.26508407517309596,0.23880266247016763,0.2931439979741816,0.15843367281242585
phase,scan,12,303,0.2,inverted,13,13,1.0,0.7718981569447083,1.0,0.1859782450526487
phase,scan,12,303,0.2,tied,0,0,,,,
phase,competitive,12,303,0.35,preserved,670,670,1.0,0.9942989569061929,1.0,0.25894912190692543
phase,competitive,12,303,0.35,inverted,354,354,1.0,0.9892645237445842,0.9999999999999999,0.313683245821164
phase,competitive,12,303,0.35,tied,0,0,,,,
phase,scan,12,303,0.35,preserved,670,587,0.8761194029850746,0.8490080311598468,0.8989422289606327,0.25894912190692543
phase,scan,12,303,0.35,inverted,354,354,1.0,0.9892645237445842,0.9999999999999999,0.313683245821164
phase,scan,12,303,0.35,tied,0,0,,,,
phase,competitive,12,303,0.5,preserved,284,284,1.0,0.9866537706849879,1.0,0.33377399825524295
phase,competitive,12,303,0.5,inverted,740,740,1.0,0.9948354595924725,1.0000000000000002,0.421207547963687
phase,competitive,12,303,0.5,tied,0,0,,,,
phase,scan,12,303,0.5,preserved,284,281,0.9894366197183099,0.9694077896197291,0.9964011830930408,0.33377399825524295
phase,scan,12,303,0.5,inverted,740,740,1.0,0.9948354595924725,1.0000000000000002,0.421207547963687
phase,scan,12,303,0.5,tied,0,0,,,,
phase,competitive,12,303,0.75,preserved,42,42,1.0,0.9161983874908382,1.0000000000000002,0.42583397908220727
phase,competitive,12,303,0.75,inverted,982,982,1.0,0.996103227942501,0.9999999999999999,0.6026915217667751
phase,competitive,12,303,0.75,tied,0,0,,,,
phase,scan,12,303,0.75,preserved,42,42,1.0,0.9161983874908382,1.0000000000000002,0.42583397908220727
phase,scan,12,303,0.75,inverted,982,982,1.0,0.996103227942501,0.9999999999999999,0.6026915217667751
phase,scan,12,303,0.75,tied,0,0,,,,
phase,competitive,12,303,1.0,preserved,7,7,1.0,0.6456611570247934,1.0,0.4742108668431362
phase,competitive,12,303,1.0,inverted,1017,1017,1.0,0.9962368304739934,1.0000000000000002,0.7961173312953124
phase,competitive,12,303,1.0,tied,0,0,,,,
phase,scan,12,303,1.0,preserved,7,7,1.0,0.6456611570247934,1.0,0.4742108668431362
phase,scan,12,303,1.0,inverted,1017,1017,1.0,0.9962368304739934,1.0000000000000002,0.7961173312953124
phase,scan,12,303,1.0,tied,0,0,,,,
priority,competitive,12,404,0.0,preserved,1024,0,0.0,0.0,0.003737540881785676,0.0
priority,competitive,12,404,0.0,inverted,0,0,,,,
priority,competitive,12,404,0.0,tied,0,0,,,,
priority,scan,12,404,0.0,preserved,1024,0,0.0,0.0,0.003737540881785676,0.0
priority,scan,12,404,0.0,inverted,0,0,,,,
priority,scan,12,404,0.0,tied,0,0,,,,
priority,competitive,12,404,0.05,preserved,1024,0,0.0,0.0,0.003737540881785676,0.03979697441913317
priority,competitive,12,404,0.05,inverted,0,0,,,,
priority,competitive,12,404,0.05,tied,0,0,,,,
priority,scan,12,404,0.05,preserved,1024,0,0.0,0.0,0.003737540881785676,0.03979697441913317
priority,scan,12,404,0.05,inverted,0,0,,,,
priority,scan,12,404,0.05,tied,0,0,,,,
priority,competitive,12,404,0.1,preserved,1024,0,0.0,0.0,0.003737540881785676,0.07959394883826634
priority,competitive,12,404,0.1,inverted,0,0,,,,
priority,competitive,12,404,0.1,tied,0,0,,,,
priority,scan,12,404,0.1,preserved,1024,6,0.005859375,0.002688052185372109,0.012724439389205141,0.07959394883826634
priority,scan,12,404,0.1,inverted,0,0,,,,
priority,scan,12,404,0.1,tied,0,0,,,,
priority,competitive,12,404,0.2,preserved,1023,0,0.0,-2.168404344971009e-19,0.003741180723492309,0.1591314330253006
priority,competitive,12,404,0.2,inverted,1,1,1.0,0.20654329147389294,1.0,0.2169512358869516
priority,competitive,12,404,0.2,tied,0,0,,,,
priority,scan,12,404,0.2,preserved,1023,508,0.4965786901270772,0.4660096071107217,0.5271733726205242,0.1591314330253006
priority,scan,12,404,0.2,inverted,1,1,1.0,0.20654329147389294,1.0,0.2169512358869516
priority,scan,12,404,0.2,tied,0,0,,,,
priority,competitive,12,404,0.35,preserved,789,0,0.0,0.0,0.00484535624770446,0.2664416272260449
priority,competitive,12,404,0.35,inverted,235,235,1.0,0.983915699777593,0.9999999999999999,0.31932880321275386
priority,competitive,12,404,0.35,tied,0,0,,,,
priority,scan,12,404,0.35,preserved,789,741,0.9391634980988594,0.9202615238136019,0.9538096651855626,0.2664416272260449
priority,scan,12,404,0.35,inverted,235,235,1.0,0.983915699777593,0.9999999999999999,0.31932880321275386
priority,scan,12,404,0.35,tied,0,0,,,,
priority,competitive,12,404,0.5,preserved,388,0,0.0,0.0,0.00980396160081012,0.35060983484779124
priority,competitive,12,404,0.5,inverted,636,636,1.0,0.9939960140134683,1.0,0.4268622675015419
priority,competitive,12,404,0.5,tied,0,0,,,,
priority,scan,12,404,0.5,preserved,388,386,0.9948453608247423,0.9814025302196117,0.9985853015981432,0.35060983484779124
priority,scan,12,404,0.5,inverted,636,636,1.0,0.9939960140134683,1.0,0.4268622675015419
priority,scan,12,404,0.5,tied,0,0,,,,
priority,competitive,12,404,0.75,preserved,87,0,0.0,0.0,0.04228899535014795,0.4709559225868192
priority,competitive,12,404,0.75,inverted,937,937,1.0,0.9959168472142389,1.0,0.6086535344854134
priority,competitive,12,404,0.75,tied,0,0,,,,
priority,scan,12,404,0.75,preserved,87,87,1.0,0.957711004649852,1.0,0.4709559225868192
priority,scan,12,404,0.75,inverted,937,937,1.0,0.9959168472142389,1.0,0.6086535344854134
priority,scan,12,404,0.75,tied,0,0,,,,
priority,competitive,12,404,1.0,preserved,20,0,0.0,-1.3877787807814457e-17,0.16113012549493322,0.5813458388888717
priority,competitive,12,404,1.0,inverted,1004,1004,1.0,0.9961882899058743,1.0000000000000002,0.8002142622769621
priority,competitive,12,404,1.0,tied,0,0,,,,
priority,scan,12,404,1.0,preserved,20,20,1.0,0.8388698745050667,1.0,0.5813458388888717
priority,scan,12,404,1.0,inverted,1004,1004,1.0,0.9961882899058743,1.0000000000000002,0.8002142622769621
priority,scan,12,404,1.0,tied,0,0,,,,
position,competitive,12,404,0.0,preserved,1024,0,0.0,0.0,0.003737540881785676,0.0
position,competitive,12,404,0.0,inverted,0,0,,,,
position,competitive,12,404,0.0,tied,0,0,,,,
position,scan,12,404,0.0,preserved,1024,0,0.0,0.0,0.003737540881785676,0.0
position,scan,12,404,0.0,inverted,0,0,,,,
position,scan,12,404,0.0,tied,0,0,,,,
position,competitive,12,404,0.05,preserved,1024,0,0.0,0.0,0.003737540881785676,0.03979697441913317
position,competitive,12,404,0.05,inverted,0,0,,,,
position,competitive,12,404,0.05,tied,0,0,,,,
position,scan,12,404,0.05,preserved,1024,0,0.0,0.0,0.003737540881785676,0.03979697441913317
position,scan,12,404,0.05,inverted,0,0,,,,
position,scan,12,404,0.05,tied,0,0,,,,
position,competitive,12,404,0.1,preserved,1024,0,0.0,0.0,0.003737540881785676,0.07959394883826636
position,competitive,12,404,0.1,inverted,0,0,,,,
position,competitive,12,404,0.1,tied,0,0,,,,
position,scan,12,404,0.1,preserved,1024,0,0.0,0.0,0.003737540881785676,0.07959394883826636
position,scan,12,404,0.1,inverted,0,0,,,,
position,scan,12,404,0.1,tied,0,0,,,,
position,competitive,12,404,0.2,preserved,1020,0,0.0,0.0,0.0037521429096063295,0.1590320193961483
position,competitive,12,404,0.2,inverted,4,4,1.0,0.5100999795960008,1.0,0.1989368591745534
position,competitive,12,404,0.2,tied,0,0,,,,
position,scan,12,404,0.2,preserved,1020,259,0.25392156862745097,0.22816758214790234,0.2815221979899627,0.1590320193961483
position,scan,12,404,0.2,inverted,4,4,1.0,0.5100999795960008,1.0,0.1989368591745534
position,scan,12,404,0.2,tied,0,0,,,,
position,competitive,12,404,0.35,preserved,808,0,0.0,-4.336808689942018e-19,0.004731957564135664,0.26587700100868167
position,competitive,12,404,0.35,inverted,216,216,1.0,0.9825256002503623,1.0000000000000002,0.32609303620986935
position,competitive,12,404,0.35,tied,0,0,,,,
position,scan,12,404,0.35,preserved,808,730,0.9034653465346535,0.8811516065876982,0.9219607246848062,0.26587700100868167
position,scan,12,404,0.35,inverted,216,216,1.0,0.9825256002503623,1.0000000000000002,0.32609303620986935
position,scan,12,404,0.35,tied,0,0,,,,
position,competitive,12,404,0.5,preserved,396,0,0.0,0.0,0.0096078046906575,0.35197251221245973
position,competitive,12,404,0.5,inverted,628,628,1.0,0.9939199951380219,0.9999999999999999,0.42697436817800893
position,competitive,12,404,0.5,tied,0,0,,,,
position,scan,12,404,0.5,preserved,396,389,0.9823232323232324,0.9639666513067757,0.9914116785118325,0.35197251221245973
position,scan,12,404,0.5,inverted,628,628,1.0,0.9939199951380219,0.9999999999999999,0.42697436817800893
position,scan,12,404,0.5,tied,0,0,,,,
position,competitive,12,404,0.75,preserved,88,0,0.0,3.469446951953614e-18,0.04182853957248131,0.46721497417791813
position,competitive,12,404,0.75,inverted,936,936,1.0,0.9959125027025829,0.9999999999999999,0.6091523604169111
position,competitive,12,404,0.75,tied,0,0,,,,
position,scan,12,404,0.75,preserved,88,88,1.0,0.9581714604275188,1.0,0.46721497417791813
position,scan,12,404,0.75,inverted,936,936,1.0,0.9959125027025829,0.9999999999999999,0.6091523604169111
position,scan,12,404,0.75,tied,0,0,,,,
position,competitive,12,404,1.0,preserved,25,0,0.0,0.0,0.13319649395317873,0.5822301953488388
position,competitive,12,404,1.0,inverted,999,999,1.0,0.9961692853587246,0.9999999999999999,0.8012875687889154
position,competitive,12,404,1.0,tied,0,0,,,,
position,scan,12,404,1.0,preserved,25,25,1.0,0.8668035060468213,1.0,0.5822301953488388
position,scan,12,404,1.0,inverted,999,999,1.0,0.9961692853587246,0.9999999999999999,0.8012875687889154
position,scan,12,404,1.0,tied,0,0,,,,
phase,competitive,12,404,0.0,preserved,1024,1024,1.0,0.9962624591182144,1.0,2.562113493401166e-16
phase,competitive,12,404,0.0,inverted,0,0,,,,
phase,competitive,12,404,0.0,tied,0,0,,,,
phase,scan,12,404,0.0,preserved,1024,0,0.0,0.0,0.003737540881785676,2.562113493401166e-16
phase,scan,12,404,0.0,inverted,0,0,,,,
phase,scan,12,404,0.0,tied,0,0,,,,
phase,competitive,12,404,0.05,preserved,1024,1024,1.0,0.9962624591182144,1.0,0.039796974419133185
phase,competitive,12,404,0.05,inverted,0,0,,,,
phase,competitive,12,404,0.05,tied,0,0,,,,
phase,scan,12,404,0.05,preserved,1024,0,0.0,0.0,0.003737540881785676,0.039796974419133185
phase,scan,12,404,0.05,inverted,0,0,,,,
phase,scan,12,404,0.05,tied,0,0,,,,
phase,competitive,12,404,0.1,preserved,1024,1024,1.0,0.9962624591182144,1.0,0.07959394883826637
phase,competitive,12,404,0.1,inverted,0,0,,,,
phase,competitive,12,404,0.1,tied,0,0,,,,
phase,scan,12,404,0.1,preserved,1024,0,0.0,0.0,0.003737540881785676,0.07959394883826637
phase,scan,12,404,0.1,inverted,0,0,,,,
phase,scan,12,404,0.1,tied,0,0,,,,
phase,competitive,12,404,0.2,preserved,1008,1008,1.0,0.9962033583122101,1.0,0.15859446068446936
phase,competitive,12,404,0.2,inverted,16,16,1.0,0.8063865817272802,1.0,0.1965744281765237
phase,competitive,12,404,0.2,tied,0,0,,,,
phase,scan,12,404,0.2,preserved,1008,247,0.24503968253968253,0.21948791613282775,0.2725274348865412,0.15859446068446936
phase,scan,12,404,0.2,inverted,16,16,1.0,0.8063865817272802,1.0,0.1965744281765237
phase,scan,12,404,0.2,tied,0,0,,,,
phase,competitive,12,404,0.35,preserved,698,698,1.0,0.9945264002589758,1.0,0.2618065175623521
phase,competitive,12,404,0.35,inverted,326,326,1.0,0.9883531974135464,1.0,0.3144900717111191
phase,competitive,12,404,0.35,tied,0,0,,,,
phase,scan,12,404,0.35,preserved,698,620,0.8882521489971347,0.8627213036800299,0.909532720589834,0.2618065175623521
phase,scan,12,404,0.35,inverted,326,326,1.0,0.9883531974135464,1.0,0.3144900717111191
phase,scan,12,404,0.35,tied,0,0,,,,
phase,competitive,12,404,0.5,preserved,279,279,1.0,0.9864178395257275,1.0,0.3431896831987916
phase,competitive,12,404,0.5,inverted,745,745,1.0,0.9948699431228182,1.0000000000000002,0.41848469320733
phase,competitive,12,404,0.5,tied,0,0,,,,
phase,scan,12,404,0.5,preserved,279,272,0.974910394265233,0.949125459957771,0.987794710201074,0.3431896831987916
phase,scan,12,404,0.5,inverted,745,745,1.0,0.9948699431228182,1.0000000000000002,0.41848469320733
phase,scan,12,404,0.5,tied,0,0,,,,
phase,competitive,12,404,0.75,preserved,42,42,1.0,0.9161983874908382,1.0000000000000002,0.43892433661834385
phase,competitive,12,404,0.75,inverted,982,982,1.0,0.996103227942501,0.9999999999999999,0.6037135488186508
phase,competitive,12,404,0.75,tied,0,0,,,,
phase,scan,12,404,0.75,preserved,42,42,1.0,0.9161983874908382,1.0000000000000002,0.43892433661834385
phase,scan,12,404,0.75,inverted,982,982,1.0,0.996103227942501,0.9999999999999999,0.6037135488186508
phase,scan,12,404,0.75,tied,0,0,,,,
phase,competitive,12,404,1.0,preserved,9,9,1.0,0.7008472464490407,1.0,0.5305485076078905
phase,competitive,12,404,1.0,inverted,1015,1015,1.0,0.996229443320728,0.9999999999999999,0.7982927089018487
phase,competitive,12,404,1.0,tied,0,0,,,,
phase,scan,12,404,1.0,preserved,9,9,1.0,0.7008472464490407,1.0,0.5305485076078905
phase,scan,12,404,1.0,inverted,1015,1015,1.0,0.996229443320728,0.9999999999999999,0.7982927089018487
phase,scan,12,404,1.0,tied,0,0,,,,
