system,seed,step,n,layer,pairwise_decoding,rank_spearman,linear_probe_pairwise,linear_probe_rmse,code_dispersion,circular_linear,factorial_cell,representation,readout
priority_competitive,11,300,4,0,0.8636067708333334,0.7972656250000001,0.8636067708333334,0.2635308581312785,0.3886777460575104,,True,priority,competitive
priority_competitive,11,300,4,1,0.9650065104166667,0.9560546875,0.9650065104166667,0.23324391794950433,0.8826767206192017,,True,priority,competitive
priority_competitive,11,300,4,2,0.9713541666666667,0.9640625,0.9713541666666667,0.23115000548591716,1.083827018737793,,True,priority,competitive
priority_competitive,11,300,6,0,0.8541666666666667,0.8155691964285716,0.8541666666666667,0.22515294039311073,0.4177783131599426,,True,priority,competitive
priority_competitive,11,300,6,1,0.95703125,0.9582589285714287,0.95703125,0.18674748264784652,0.9503952264785767,,True,priority,competitive
priority_competitive,11,300,6,2,0.9690755208333335,0.9716517857142858,0.9690755208333335,0.18398842854615974,1.1678824424743652,,True,priority,competitive
priority_competitive,11,600,4,0,0.9082031250000001,0.872265625,0.9082031250000001,0.24687195819333738,0.6064568758010864,,True,priority,competitive
priority_competitive,11,600,4,1,0.9780273437500001,0.9730468750000001,0.9780273437500001,0.23008512698327555,1.608149528503418,,True,priority,competitive
priority_competitive,11,600,4,2,0.9827473958333335,0.9789062500000001,0.9827473958333335,0.2277347084507845,1.9230515956878662,,True,priority,competitive
priority_competitive,11,600,6,0,0.9008463541666667,0.8855468750000002,0.9008463541666667,0.2050504275634233,0.6533991098403931,,True,priority,competitive
priority_competitive,11,600,6,1,0.9735677083333334,0.9753906250000002,0.9735677083333334,0.18345999870392563,1.7296159267425537,,True,priority,competitive
priority_competitive,11,600,6,2,0.9819661458333333,0.9836495535714286,0.9819661458333333,0.18105266871674355,2.068460464477539,,True,priority,competitive
priority_competitive,11,900,4,0,0.9163411458333335,0.8851562500000001,0.9163411458333335,0.24345723656375656,0.7501411437988281,,True,priority,competitive
priority_competitive,11,900,4,1,0.9786783854166667,0.9730468750000001,0.9786783854166667,0.2302746111288641,2.064462661743164,,True,priority,competitive
priority_competitive,11,900,4,2,0.9832356770833334,0.9794921875,0.9832356770833334,0.22767885570577734,2.5815134048461914,,True,priority,competitive
priority_competitive,11,900,6,0,0.9089843750000002,0.8977678571428572,0.9089843750000002,0.20098221148679327,0.8071401119232178,,True,priority,competitive
priority_competitive,11,900,6,1,0.9776041666666667,0.9796316964285715,0.9776041666666667,0.1834523372668002,2.217860698699951,,True,priority,competitive
priority_competitive,11,900,6,2,0.9838541666666667,0.9854910714285714,0.9838541666666667,0.1807546972392129,2.774080753326416,,True,priority,competitive
priority_competitive,22,300,4,0,0.8167317708333334,0.7107421875000002,0.8167317708333334,0.28310417813836386,0.47869840264320374,,True,priority,competitive
priority_competitive,22,300,4,1,0.9759114583333334,0.969921875,0.9759114583333334,0.23083741895698115,0.8740143775939941,,True,priority,competitive
priority_competitive,22,300,4,2,0.9729817708333334,0.9652343750000001,0.9729817708333334,0.23046079962800273,1.0789926052093506,,True,priority,competitive
priority_competitive,22,300,6,0,0.8231770833333334,0.7583147321428572,0.8231770833333334,0.2411687181406693,0.528449535369873,,True,priority,competitive
priority_competitive,22,300,6,1,0.9712239583333335,0.9731584821428572,0.9712239583333335,0.18462977790504184,0.9385532140731812,,True,priority,competitive
priority_competitive,22,300,6,2,0.9749348958333335,0.9771205357142858,0.9749348958333335,0.1836162827827742,1.1554114818572998,,True,priority,competitive
priority_competitive,22,600,4,0,0.89208984375,0.8482421875000001,0.89208984375,0.2538657662521911,0.7437805533409119,,True,priority,competitive
priority_competitive,22,600,4,1,0.9786783854166667,0.9736328125,0.9786783854166667,0.22859192454235588,1.4961316585540771,,True,priority,competitive
priority_competitive,22,600,4,2,0.9791666666666666,0.97421875,0.9791666666666666,0.22803291466885584,1.8317762613296509,,True,priority,competitive
priority_competitive,22,600,6,0,0.8920572916666669,0.8745535714285715,0.8920572916666669,0.20923186490086343,0.8168162107467651,,True,priority,competitive
priority_competitive,22,600,6,1,0.9766276041666667,0.9783482142857143,0.9766276041666667,0.18164434524150722,1.6097605228424072,,True,priority,competitive
priority_competitive,22,600,6,2,0.9796223958333334,0.9813616071428573,0.9796223958333334,0.180703432528151,1.9688084125518799,,True,priority,competitive
priority_competitive,22,900,4,0,0.9186197916666667,0.8904296875000001,0.9186197916666667,0.24453194758477892,0.9747059345245361,,True,priority,competitive
priority_competitive,22,900,4,1,0.98291015625,0.9791015625,0.98291015625,0.23196586608670805,2.0381808280944824,,True,priority,competitive
priority_competitive,22,900,4,2,0.98486328125,0.9814453125,0.98486328125,0.2314716947174728,2.5054192543029785,,True,priority,competitive
priority_competitive,22,900,6,0,0.9127604166666669,0.9046875000000001,0.9127604166666669,0.19953468086716017,1.06344473361969,,True,priority,competitive
priority_competitive,22,900,6,1,0.9813151041666667,0.9832589285714286,0.9813151041666667,0.18468056026580365,2.189006805419922,,True,priority,competitive
priority_competitive,22,900,6,2,0.9848958333333334,0.9866629464285714,0.9848958333333334,0.18390787543918863,2.688422203063965,,True,priority,competitive
priority_competitive,33,300,4,0,0.8474934895833334,0.7732421875000001,0.8474934895833334,0.26891653118864944,0.4965996742248535,,True,priority,competitive
priority_competitive,33,300,4,1,0.9482421875,0.9341796875,0.9482421875,0.2370508724308067,0.9246140718460083,,True,priority,competitive
priority_competitive,33,300,4,2,0.97216796875,0.9640625,0.97216796875,0.22926021261146645,1.2457023859024048,,True,priority,competitive
priority_competitive,33,300,6,0,0.8380208333333334,0.790122767857143,0.8380208333333334,0.2310741060124086,0.5280922651290894,,True,priority,competitive
priority_competitive,33,300,6,1,0.9476562500000001,0.9476004464285714,0.9476562500000001,0.19037749002815174,0.9883741140365601,,True,priority,competitive
priority_competitive,33,300,6,2,0.9688802083333334,0.9710937500000001,0.9688802083333334,0.18249474815219321,1.340759515762329,,True,priority,competitive
priority_competitive,33,600,4,0,0.9103190104166667,0.8777343750000001,0.9103190104166667,0.24593604606426536,0.8235638737678528,,True,priority,competitive
priority_competitive,33,600,4,1,0.9676106770833334,0.9595703125,0.9676106770833334,0.23306599231587533,1.6374549865722656,,True,priority,competitive
priority_competitive,33,600,4,2,0.9752604166666666,0.9693359375,0.9752604166666666,0.22870786585979683,2.2249982357025146,,True,priority,competitive
priority_competitive,33,600,6,0,0.9029296875000001,0.8929687500000001,0.9029296875000001,0.20329467611603008,0.8790593147277832,,True,priority,competitive
priority_competitive,33,600,6,1,0.9692708333333333,0.9708705357142858,0.9692708333333333,0.18619247950808368,1.7559165954589844,,True,priority,competitive
priority_competitive,33,600,6,2,0.9766927083333334,0.9782924107142857,0.9766927083333334,0.18187147275109405,2.3956522941589355,,True,priority,competitive
priority_competitive,33,900,4,0,0.9280598958333334,0.9033203125000001,0.9280598958333334,0.24012524317904524,1.1395390033721924,,True,priority,competitive
priority_competitive,33,900,4,1,0.9772135416666667,0.9714843750000001,0.9772135416666667,0.23322912651511488,2.2985777854919434,,True,priority,competitive
priority_competitive,33,900,4,2,0.9842122395833334,0.9808593750000001,0.9842122395833334,0.22821948976573944,3.16648006439209,,True,priority,competitive
priority_competitive,33,900,6,0,0.9229817708333334,0.9185267857142858,0.9229817708333334,0.19626696528828927,1.217834711074829,,True,priority,competitive
priority_competitive,33,900,6,1,0.9772786458333333,0.9791294642857145,0.9772786458333333,0.18620574637909496,2.466850996017456,,True,priority,competitive
priority_competitive,33,900,6,2,0.9841796875000001,0.9856584821428571,0.9841796875000001,0.18136591175577468,3.4071695804595947,,True,priority,competitive
priority_competitive,44,300,4,0,0.765625,0.6064453125,0.765625,0.31123365408133324,0.4759950041770935,,True,priority,competitive
priority_competitive,44,300,4,1,0.9332682291666667,0.9097656250000001,0.9332682291666667,0.23916948782766076,1.0291202068328857,,True,priority,competitive
priority_competitive,44,300,4,2,0.9684244791666667,0.9597656250000001,0.9684244791666667,0.2248133912023017,1.5730547904968262,,True,priority,competitive
priority_competitive,44,300,6,0,0.7529296875,0.6103236607142858,0.7529296875,0.2795437032128765,0.514188826084137,,True,priority,competitive
priority_competitive,44,300,6,1,0.9343098958333335,0.9312500000000001,0.9343098958333335,0.19360452888524304,1.1004003286361694,,True,priority,competitive
priority_competitive,44,300,6,2,0.9702473958333335,0.9720982142857144,0.9702473958333335,0.17869774619709008,1.6908917427062988,,True,priority,competitive
priority_competitive,44,600,4,0,0.82861328125,0.7351562500000001,0.82861328125,0.2778300581308479,0.6691714525222778,,True,priority,competitive
priority_competitive,44,600,4,1,0.9630533854166667,0.9539062500000001,0.9630533854166667,0.23220378445029036,1.8568761348724365,,True,priority,competitive
priority_competitive,44,600,4,2,0.9767252604166667,0.9710937500000001,0.9767252604166667,0.22299318178025193,2.7029566764831543,,True,priority,competitive
priority_competitive,44,600,6,0,0.8209635416666667,0.7554687500000001,0.8209635416666667,0.242253494640962,0.7144391536712646,,True,priority,competitive
priority_competitive,44,600,6,1,0.9618489583333334,0.9632812500000001,0.9618489583333334,0.18597653468235112,1.9860796928405762,,True,priority,competitive
priority_competitive,44,600,6,2,0.9788411458333334,0.9808593750000001,0.9788411458333334,0.17734915184900654,2.9006576538085938,,True,priority,competitive
priority_competitive,44,900,4,0,0.85693359375,0.7857421875000001,0.85693359375,0.2653890076393024,0.7995632886886597,,True,priority,competitive
priority_competitive,44,900,4,1,0.9728190104166667,0.966015625,0.9728190104166667,0.2304436994806505,2.422236442565918,,True,priority,competitive
priority_competitive,44,900,4,2,0.9874674479166666,0.9849609375,0.9874674479166666,0.22166820003366552,3.5248863697052,,True,priority,competitive
priority_competitive,44,900,6,0,0.8516276041666668,0.8088169642857144,0.8516276041666668,0.22764183685110045,0.8526467084884644,,True,priority,competitive
priority_competitive,44,900,6,1,0.9739583333333334,0.9757254464285715,0.9739583333333334,0.1839055451040398,2.594911813735962,,True,priority,competitive
priority_competitive,44,900,6,2,0.9862630208333334,0.987388392857143,0.9862630208333334,0.17590216738926664,3.789517402648926,,True,priority,competitive
priority_competitive,55,300,4,0,0.8583984375,0.790234375,0.8583984375,0.26788138374681947,0.49408596754074097,,True,priority,competitive
priority_competitive,55,300,4,1,0.9534505208333334,0.9384765625,0.9534505208333334,0.23792979667225483,0.7882206439971924,,True,priority,competitive
priority_competitive,55,300,4,2,0.9707031250000001,0.9623046875000001,0.9707031250000001,0.23490604883872337,0.9632534980773926,,True,priority,competitive
priority_competitive,55,300,6,0,0.8567708333333335,0.8121093750000001,0.8567708333333335,0.22778427344839644,0.5359986424446106,,True,priority,competitive
priority_competitive,55,300,6,1,0.9495442708333335,0.9496651785714287,0.9495442708333335,0.19117770483770266,0.8455963134765625,,True,priority,competitive
priority_competitive,55,300,6,2,0.9668619791666668,0.9689174107142858,0.9668619791666668,0.18772864858351906,1.032974123954773,,True,priority,competitive
priority_competitive,55,600,4,0,0.9225260416666667,0.8953125000000001,0.9225260416666667,0.24150447733531613,0.845012903213501,,True,priority,competitive
priority_competitive,55,600,4,1,0.9724934895833334,0.9654296875,0.9724934895833334,0.23294967129526578,1.453711748123169,,True,priority,competitive
priority_competitive,55,600,4,2,0.9806315104166667,0.976171875,0.9806315104166667,0.23105149397043262,1.7739133834838867,,True,priority,competitive
priority_competitive,55,600,6,0,0.9238281250000001,0.9179129464285716,0.9238281250000001,0.19701042900177085,0.9108941555023193,,True,priority,competitive
priority_competitive,55,600,6,1,0.9722656250000001,0.97421875,0.9722656250000001,0.18631566820558995,1.5600056648254395,,True,priority,competitive
priority_competitive,55,600,6,2,0.9786458333333334,0.9805803571428573,0.9786458333333334,0.1843945273018616,1.9030133485794067,,True,priority,competitive
priority_competitive,55,900,4,0,0.93798828125,0.9189453125,0.93798828125,0.23729691049913904,1.1321494579315186,,True,priority,competitive
priority_competitive,55,900,4,1,0.984375,0.9810546875000001,0.984375,0.23090266831780532,1.9862473011016846,,True,priority,competitive
priority_competitive,55,900,4,2,0.9894205729166667,0.9873046875,0.9894205729166667,0.22864918521743857,2.436537742614746,,True,priority,competitive
priority_competitive,55,900,6,0,0.9389322916666667,0.9371093750000001,0.9389322916666667,0.19170424586295193,1.2186744213104248,,True,priority,competitive
priority_competitive,55,900,6,1,0.9842447916666668,0.9859375000000001,0.9842447916666668,0.18363055514198348,2.1332173347473145,,True,priority,competitive
priority_competitive,55,900,6,2,0.9897786458333333,0.9909040178571429,0.9897786458333333,0.1815978958576283,2.6163077354431152,,True,priority,competitive
priority_competitive,66,300,4,0,0.8312174479166667,0.73203125,0.8312174479166667,0.28674586939807717,0.40695202350616455,,True,priority,competitive
priority_competitive,66,300,4,1,0.9542643229166667,0.9412109375,0.9542643229166667,0.23239257111220382,0.9018083810806274,,True,priority,competitive
priority_competitive,66,300,4,2,0.9694010416666667,0.9613281250000001,0.9694010416666667,0.22913312375396766,1.3043227195739746,,True,priority,competitive
priority_competitive,66,300,6,0,0.8333984375000001,0.7663504464285715,0.8333984375000001,0.2466481267568781,0.4295575022697449,,True,priority,competitive
priority_competitive,66,300,6,1,0.9587890625000002,0.9597656250000001,0.9587890625000002,0.1844917211525889,0.969358503818512,,True,priority,competitive
priority_competitive,66,300,6,2,0.9703125000000001,0.9724330357142859,0.9703125000000001,0.1822907857082654,1.4002572298049927,,True,priority,competitive
priority_competitive,66,600,4,0,0.888671875,0.8386718750000002,0.888671875,0.25617520413030026,0.5976672768592834,,True,priority,competitive
priority_competitive,66,600,4,1,0.9716796875,0.9646484375000002,0.9716796875,0.23227631107836677,1.5787930488586426,,True,priority,competitive
priority_competitive,66,600,4,2,0.97705078125,0.9712890625,0.97705078125,0.22979939055082033,2.242729425430298,,True,priority,competitive
priority_competitive,66,600,6,0,0.8860677083333335,0.8598214285714287,0.8860677083333335,0.21376687216137286,0.6332661509513855,,True,priority,competitive
priority_competitive,66,600,6,1,0.9713541666666667,0.9734375000000002,0.9713541666666667,0.18555635268283066,1.6933733224868774,,True,priority,competitive
priority_competitive,66,600,6,2,0.9787760416666668,0.9802455357142859,0.9787760416666668,0.18330094121423757,2.4059104919433594,,True,priority,competitive
priority_competitive,66,900,4,0,0.9213867187500001,0.8892578125000001,0.9213867187500001,0.24434722640729636,0.7360527515411377,,True,priority,competitive
priority_competitive,66,900,4,1,0.97900390625,0.9736328125000001,0.97900390625,0.23004251707873563,2.0610058307647705,,True,priority,competitive
priority_competitive,66,900,4,2,0.9855143229166667,0.9818359375,0.9855143229166667,0.22878065469363096,2.9825987815856934,,True,priority,competitive
priority_competitive,66,900,6,0,0.9195312500000001,0.9097656250000001,0.9195312500000001,0.20013000232792735,0.7822794914245605,,True,priority,competitive
priority_competitive,66,900,6,1,0.9791015625,0.9810267857142858,0.9791015625,0.1829022249698963,2.211122512817383,,True,priority,competitive
priority_competitive,66,900,6,2,0.9852213541666668,0.9869977678571429,0.9852213541666668,0.18171927062859666,3.201551914215088,,True,priority,competitive
priority_competitive,77,300,4,0,0.8349609375,0.7523437500000001,0.8349609375,0.2741480122545567,0.428847998380661,,True,priority,competitive
priority_competitive,77,300,4,1,0.955078125,0.9417968750000001,0.955078125,0.23182792512471437,0.8212480545043945,,True,priority,competitive
priority_competitive,77,300,4,2,0.9728190104166667,0.9650390625,0.9728190104166667,0.22643238854632602,0.9763585329055786,,True,priority,competitive
priority_competitive,77,300,6,0,0.8412760416666667,0.7953683035714286,0.8412760416666667,0.2298255930162387,0.467282235622406,,True,priority,competitive
priority_competitive,77,300,6,1,0.9565104166666668,0.9568638392857144,0.9565104166666668,0.18550651689085035,0.8846914768218994,,True,priority,competitive
priority_competitive,77,300,6,2,0.9729166666666667,0.9742187500000001,0.9729166666666667,0.18134570111612128,1.0503208637237549,,True,priority,competitive
priority_competitive,77,600,4,0,0.8994140625,0.8623046875000001,0.8994140625,0.24911907370075326,0.7140446305274963,,True,priority,competitive
priority_competitive,77,600,4,1,0.9734700520833333,0.9662109375000001,0.9734700520833333,0.2318474950778211,1.5029250383377075,,True,priority,competitive
priority_competitive,77,600,4,2,0.978515625,0.9732421875,0.978515625,0.2286445850474176,1.8276500701904297,,True,priority,competitive
priority_competitive,77,600,6,0,0.9027994791666668,0.8902343750000001,0.9027994791666668,0.20186989507095687,0.7745153903961182,,True,priority,competitive
priority_competitive,77,600,6,1,0.9746744791666668,0.9766183035714286,0.9746744791666668,0.18400881389147397,1.6140607595443726,,True,priority,competitive
priority_competitive,77,600,6,2,0.9799479166666667,0.9819196428571428,0.9799479166666667,0.1814540382011943,1.9620312452316284,,True,priority,competitive
priority_competitive,77,900,4,0,0.9176432291666667,0.8890625000000001,0.9176432291666667,0.24273136543356896,0.9461320638656616,,True,priority,competitive
priority_competitive,77,900,4,1,0.978515625,0.9730468750000001,0.978515625,0.2331021681477613,2.0200133323669434,,True,priority,competitive
priority_competitive,77,900,4,2,0.984375,0.9806640625,0.984375,0.22972077946232253,2.457167625427246,,True,priority,competitive
priority_competitive,77,900,6,0,0.9220703125,0.9158482142857144,0.9220703125,0.1954207672333178,1.0232092142105103,,True,priority,competitive
priority_competitive,77,900,6,1,0.9772786458333333,0.9789620535714286,0.9772786458333333,0.18541366974591383,2.1695404052734375,,True,priority,competitive
priority_competitive,77,900,6,2,0.9845703125000002,0.9862723214285715,0.9845703125000002,0.18257852228560426,2.637296199798584,,True,priority,competitive
priority_competitive,88,300,4,0,0.7906901041666667,0.6572265625,0.7906901041666667,0.30027934078661705,0.46412408351898193,,True,priority,competitive
priority_competitive,88,300,4,1,0.9425455729166667,0.9251953125000001,0.9425455729166667,0.23566921720235437,0.9821364879608154,,True,priority,competitive
priority_competitive,88,300,4,2,0.9661458333333334,0.9576171875000001,0.9661458333333334,0.2261919958448864,1.4611883163452148,,True,priority,competitive
priority_competitive,88,300,6,0,0.7861328125,0.6821428571428572,0.7861328125,0.26421132170181794,0.5015281438827515,,True,priority,competitive
priority_competitive,88,300,6,1,0.9424479166666668,0.9405691964285716,0.9424479166666668,0.1894000576342896,1.0568325519561768,,True,priority,competitive
priority_competitive,88,300,6,2,0.9632161458333335,0.9645647321428572,0.9632161458333335,0.18031343749516016,1.5725173950195312,,True,priority,competitive
priority_competitive,88,600,4,0,0.8497721354166667,0.7751953125000001,0.8497721354166667,0.2728013625865925,0.6779457926750183,,True,priority,competitive
priority_competitive,88,600,4,1,0.9615885416666667,0.9517578125000001,0.9615885416666667,0.2315853639163734,1.6776759624481201,,True,priority,competitive
priority_competitive,88,600,4,2,0.9755859375,0.9695312500000001,0.9755859375,0.2242067550274391,2.4938888549804688,,True,priority,competitive
priority_competitive,88,600,6,0,0.8453125000000001,0.7985491071428572,0.8453125000000001,0.232815361368499,0.7305278778076172,,True,priority,competitive
priority_competitive,88,600,6,1,0.9587239583333335,0.9594866071428572,0.9587239583333335,0.18531276598971133,1.8034907579421997,,True,priority,competitive
priority_competitive,88,600,6,2,0.9737630208333334,0.9755580357142858,0.9737630208333334,0.1783352988691681,2.6805777549743652,,True,priority,competitive
priority_competitive,88,900,4,0,0.8829752604166667,0.83515625,0.8829752604166667,0.2586787143011541,0.8236370086669922,,True,priority,competitive
priority_competitive,88,900,4,1,0.97607421875,0.9701171875000001,0.97607421875,0.2335640999412544,2.191124200820923,,True,priority,competitive
priority_competitive,88,900,4,2,0.9905598958333334,0.9884765625,0.9905598958333334,0.2262725272731327,3.391630172729492,,True,priority,competitive
priority_competitive,88,900,6,0,0.8762369791666669,0.848828125,0.8762369791666669,0.21662074382995233,0.8857613801956177,,True,priority,competitive
priority_competitive,88,900,6,1,0.9752604166666667,0.9769531250000001,0.9752604166666667,0.18633395993098892,2.350611686706543,,True,priority,competitive
priority_competitive,88,900,6,2,0.9873697916666667,0.9888392857142858,0.9873697916666667,0.1797334142861806,3.642221212387085,,True,priority,competitive
priority_scan,11,300,4,0,0.8269856770833335,0.7296875,0.8269856770833335,0.2769011122166823,0.3766665458679199,,True,priority,scan
priority_scan,11,300,4,1,0.9493815104166667,0.9345703125000001,0.9493815104166667,0.2446849347976262,1.7411742210388184,,True,priority,scan
priority_scan,11,300,4,2,0.9580078125,0.9470703125000001,0.9580078125,0.202096046094445,2.175163984298706,,True,priority,scan
priority_scan,11,300,6,0,0.815625,0.7513950892857143,0.815625,0.24134522374005798,0.4043349325656891,,True,priority,scan
priority_scan,11,300,6,1,0.9499348958333336,0.9506696428571431,0.9499348958333336,0.2011571785645025,1.8748857975006104,,True,priority,scan
priority_scan,11,300,6,2,0.9600260416666668,0.9621651785714287,0.9600260416666668,0.1860378952241654,2.2368271350860596,,True,priority,scan
priority_scan,11,600,4,0,0.8528645833333334,0.7835937500000001,0.8528645833333334,0.267624171601921,0.43655508756637573,,True,priority,scan
priority_scan,11,600,4,1,0.9728190104166667,0.9664062500000001,0.9728190104166667,0.24511698708734028,2.5102429389953613,,True,priority,scan
priority_scan,11,600,4,2,0.9768880208333334,0.9716796875,0.9768880208333334,0.22290015402093152,3.6803998947143555,,True,priority,scan
priority_scan,11,600,6,0,0.8448567708333334,0.8065290178571429,0.8448567708333334,0.22922551595743776,0.46915826201438904,,True,priority,scan
priority_scan,11,600,6,1,0.9666666666666668,0.9689174107142858,0.9666666666666668,0.20417012624003802,2.720777988433838,,True,priority,scan
priority_scan,11,600,6,2,0.9711588541666667,0.9734933035714286,0.9711588541666667,0.20509494138107137,3.473559856414795,,True,priority,scan
priority_scan,11,900,4,0,0.876953125,0.8216796875000001,0.876953125,0.25999756100332067,0.4580983519554138,,True,priority,scan
priority_scan,11,900,4,1,0.9812825520833334,0.9767578125,0.9812825520833334,0.24776423600988173,2.7960457801818848,,True,priority,scan
priority_scan,11,900,4,2,0.9811197916666667,0.9767578125,0.9811197916666667,0.239654310118406,3.669654607772827,,True,priority,scan
priority_scan,11,900,6,0,0.8695312500000001,0.8439174107142858,0.8695312500000001,0.21964328121674725,0.4925219416618347,,True,priority,scan
priority_scan,11,900,6,1,0.9797526041666667,0.9819196428571428,0.9797526041666667,0.20767850825937637,3.052611827850342,,True,priority,scan
priority_scan,11,900,6,2,0.9815755208333334,0.9834821428571429,0.9815755208333334,0.2091214140254648,3.545881748199463,,True,priority,scan
priority_scan,22,300,4,0,0.7861328125,0.6468750000000001,0.7861328125,0.2997327761621956,0.3189413845539093,,True,priority,scan
priority_scan,22,300,4,1,0.93798828125,0.9183593750000001,0.93798828125,0.2446676347149714,0.9490385055541992,,True,priority,scan
priority_scan,22,300,4,2,0.96142578125,0.9507812500000001,0.96142578125,0.2237649707054061,1.6151647567749023,,True,priority,scan
priority_scan,22,300,6,0,0.7832682291666667,0.6777901785714286,0.7832682291666667,0.260309998867628,0.35187506675720215,,True,priority,scan
priority_scan,22,300,6,1,0.9378906250000001,0.9356584821428572,0.9378906250000001,0.20286008091256552,1.0345072746276855,,True,priority,scan
priority_scan,22,300,6,2,0.9597005208333333,0.960435267857143,0.9597005208333333,0.19626077705577713,1.8205797672271729,,True,priority,scan
priority_scan,22,600,4,0,0.8470052083333334,0.77109375,0.8470052083333334,0.27555293268186937,0.35930106043815613,,True,priority,scan
priority_scan,22,600,4,1,0.9661458333333334,0.9574218750000001,0.9661458333333334,0.25445066357529555,1.9765625,,True,priority,scan
priority_scan,22,600,4,2,0.9700520833333334,0.9630859375,0.9700520833333334,0.2152935712205843,2.361409902572632,,True,priority,scan
priority_scan,22,600,6,0,0.8460286458333335,0.8026227678571429,0.8460286458333335,0.23294859144807287,0.3976936340332031,,True,priority,scan
priority_scan,22,600,6,1,0.9685546875000002,0.9707589285714286,0.9685546875000002,0.21237237592309605,2.1794145107269287,,True,priority,scan
priority_scan,22,600,6,2,0.9720703125000001,0.9741629464285715,0.9720703125000001,0.19472994141821756,2.4916205406188965,,True,priority,scan
priority_scan,22,900,4,0,0.8681640625,0.8085937500000001,0.8681640625,0.2695704944800548,0.3823113739490509,,True,priority,scan
priority_scan,22,900,4,1,0.9814453125,0.97734375,0.9814453125,0.24825751820528932,1.9362988471984863,,True,priority,scan
priority_scan,22,900,4,2,0.98291015625,0.9791015625,0.98291015625,0.21996740007975174,2.6387102603912354,,True,priority,scan
priority_scan,22,900,6,0,0.8664713541666669,0.836997767857143,0.8664713541666669,0.22770258227572335,0.42157208919525146,,True,priority,scan
priority_scan,22,900,6,1,0.9772786458333333,0.9792968750000001,0.9772786458333333,0.2089347300851005,2.1439547538757324,,True,priority,scan
priority_scan,22,900,6,2,0.9792968750000001,0.9812500000000002,0.9792968750000001,0.19747332504364898,2.850229263305664,,True,priority,scan
priority_scan,33,300,4,0,0.82080078125,0.7248046875000002,0.82080078125,0.281852511218811,0.6349722146987915,,True,priority,scan
priority_scan,33,300,4,1,0.9440104166666667,0.9271484375000001,0.9440104166666667,0.23938896292468612,1.4717507362365723,,True,priority,scan
priority_scan,33,300,4,2,0.94873046875,0.93359375,0.94873046875,0.23011464760946687,2.2987308502197266,,True,priority,scan
priority_scan,33,300,6,0,0.8149739583333334,0.7455357142857144,0.8149739583333334,0.2448670993162042,0.6809914708137512,,True,priority,scan
priority_scan,33,300,6,1,0.9404296875000001,0.9382812500000001,0.9404296875000001,0.1939487289444842,1.5773147344589233,,True,priority,scan
priority_scan,33,300,6,2,0.9417317708333335,0.9412946428571429,0.9417317708333335,0.18660727720752845,2.4707374572753906,,True,priority,scan
priority_scan,33,600,4,0,0.86572265625,0.8029296875,0.86572265625,0.26104393458103,0.7360613346099854,,True,priority,scan
priority_scan,33,600,4,1,0.9729817708333334,0.9658203125,0.9729817708333334,0.24184651675103655,2.5112528800964355,,True,priority,scan
priority_scan,33,600,4,2,0.97314453125,0.9656250000000002,0.97314453125,0.21972626243285887,4.480878829956055,,True,priority,scan
priority_scan,33,600,6,0,0.8642578125000002,0.833091517857143,0.8642578125000002,0.21921085167364765,0.786676287651062,,True,priority,scan
priority_scan,33,600,6,1,0.9701822916666667,0.9723772321428572,0.9701822916666667,0.1974535524463419,2.6943883895874023,,True,priority,scan
priority_scan,33,600,6,2,0.9710286458333335,0.97265625,0.9710286458333335,0.1986492012049619,4.434767723083496,,True,priority,scan
priority_scan,33,900,4,0,0.88330078125,0.8330078125000002,0.88330078125,0.2562777343428651,0.7642451524734497,,True,priority,scan
priority_scan,33,900,4,1,0.9744466145833334,0.9683593750000001,0.9744466145833334,0.23911701605356753,3.7974071502685547,,True,priority,scan
priority_scan,33,900,4,2,0.9752604166666667,0.9695312500000001,0.9752604166666667,0.23029900774555614,3.0476911067962646,,True,priority,scan
priority_scan,33,900,6,0,0.8851562500000001,0.8654017857142858,0.8851562500000001,0.21335469569904833,0.8213381171226501,,True,priority,scan
priority_scan,33,900,6,1,0.9724609375000001,0.9741071428571428,0.9724609375000001,0.19788430658586847,4.093684196472168,,True,priority,scan
priority_scan,33,900,6,2,0.9741536458333335,0.9758928571428573,0.9741536458333335,0.19889871130136327,2.965775966644287,,True,priority,scan
priority_scan,44,300,4,0,0.7649739583333334,0.6037109375,0.7649739583333334,0.313787280875502,0.41138315200805664,,True,priority,scan
priority_scan,44,300,4,1,0.9182942708333335,0.889453125,0.9182942708333335,0.2512342123468897,1.114070177078247,,True,priority,scan
priority_scan,44,300,4,2,0.9549153645833334,0.9417968750000001,0.9549153645833334,0.20404566264527288,2.7375755310058594,,True,priority,scan
priority_scan,44,300,6,0,0.7471354166666667,0.5993303571428571,0.7471354166666667,0.2819280620824412,0.44301363825798035,,True,priority,scan
priority_scan,44,300,6,1,0.9180989583333335,0.909263392857143,0.9180989583333335,0.20884230693365033,1.1927947998046875,,True,priority,scan
priority_scan,44,300,6,2,0.9529947916666668,0.9531250000000001,0.9529947916666668,0.18668158402931798,2.8729424476623535,,True,priority,scan
priority_scan,44,600,4,0,0.81787109375,0.7126953125000001,0.81787109375,0.2868902330093681,0.42236658930778503,,True,priority,scan
priority_scan,44,600,4,1,0.9658203125000001,0.95625,0.9658203125000001,0.24357798454708737,1.7823817729949951,,True,priority,scan
priority_scan,44,600,4,2,0.9723307291666667,0.9652343750000001,0.9723307291666667,0.21098776405974692,3.083223342895508,,True,priority,scan
priority_scan,44,600,6,0,0.801953125,0.7150669642857144,0.801953125,0.25155995557665356,0.45352643728256226,,True,priority,scan
priority_scan,44,600,6,1,0.9648437500000001,0.9665736607142859,0.9648437500000001,0.20229085557165746,1.9347786903381348,,True,priority,scan
priority_scan,44,600,6,2,0.9731770833333334,0.9757254464285716,0.9731770833333334,0.18930549245902853,3.2272114753723145,,True,priority,scan
priority_scan,44,900,4,0,0.8409830729166667,0.753125,0.8409830729166667,0.2770384728019304,0.4127817153930664,,True,priority,scan
priority_scan,44,900,4,1,0.9684244791666667,0.9597656250000001,0.9684244791666667,0.23950208827993663,2.2708373069763184,,True,priority,scan
priority_scan,44,900,4,2,0.9765625,0.9705078125,0.9765625,0.21156662787581118,4.411118984222412,,True,priority,scan
priority_scan,44,900,6,0,0.8270182291666668,0.7626674107142858,0.8270182291666668,0.2406029231379738,0.44047021865844727,,True,priority,scan
priority_scan,44,900,6,1,0.9677734375,0.9692522321428572,0.9677734375,0.20339386963818987,2.50302791595459,,True,priority,scan
priority_scan,44,900,6,2,0.9763020833333333,0.9775669642857144,0.9763020833333333,0.19092795588248487,4.593197822570801,,True,priority,scan
priority_scan,55,300,4,0,0.8009440104166667,0.6851562500000001,0.8009440104166667,0.2904873240634405,0.512719452381134,,True,priority,scan
priority_scan,55,300,4,1,0.93115234375,0.9097656250000001,0.93115234375,0.2335942711662026,1.6261441707611084,,True,priority,scan
priority_scan,55,300,4,2,0.9378255208333335,0.9187500000000002,0.9378255208333335,0.21753896690755864,3.515484571456909,,True,priority,scan
priority_scan,55,300,6,0,0.8108072916666667,0.7308035714285714,0.8108072916666667,0.24895820200652857,0.5540422201156616,,True,priority,scan
priority_scan,55,300,6,1,0.9385416666666667,0.9373883928571429,0.9385416666666667,0.1885370492541162,1.7456341981887817,,True,priority,scan
priority_scan,55,300,6,2,0.9387369791666669,0.9376674107142857,0.9387369791666669,0.19127737694167374,3.7549757957458496,,True,priority,scan
priority_scan,55,600,4,0,0.84716796875,0.7755859375,0.84716796875,0.27400829625528494,0.5282098650932312,,True,priority,scan
priority_scan,55,600,4,1,0.9685872395833334,0.9603515625000001,0.9685872395833334,0.23891347138310484,2.1854090690612793,,True,priority,scan
priority_scan,55,600,4,2,0.9718424479166667,0.9646484375,0.9718424479166667,0.2131393104280357,3.3628969192504883,,True,priority,scan
priority_scan,55,600,6,0,0.8457031250000001,0.8025111607142857,0.8457031250000001,0.23126462430708628,0.5693609714508057,,True,priority,scan
priority_scan,55,600,6,1,0.9718098958333334,0.9742745535714286,0.9718098958333334,0.19758024537712693,2.3919239044189453,,True,priority,scan
priority_scan,55,600,6,2,0.973828125,0.9759486607142859,0.973828125,0.19298478933242683,3.541259288787842,,True,priority,scan
priority_scan,55,900,4,0,0.8623046875000001,0.8035156250000001,0.8623046875000001,0.26858777405226836,0.5120798945426941,,True,priority,scan
priority_scan,55,900,4,1,0.9801432291666667,0.9751953125,0.9801432291666667,0.23811888953386182,2.887678384780884,,True,priority,scan
priority_scan,55,900,4,2,0.9830729166666667,0.979296875,0.9830729166666667,0.21472720071483253,4.317882061004639,,True,priority,scan
priority_scan,55,900,6,0,0.8612630208333334,0.8287946428571429,0.8612630208333334,0.2254038316586617,0.5532636046409607,,True,priority,scan
priority_scan,55,900,6,1,0.9792317708333333,0.9810267857142858,0.9792317708333333,0.19785779110889262,3.174156665802002,,True,priority,scan
priority_scan,55,900,6,2,0.9803385416666668,0.9822544642857144,0.9803385416666668,0.19693454533070073,4.499562740325928,,True,priority,scan
priority_scan,66,300,4,0,0.8523763020833334,0.7761718750000001,0.8523763020833334,0.27401232977857315,0.4806438684463501,,True,priority,scan
priority_scan,66,300,4,1,0.9501953125000001,0.9355468750000001,0.9501953125000001,0.23664964959895812,1.1502294540405273,,True,priority,scan
priority_scan,66,300,4,2,0.9479166666666667,0.9328125,0.9479166666666667,0.231727542283595,1.9168518781661987,,True,priority,scan
priority_scan,66,300,6,0,0.8425130208333335,0.7901785714285714,0.8425130208333335,0.23499097005125202,0.5176082253456116,,True,priority,scan
priority_scan,66,300,6,1,0.9432942708333334,0.9414620535714286,0.9432942708333334,0.19230886639298686,1.2353458404541016,,True,priority,scan
priority_scan,66,300,6,2,0.9458333333333335,0.9460379464285715,0.9458333333333335,0.1888313169072815,2.0532138347625732,,True,priority,scan
priority_scan,66,600,4,0,0.8841145833333335,0.8328125000000001,0.8841145833333335,0.26153642527274423,0.6559233665466309,,True,priority,scan
priority_scan,66,600,4,1,0.9759114583333334,0.969921875,0.9759114583333334,0.2466781972923253,2.463839054107666,,True,priority,scan
priority_scan,66,600,4,2,0.9816080729166667,0.9769531250000001,0.9816080729166667,0.2237104740979501,3.657580852508545,,True,priority,scan
priority_scan,66,600,6,0,0.8744791666666668,0.8477678571428573,0.8744791666666668,0.22043296407722526,0.7108635306358337,,True,priority,scan
priority_scan,66,600,6,1,0.971484375,0.9732700892857142,0.971484375,0.20401793344405575,2.6720476150512695,,True,priority,scan
priority_scan,66,600,6,2,0.9791015625,0.9806919642857144,0.9791015625,0.20336208575866666,3.4985527992248535,,True,priority,scan
priority_scan,66,900,4,0,0.9054361979166667,0.8658203125000001,0.9054361979166667,0.257229657555424,0.6633148193359375,,True,priority,scan
priority_scan,66,900,4,1,0.97900390625,0.973828125,0.97900390625,0.23572132937333404,3.9399819374084473,,True,priority,scan
priority_scan,66,900,4,2,0.97900390625,0.973828125,0.97900390625,0.23853178912976866,3.1340205669403076,,True,priority,scan
priority_scan,66,900,6,0,0.8941406250000001,0.8781808035714287,0.8941406250000001,0.2160472546486811,0.7188478708267212,,True,priority,scan
priority_scan,66,900,6,1,0.9772786458333333,0.9793526785714287,0.9772786458333333,0.19353176661697585,4.255241870880127,,True,priority,scan
priority_scan,66,900,6,2,0.97578125,0.9780691964285715,0.97578125,0.20312219849787078,2.9462876319885254,,True,priority,scan
priority_scan,77,300,4,0,0.8177083333333333,0.7191406250000001,0.8177083333333333,0.2822473357379396,0.480208158493042,,True,priority,scan
priority_scan,77,300,4,1,0.9458007812500001,0.9296875,0.9458007812500001,0.23650289193507903,1.2296113967895508,,True,priority,scan
priority_scan,77,300,4,2,0.9607747395833334,0.95,0.9607747395833334,0.22318553331235927,1.830172061920166,,True,priority,scan
priority_scan,77,300,6,0,0.8266276041666667,0.7671875,0.8266276041666667,0.23973476445101866,0.5210667848587036,,True,priority,scan
priority_scan,77,300,6,1,0.9392578125000002,0.9375000000000001,0.9392578125000002,0.19084084607079604,1.3192834854125977,,True,priority,scan
priority_scan,77,300,6,2,0.9568359375000002,0.9585379464285716,0.9568359375000002,0.18040576237159298,1.9597811698913574,,True,priority,scan
priority_scan,77,600,4,0,0.8736979166666667,0.8181640625000002,0.8736979166666667,0.26398514880335966,0.6015101671218872,,True,priority,scan
priority_scan,77,600,4,1,0.9705403645833334,0.9636718750000001,0.9705403645833334,0.2467655863558149,2.6904335021972656,,True,priority,scan
priority_scan,77,600,4,2,0.9705403645833335,0.9638671875,0.9705403645833335,0.22986004556475156,2.56807804107666,,True,priority,scan
priority_scan,77,600,6,0,0.8710286458333334,0.8441964285714287,0.8710286458333334,0.22303460254372384,0.6525677442550659,,True,priority,scan
priority_scan,77,600,6,1,0.9682291666666668,0.9702566964285715,0.9682291666666668,0.20445624687081582,2.9126553535461426,,True,priority,scan
priority_scan,77,600,6,2,0.9714192708333333,0.9734933035714286,0.9714192708333333,0.2026561246499758,2.5857787132263184,,True,priority,scan
priority_scan,77,900,4,0,0.8961588541666667,0.8550781250000001,0.8961588541666667,0.2567413834122809,0.6442786455154419,,True,priority,scan
priority_scan,77,900,4,1,0.9778645833333333,0.971875,0.9778645833333333,0.23993573937163495,3.8388314247131348,,True,priority,scan
priority_scan,77,900,4,2,0.98193359375,0.977734375,0.98193359375,0.23161651750184106,2.673210620880127,,True,priority,scan
priority_scan,77,900,6,0,0.8959635416666668,0.8803013392857144,0.8959635416666668,0.2153041131010945,0.6979695558547974,,True,priority,scan
priority_scan,77,900,6,1,0.9781901041666667,0.9796316964285715,0.9781901041666667,0.19941473150886868,4.1524810791015625,,True,priority,scan
priority_scan,77,900,6,2,0.9814453125000001,0.9832031250000001,0.9814453125000001,0.1980167612979964,2.5883538722991943,,True,priority,scan
priority_scan,88,300,4,0,0.7830403645833334,0.6332031250000001,0.7830403645833334,0.30966574931678803,0.42543402314186096,,True,priority,scan
priority_scan,88,300,4,1,0.92724609375,0.9021484375000001,0.92724609375,0.24619801735595895,1.5249056816101074,,True,priority,scan
priority_scan,88,300,4,2,0.9532877604166667,0.9398437500000001,0.9532877604166667,0.20623320645238125,2.5955657958984375,,True,priority,scan
priority_scan,88,300,6,0,0.7781250000000001,0.6567522321428572,0.7781250000000001,0.2729943903666761,0.4579774737358093,,True,priority,scan
priority_scan,88,300,6,1,0.9271484375000001,0.9207031250000002,0.9271484375000001,0.20490016605117709,1.6490305662155151,,True,priority,scan
priority_scan,88,300,6,2,0.9500000000000002,0.950390625,0.9500000000000002,0.18593243726148567,2.716798782348633,,True,priority,scan
priority_scan,88,600,4,0,0.80126953125,0.6792968750000001,0.80126953125,0.2942010054110614,0.45219090580940247,,True,priority,scan
priority_scan,88,600,4,1,0.9635416666666667,0.9537109375000001,0.9635416666666667,0.24593497567347938,2.6382460594177246,,True,priority,scan
priority_scan,88,600,4,2,0.974609375,0.9685546875,0.974609375,0.23114084582690014,3.4179165363311768,,True,priority,scan
priority_scan,88,600,6,0,0.8018880208333334,0.7063058035714286,0.8018880208333334,0.2560372217506439,0.4867469072341919,,True,priority,scan
priority_scan,88,600,6,1,0.9634765625,0.9648995535714286,0.9634765625,0.2055655820201853,2.862589120864868,,True,priority,scan
priority_scan,88,600,6,2,0.9721354166666667,0.9738839285714286,0.9721354166666667,0.20703465844569302,3.434666633605957,,True,priority,scan
priority_scan,88,900,4,0,0.83056640625,0.7337890625000001,0.83056640625,0.28264234732602833,0.46414902806282043,,True,priority,scan
priority_scan,88,900,4,1,0.9703776041666667,0.9625,0.9703776041666667,0.24585871295012335,3.090381383895874,,True,priority,scan
priority_scan,88,900,4,2,0.97265625,0.9652343750000001,0.97265625,0.23446794552498715,3.530433177947998,,True,priority,scan
priority_scan,88,900,6,0,0.8250651041666668,0.7537388392857143,0.8250651041666668,0.2435556001774625,0.4987294673919678,,True,priority,scan
priority_scan,88,900,6,1,0.96484375,0.9666852678571429,0.96484375,0.20666197474756565,3.381801128387451,,True,priority,scan
priority_scan,88,900,6,2,0.9700520833333334,0.9722098214285715,0.9700520833333334,0.20704282448967892,3.337019443511963,,True,priority,scan
position_competitive,11,300,4,0,0.9015299479166667,0.865234375,0.9015299479166667,0.24777058371964128,0.08005349338054657,,True,position,competitive
position_competitive,11,300,4,1,0.9698893229166667,0.9623046875000001,0.9698893229166667,0.22699468354949845,0.2424476146697998,,True,position,competitive
position_competitive,11,300,4,2,0.9710286458333334,0.9640625,0.9710286458333334,0.15327943077875913,0.31017786264419556,,True,position,competitive
position_competitive,11,300,6,0,0.9016927083333335,0.8892857142857143,0.9016927083333335,0.20533416771471796,0.08639794588088989,,True,position,competitive
position_competitive,11,300,6,1,0.9646484375000002,0.9666294642857144,0.9646484375000002,0.18217009477393126,0.26023733615875244,,True,position,competitive
position_competitive,11,300,6,2,0.9664713541666667,0.9689732142857145,0.9664713541666667,0.12426572670449293,0.3232288360595703,,True,position,competitive
position_competitive,11,600,4,0,0.9248046875000001,0.9,0.9248046875000001,0.24391336476998693,0.0886601060628891,,True,position,competitive
position_competitive,11,600,4,1,0.9811197916666667,0.9767578125,0.9811197916666667,0.23408718797849007,0.29541000723838806,,True,position,competitive
position_competitive,11,600,4,2,0.9811197916666667,0.9765625,0.9811197916666667,0.1318754726119734,0.3198920488357544,,True,position,competitive
position_competitive,11,600,6,0,0.9192057291666668,0.9128348214285715,0.9192057291666668,0.20037075101189838,0.09546025097370148,,True,position,competitive
position_competitive,11,600,6,1,0.9794921875000001,0.9813058035714286,0.9794921875000001,0.19039332419120794,0.31553107500076294,,True,position,competitive
position_competitive,11,600,6,2,0.9790364583333334,0.9808035714285716,0.9790364583333334,0.10741873457767248,0.3267825245857239,,True,position,competitive
position_competitive,11,900,4,0,0.9246419270833334,0.9003906250000001,0.9246419270833334,0.2509752025381793,0.10697914659976959,,True,position,competitive
position_competitive,11,900,4,1,0.9837239583333334,0.9794921875,0.9837239583333334,0.20440141176271923,0.37665605545043945,,True,position,competitive
position_competitive,11,900,4,2,0.9812825520833334,0.9767578125,0.9812825520833334,0.10656728178375154,0.3144921362400055,,True,position,competitive
position_competitive,11,900,6,0,0.9159505208333335,0.9077008928571428,0.9159505208333335,0.2096308621883728,0.1156647652387619,,True,position,competitive
position_competitive,11,900,6,1,0.9815104166666668,0.9830357142857142,0.9815104166666668,0.17176358575929154,0.3904625177383423,,True,position,competitive
position_competitive,11,900,6,2,0.9778645833333335,0.9799107142857144,0.9778645833333335,0.0887901655442668,0.32140493392944336,,True,position,competitive
position_competitive,22,300,4,0,0.8704427083333335,0.81171875,0.8704427083333335,0.26570851597171463,0.06564556062221527,,True,position,competitive
position_competitive,22,300,4,1,0.9562174479166667,0.9429687500000001,0.9562174479166667,0.23093449145733394,0.21388399600982666,,True,position,competitive
position_competitive,22,300,4,2,0.9708658854166667,0.9640625,0.9708658854166667,0.15781506602249426,0.30871742963790894,,True,position,competitive
position_competitive,22,300,6,0,0.8651041666666668,0.8349888392857143,0.8651041666666668,0.22337084984329142,0.07038971781730652,,True,position,competitive
position_competitive,22,300,6,1,0.9509765625000002,0.9512834821428573,0.9509765625000002,0.1881993546103366,0.22854536771774292,,True,position,competitive
position_competitive,22,300,6,2,0.9675130208333333,0.9695870535714286,0.9675130208333333,0.13087416092736123,0.3211679756641388,,True,position,competitive
position_competitive,22,600,4,0,0.8974609375,0.8542968750000001,0.8974609375,0.2566904654652564,0.06754009425640106,,True,position,competitive
position_competitive,22,600,4,1,0.9767252604166667,0.9703125,0.9767252604166667,0.23425605821378145,0.2810590863227844,,True,position,competitive
position_competitive,22,600,4,2,0.9755859375,0.9697265625,0.9755859375,0.13574088740127818,0.3186427354812622,,True,position,competitive
position_competitive,22,600,6,0,0.8964192708333334,0.8810267857142858,0.8964192708333334,0.21348056249838876,0.07259835302829742,,True,position,competitive
position_competitive,22,600,6,1,0.9751302083333334,0.9765625,0.9751302083333334,0.192821526117132,0.298854798078537,,True,position,competitive
position_competitive,22,600,6,2,0.9754557291666668,0.9771763392857142,0.9754557291666668,0.10945362727924117,0.3264150321483612,,True,position,competitive
position_competitive,22,900,4,0,0.9086914062500001,0.8734375000000001,0.9086914062500001,0.26100860321668606,0.07532194256782532,,True,position,competitive
position_competitive,22,900,4,1,0.9796549479166667,0.975,0.9796549479166667,0.211990141375534,0.3608473837375641,,True,position,competitive
position_competitive,22,900,4,2,0.9822591145833334,0.978125,0.9822591145833334,0.11201722642108404,0.329306960105896,,True,position,competitive
position_competitive,22,900,6,0,0.9010416666666667,0.8882812500000001,0.9010416666666667,0.21986164274479011,0.0810561552643776,,True,position,competitive
position_competitive,22,900,6,1,0.9773437500000001,0.979575892857143,0.9773437500000001,0.17748105333324693,0.37646612524986267,,True,position,competitive
position_competitive,22,900,6,2,0.9789062500000001,0.9808035714285714,0.9789062500000001,0.09234945204923731,0.33778151869773865,,True,position,competitive
position_competitive,33,300,4,0,0.8946940104166667,0.852734375,0.8946940104166667,0.2508275099407354,0.09495977312326431,,True,position,competitive
position_competitive,33,300,4,1,0.9537760416666667,0.9400390625000001,0.9537760416666667,0.22798393871904019,0.2146863341331482,,True,position,competitive
position_competitive,33,300,4,2,0.9654947916666667,0.95625,0.9654947916666667,0.15511623349810258,0.3084918260574341,,True,position,competitive
position_competitive,33,300,6,0,0.8882161458333335,0.8698102678571429,0.8882161458333335,0.20805462757663382,0.10218557715415955,,True,position,competitive
position_competitive,33,300,6,1,0.9565104166666667,0.958203125,0.9565104166666667,0.18428345981497873,0.229755699634552,,True,position,competitive
position_competitive,33,300,6,2,0.9646484375000002,0.9664062500000001,0.9646484375000002,0.12692511188015912,0.3213652968406677,,True,position,competitive
position_competitive,33,600,4,0,0.93017578125,0.9078125000000001,0.93017578125,0.2402187037453666,0.1042807325720787,,True,position,competitive
position_competitive,33,600,4,1,0.9747721354166667,0.9685546875,0.9747721354166667,0.23594683301379477,0.2553887367248535,,True,position,competitive
position_competitive,33,600,4,2,0.98193359375,0.977734375,0.98193359375,0.1478786206700085,0.3155421018600464,,True,position,competitive
position_competitive,33,600,6,0,0.9247395833333334,0.9196428571428572,0.9247395833333334,0.19585382989763803,0.11195892095565796,,True,position,competitive
position_competitive,33,600,6,1,0.9776692708333334,0.9796316964285715,0.9776692708333334,0.1909896757442634,0.272710919380188,,True,position,competitive
position_competitive,33,600,6,2,0.9794270833333334,0.981529017857143,0.9794270833333334,0.11815174566932302,0.32723698019981384,,True,position,competitive
position_competitive,33,900,4,0,0.9290364583333335,0.9066406250000001,0.9290364583333335,0.24149794921822215,0.1137712299823761,,True,position,competitive
position_competitive,33,900,4,1,0.98046875,0.9761718750000001,0.98046875,0.21753981100919562,0.3419846296310425,,True,position,competitive
position_competitive,33,900,4,2,0.98291015625,0.979296875,0.98291015625,0.11425714186055237,0.32110604643821716,,True,position,competitive
position_competitive,33,900,6,0,0.9253906250000001,0.9210379464285715,0.9253906250000001,0.19748464433812674,0.12241708487272263,,True,position,competitive
position_competitive,33,900,6,1,0.9809244791666667,0.982700892857143,0.9809244791666667,0.17956101596950186,0.35885855555534363,,True,position,competitive
position_competitive,33,900,6,2,0.9839192708333333,0.9854352678571429,0.9839192708333333,0.0925750334580801,0.3244086802005768,,True,position,competitive
position_competitive,44,300,4,0,0.865234375,0.8062500000000001,0.865234375,0.2608680285317257,0.06672196090221405,,True,position,competitive
position_competitive,44,300,4,1,0.9529622395833335,0.9388671875000001,0.9529622395833335,0.22879627360122537,0.22110724449157715,,True,position,competitive
position_competitive,44,300,4,2,0.9615885416666667,0.9505859375000001,0.9615885416666667,0.15528101509324674,0.3145604133605957,,True,position,competitive
position_competitive,44,300,6,0,0.8616536458333335,0.8291294642857143,0.8616536458333335,0.22140777408179768,0.0711832195520401,,True,position,competitive
position_competitive,44,300,6,1,0.9587890625000002,0.9607700892857144,0.9587890625000002,0.18447460613978897,0.2362784892320633,,True,position,competitive
position_competitive,44,300,6,2,0.9665364583333333,0.9671875000000001,0.9665364583333333,0.1256314754435812,0.3257768750190735,,True,position,competitive
position_competitive,44,600,4,0,0.8953450520833335,0.853515625,0.8953450520833335,0.2520359923032472,0.07401867210865021,,True,position,competitive
position_competitive,44,600,4,1,0.96826171875,0.9609375,0.96826171875,0.2309081836213705,0.2625512182712555,,True,position,competitive
position_competitive,44,600,4,2,0.9724934895833334,0.9662109375000001,0.9724934895833334,0.15047448552445628,0.31744644045829773,,True,position,competitive
position_competitive,44,600,6,0,0.8909505208333335,0.8748325892857144,0.8909505208333335,0.21085840135572648,0.07896849513053894,,True,position,competitive
position_competitive,44,600,6,1,0.9688151041666667,0.9713169642857145,0.9688151041666667,0.18538365831598175,0.27988940477371216,,True,position,competitive
position_competitive,44,600,6,2,0.9727864583333334,0.9744977678571429,0.9727864583333334,0.11974043903529973,0.32896775007247925,,True,position,competitive
position_competitive,44,900,4,0,0.8966471354166667,0.8556640625,0.8966471354166667,0.2558642403786486,0.08516429364681244,,True,position,competitive
position_competitive,44,900,4,1,0.9796549479166667,0.9748046875,0.9796549479166667,0.2158582455989865,0.32798823714256287,,True,position,competitive
position_competitive,44,900,4,2,0.9806315104166666,0.9765625,0.9806315104166666,0.11864924033960751,0.3217983543872833,,True,position,competitive
position_competitive,44,900,6,0,0.8862630208333335,0.8669084821428572,0.8862630208333335,0.21590676052942848,0.09078197181224823,,True,position,competitive
position_competitive,44,900,6,1,0.9802083333333333,0.9823660714285716,0.9802083333333333,0.17886719983700497,0.3441307544708252,,True,position,competitive
position_competitive,44,900,6,2,0.9783854166666668,0.9805803571428573,0.9783854166666668,0.09665762945421254,0.32414931058883667,,True,position,competitive
position_competitive,55,300,4,0,0.8343098958333334,0.7490234375000001,0.8343098958333334,0.2719750439695897,0.0870494395494461,,True,position,competitive
position_competitive,55,300,4,1,0.9373372395833334,0.9169921875000001,0.9373372395833334,0.22811383876721972,0.22076952457427979,,True,position,competitive
position_competitive,55,300,4,2,0.9664713541666667,0.95703125,0.9664713541666667,0.158820496795653,0.30313774943351746,,True,position,competitive
position_competitive,55,300,6,0,0.8347656250000002,0.7824776785714287,0.8347656250000002,0.23248846462427303,0.09277842938899994,,True,position,competitive
position_competitive,55,300,6,1,0.9357421875,0.9328683035714287,0.9357421875,0.1849612836178734,0.23422934114933014,,True,position,competitive
position_competitive,55,300,6,2,0.96875,0.9703683035714288,0.96875,0.12989372461407805,0.31561022996902466,,True,position,competitive
position_competitive,55,600,4,0,0.8815104166666667,0.8320312500000001,0.8815104166666667,0.2562926032876173,0.09042215347290039,,True,position,competitive
position_competitive,55,600,4,1,0.9700520833333334,0.9623046875000001,0.9700520833333334,0.22858502565779354,0.25183185935020447,,True,position,competitive
position_competitive,55,600,4,2,0.9777018229166667,0.97265625,0.9777018229166667,0.1498376907223111,0.3154641091823578,,True,position,competitive
position_competitive,55,600,6,0,0.8824218750000001,0.8619977678571429,0.8824218750000001,0.21378260468391003,0.09676443040370941,,True,position,competitive
position_competitive,55,600,6,1,0.9691406250000001,0.9712053571428573,0.9691406250000001,0.18460641427967034,0.26811742782592773,,True,position,competitive
position_competitive,55,600,6,2,0.9770833333333334,0.9791852678571429,0.9770833333333334,0.12095851624204768,0.3272707462310791,,True,position,competitive
position_competitive,55,900,4,0,0.8937174479166667,0.8498046875,0.8937174479166667,0.255313709851635,0.09781771898269653,,True,position,competitive
position_competitive,55,900,4,1,0.9812825520833334,0.9773437500000001,0.9812825520833334,0.22256358654032,0.307850182056427,,True,position,competitive
position_competitive,55,900,4,2,0.982421875,0.9787109375,0.982421875,0.13713699038555405,0.3376462459564209,,True,position,competitive
position_competitive,55,900,6,0,0.8949218750000001,0.8810267857142858,0.8949218750000001,0.2121663281051172,0.1048739105463028,,True,position,competitive
position_competitive,55,900,6,1,0.9807942708333334,0.9825334821428572,0.9807942708333334,0.18417961400467728,0.3253086507320404,,True,position,competitive
position_competitive,55,900,6,2,0.9830729166666667,0.9848214285714286,0.9830729166666667,0.11206906272580697,0.34338313341140747,,True,position,competitive
position_competitive,66,300,4,0,0.853515625,0.7845703125000001,0.853515625,0.2653908917338016,0.09744735062122345,,True,position,competitive
position_competitive,66,300,4,1,0.9469401041666667,0.9312500000000001,0.9469401041666667,0.2297042377143189,0.2240644097328186,,True,position,competitive
position_competitive,66,300,4,2,0.9718424479166667,0.96484375,0.9718424479166667,0.15401744083757543,0.31494319438934326,,True,position,competitive
position_competitive,66,300,6,0,0.8552734375000002,0.8185267857142857,0.8552734375000002,0.2229116115435228,0.10524919629096985,,True,position,competitive
position_competitive,66,300,6,1,0.9486979166666668,0.9486607142857144,0.9486979166666668,0.18364336383108068,0.24193419516086578,,True,position,competitive
position_competitive,66,300,6,2,0.9711588541666668,0.9734933035714286,0.9711588541666668,0.12422670652003502,0.3266458213329315,,True,position,competitive
position_competitive,66,600,4,0,0.8987630208333334,0.8593750000000001,0.8987630208333334,0.24862460652406523,0.11475683003664017,,True,position,competitive
position_competitive,66,600,4,1,0.9694010416666667,0.9617187500000001,0.9694010416666667,0.2403210872722603,0.2625095844268799,,True,position,competitive
position_competitive,66,600,4,2,0.9734700520833334,0.966796875,0.9734700520833334,0.14334617427232846,0.32105642557144165,,True,position,competitive
position_competitive,66,600,6,0,0.8999348958333335,0.8865513392857144,0.8999348958333335,0.20470897824753007,0.1234191507101059,,True,position,competitive
position_competitive,66,600,6,1,0.9694010416666667,0.9705915178571429,0.9694010416666667,0.19535309177131782,0.284196674823761,,True,position,competitive
position_competitive,66,600,6,2,0.9697916666666668,0.9713169642857145,0.9697916666666668,0.11709071495588941,0.33008527755737305,,True,position,competitive
position_competitive,66,900,4,0,0.9259440104166667,0.900390625,0.9259440104166667,0.24376014594563003,0.1183258593082428,,True,position,competitive
position_competitive,66,900,4,1,0.9807942708333334,0.9759765625000001,0.9807942708333334,0.21024372597970226,0.3512212932109833,,True,position,competitive
position_competitive,66,900,4,2,0.9853515625,0.98203125,0.9853515625,0.10901095120821667,0.3324674367904663,,True,position,competitive
position_competitive,66,900,6,0,0.9287109375000001,0.9243861607142858,0.9287109375000001,0.19897698967968688,0.1266019493341446,,True,position,competitive
position_competitive,66,900,6,1,0.9805338541666667,0.9821986607142859,0.9805338541666667,0.1720739656883097,0.368070125579834,,True,position,competitive
position_competitive,66,900,6,2,0.9818359375000001,0.9837611607142858,0.9818359375000001,0.08810568332945003,0.337295800447464,,True,position,competitive
position_competitive,77,300,4,0,0.8567708333333335,0.7931640625,0.8567708333333335,0.2649841924358532,0.0690840557217598,,True,position,competitive
position_competitive,77,300,4,1,0.9674479166666667,0.9595703125,0.9674479166666667,0.22856021073125032,0.21313342452049255,,True,position,competitive
position_competitive,77,300,4,2,0.9718424479166666,0.9638671875,0.9718424479166666,0.15410024432055777,0.3151199221611023,,True,position,competitive
position_competitive,77,300,6,0,0.8586588541666668,0.8231026785714286,0.8586588541666668,0.22277873757930314,0.07390673458576202,,True,position,competitive
position_competitive,77,300,6,1,0.9616536458333333,0.9636160714285715,0.9616536458333333,0.18439443302724562,0.22785228490829468,,True,position,competitive
position_competitive,77,300,6,2,0.9720052083333335,0.9735491071428573,0.9720052083333335,0.12431450914443232,0.3275136947631836,,True,position,competitive
position_competitive,77,600,4,0,0.8847656250000001,0.8382812500000001,0.8847656250000001,0.2574126129723982,0.07305806130170822,,True,position,competitive
position_competitive,77,600,4,1,0.97509765625,0.96953125,0.97509765625,0.24142880269569256,0.2625783383846283,,True,position,competitive
position_competitive,77,600,4,2,0.9791666666666667,0.9744140625000001,0.9791666666666667,0.1385695066205326,0.31913912296295166,,True,position,competitive
position_competitive,77,600,6,0,0.8883463541666669,0.8699776785714286,0.8883463541666669,0.21313384646235192,0.07805922627449036,,True,position,competitive
position_competitive,77,600,6,1,0.9732421875000001,0.9756138392857144,0.9732421875000001,0.19595982260837297,0.281779408454895,,True,position,competitive
position_competitive,77,600,6,2,0.9781250000000001,0.980078125,0.9781250000000001,0.1121970444613806,0.3274744153022766,,True,position,competitive
position_competitive,77,900,4,0,0.89013671875,0.8457031250000001,0.89013671875,0.2528981863374226,0.08154885470867157,,True,position,competitive
position_competitive,77,900,4,1,0.982421875,0.9777343749999999,0.982421875,0.21376219181774408,0.35647284984588623,,True,position,competitive
position_competitive,77,900,4,2,0.9827473958333334,0.9783203125000001,0.9827473958333334,0.10686505880337918,0.32014763355255127,,True,position,competitive
position_competitive,77,900,6,0,0.8883463541666667,0.8702566964285716,0.8883463541666667,0.20934480927765206,0.08686622977256775,,True,position,competitive
position_competitive,77,900,6,1,0.9791015625000001,0.9809151785714286,0.9791015625000001,0.1758453016056705,0.3734031915664673,,True,position,competitive
position_competitive,77,900,6,2,0.9795572916666667,0.9814174107142858,0.9795572916666667,0.08677034603679094,0.328175812959671,,True,position,competitive
position_competitive,88,300,4,0,0.84521484375,0.7679687500000001,0.84521484375,0.27152859858256534,0.07084676623344421,,True,position,competitive
position_competitive,88,300,4,1,0.95703125,0.9453125,0.95703125,0.2328140903481025,0.20707377791404724,,True,position,competitive
position_competitive,88,300,4,2,0.9677734375,0.958984375,0.9677734375,0.15437623962328406,0.3129246234893799,,True,position,competitive
position_competitive,88,300,6,0,0.8375000000000001,0.7905133928571428,0.8375000000000001,0.233127667871683,0.07479427754878998,,True,position,competitive
position_competitive,88,300,6,1,0.9516276041666667,0.9521205357142859,0.9516276041666667,0.19012212593863476,0.22038781642913818,,True,position,competitive
position_competitive,88,300,6,2,0.9660156250000002,0.9676339285714286,0.9660156250000002,0.12635989927397884,0.32653576135635376,,True,position,competitive
position_competitive,88,600,4,0,0.8785807291666667,0.8248046875,0.8785807291666667,0.2595706915589403,0.07396995276212692,,True,position,competitive
position_competitive,88,600,4,1,0.9710286458333334,0.9630859375,0.9710286458333334,0.24198273140350002,0.23216615617275238,,True,position,competitive
position_competitive,88,600,4,2,0.9728190104166667,0.9658203125,0.9728190104166667,0.14821765185976857,0.31958678364753723,,True,position,competitive
position_competitive,88,600,6,0,0.8722005208333335,0.8427455357142859,0.8722005208333335,0.2193589989877157,0.07820531725883484,,True,position,competitive
position_competitive,88,600,6,1,0.9720052083333334,0.9736049107142858,0.9720052083333334,0.199530321684148,0.24835582077503204,,True,position,competitive
position_competitive,88,600,6,2,0.9731770833333334,0.9753348214285715,0.9731770833333334,0.11853893303693878,0.33063244819641113,,True,position,competitive
position_competitive,88,900,4,0,0.9007161458333334,0.8640625000000001,0.9007161458333334,0.25442864871140874,0.09636826813220978,,True,position,competitive
position_competitive,88,900,4,1,0.98193359375,0.97734375,0.98193359375,0.2166358203282604,0.35024112462997437,,True,position,competitive
position_competitive,88,900,4,2,0.9869791666666666,0.984375,0.9869791666666666,0.10959749704313301,0.3173590302467346,,True,position,competitive
position_competitive,88,900,6,0,0.8985677083333334,0.8831473214285716,0.8985677083333334,0.21200129483886795,0.10248850286006927,,True,position,competitive
position_competitive,88,900,6,1,0.9783854166666668,0.9804687500000001,0.9783854166666668,0.17996446324689855,0.3668265640735626,,True,position,competitive
position_competitive,88,900,6,2,0.9833984375,0.9853236607142858,0.9833984375,0.08983186274343861,0.32409077882766724,,True,position,competitive
position_scan,11,300,4,0,0.8642578125,0.8021484375000001,0.8642578125,0.261870334729598,0.06311427801847458,,True,position,scan
position_scan,11,300,4,1,0.9640299479166667,0.9546875,0.9640299479166667,0.23208523376054233,0.2076522409915924,,True,position,scan
position_scan,11,300,4,2,0.9630533854166667,0.9541015625,0.9630533854166667,0.16811084060092615,0.2650320529937744,,True,position,scan
position_scan,11,300,6,0,0.8632161458333334,0.8321986607142857,0.8632161458333334,0.22168696845172622,0.06782949715852737,,True,position,scan
position_scan,11,300,6,1,0.9603515625000001,0.962109375,0.9603515625000001,0.18884920834724536,0.22213394939899445,,True,position,scan
position_scan,11,300,6,2,0.9626953125000002,0.9642857142857144,0.9626953125000002,0.14220596665422572,0.2754986882209778,,True,position,scan
position_scan,11,600,4,0,0.880859375,0.8328125000000001,0.880859375,0.2566890415914133,0.08663749694824219,,True,position,scan
position_scan,11,600,4,1,0.9798177083333333,0.9748046875,0.9798177083333333,0.21844515871000522,0.2691482603549957,,True,position,scan
position_scan,11,600,4,2,0.978515625,0.9732421875000001,0.978515625,0.1287524599262323,0.2771526575088501,,True,position,scan
position_scan,11,600,6,0,0.8769531250000001,0.85078125,0.8769531250000001,0.21791997200063865,0.09190084040164948,,True,position,scan
position_scan,11,600,6,1,0.9767578125,0.9785714285714286,0.9767578125,0.18340008233241695,0.28291773796081543,,True,position,scan
position_scan,11,600,6,2,0.9757161458333334,0.9779017857142858,0.9757161458333334,0.1109224677332859,0.2824690341949463,,True,position,scan
position_scan,11,900,4,0,0.89208984375,0.8505859375,0.89208984375,0.25080690797075855,0.09556369483470917,,True,position,scan
position_scan,11,900,4,1,0.9820963541666667,0.9775390625000001,0.9820963541666667,0.20350878586636625,0.3356660008430481,,True,position,scan
position_scan,11,900,4,2,0.97900390625,0.9736328125,0.97900390625,0.1305432618647397,0.27492308616638184,,True,position,scan
position_scan,11,900,6,0,0.8894531250000002,0.8709263392857143,0.8894531250000002,0.21066425287381066,0.10058129578828812,,True,position,scan
position_scan,11,900,6,1,0.9817708333333334,0.9832589285714286,0.9817708333333334,0.17496529123983123,0.34930020570755005,,True,position,scan
position_scan,11,900,6,2,0.9791015625,0.9808035714285714,0.9791015625,0.12118538675528555,0.28344038128852844,,True,position,scan
position_scan,22,300,4,0,0.8567708333333334,0.7873046875,0.8567708333333334,0.2688488067659707,0.042967990040779114,,True,position,scan
position_scan,22,300,4,1,0.9625651041666667,0.9515625000000001,0.9625651041666667,0.24263723747010696,0.1575612723827362,,True,position,scan
position_scan,22,300,4,2,0.96923828125,0.962109375,0.96923828125,0.16171877407404808,0.2809126079082489,,True,position,scan
position_scan,22,300,6,0,0.8578125000000001,0.8218750000000001,0.8578125000000001,0.22697678334517593,0.04582207649946213,,True,position,scan
position_scan,22,300,6,1,0.9585937500000001,0.9593750000000001,0.9585937500000001,0.20163883844227562,0.17030379176139832,,True,position,scan
position_scan,22,300,6,2,0.9640625,0.9657366071428573,0.9640625,0.13492949659105669,0.29174184799194336,,True,position,scan
position_scan,22,600,4,0,0.8741861979166667,0.8177734375000001,0.8741861979166667,0.2798321142803519,0.0508270300924778,,True,position,scan
position_scan,22,600,4,1,0.9786783854166667,0.973828125,0.9786783854166667,0.2135501259975073,0.282912939786911,,True,position,scan
position_scan,22,600,4,2,0.9798177083333334,0.9750000000000001,0.9798177083333334,0.13017351811783642,0.27659767866134644,,True,position,scan
position_scan,22,600,6,0,0.8723958333333335,0.8445312500000002,0.8723958333333335,0.24038692713272228,0.05471186339855194,,True,position,scan
position_scan,22,600,6,1,0.9772135416666667,0.9788504464285714,0.9772135416666667,0.18082210361708329,0.29671257734298706,,True,position,scan
position_scan,22,600,6,2,0.9755859375,0.977622767857143,0.9755859375,0.11313774660433983,0.2823562026023865,,True,position,scan
position_scan,22,900,4,0,0.88916015625,0.8423828125000001,0.88916015625,0.2852878826471922,0.056025952100753784,,True,position,scan
position_scan,22,900,4,1,0.9824218750000001,0.978125,0.9824218750000001,0.19989375373091306,0.3609238266944885,,True,position,scan
position_scan,22,900,4,2,0.9835611979166667,0.9798828125,0.9835611979166667,0.12640802261248568,0.2863615155220032,,True,position,scan
position_scan,22,900,6,0,0.8869791666666669,0.8671875000000001,0.8869791666666669,0.246192376167622,0.060253385454416275,,True,position,scan
position_scan,22,900,6,1,0.9813151041666668,0.9834263392857143,0.9813151041666668,0.16923388905279546,0.37354838848114014,,True,position,scan
position_scan,22,900,6,2,0.9809244791666667,0.9829799107142858,0.9809244791666667,0.11393211988566013,0.2980652451515198,,True,position,scan
position_scan,33,300,4,0,0.8349609375,0.7466796875000001,0.8349609375,0.2747720952289935,0.06932789832353592,,True,position,scan
position_scan,33,300,4,1,0.9471028645833335,0.9314453125000001,0.9471028645833335,0.23662263646743187,0.1600489616394043,,True,position,scan
position_scan,33,300,4,2,0.96337890625,0.953125,0.96337890625,0.16440805046766038,0.2704945206642151,,True,position,scan
position_scan,33,300,6,0,0.8277994791666667,0.7671875000000001,0.8277994791666667,0.23706376548784125,0.07441527396440506,,True,position,scan
position_scan,33,300,6,1,0.9473307291666668,0.9466517857142858,0.9473307291666668,0.19572605074036697,0.17032822966575623,,True,position,scan
position_scan,33,300,6,2,0.9593098958333335,0.9610491071428573,0.9593098958333335,0.13770846164845738,0.2803080677986145,,True,position,scan
position_scan,33,600,4,0,0.8662109375,0.8048828125,0.8662109375,0.2598175191098403,0.09542514383792877,,True,position,scan
position_scan,33,600,4,1,0.9763997395833334,0.9703125,0.9763997395833334,0.22958470574944115,0.19635023176670074,,True,position,scan
position_scan,33,600,4,2,0.9773763020833333,0.9720703125000001,0.9773763020833333,0.1462591617623823,0.2845960557460785,,True,position,scan
position_scan,33,600,6,0,0.8600260416666667,0.824609375,0.8600260416666667,0.2194091942540447,0.10209773480892181,,True,position,scan
position_scan,33,600,6,1,0.9771484375000001,0.9788504464285714,0.9771484375000001,0.1941181736192047,0.2084416151046753,,True,position,scan
position_scan,33,600,6,2,0.9755859375,0.9777901785714287,0.9755859375,0.12443217204503026,0.29197847843170166,,True,position,scan
position_scan,33,900,4,0,0.8846028645833335,0.8349609375,0.8846028645833335,0.25341562641751225,0.11209660023450851,,True,position,scan
position_scan,33,900,4,1,0.9806315104166667,0.9759765625000001,0.9806315104166667,0.20421277290771372,0.3152783215045929,,True,position,scan
position_scan,33,900,4,2,0.9840494791666667,0.9808593750000001,0.9840494791666667,0.1288671346699087,0.28525716066360474,,True,position,scan
position_scan,33,900,6,0,0.8774088541666669,0.8525111607142859,0.8774088541666669,0.2113687793762396,0.1196463406085968,,True,position,scan
position_scan,33,900,6,1,0.982421875,0.9841517857142859,0.982421875,0.17230310744885993,0.32983916997909546,,True,position,scan
position_scan,33,900,6,2,0.9841796875000001,0.9857700892857144,0.9841796875000001,0.11765750438157366,0.2939439117908478,,True,position,scan
position_scan,44,300,4,0,0.8321940104166667,0.7443359375,0.8321940104166667,0.27397761357250294,0.06000036746263504,,True,position,scan
position_scan,44,300,4,1,0.9488932291666667,0.9341796875000001,0.9488932291666667,0.23915744243861872,0.16767176985740662,,True,position,scan
position_scan,44,300,4,2,0.9562174479166667,0.9435546875,0.9562174479166667,0.17453046834616293,0.26315444707870483,,True,position,scan
position_scan,44,300,6,0,0.8290364583333334,0.774888392857143,0.8290364583333334,0.23665712092751934,0.06412872672080994,,True,position,scan
position_scan,44,300,6,1,0.9526041666666667,0.9539062500000002,0.9526041666666667,0.19717253810637445,0.17932172119617462,,True,position,scan
position_scan,44,300,6,2,0.9641276041666668,0.9655691964285715,0.9641276041666668,0.1478701751967819,0.2736486792564392,,True,position,scan
position_scan,44,600,4,0,0.84521484375,0.7671875,0.84521484375,0.2711550165412831,0.09291445463895798,,True,position,scan
position_scan,44,600,4,1,0.9734700520833335,0.967578125,0.9734700520833335,0.22304224188484462,0.2443191409111023,,True,position,scan
position_scan,44,600,4,2,0.9713541666666667,0.9644531250000001,0.9713541666666667,0.15050913139047525,0.2757662236690521,,True,position,scan
position_scan,44,600,6,0,0.8452473958333334,0.8008928571428571,0.8452473958333334,0.2338709936527659,0.09835169464349747,,True,position,scan
position_scan,44,600,6,1,0.9723958333333333,0.9745535714285716,0.9723958333333333,0.1850827883868579,0.25771206617355347,,True,position,scan
position_scan,44,600,6,2,0.9715494791666668,0.9736049107142859,0.9715494791666668,0.13087196312365884,0.2826908826828003,,True,position,scan
position_scan,44,900,4,0,0.8722330729166667,0.8132812500000001,0.8722330729166667,0.2635763042216582,0.10844873636960983,,True,position,scan
position_scan,44,900,4,1,0.9801432291666666,0.9755859375,0.9801432291666666,0.20763359446912266,0.308685839176178,,True,position,scan
position_scan,44,900,4,2,0.982421875,0.9783203125000001,0.982421875,0.14108924391935818,0.2799600064754486,,True,position,scan
position_scan,44,900,6,0,0.8682942708333334,0.8395647321428573,0.8682942708333334,0.22470528583033514,0.11451969295740128,,True,position,scan
position_scan,44,900,6,1,0.9790364583333334,0.9809709821428572,0.9790364583333334,0.17744508597717817,0.32279670238494873,,True,position,scan
position_scan,44,900,6,2,0.9820312500000001,0.9839285714285715,0.9820312500000001,0.12485141019401393,0.29627811908721924,,True,position,scan
position_scan,55,300,4,0,0.15966796875,-0.75703125,0.84033203125,0.28174528215749656,0.07984635978937149,,True,position,scan
position_scan,55,300,4,1,0.15462239583333331,-0.766796875,0.8453776041666667,0.2713452898550407,0.2254774272441864,,True,position,scan
position_scan,55,300,4,2,0.9552408854166667,0.9435546875,0.9552408854166667,0.17578733533498847,0.2507725954055786,,True,position,scan
position_scan,55,300,6,0,0.16497395833333334,-0.7779017857142858,0.8350260416666667,0.2428743712021212,0.08770482242107391,,True,position,scan
position_scan,55,300,6,1,0.16647135416666667,-0.7761718750000001,0.8335286458333334,0.2335721381074436,0.24863843619823456,,True,position,scan
position_scan,55,300,6,2,0.9561848958333334,0.9579241071428573,0.9561848958333334,0.15198245293813792,0.25915518403053284,,True,position,scan
position_scan,55,600,4,0,0.21468098958333331,-0.65703125,0.7853190104166667,0.3027507685513496,0.09869639575481415,,True,position,scan
position_scan,55,600,4,1,0.6331380208333333,0.29042968750000003,0.6331380208333333,0.3636485364591913,0.1586025506258011,,True,position,scan
position_scan,55,600,4,2,0.9842122395833334,0.9808593750000001,0.9842122395833334,0.14445878677510543,0.25257378816604614,,True,position,scan
position_scan,55,600,6,0,0.23059895833333333,-0.6527343750000001,0.7694010416666667,0.26986088922463036,0.10870376974344254,,True,position,scan
position_scan,55,600,6,1,0.6198567708333333,0.253125,0.6198567708333333,0.3345561903859963,0.17880813777446747,,True,position,scan
position_scan,55,600,6,2,0.9820963541666667,0.9842075892857143,0.9820963541666667,0.12740525672433092,0.2635538578033447,,True,position,scan
position_scan,55,900,4,0,0.2835286458333333,-0.5150390625,0.7164713541666667,0.3282398930733548,0.10824434459209442,,True,position,scan
position_scan,55,900,4,1,0.71826171875,0.541796875,0.71826171875,0.29075381382619364,0.18267199397087097,,True,position,scan
position_scan,55,900,4,2,0.9873046875,0.9847656250000001,0.9873046875,0.11892326737136703,0.262503445148468,,True,position,scan
position_scan,55,900,6,0,0.30110677083333337,-0.4952566964285714,0.6988932291666667,0.2991162940634556,0.11930452287197113,,True,position,scan
position_scan,55,900,6,1,0.7010416666666666,0.5275111607142857,0.7010416666666666,0.25927304190318284,0.20557518303394318,,True,position,scan
position_scan,55,900,6,2,0.9854817708333334,0.9869977678571429,0.9854817708333334,0.1097185562619878,0.2762070894241333,,True,position,scan
position_scan,66,300,4,0,0.84423828125,0.7685546875000001,0.84423828125,0.27079562949962105,0.08479303866624832,,True,position,scan
position_scan,66,300,4,1,0.9505208333333335,0.93671875,0.9505208333333335,0.22947596102936535,0.22174116969108582,,True,position,scan
position_scan,66,300,4,2,0.9749348958333334,0.96796875,0.9749348958333334,0.1586570578232872,0.29948627948760986,,True,position,scan
position_scan,66,300,6,0,0.846875,0.8067522321428572,0.846875,0.22723349919467678,0.09211035072803497,,True,position,scan
position_scan,66,300,6,1,0.9495442708333334,0.9489397321428572,0.9495442708333334,0.18655017191402032,0.236208975315094,,True,position,scan
position_scan,66,300,6,2,0.971875,0.9735491071428573,0.971875,0.13186272679826946,0.3106197118759155,,True,position,scan
position_scan,66,600,4,0,0.8758138020833334,0.8218750000000001,0.8758138020833334,0.25753884790458054,0.09829960018396378,,True,position,scan
position_scan,66,600,4,1,0.9752604166666667,0.9701171875,0.9752604166666667,0.20705002605550105,0.29739803075790405,,True,position,scan
position_scan,66,600,4,2,0.9811197916666667,0.9771484375000001,0.9811197916666667,0.14031673765680472,0.2647927403450012,,True,position,scan
position_scan,66,600,6,0,0.8812500000000001,0.8611049107142859,0.8812500000000001,0.21164860193860915,0.10545879602432251,,True,position,scan
position_scan,66,600,6,1,0.9757161458333334,0.9773437500000001,0.9757161458333334,0.1734363871622007,0.31104642152786255,,True,position,scan
position_scan,66,600,6,2,0.9758463541666668,0.9777901785714287,0.9758463541666668,0.12434034073645095,0.26650577783584595,,True,position,scan
position_scan,66,900,4,0,0.8855794270833334,0.8376953125000002,0.8855794270833334,0.2547000246961248,0.1088673323392868,,True,position,scan
position_scan,66,900,4,1,0.9803059895833334,0.9755859375,0.9803059895833334,0.19382876446404376,0.37175682187080383,,True,position,scan
position_scan,66,900,4,2,0.98095703125,0.9765625,0.98095703125,0.1301256817125317,0.2866951823234558,,True,position,scan
position_scan,66,900,6,0,0.8918619791666669,0.876171875,0.8918619791666669,0.2074735106424436,0.11607182025909424,,True,position,scan
position_scan,66,900,6,1,0.9774088541666668,0.9793526785714286,0.9774088541666668,0.16591687084480114,0.3829743564128876,,True,position,scan
position_scan,66,900,6,2,0.9796223958333334,0.981640625,0.9796223958333334,0.11577388631346108,0.2957233190536499,,True,position,scan
position_scan,77,300,4,0,0.18098958333333331,-0.7187500000000001,0.8190104166666667,0.28483133380285103,0.06897971034049988,,True,position,scan
position_scan,77,300,4,1,0.11083984375,-0.8388671875000001,0.8891601562500001,0.2540919340337235,0.24991175532341003,,True,position,scan
position_scan,77,300,4,2,0.9651692708333334,0.9566406250000001,0.9651692708333334,0.15910145579895746,0.26790839433670044,,True,position,scan
position_scan,77,300,6,0,0.18984375,-0.7389508928571429,0.8101562500000001,0.24712770338828013,0.0752200335264206,,True,position,scan
position_scan,77,300,6,1,0.11334635416666666,-0.8621651785714286,0.8866536458333334,0.21085987698398606,0.27203255891799927,,True,position,scan
position_scan,77,300,6,2,0.9659505208333334,0.9681361607142858,0.9659505208333334,0.13364500065337787,0.27374741435050964,,True,position,scan
position_scan,77,600,4,0,0.3172200520833333,-0.43593750000000003,0.6827799479166667,0.33638821048421125,0.09434111416339874,,True,position,scan
position_scan,77,600,4,1,0.69921875,0.49628906250000004,0.69921875,0.29968788574580935,0.12296436727046967,,True,position,scan
position_scan,77,600,4,2,0.9757486979166667,0.9693359375,0.9757486979166667,0.15652055283782318,0.2763322591781616,,True,position,scan
position_scan,77,600,6,0,0.31126302083333335,-0.47293526785714285,0.6887369791666667,0.30061947053553073,0.10250649601221085,,True,position,scan
position_scan,77,600,6,1,0.6856770833333333,0.489453125,0.6856770833333333,0.2706379387579014,0.13289031386375427,,True,position,scan
position_scan,77,600,6,2,0.9774088541666667,0.9794642857142859,0.9774088541666667,0.13614019018635673,0.2883494794368744,,True,position,scan
position_scan,77,900,4,0,0.39371744791666663,-0.25546875,0.6062825520833333,0.35956046885224063,0.0959014967083931,,True,position,scan
position_scan,77,900,4,1,0.8745117187500001,0.8230468750000002,0.8745117187500001,0.2437964970398354,0.167056143283844,,True,position,scan
position_scan,77,900,4,2,0.9832356770833333,0.9791015625,0.9832356770833333,0.13770210302299668,0.31256356835365295,,True,position,scan
position_scan,77,900,6,0,0.3852213541666667,-0.2900669642857143,0.6147786458333333,0.32541329699669896,0.10385796427726746,,True,position,scan
position_scan,77,900,6,1,0.8537760416666668,0.8082031250000001,0.8537760416666668,0.21182678137735658,0.17983746528625488,,True,position,scan
position_scan,77,900,6,2,0.9820312500000001,0.9842075892857143,0.9820312500000001,0.12248351466054948,0.3228154480457306,,True,position,scan
position_scan,88,300,4,0,0.8426106770833335,0.75703125,0.8426106770833335,0.2777747619443836,0.0613832026720047,,True,position,scan
position_scan,88,300,4,1,0.9523111979166667,0.9363281250000001,0.9523111979166667,0.24395133114032602,0.1440677046775818,,True,position,scan
position_scan,88,300,4,2,0.9620768229166667,0.9517578124999999,0.9620768229166667,0.17137902894943874,0.2695523798465729,,True,position,scan
position_scan,88,300,6,0,0.8314453125000001,0.7708147321428571,0.8314453125000001,0.24205955349882874,0.06492286175489426,,True,position,scan
position_scan,88,300,6,1,0.9486979166666667,0.9477678571428572,0.9486979166666667,0.2051206931216121,0.15326210856437683,,True,position,scan
position_scan,88,300,6,2,0.9586588541666667,0.9598772321428573,0.9586588541666667,0.14414510007747816,0.2806122899055481,,True,position,scan
position_scan,88,600,4,0,0.8665364583333335,0.8015625000000001,0.8665364583333335,0.26797087549264276,0.08059805631637573,,True,position,scan
position_scan,88,600,4,1,0.9679361979166667,0.958984375,0.9679361979166667,0.22236517629297115,0.25221168994903564,,True,position,scan
position_scan,88,600,4,2,0.9698893229166667,0.962109375,0.9698893229166667,0.1450434871408674,0.2653026580810547,,True,position,scan
position_scan,88,600,6,0,0.8622395833333334,0.8218750000000001,0.8622395833333334,0.22905163227218145,0.08520657569169998,,True,position,scan
position_scan,88,600,6,1,0.9670572916666668,0.9679129464285715,0.9670572916666668,0.1888828586076286,0.26582950353622437,,True,position,scan
position_scan,88,600,6,2,0.9675781250000001,0.9693638392857145,0.9675781250000001,0.12764483301973995,0.27074092626571655,,True,position,scan
position_scan,88,900,4,0,0.8876953125000001,0.8392578125000001,0.8876953125000001,0.259006097188149,0.09816747903823853,,True,position,scan
position_scan,88,900,4,1,0.98388671875,0.9802734375,0.98388671875,0.20796900256524073,0.3424684703350067,,True,position,scan
position_scan,88,900,4,2,0.9847005208333334,0.9812500000000002,0.9847005208333334,0.1277846916780874,0.2661993205547333,,True,position,scan
position_scan,88,900,6,0,0.8833984375000001,0.8592633928571429,0.8833984375000001,0.2184636618950701,0.10342177003622055,,True,position,scan
position_scan,88,900,6,1,0.9817708333333334,0.9835379464285714,0.9817708333333334,0.17833122504050047,0.3562151789665222,,True,position,scan
position_scan,88,900,6,2,0.9834635416666668,0.9851004464285715,0.9834635416666668,0.11928328653300228,0.2778685986995697,,True,position,scan
phase_competitive,11,300,4,0,0.7154947916666667,0.5046875,0.7154947916666667,0.3240271902676586,2.2444186210632324,0.49666780118561826,True,phase,competitive
phase_competitive,11,300,4,1,0.9371744791666667,0.9164062500000001,0.919921875,0.23379047946239526,1.6396127939224243,0.7790533601573665,True,phase,competitive
phase_competitive,11,300,4,2,0.900390625,0.8152343750000001,0.8933919270833334,0.2006952585378656,1.3983485698699951,0.8434694381845509,True,phase,competitive
phase_competitive,11,300,6,0,0.7084635416666667,0.5231026785714286,0.7084635416666667,0.2900496184358816,2.509371280670166,0.5289528604269599,True,phase,competitive
phase_competitive,11,300,6,1,0.9371093750000001,0.9358816964285716,0.9227864583333335,0.18923005730012027,1.773440957069397,0.8332032278267495,True,phase,competitive
phase_competitive,11,300,6,2,0.8945312500000001,0.8147879464285716,0.8707031250000001,0.17183382232092337,1.5015677213668823,0.8644531345303019,True,phase,competitive
phase_competitive,11,600,4,0,0.7897135416666667,0.6621093750000001,0.7897135416666667,0.2912275808923991,1.7818328142166138,0.6264029816641,True,phase,competitive
phase_competitive,11,600,4,1,0.26969401041666663,-0.4623046875,0.87548828125,0.2737178184184689,0.2709958553314209,0.6886726634877122,True,phase,competitive
phase_competitive,11,600,4,2,0.97021484375,0.9626953125000001,0.8868815104166667,0.18447167897993244,1.6718907356262207,0.869247832325337,True,phase,competitive
phase_competitive,11,600,6,0,0.7925130208333333,0.7038504464285715,0.7914062500000001,0.2522739509706765,1.9345169067382812,0.674402450570218,True,phase,competitive
phase_competitive,11,600,6,1,0.2733072916666667,-0.4513392857142857,0.8803385416666667,0.22867872052571303,0.30653703212738037,0.7430589859639796,True,phase,competitive
phase_competitive,11,600,6,2,0.9712239583333334,0.9733816964285715,0.8576171875000002,0.1611803053271364,1.7359144687652588,0.8817877209518833,True,phase,competitive
phase_competitive,11,900,4,0,0.41357421875,-0.2087890625,0.5823567708333333,0.36645665181984594,0.39779210090637207,0.18280672508052112,True,phase,competitive
phase_competitive,11,900,4,1,0.38639322916666663,-0.381640625,0.9132486979166667,0.23169612031207804,0.8205413818359375,0.7839089883449234,True,phase,competitive
phase_competitive,11,900,4,2,0.9697265625,0.9619140625,0.9697265625,0.1958020397188262,2.2438292503356934,0.8513744908683971,True,phase,competitive
phase_competitive,11,900,6,0,0.412890625,-0.21590401785714286,0.5892578124999999,0.3364719766616493,0.46346694231033325,0.18331043797948052,True,phase,competitive
phase_competitive,11,900,6,1,0.4007161458333333,-0.40909598214285714,0.9100911458333334,0.19163129046295152,0.8672787547111511,0.8282969834498553,True,phase,competitive
phase_competitive,11,900,6,2,0.9666015625000001,0.9680803571428572,0.9666015625000001,0.16345707622991218,2.3102879524230957,0.8787812735417102,True,phase,competitive
phase_competitive,22,300,4,0,0.7400716145833334,0.5587890625,0.7400716145833334,0.31517057395669845,0.21631352603435516,0.5356385825711144,True,phase,competitive
phase_competitive,22,300,4,1,0.9495442708333334,0.9345703125,0.92626953125,0.2352706783039705,0.841023325920105,0.7763373757598556,True,phase,competitive
phase_competitive,22,300,4,2,0.9557291666666667,0.9437500000000001,0.9388020833333335,0.19198856164157135,1.3601036071777344,0.8582198448922795,True,phase,competitive
phase_competitive,22,300,6,0,0.7413411458333334,0.5940848214285714,0.7413411458333334,0.27773680118727717,0.2346985638141632,0.5823892339344766,True,phase,competitive
phase_competitive,22,300,6,1,0.9419921875000001,0.9420758928571429,0.9313802083333333,0.19529662352796445,0.9000786542892456,0.8211361332888016,True,phase,competitive
phase_competitive,22,300,6,2,0.9512369791666668,0.9529017857142859,0.8973307291666668,0.17036870321271672,1.4620652198791504,0.8689487748384008,True,phase,competitive
phase_competitive,22,600,4,0,0.77978515625,0.6376953125,0.77978515625,0.3000532566636615,0.8148282766342163,0.5950780261769617,True,phase,competitive
phase_competitive,22,600,4,1,0.8553059895833334,0.7894531250000001,0.8553059895833334,0.254070321746725,0.21466554701328278,0.7330211948254668,True,phase,competitive
phase_competitive,22,600,4,2,0.10319010416666667,-0.85546875,0.8968098958333335,0.23922968672704767,0.09558403491973877,0.7673925176106675,True,phase,competitive
phase_competitive,22,600,6,0,0.7770182291666667,0.669140625,0.7770182291666667,0.2623154134549168,1.006237506866455,0.64079613928627,True,phase,competitive
phase_competitive,22,600,6,1,0.8516927083333334,0.8107700892857144,0.8516276041666668,0.21498595150436006,0.22693009674549103,0.7773500504429183,True,phase,competitive
phase_competitive,22,600,6,2,0.09778645833333333,-0.8876116071428573,0.9022135416666668,0.1947659513937958,0.10321420431137085,0.8217974046068586,True,phase,competitive
phase_competitive,22,900,4,0,0.8118489583333335,0.7064453125000001,0.8097330729166667,0.28461476806393354,2.202371120452881,0.6470872886331042,True,phase,competitive
phase_competitive,22,900,4,1,0.7747395833333334,0.6451171875000001,0.8024088541666667,0.26658373854776257,1.8844845294952393,0.699969229392783,True,phase,competitive
phase_competitive,22,900,4,2,0.73828125,0.587109375,0.7677408854166667,0.2322263889749323,0.32402104139328003,0.7823077649431922,True,phase,competitive
phase_competitive,22,900,6,0,0.8059244791666667,0.7275669642857143,0.8029947916666667,0.24905269245863512,2.3535830974578857,0.6846992076148182,True,phase,competitive
phase_competitive,22,900,6,1,0.7680989583333333,0.6630022321428573,0.7975911458333333,0.22775770446503732,1.998960018157959,0.7463366868195122,True,phase,competitive
phase_competitive,22,900,6,2,0.7186848958333333,0.5783482142857144,0.7492838541666667,0.20799519882408649,0.3365367352962494,0.7940516283272028,True,phase,competitive
phase_competitive,33,300,4,0,0.7249348958333334,0.5240234375,0.7249348958333334,0.3201448916707378,0.09920208156108856,0.5120768548998621,True,phase,competitive
phase_competitive,33,300,4,1,0.9147135416666667,0.8625,0.93505859375,0.24169670352095612,0.4087916314601898,0.7624699073525344,True,phase,competitive
phase_competitive,33,300,4,2,0.6017252604166666,0.1794921875,0.8338216145833334,0.270324380462094,0.8600999116897583,0.6883797671055734,True,phase,competitive
phase_competitive,33,300,6,0,0.7208333333333334,0.5581473214285715,0.7208333333333334,0.28533962066302,0.10897472500801086,0.5500145625402015,True,phase,competitive
phase_competitive,33,300,6,1,0.9139973958333334,0.8779017857142858,0.9274739583333333,0.19943255793289985,0.43934446573257446,0.8135421209569098,True,phase,competitive
phase_competitive,33,300,6,2,0.6047526041666667,0.16707589285714286,0.8373697916666668,0.23097853063279705,0.9942452907562256,0.7367547578040221,True,phase,competitive
phase_competitive,33,600,4,0,0.80859375,0.6972656250000001,0.80908203125,0.2849265439682552,0.31317317485809326,0.645827085263663,True,phase,competitive
phase_competitive,33,600,4,1,0.7936197916666667,0.6634765625000001,0.7906901041666667,0.2877841720785182,0.14823342859745026,0.6377700285598602,True,phase,competitive
phase_competitive,33,600,4,2,0.9073893229166667,0.8701171875000001,0.9026692708333334,0.29337300639891845,0.07857723534107208,0.6180663028427662,True,phase,competitive
phase_competitive,33,600,6,0,0.8014322916666667,0.7189732142857144,0.8022786458333333,0.24743459620810665,0.3338836431503296,0.6900366625598171,True,phase,competitive
phase_competitive,33,600,6,1,0.8013671875000001,0.7084263392857143,0.7970703125,0.24641163259363658,0.17784720659255981,0.6930909126406011,True,phase,competitive
phase_competitive,33,600,6,2,0.9011067708333335,0.8855468750000001,0.8981770833333335,0.257384739717885,0.10288063436746597,0.6579837685282821,True,phase,competitive
phase_competitive,33,900,4,0,0.8055013020833335,0.6923828125,0.8055013020833335,0.28440577887204055,1.8230984210968018,0.6474821279602772,True,phase,competitive
phase_competitive,33,900,4,1,0.25732421875,-0.55546875,0.7286783854166667,0.3247343521536443,2.0243287086486816,0.4921773632593625,True,phase,competitive
phase_competitive,33,900,4,2,0.9545898437500001,0.9410156250000001,0.94873046875,0.20318485297546487,1.986037015914917,0.8384879890706822,True,phase,competitive
phase_competitive,33,900,6,0,0.7922526041666667,0.7030133928571429,0.7922526041666667,0.24972291856111004,2.0509731769561768,0.6823922622911571,True,phase,competitive
phase_competitive,33,900,6,1,0.2852864583333333,-0.5121651785714286,0.7021484375,0.3011655762466267,2.2152347564697266,0.4721195186160339,True,phase,competitive
phase_competitive,33,900,6,2,0.9525390625000001,0.953404017857143,0.9452473958333334,0.17317869244040618,2.0854151248931885,0.8630163071391901,True,phase,competitive
phase_competitive,44,300,4,0,0.22965494791666666,-0.626171875,0.7703450520833334,0.2978754955874003,1.905656337738037,0.6026765862919129,True,phase,competitive
phase_competitive,44,300,4,1,0.13411458333333331,-0.8056640625,0.8649088541666667,0.2530879869784648,2.3203840255737305,0.7347786747186726,True,phase,competitive
phase_competitive,44,300,4,2,0.677734375,0.285546875,0.9134114583333335,0.20994414239381426,1.8182764053344727,0.8263689624994023,True,phase,competitive
phase_competitive,44,300,6,0,0.23463541666666668,-0.6484375,0.7653645833333333,0.2629530630244424,2.0942587852478027,0.6395947386107074,True,phase,competitive
phase_competitive,44,300,6,1,0.14322916666666666,-0.8207031250000001,0.8559895833333333,0.2097786447728927,2.503699541091919,0.7899187776751662,True,phase,competitive
phase_competitive,44,300,6,2,0.6714192708333333,0.25044642857142857,0.9014322916666668,0.18076001941283443,1.996185064315796,0.8488416505599014,True,phase,competitive
phase_competitive,44,600,4,0,0.3727213541666667,-0.299609375,0.6272786458333334,0.3540620093461819,0.02877010777592659,0.3125560063683693,True,phase,competitive
phase_competitive,44,600,4,1,0.37744140625,-0.296484375,0.62255859375,0.35496913452717865,0.0046830931678414345,0.3124875375369348,True,phase,competitive
phase_competitive,44,600,4,2,0.48177083333333337,-0.03671875000000001,0.5182291666666667,0.3724979021177322,0.0015697560738772154,0.05251144438195616,True,phase,competitive
phase_competitive,44,600,6,0,0.37565104166666663,-0.31350446428571427,0.6243489583333333,0.32310656665981713,0.03018301911652088,0.3260507558074754,True,phase,competitive
phase_competitive,44,600,6,1,0.3883463541666667,-0.2903459821428571,0.6116536458333333,0.323878524631963,0.005012755282223225,0.31795638486037314,True,phase,competitive
phase_competitive,44,600,6,2,0.4849609375,-0.04017857142857143,0.5149739583333334,0.34102771925836245,0.0016744709573686123,0.05671402024497502,True,phase,competitive
phase_competitive,44,900,4,0,0.8053385416666667,0.6949218750000001,0.8038736979166667,0.28673151707550143,1.362046480178833,0.640828227813277,True,phase,competitive
phase_competitive,44,900,4,1,0.9518229166666667,0.9373046875000001,0.76123046875,0.24733816254087324,1.29695725440979,0.749104190361919,True,phase,competitive
phase_competitive,44,900,4,2,0.9733072916666667,0.9666015625000001,0.9550781250000001,0.1492034707215535,1.8369555473327637,0.916704281317344,True,phase,competitive
phase_competitive,44,900,6,0,0.7964843749999999,0.7124441964285715,0.7959635416666666,0.24938395783156445,1.604417085647583,0.6839862617567868,True,phase,competitive
phase_competitive,44,900,6,1,0.9498046875000001,0.9505022321428573,0.7442057291666666,0.21272539465080284,1.3880022764205933,0.7830898614322382,True,phase,competitive
phase_competitive,44,900,6,2,0.9720703125000001,0.9746651785714286,0.9236328125000002,0.12749570478409747,1.924000859260559,0.9281981066744074,True,phase,competitive
phase_competitive,55,300,4,0,0.7081705729166666,0.48613281250000007,0.7117513020833333,0.319309839605192,0.9905660152435303,0.5165491849692287,True,phase,competitive
phase_competitive,55,300,4,1,0.9454752604166667,0.927734375,0.9435221354166667,0.228704623448567,2.1078004837036133,0.7905874337430775,True,phase,competitive
phase_competitive,55,300,4,2,0.9578450520833334,0.9457031250000001,0.94482421875,0.17015176593802608,1.7667568922042847,0.8897311152226313,True,phase,competitive
phase_competitive,55,300,6,0,0.7135416666666667,0.5249441964285715,0.7206380208333334,0.28301004415481207,1.1102010011672974,0.5603923809142569,True,phase,competitive
phase_competitive,55,300,6,1,0.9442708333333334,0.9426339285714287,0.9421223958333335,0.18607999560061436,2.268526077270508,0.838930735820574,True,phase,competitive
phase_competitive,55,300,6,2,0.9550781250000002,0.9566964285714287,0.9354166666666668,0.14720108959408126,1.8646676540374756,0.902637443751424,True,phase,competitive
phase_competitive,55,600,4,0,0.7820638020833333,0.6501953125,0.78076171875,0.2945929700107727,0.1612144410610199,0.6137065541055385,True,phase,competitive
phase_competitive,55,600,4,1,0.5714518229166666,0.16796875,0.5709635416666666,0.3665954965073053,0.0027263208758085966,0.1810299084694836,True,phase,competitive
phase_competitive,55,600,4,2,0.8885091145833334,0.839453125,0.8885091145833334,0.25657940729145595,1.7050849199295044,0.7260219030333923,True,phase,competitive
phase_competitive,55,600,6,0,0.7814453125,0.6808035714285714,0.7804036458333333,0.2578374671948025,0.2045130431652069,0.6560696153235009,True,phase,competitive
phase_competitive,55,600,6,1,0.5522786458333333,0.1359375,0.5516927083333333,0.3354029396073198,0.003070314647629857,0.19027205665383412,True,phase,competitive
phase_competitive,55,600,6,2,0.8876302083333335,0.866685267857143,0.8876302083333335,0.21265445324218152,1.952638864517212,0.783101983420753,True,phase,competitive
phase_competitive,55,900,4,0,0.8484700520833335,0.774609375,0.8491210937500001,0.2658181212965596,1.6937036514282227,0.7013747737530803,True,phase,competitive
phase_competitive,55,900,4,1,0.43977864583333337,-0.14082031250000002,0.5651041666666666,0.367074262793384,0.044683847576379776,0.17294467956755633,True,phase,competitive
phase_competitive,55,900,4,2,0.9806315104166667,0.976171875,0.9153645833333334,0.1842386187481149,1.8221819400787354,0.8694298599050956,True,phase,competitive
phase_competitive,55,900,6,0,0.8488281250000002,0.8060267857142858,0.848828125,0.22355176398397653,1.8500967025756836,0.75627308404376,True,phase,competitive
phase_competitive,55,900,6,1,0.4591145833333334,-0.09754464285714286,0.5475260416666666,0.3380645112515505,0.057796020060777664,0.15487213599612054,True,phase,competitive
phase_competitive,55,900,6,2,0.9779947916666667,0.9797991071428573,0.89765625,0.15971030225516006,1.8532780408859253,0.8843787243666402,True,phase,competitive
phase_competitive,66,300,4,0,0.7760416666666666,0.6376953125,0.7760416666666666,0.2995579150736862,0.2637683153152466,0.594993706314349,True,phase,competitive
phase_competitive,66,300,4,1,0.9534505208333334,0.9404296875,0.9532877604166667,0.22641799151286016,1.947790503501892,0.7949410586775365,True,phase,competitive
phase_competitive,66,300,4,2,0.9480794270833335,0.9148437500000001,0.8974609375,0.18253337597848973,1.716618299484253,0.872023057068824,True,phase,competitive
phase_competitive,66,300,6,0,0.7763671875,0.671875,0.7763671875,0.2603223485722454,0.3078785538673401,0.6484020106001959,True,phase,competitive
phase_competitive,66,300,6,1,0.9518880208333335,0.9516183035714287,0.9516927083333334,0.1816423338585935,2.1410765647888184,0.8478495409144552,True,phase,competitive
phase_competitive,66,300,6,2,0.9397135416666668,0.9040736607142857,0.8582682291666668,0.1631880913658354,1.786170244216919,0.8787328682693376,True,phase,competitive
phase_competitive,66,600,4,0,0.77587890625,0.6351562500000001,0.77587890625,0.29712619451283495,2.0875396728515625,0.6057087641190253,True,phase,competitive
phase_competitive,66,600,4,1,0.95556640625,0.9431640625000002,0.9241536458333335,0.2347388933989204,1.8017354011535645,0.7775998761952948,True,phase,competitive
phase_competitive,66,600,4,2,0.9661458333333335,0.9580078125000001,0.962890625,0.15276632879756638,1.9757580757141113,0.912273426197043,True,phase,competitive
phase_competitive,66,600,6,0,0.7721354166666667,0.6643973214285714,0.7722005208333333,0.26106267588005144,2.26235294342041,0.6453641763418797,True,phase,competitive
phase_competitive,66,600,6,1,0.953125,0.9534598214285714,0.9178385416666668,0.19576014038790396,1.9036011695861816,0.8202517535682974,True,phase,competitive
phase_competitive,66,600,6,2,0.9632161458333335,0.9644531250000001,0.9479817708333333,0.1293060401755647,2.0363893508911133,0.9257635436100379,True,phase,competitive
phase_competitive,66,900,4,0,0.52099609375,0.037695312499999994,0.5232747395833333,0.37253699737069856,1.511319637298584,0.07659846805650411,True,phase,competitive
phase_competitive,66,900,4,1,0.13639322916666666,-0.8003906250000001,0.8603515625,0.25039285123250393,0.35284650325775146,0.7416614953473811,True,phase,competitive
phase_competitive,66,900,4,2,0.9679361979166667,0.9603515625000001,0.9034830729166667,0.17430841162531294,1.6895196437835693,0.883904981347638,True,phase,competitive
phase_competitive,66,900,6,0,0.5205729166666666,0.053013392857142856,0.5241536458333333,0.3404256980362514,1.668656587600708,0.08469132959988018,True,phase,competitive
phase_competitive,66,900,6,1,0.15384114583333333,-0.80390625,0.8406250000000002,0.2184616839599622,0.40547671914100647,0.7690703984040792,True,phase,competitive
phase_competitive,66,900,6,2,0.9708333333333334,0.9727120535714286,0.8763020833333335,0.15229907959967068,1.7563495635986328,0.8953746010340354,True,phase,competitive
phase_competitive,77,300,4,0,0.5138346354166667,0.024804687500000002,0.6614583333333333,0.36004478869176865,1.7845203876495361,0.2587553653820027,True,phase,competitive
phase_competitive,77,300,4,1,0.6549479166666667,0.35332031249999996,0.6549479166666667,0.34759102436519873,0.09001506119966507,0.36227463838648327,True,phase,competitive
phase_competitive,77,300,4,2,0.22721354166666666,-0.64296875,0.7727864583333334,0.27771528838017817,2.1194686889648438,0.6668624105660019,True,phase,competitive
phase_competitive,77,300,6,0,0.5074869791666666,0.013002232142857144,0.6204427083333333,0.3281958697753518,1.9617983102798462,0.2782880628114946,True,phase,competitive
phase_competitive,77,300,6,1,0.6696614583333333,0.402734375,0.6701171875,0.3128259979750698,0.09677533805370331,0.40175401775876923,True,phase,competitive
phase_competitive,77,300,6,2,0.2412760416666667,-0.641796875,0.7587239583333333,0.2456322284729067,2.3268349170684814,0.6950921595062235,True,phase,competitive
phase_competitive,77,600,4,0,0.3896484375,-0.261328125,0.6158854166666666,0.35949295560317285,0.9904170036315918,0.26714575083721187,True,phase,competitive
phase_competitive,77,600,4,1,0.25797526041666663,-0.5785156250000001,0.7306315104166667,0.2775263671534487,1.779551386833191,0.6677863367138407,True,phase,competitive
phase_competitive,77,600,4,2,0.9601236979166667,0.9494140625,0.9601236979166667,0.1933460188987485,1.9786999225616455,0.8549460123439725,True,phase,competitive
phase_competitive,77,600,6,0,0.3983072916666667,-0.255078125,0.6016927083333332,0.32854106217310847,1.1378847360610962,0.27603241209006224,True,phase,competitive
phase_competitive,77,600,6,1,0.2586588541666667,-0.6074776785714286,0.7354166666666667,0.24130779614277134,1.9547944068908691,0.7082288727684867,True,phase,competitive
phase_competitive,77,600,6,2,0.9597005208333333,0.9607142857142859,0.9597005208333333,0.15962601114379316,2.0693001747131348,0.8848393699604602,True,phase,competitive
phase_competitive,77,900,4,0,0.751953125,0.567578125,0.7884114583333334,0.3032960110012527,0.40053075551986694,0.5816019131519784,True,phase,competitive
phase_competitive,77,900,4,1,0.8590494791666667,0.7933593750000001,0.8416341145833334,0.2644942883425273,1.6180659532546997,0.7048417347497861,True,phase,competitive
phase_competitive,77,900,4,2,0.44889322916666663,-0.280078125,0.8264973958333334,0.2282316584457702,1.4631092548370361,0.7913225780817537,True,phase,competitive
phase_competitive,77,900,6,0,0.7400390625,0.5637834821428571,0.78125,0.2679471984299963,0.4489135444164276,0.620811545764461,True,phase,competitive
phase_competitive,77,900,6,1,0.8611328125000002,0.8283482142857144,0.8579427083333335,0.2259500363780508,1.7325124740600586,0.7512058869810394,True,phase,competitive
phase_competitive,77,900,6,2,0.46562500000000007,-0.31411830357142856,0.7889322916666667,0.2112991940207411,1.5612516403198242,0.7881822285497501,True,phase,competitive
phase_competitive,88,300,4,0,0.7783203125,0.6410156250000001,0.7770182291666667,0.29785388804861207,1.3916304111480713,0.6018517046141315,True,phase,competitive
phase_competitive,88,300,4,1,0.9510091145833335,0.9351562500000001,0.95068359375,0.22799738175060752,1.9447526931762695,0.7920155575130895,True,phase,competitive
phase_competitive,88,300,4,2,0.9620768229166667,0.9525390625000001,0.9558919270833334,0.17890149933620067,1.9534146785736084,0.8777491685740476,True,phase,competitive
phase_competitive,88,300,6,0,0.7717447916666667,0.66328125,0.7706380208333333,0.2633038468067258,1.61484694480896,0.6373937993546741,True,phase,competitive
phase_competitive,88,300,6,1,0.9513671875,0.9515625000000001,0.9500000000000001,0.18714710681314112,2.084414482116699,0.8368825164951011,True,phase,competitive
phase_competitive,88,300,6,2,0.9615885416666667,0.9633928571428573,0.9529947916666668,0.15498445967344587,1.988463044166565,0.8914993975248295,True,phase,competitive
phase_competitive,88,600,4,0,0.7542317708333333,0.5886718750000001,0.7527669270833334,0.31223929161557096,0.3802340626716614,0.5474375105721808,True,phase,competitive
phase_competitive,88,600,4,1,0.283203125,-0.5066406250000001,0.716796875,0.32658858595724155,0.005105104297399521,0.4835282139401958,True,phase,competitive
phase_competitive,88,600,4,2,0.6298828125,0.3140625,0.6298828125,0.35635192876120547,0.003879826981574297,0.29337407427561574,True,phase,competitive
phase_competitive,88,600,6,0,0.7504557291666667,0.6134486607142857,0.7484375000000001,0.2760232076950501,0.4265996217727661,0.5893978292071559,True,phase,competitive
phase_competitive,88,600,6,1,0.2914713541666667,-0.5201450892857143,0.7085286458333333,0.2932456434050352,0.005592740140855312,0.5130633454414186,True,phase,competitive
phase_competitive,88,600,6,2,0.6328125,0.3415736607142857,0.6328125,0.3209877183442132,0.00427252659574151,0.34202051458140287,True,phase,competitive
phase_competitive,88,900,4,0,0.7150065104166666,0.501953125,0.740234375,0.3124579137298654,1.590210199356079,0.5469474638472802,True,phase,competitive
phase_competitive,88,900,4,1,0.23421223958333331,-0.6097656250000001,0.7657877604166666,0.31301819122750685,0.0015610873233526945,0.545329305892048,True,phase,competitive
phase_competitive,88,900,4,2,0.2197265625,-0.6400390625,0.7802734375,0.30439332615980363,0.0014929859898984432,0.5793368441586123,True,phase,competitive
phase_competitive,88,900,6,0,0.70703125,0.5147321428571429,0.7276041666666666,0.28160537937839486,1.7011852264404297,0.5676588488451186,True,phase,competitive
phase_competitive,88,900,6,1,0.25345052083333336,-0.6047433035714286,0.7465494791666667,0.2798132490469229,0.001633755280636251,0.5744144467467621,True,phase,competitive
phase_competitive,88,900,6,2,0.2356119791666667,-0.6455357142857143,0.7643229166666667,0.2711617509410275,0.0015579177998006344,0.6088013948935127,True,phase,competitive
phase_scan,11,300,4,0,0.7762044270833334,0.6357421875000001,0.7762044270833334,0.2978796026753658,0.3680836856365204,0.6035539780616118,True,phase,scan
phase_scan,11,300,4,1,0.96240234375,0.952734375,0.90380859375,0.22771203787515729,1.7204136848449707,0.7921312676000473,True,phase,scan
phase_scan,11,300,4,2,0.9746093750000001,0.9681640625000001,0.8572591145833334,0.21182848481800468,1.4433543682098389,0.822779132607291,True,phase,scan
phase_scan,11,300,6,0,0.7679036458333333,0.6554129464285714,0.7679036458333333,0.2641969505029104,0.4030165672302246,0.6341193366098842,True,phase,scan
phase_scan,11,300,6,1,0.9617838541666668,0.9637276785714287,0.8958333333333335,0.19055302735002894,1.8063092231750488,0.8308347673184016,True,phase,scan
phase_scan,11,300,6,2,0.9711588541666667,0.9730468750000001,0.8209635416666667,0.19387855995640269,1.5356119871139526,0.8235731633821178,True,phase,scan
phase_scan,11,600,4,0,0.8058268229166667,0.6970703125000001,0.8058268229166667,0.284597727379939,0.4040861427783966,0.6490397969947721,True,phase,scan
phase_scan,11,600,4,1,0.97900390625,0.9744140625,0.8566080729166667,0.22135531489308094,1.4478105306625366,0.8046924204748614,True,phase,scan
phase_scan,11,600,4,2,0.982421875,0.978515625,0.8548177083333335,0.1942619114173372,1.5219013690948486,0.8536893627409727,True,phase,scan
phase_scan,11,600,6,0,0.7986979166666667,0.71796875,0.7986979166666667,0.24884925506207994,0.4491223692893982,0.6852356942644844,True,phase,scan
phase_scan,11,600,6,1,0.9774739583333335,0.9794642857142858,0.8185546875,0.1982784031703206,1.5125782489776611,0.8145848325508476,True,phase,scan
phase_scan,11,600,6,2,0.9814453125,0.9833705357142857,0.8113932291666668,0.18887101259029895,1.6231553554534912,0.8333288617708098,True,phase,scan
phase_scan,11,900,4,0,0.8307291666666667,0.7417968750000001,0.8307291666666667,0.27545761555971715,0.45203089714050293,0.6776506463959306,True,phase,scan
phase_scan,11,900,4,1,0.9793294270833334,0.97421875,0.83349609375,0.21644076577492347,1.4877052307128906,0.8148572689954857,True,phase,scan
phase_scan,11,900,4,2,0.9796549479166667,0.9744140625000001,0.8411458333333334,0.18912768637565194,1.6188308000564575,0.8618871002560335,True,phase,scan
phase_scan,11,900,6,0,0.8192708333333334,0.7569754464285715,0.8192708333333334,0.2391257639837824,0.503218412399292,0.7142912396780855,True,phase,scan
phase_scan,11,900,6,1,0.9809244791666667,0.9825892857142858,0.7994140625,0.197133401691198,1.5342988967895508,0.8171263883213973,True,phase,scan
phase_scan,11,900,6,2,0.9811197916666667,0.982700892857143,0.8104166666666668,0.18729530982214687,1.6381317377090454,0.8363163435860089,True,phase,scan
phase_scan,22,300,4,0,0.39860026041666663,-0.24042968750000002,0.6013997395833333,0.36001179350058227,0.07479879260063171,0.26198100618047937,True,phase,scan
phase_scan,22,300,4,1,0.35660807291666663,-0.33515625000000004,0.6376953125,0.35079550127303866,0.03657105192542076,0.33906119532924084,True,phase,scan
phase_scan,22,300,4,2,0.3611653645833333,-0.32851562500000003,0.638671875,0.35080873715083566,0.028341300785541534,0.3388536722354022,True,phase,scan
phase_scan,22,300,6,0,0.3955729166666667,-0.26623883928571423,0.6044270833333334,0.327459803143181,0.0802004411816597,0.28696541310459883,True,phase,scan
phase_scan,22,300,6,1,0.3436848958333334,-0.38844866071428574,0.6493489583333334,0.3159134639576541,0.039420612156391144,0.38122520245962976,True,phase,scan
phase_scan,22,300,6,2,0.3569010416666667,-0.3665736607142857,0.6418619791666665,0.3158183876063461,0.030612876638770103,0.3811743197695499,True,phase,scan
phase_scan,22,600,4,0,0.2644856770833333,-0.5564453125000001,0.7355143229166667,0.31602323870752935,0.14430370926856995,0.5305424134623082,True,phase,scan
phase_scan,22,600,4,1,0.38216145833333337,-0.2796875,0.6178385416666667,0.36001242948107426,0.016381744295358658,0.2624343065166284,True,phase,scan
phase_scan,22,600,4,2,0.35270182291666663,-0.3515625,0.6472981770833333,0.3529983992581339,0.012750334106385708,0.321369909370916,True,phase,scan
phase_scan,22,600,6,0,0.27923177083333334,-0.5563058035714286,0.7207682291666666,0.2832261747151255,0.15153007209300995,0.560165341210966,True,phase,scan
phase_scan,22,600,6,1,0.4029947916666667,-0.24375000000000002,0.5970052083333333,0.33072380846258664,0.017744310200214386,0.25943876875830113,True,phase,scan
phase_scan,22,600,6,2,0.3621744791666667,-0.35396205357142857,0.6378255208333333,0.32268768831273464,0.013592991977930069,0.33597404009370685,True,phase,scan
phase_scan,22,900,4,0,0.56298828125,0.1708984375,0.7716471354166667,0.2969468014494397,0.7187049984931946,0.6046878041309843,True,phase,scan
phase_scan,22,900,4,1,0.19938151041666666,-0.684765625,0.8006184895833334,0.3150870157497648,0.08682434260845184,0.5343723684453228,True,phase,scan
phase_scan,22,900,4,2,0.20556640625,-0.6744140625000001,0.79443359375,0.27554712187657676,0.058628033846616745,0.6737659442300735,True,phase,scan
phase_scan,22,900,6,0,0.5576822916666666,0.1793526785714286,0.7650390625000001,0.26313202051323226,0.7725422382354736,0.6383552263488677,True,phase,scan
phase_scan,22,900,6,1,0.20247395833333334,-0.7114955357142857,0.7975260416666667,0.2737903856228807,0.09939436614513397,0.5983029651932812,True,phase,scan
phase_scan,22,900,6,2,0.20755208333333336,-0.7040178571428573,0.7924479166666667,0.2427998356911743,0.0656396895647049,0.7037240370373168,True,phase,scan
phase_scan,33,300,4,0,0.8015950520833335,0.6880859375000001,0.80224609375,0.2885629811983788,1.826481819152832,0.6334259482839101,True,phase,scan
phase_scan,33,300,4,1,0.9567057291666667,0.9449218750000001,0.8699544270833334,0.24412217295906663,1.5432772636413574,0.7559429067640032,True,phase,scan
phase_scan,33,300,4,2,0.9627278645833334,0.953125,0.8504231770833334,0.21478487215912784,1.3742434978485107,0.8176027828376891,True,phase,scan
phase_scan,33,300,6,0,0.7996093750000001,0.7174107142857143,0.8001953125000001,0.24882388264305577,1.986433506011963,0.6853266094663537,True,phase,scan
phase_scan,33,300,6,1,0.9578776041666668,0.9587053571428572,0.8667317708333335,0.20507919717866796,1.6474719047546387,0.8002041570134536,True,phase,scan
phase_scan,33,300,6,2,0.9594401041666667,0.9617745535714287,0.8222656250000001,0.19607580225958396,1.4717047214508057,0.8189584664847865,True,phase,scan
phase_scan,33,600,4,0,0.83154296875,0.743359375,0.83154296875,0.2742302621001637,2.011232376098633,0.6778723028146353,True,phase,scan
phase_scan,33,600,4,1,0.9822591145833334,0.9783203125,0.8312174479166666,0.2298209797311679,1.4283831119537354,0.787399314868823,True,phase,scan
phase_scan,33,600,4,2,0.984375,0.9806640625,0.8481445312500001,0.19436809567487928,1.4428606033325195,0.8535143878519167,True,phase,scan
phase_scan,33,600,6,0,0.829296875,0.7691964285714286,0.829296875,0.23420839860725873,2.19018292427063,0.7280070117177768,True,phase,scan
phase_scan,33,600,6,1,0.9784505208333334,0.9805803571428573,0.7967447916666667,0.2038964169253322,1.5073399543762207,0.8027919686085956,True,phase,scan
phase_scan,33,600,6,2,0.9817708333333335,0.983872767857143,0.8154947916666668,0.19415348013869563,1.5597741603851318,0.8230176315976037,True,phase,scan
phase_scan,33,900,4,0,0.8636067708333335,0.80078125,0.86376953125,0.2615509337064834,2.066692352294922,0.7128366264326346,True,phase,scan
phase_scan,33,900,4,1,0.9777018229166667,0.97265625,0.8513997395833334,0.22854918179959377,1.4013293981552124,0.7900285528171389,True,phase,scan
phase_scan,33,900,4,2,0.9825846354166667,0.9787109375,0.8046875000000001,0.21637986825126826,1.4412086009979248,0.814786822506511,True,phase,scan
phase_scan,33,900,6,0,0.8550130208333335,0.8181361607142859,0.8550130208333334,0.22117815936407836,2.239459276199341,0.7621650110781097,True,phase,scan
phase_scan,33,900,6,1,0.9796223958333334,0.98125,0.8076171875,0.20713457756874834,1.4582974910736084,0.7954415846346491,True,phase,scan
phase_scan,33,900,6,2,0.9841145833333333,0.9857142857142858,0.7699869791666667,0.21438101794470388,1.5020642280578613,0.778677468296224,True,phase,scan
phase_scan,44,300,4,0,0.7696940104166666,0.623828125,0.7696940104166666,0.30188606593365164,0.2940275967121124,0.5870850517815894,True,phase,scan
phase_scan,44,300,4,1,0.9583333333333334,0.9470703125000001,0.8642578125,0.24434981191757596,1.5946135520935059,0.7560744461963962,True,phase,scan
phase_scan,44,300,4,2,0.962890625,0.9533203125,0.85400390625,0.2162241153849736,1.3912012577056885,0.8146443332242372,True,phase,scan
phase_scan,44,300,6,0,0.7703776041666667,0.6596540178571428,0.7703776041666667,0.2646307591416623,0.31593888998031616,0.6328117977864604,True,phase,scan
phase_scan,44,300,6,1,0.9587890625000002,0.9599330357142859,0.8582682291666668,0.20627977841470546,1.6905267238616943,0.7979015956320364,True,phase,scan
phase_scan,44,300,6,2,0.9641276041666668,0.966294642857143,0.8276041666666668,0.19628572071468192,1.472036600112915,0.8187716287995873,True,phase,scan
phase_scan,44,600,4,0,0.8048502604166667,0.6890625000000001,0.8048502604166667,0.2856962160772935,0.3360205292701721,0.6422602553562793,True,phase,scan
phase_scan,44,600,4,1,0.974609375,0.9691406250000001,0.8212890625,0.23524057925191658,1.3908476829528809,0.7765241002996179,True,phase,scan
phase_scan,44,600,4,2,0.97998046875,0.9755859375,0.82470703125,0.20444366976041792,1.5349525213241577,0.8364544879592754,True,phase,scan
phase_scan,44,600,6,0,0.8017578125,0.7229910714285714,0.8017578125,0.24677746964828182,0.36374831199645996,0.6916355793777624,True,phase,scan
phase_scan,44,600,6,1,0.9739583333333335,0.9763950892857143,0.7826822916666667,0.21234446667772575,1.4759800434112549,0.7836324405000878,True,phase,scan
phase_scan,44,600,6,2,0.9785807291666668,0.9806919642857144,0.7963541666666667,0.19569888462751237,1.6084939241409302,0.8197838214343808,True,phase,scan
phase_scan,44,900,4,0,0.8310546875000001,0.7423828125,0.8310546875000001,0.2747278102995236,0.3930470645427704,0.6757651499256148,True,phase,scan
phase_scan,44,900,4,1,0.9794921875,0.974609375,0.8068033854166666,0.23361036487320735,1.3954540491104126,0.7796398187935619,True,phase,scan
phase_scan,44,900,4,2,0.9812825520833334,0.9767578125,0.8406575520833335,0.19024662036569717,1.5466893911361694,0.8600522557882059,True,phase,scan
phase_scan,44,900,6,0,0.8256510416666667,0.7703125000000001,0.8256510416666667,0.23436525415551443,0.4265666604042053,0.7276399539127268,True,phase,scan
phase_scan,44,900,6,1,0.9772786458333333,0.9791294642857143,0.7573567708333333,0.2160903402770957,1.4587719440460205,0.7749105568675784,True,phase,scan
phase_scan,44,900,6,2,0.9807942708333334,0.9825892857142858,0.8037109375000001,0.19229268052681794,1.629103422164917,0.8266355018922859,True,phase,scan
phase_scan,55,300,4,0,0.74560546875,0.5697265625,0.74560546875,0.3112573774702146,0.32739168405532837,0.5504685030279745,True,phase,scan
phase_scan,55,300,4,1,0.92529296875,0.8875,0.87060546875,0.24567126871719272,1.652292013168335,0.75378881248136,True,phase,scan
phase_scan,55,300,4,2,0.9480794270833334,0.9291015625000001,0.8134765625,0.2338261523209284,1.3975789546966553,0.7792341822932245,True,phase,scan
phase_scan,55,300,6,0,0.7442708333333334,0.5948102678571429,0.7442708333333334,0.27546995591133144,0.3523489832878113,0.5926011274340155,True,phase,scan
phase_scan,55,300,6,1,0.9278645833333334,0.9087053571428572,0.8621744791666668,0.20956346779904755,1.772995948791504,0.7904461647545098,True,phase,scan
phase_scan,55,300,6,2,0.9455729166666668,0.9421875000000002,0.7806640625000001,0.21186602059349458,1.4716945886611938,0.7853267812741869,True,phase,scan
phase_scan,55,600,4,0,0.7902018229166667,0.66640625,0.7902018229166667,0.29108313429416194,0.322090744972229,0.6250989275400868,True,phase,scan
phase_scan,55,600,4,1,0.9762369791666667,0.9697265625,0.8538411458333334,0.223858174399365,1.4595184326171875,0.8016111976685213,True,phase,scan
phase_scan,55,600,4,2,0.9793294270833333,0.974609375,0.8421223958333334,0.20597122036266582,1.4126970767974854,0.83372262326397,True,phase,scan
phase_scan,55,600,6,0,0.7845703125000001,0.6849888392857143,0.7845703125000001,0.2542759641548283,0.351057767868042,0.6685146022643523,True,phase,scan
phase_scan,55,600,6,1,0.9725260416666667,0.974888392857143,0.8206380208333334,0.20028955047136934,1.530714511871338,0.8105702307382303,True,phase,scan
phase_scan,55,600,6,2,0.9762369791666667,0.9785714285714286,0.8044270833333335,0.19684955669173101,1.5414795875549316,0.8174287068891385,True,phase,scan
phase_scan,55,900,4,0,0.8102213541666667,0.708203125,0.8095703125,0.283859520636546,0.34055206179618835,0.6482073024055189,True,phase,scan
phase_scan,55,900,4,1,0.98095703125,0.9769531250000001,0.82666015625,0.22899253060878405,1.3436542749404907,0.7896551743584571,True,phase,scan
phase_scan,55,900,4,2,0.9842122395833334,0.9810546875,0.8969726562500001,0.17429021144355422,1.4884488582611084,0.884308279882178,True,phase,scan
phase_scan,55,900,6,0,0.8054687500000001,0.7267299107142857,0.8052083333333334,0.245581163542192,0.368096262216568,0.6956926068919019,True,phase,scan
phase_scan,55,900,6,1,0.9781250000000001,0.9803571428571429,0.7858723958333333,0.20991805392344667,1.399577260017395,0.7892147321955668,True,phase,scan
phase_scan,55,900,6,2,0.9832682291666668,0.9851004464285715,0.8349609375000002,0.17968490874831106,1.638303279876709,0.8506808408384223,True,phase,scan
phase_scan,66,300,4,0,0.4368489583333333,-0.15156250000000002,0.5891927083333333,0.3636595530573246,0.22013217210769653,0.21914196323323795,True,phase,scan
phase_scan,66,300,4,1,0.34423828125,-0.353125,0.7229817708333333,0.34466599800495856,0.30035072565078735,0.380422635577405,True,phase,scan
phase_scan,66,300,4,2,0.25634765625,-0.56171875,0.7459309895833335,0.34062486728096114,0.05984571948647499,0.4096725309680809,True,phase,scan
phase_scan,66,300,6,0,0.4267578125,-0.18448660714285714,0.5802083333333332,0.33133692511218693,0.24767035245895386,0.244480475381322,True,phase,scan
phase_scan,66,300,6,1,0.36458333333333337,-0.33214285714285713,0.7158854166666667,0.31004450939398204,0.38031381368637085,0.4197559470571455,True,phase,scan
phase_scan,66,300,6,2,0.2703776041666667,-0.5690848214285714,0.7317708333333333,0.30783580313918196,0.06776612997055054,0.44244240390743955,True,phase,scan
phase_scan,66,600,4,0,0.5877278645833333,0.201953125,0.6105143229166667,0.3543352986534297,0.3843085765838623,0.31031593817253966,True,phase,scan
phase_scan,66,600,4,1,0.95068359375,0.9351562500000001,0.9305013020833334,0.2311207598024418,1.1501176357269287,0.7855184378967534,True,phase,scan
phase_scan,66,600,4,2,0.95556640625,0.9390625000000001,0.8701171875,0.20747956464969233,1.300544023513794,0.8310994580983009,True,phase,scan
phase_scan,66,600,6,0,0.5966796875,0.2396205357142857,0.6214192708333333,0.322262906644732,0.44384998083114624,0.33207618709723413,True,phase,scan
phase_scan,66,600,6,1,0.9480468750000001,0.9440848214285715,0.9188802083333334,0.20817657361425718,1.2364721298217773,0.7930028553354277,True,phase,scan
phase_scan,66,600,6,2,0.9524088541666667,0.9448660714285715,0.8469401041666669,0.1897016907943239,1.4151482582092285,0.8318871440960023,True,phase,scan
phase_scan,66,900,4,0,0.6891276041666667,0.43203125,0.6883138020833334,0.33214434139755383,0.5907871723175049,0.45449927061202605,True,phase,scan
phase_scan,66,900,4,1,0.96044921875,0.944921875,0.8652343750000001,0.20442426071174014,1.6556973457336426,0.8365270792172248,True,phase,scan
phase_scan,66,900,4,2,0.9601236979166667,0.9441406250000001,0.80029296875,0.21558745201295174,1.5069231986999512,0.8157785173093013,True,phase,scan
phase_scan,66,900,6,0,0.7006510416666667,0.49084821428571435,0.6971354166666666,0.29775309583801696,0.6941543221473694,0.490705071822692,True,phase,scan
phase_scan,66,900,6,1,0.9584635416666667,0.95078125,0.8303385416666667,0.18601868941762995,1.6977314949035645,0.8391409410256631,True,phase,scan
phase_scan,66,900,6,2,0.9592447916666669,0.951450892857143,0.7791666666666668,0.20550811630639917,1.6092169284820557,0.7991051756640091,True,phase,scan
phase_scan,77,300,4,0,0.2431640625,-0.5955078125,0.7568359375,0.31059978446219466,0.0670899897813797,0.5530422132644088,True,phase,scan
phase_scan,77,300,4,1,0.19710286458333331,-0.6796875,0.8028971354166667,0.2878262205090775,0.0743609294295311,0.6354622657279638,True,phase,scan
phase_scan,77,300,4,2,0.21663411458333331,-0.641796875,0.7833658854166667,0.28754507788105654,0.06796292960643768,0.6362571742162196,True,phase,scan
phase_scan,77,300,6,0,0.252734375,-0.607421875,0.747265625,0.2767007857569892,0.07193596661090851,0.5879891387655937,True,phase,scan
phase_scan,77,300,6,1,0.1944010416666667,-0.7260602678571428,0.8055989583333334,0.24940133085943175,0.07989504933357239,0.684121890031367,True,phase,scan
phase_scan,77,300,6,2,0.21393229166666666,-0.6901785714285715,0.7860677083333334,0.25239337636907094,0.07330698519945145,0.6749499510404255,True,phase,scan
phase_scan,77,600,4,0,0.6365559895833333,0.31757812500000004,0.6365559895833333,0.3512620609534407,0.27324068546295166,0.33469389234006075,True,phase,scan
phase_scan,77,600,4,1,0.9650065104166667,0.9554687500000001,0.9249674479166667,0.22165747156539378,1.534111738204956,0.8040167011636893,True,phase,scan
phase_scan,77,600,4,2,0.9801432291666667,0.9755859375,0.8793945312500001,0.1869107637258754,1.508326530456543,0.8651442299868316,True,phase,scan
phase_scan,77,600,6,0,0.63125,0.3302455357142857,0.63125,0.3177816060722038,0.2931441366672516,0.36734818979183814,True,phase,scan
phase_scan,77,600,6,1,0.9654296875000001,0.9674665178571429,0.9164713541666668,0.19100638414081894,1.6219074726104736,0.829274733969985,True,phase,scan
phase_scan,77,600,6,2,0.9781901041666667,0.9803013392857144,0.8195963541666669,0.18320042524264227,1.6426730155944824,0.8442918323398801,True,phase,scan
phase_scan,77,900,4,0,0.6702473958333333,0.404296875,0.6702473958333333,0.34178861270399935,0.2511337995529175,0.3987061502776767,True,phase,scan
phase_scan,77,900,4,1,0.9816080729166666,0.9771484375000001,0.9134114583333334,0.20927678363936375,1.4874696731567383,0.827510267913499,True,phase,scan
phase_scan,77,900,4,2,0.9884440104166666,0.9853515625,0.8600260416666667,0.18858896712953066,1.443006992340088,0.8628801974368047,True,phase,scan
phase_scan,77,900,6,0,0.6608072916666666,0.4076450892857143,0.6608072916666666,0.30809965155267,0.2685023546218872,0.4324578780493728,True,phase,scan
phase_scan,77,900,6,1,0.9807291666666667,0.9825334821428572,0.8864583333333333,0.1846768411176292,1.5445876121520996,0.8414023248771191,True,phase,scan
phase_scan,77,900,6,2,0.9858072916666667,0.9872209821428573,0.8181640625000002,0.19370866916416263,1.5834003686904907,0.8238796772350695,True,phase,scan
phase_scan,88,300,4,0,0.27555338541666663,-0.52421875,0.7392578125,0.31612270938615317,0.1758994460105896,0.5322522400557053,True,phase,scan
phase_scan,88,300,4,1,0.54638671875,0.08574218750000001,0.6954752604166667,0.3512198278550624,0.2374352216720581,0.3356958370783469,True,phase,scan
phase_scan,88,300,4,2,0.31315104166666663,-0.47558593750000006,0.7073567708333333,0.29996715539554153,0.48546433448791504,0.5944631373620987,True,phase,scan
phase_scan,88,300,6,0,0.26953125,-0.5662388392857143,0.7440104166666666,0.2804729819507726,0.1820666491985321,0.5715193822117509,True,phase,scan
phase_scan,88,300,6,1,0.5119791666666667,-0.006082589285714283,0.7036458333333333,0.31888397240140853,0.2890356183052063,0.35921140511935884,True,phase,scan
phase_scan,88,300,6,2,0.39283854166666665,-0.31847098214285713,0.7395182291666667,0.28221389458136986,0.4704687297344208,0.5637995420872163,True,phase,scan
phase_scan,88,600,4,0,0.6624348958333333,0.376953125,0.6935221354166667,0.32646804764116377,0.7818124890327454,0.4847263471814019,True,phase,scan
phase_scan,88,600,4,1,0.9594726562500001,0.9472656250000001,0.8790690104166667,0.23030230755021347,1.5889003276824951,0.7886188798924005,True,phase,scan
phase_scan,88,600,4,2,0.97119140625,0.9636718750000001,0.8720703125,0.2012895845996346,1.414011836051941,0.8418017574170072,True,phase,scan
phase_scan,88,600,6,0,0.6778645833333332,0.4342075892857143,0.7177083333333334,0.28938417134087163,0.8559575080871582,0.5317767329082344,True,phase,scan
phase_scan,88,600,6,1,0.960546875,0.9617187500000001,0.8710286458333334,0.1981797469362679,1.6614010334014893,0.8149626096314493,True,phase,scan
phase_scan,88,600,6,2,0.9682942708333333,0.970200892857143,0.8406250000000002,0.1831589670361422,1.5354013442993164,0.8445223197744923,True,phase,scan
phase_scan,88,900,4,0,0.7024739583333333,0.46777343750000006,0.7138671875,0.3211295602124132,0.7284965515136719,0.5084475449729587,True,phase,scan
phase_scan,88,900,4,1,0.9687500000000001,0.9607421875000001,0.8772786458333334,0.21927442922630191,1.6550134420394897,0.8096159917877771,True,phase,scan
phase_scan,88,900,4,2,0.9741210937500001,0.9677734375,0.8369140625,0.20038635378675496,1.3624870777130127,0.8432345113297596,True,phase,scan
phase_scan,88,900,6,0,0.7205729166666667,0.5302455357142857,0.7320963541666667,0.2830203195614153,0.8109363317489624,0.5606820122717511,True,phase,scan
phase_scan,88,900,6,1,0.9696614583333334,0.9714285714285715,0.8509114583333335,0.1930714625978347,1.6987831592559814,0.825906987884858,True,phase,scan
phase_scan,88,900,6,2,0.9743489583333333,0.9763950892857143,0.8113281250000001,0.1914240376837439,1.549869179725647,0.8282802818983351,True,phase,scan
