system,seed,step,loss,gradient_norm,seconds
priority_competitive,11,20,1.9929629564285278,13.26792049407959,0.10535103299480397
priority_competitive,11,40,1.0835729837417603,7.258239269256592,0.20811214100103825
priority_competitive,11,60,0.8920639157295227,11.851502418518066,0.3111679349967744
priority_competitive,11,80,0.35891246795654297,5.4111175537109375,0.41116544700344093
priority_competitive,11,100,0.17776693403720856,2.44522762298584,0.5109321079944493
priority_competitive,11,120,0.23105770349502563,3.9052681922912598,0.6127654180017998
priority_competitive,11,140,0.24149048328399658,3.316410779953003,0.7164868179970654
priority_competitive,11,160,0.2808932363986969,3.707559585571289,0.8209268040081952
priority_competitive,11,180,0.2610348165035248,3.746386766433716,0.9250308659975417
priority_competitive,11,200,0.1970580369234085,2.377865791320801,1.0292167059960775
priority_competitive,11,220,0.19777733087539673,2.3287253379821777,1.1347417810029583
priority_competitive,11,240,0.24136562645435333,2.7089357376098633,1.2401118200068595
priority_competitive,11,260,0.1967943161725998,2.2919585704803467,1.3451105559943244
priority_competitive,11,280,0.19683367013931274,1.802278757095337,1.4491541930037783
priority_competitive,11,300,0.20461513102054596,1.7130677700042725,1.553640368001652
priority_competitive,11,320,0.15943250060081482,1.2191084623336792,1.7979984289995627
priority_competitive,11,340,0.20061779022216797,1.8491719961166382,1.9015000270010205
priority_competitive,11,360,0.1811153143644333,1.1897674798965454,2.0061789409955963
priority_competitive,11,380,0.1899421215057373,1.0665748119354248,2.110888082999736
priority_competitive,11,400,0.19808471202850342,1.6951159238815308,2.2145924189971993
priority_competitive,11,420,0.17587094008922577,1.2070413827896118,2.330150641995715
priority_competitive,11,440,0.2162972092628479,1.3653607368469238,2.441013417002978
priority_competitive,11,460,0.18408547341823578,1.0310274362564087,2.5455667700007325
priority_competitive,11,480,0.1644633561372757,0.8317873477935791,2.6496277099940926
priority_competitive,11,500,0.17423701286315918,0.6936661005020142,2.753830511996057
priority_competitive,11,520,0.14739088714122772,0.49743348360061646,2.8581096200068714
priority_competitive,11,540,0.19747567176818848,0.9805660247802734,2.9613017039955594
priority_competitive,11,560,0.19402892887592316,0.894069254398346,3.0646272849990055
priority_competitive,11,580,0.16135841608047485,0.731562077999115,3.1713268909952603
priority_competitive,11,600,0.17721593379974365,0.6583440899848938,3.2838557089999085
priority_competitive,11,620,0.17392997443675995,0.7544587850570679,3.526419813002576
priority_competitive,11,640,0.16279135644435883,0.3459031879901886,3.6304271090048132
priority_competitive,11,660,0.13875199854373932,0.5068632960319519,3.735313180994126
priority_competitive,11,680,0.16480031609535217,0.5985924601554871,3.846865917003015
priority_competitive,11,700,0.1636243313550949,0.7590619921684265,3.9584428210073384
priority_competitive,11,720,0.18422545492649078,0.5480873584747314,4.061910453005112
priority_competitive,11,740,0.21869809925556183,0.6866875886917114,4.170206278999103
priority_competitive,11,760,0.16882097721099854,0.8682577013969421,4.276458558000741
priority_competitive,11,780,0.1418205350637436,0.3897109627723694,4.380562510006712
priority_competitive,11,800,0.15430907905101776,0.4606204926967621,4.483948816996417
priority_competitive,11,820,0.15994788706302643,0.41719523072242737,4.588077766995411
priority_competitive,11,840,0.16281543672084808,0.5338729023933411,4.6919444350060076
priority_competitive,11,860,0.19134940207004547,0.6904445886611938,4.7969562460057205
priority_competitive,11,880,0.16026225686073303,0.4187455177307129,4.901526722998824
priority_competitive,11,900,0.19227850437164307,0.7861741781234741,5.0059058320039185
priority_competitive,22,20,3.3191864490509033,10.250630378723145,0.10492465499555692
priority_competitive,22,40,2.1081297397613525,12.991286277770996,0.2041782019950915
priority_competitive,22,60,1.677658200263977,8.076468467712402,0.30540776599082164
priority_competitive,22,80,0.5457912087440491,9.086636543273926,0.40904477299773134
priority_competitive,22,100,0.3646791875362396,6.4063849449157715,0.5126768719928805
priority_competitive,22,120,0.26395630836486816,3.6039786338806152,0.6168594339978881
priority_competitive,22,140,0.2092146873474121,2.4973537921905518,0.7221909590007272
priority_competitive,22,160,0.3282766044139862,5.266523361206055,0.8258619609987363
priority_competitive,22,180,0.20341575145721436,2.1240062713623047,0.9318692709930474
priority_competitive,22,200,0.19842557609081268,1.945192575454712,1.0361357649962883
priority_competitive,22,220,0.21500934660434723,2.3262808322906494,1.141054248000728
priority_competitive,22,240,0.1462916135787964,0.9364162683486938,1.24526280099235
priority_competitive,22,260,0.244223490357399,2.4436254501342773,1.3491603469883557
priority_competitive,22,280,0.18817996978759766,1.4250011444091797,1.4584725809982046
priority_competitive,22,300,0.19166511297225952,2.24008846282959,1.5626965830015251
priority_competitive,22,320,0.19351784884929657,1.186099886894226,1.8073734950012295
priority_competitive,22,340,0.19499343633651733,1.2068520784378052,1.9118611329904525
priority_competitive,22,360,0.20382165908813477,1.3041306734085083,2.0201214799890295
priority_competitive,22,380,0.16834546625614166,0.824083685874939,2.1319314499996835
priority_competitive,22,400,0.18466652929782867,1.1495975255966187,2.2366553299943916
priority_competitive,22,420,0.1507096290588379,0.7871597409248352,2.3412056579982163
priority_competitive,22,440,0.14767161011695862,0.8362525105476379,2.445740325987572
priority_competitive,22,460,0.20273743569850922,1.0530086755752563,2.550217462994624
priority_competitive,22,480,0.24493348598480225,1.872719407081604,2.6536699869902804
priority_competitive,22,500,0.18498922884464264,1.0925016403198242,2.756621129999985
priority_competitive,22,520,0.17589835822582245,0.6077898144721985,2.8628584099933505
priority_competitive,22,540,0.17173081636428833,0.710941731929779,2.976541839991114
priority_competitive,22,560,0.2155463546514511,1.2609195709228516,3.079694849991938
priority_competitive,22,580,0.18395966291427612,1.0461487770080566,3.185168256997713
priority_competitive,22,600,0.15855459868907928,0.8564388155937195,3.292565249998006
priority_competitive,22,620,0.1667299121618271,0.6927683353424072,3.5408598950016312
priority_competitive,22,640,0.17728078365325928,0.5902504920959473,3.6558465129928663
priority_competitive,22,660,0.14555953443050385,0.5439624786376953,3.759960824987502
priority_competitive,22,680,0.1796887367963791,0.6447066068649292,3.865057358998456
priority_competitive,22,700,0.1599636971950531,0.5419120192527771,3.9711873139895033
priority_competitive,22,720,0.17509913444519043,0.5763522386550903,4.0774892379995435
priority_competitive,22,740,0.18589764833450317,0.7909737229347229,4.183756525992067
priority_competitive,22,760,0.1806316375732422,0.9053110480308533,4.290267390999361
priority_competitive,22,780,0.18647313117980957,0.7120285034179688,4.394813459992292
priority_competitive,22,800,0.15419957041740417,0.49703508615493774,4.503236780001316
priority_competitive,22,820,0.1656349152326584,0.5337907671928406,4.608584845991572
priority_competitive,22,840,0.19726769626140594,0.5111096501350403,4.713424387999112
priority_competitive,22,860,0.18082399666309357,0.7072878479957581,4.816348118998576
priority_competitive,22,880,0.1873665452003479,0.4656831920146942,4.926168905993109
priority_competitive,22,900,0.1818574070930481,0.6373034119606018,5.030413708998822
priority_competitive,33,20,2.934549570083618,8.93338394165039,0.10864503400807735
priority_competitive,33,40,2.3855764865875244,6.584590435028076,0.21263063000515103
priority_competitive,33,60,1.3316792249679565,6.166682243347168,0.31671095700585283
priority_competitive,33,80,0.505104124546051,6.542154312133789,0.42143986700102687
priority_competitive,33,100,0.2816656231880188,4.657324314117432,0.5279293900093762
priority_competitive,33,120,0.21819420158863068,3.467712640762329,0.6313297040032921
priority_competitive,33,140,0.2230771780014038,2.9717907905578613,0.7360029480041703
priority_competitive,33,160,0.23425935208797455,2.3460450172424316,0.8410020050068852
priority_competitive,33,180,0.26029616594314575,2.9887025356292725,0.9455260420072591
priority_competitive,33,200,0.1827535778284073,1.9876753091812134,1.0511235459998716
priority_competitive,33,220,0.18627262115478516,1.8450472354888916,1.1556262230005814
priority_competitive,33,240,0.2494928240776062,3.071110963821411,1.2628060190036194
priority_competitive,33,260,0.19531559944152832,1.6761077642440796,1.3661807740136283
priority_competitive,33,280,0.21881724894046783,2.4799599647521973,1.4708626540086698
priority_competitive,33,300,0.19926594197750092,1.5087038278579712,1.575384086012491
priority_competitive,33,320,0.1807280033826828,1.2317094802856445,1.832734817013261
priority_competitive,33,340,0.19927485287189484,1.1981284618377686,1.9419302760070423
priority_competitive,33,360,0.2132422924041748,1.5054906606674194,2.0483435040077893
priority_competitive,33,380,0.19262750446796417,1.14214026927948,2.1523996840114705
priority_competitive,33,400,0.2201320379972458,1.5407613515853882,2.255613571003778
priority_competitive,33,420,0.2294013947248459,1.4715937376022339,2.3588630459998967
priority_competitive,33,440,0.17988456785678864,0.8738868236541748,2.462004644010449
priority_competitive,33,460,0.15968762338161469,0.7201367020606995,2.5702379790018313
priority_competitive,33,480,0.1801404505968094,0.8868786096572876,2.6738700670102844
priority_competitive,33,500,0.16588811576366425,0.927736759185791,2.785277656003018
priority_competitive,33,520,0.16496369242668152,0.6773788928985596,2.8885930470132735
priority_competitive,33,540,0.17030291259288788,0.7061303853988647,2.997064659008174
priority_competitive,33,560,0.18587827682495117,1.022472858428955,3.0993049400130985
priority_competitive,33,580,0.2009972780942917,0.7717208862304688,3.205421208011103
priority_competitive,33,600,0.19465512037277222,0.8053644895553589,3.317380434004008
priority_competitive,33,620,0.1814703494310379,0.7990553379058838,3.5639514160138788
priority_competitive,33,640,0.18027053773403168,0.7790668606758118,3.6731595910096075
priority_competitive,33,660,0.16829758882522583,0.4998711347579956,3.777379485007259
priority_competitive,33,680,0.19015462696552277,0.7171628475189209,3.881621211010497
priority_competitive,33,700,0.20947812497615814,0.6577142477035522,3.984948435012484
priority_competitive,33,720,0.16542752087116241,0.6450183987617493,4.089045644010184
priority_competitive,33,740,0.168601393699646,0.6593031287193298,4.194120937012485
priority_competitive,33,760,0.18531690537929535,0.4717380106449127,4.297917761010467
priority_competitive,33,780,0.19699887931346893,0.743228018283844,4.403717133012833
priority_competitive,33,800,0.1582949310541153,0.4451510012149811,4.50844950901228
priority_competitive,33,820,0.17547334730625153,0.668661892414093,4.61413338901184
priority_competitive,33,840,0.17021960020065308,0.5409005284309387,4.71963873700588
priority_competitive,33,860,0.1905878633260727,0.5381631255149841,4.822004588000709
priority_competitive,33,880,0.15695905685424805,0.48847293853759766,4.9246755440108245
priority_competitive,33,900,0.17828674614429474,0.5576726198196411,5.028360463009449
priority_competitive,44,20,2.734175443649292,11.346442222595215,0.10863634801353328
priority_competitive,44,40,1.3388376235961914,6.670431613922119,0.2155790300021181
priority_competitive,44,60,1.0789064168930054,5.342957496643066,0.3199624180124374
priority_competitive,44,80,0.46739712357521057,5.663261890411377,0.42142168201098684
priority_competitive,44,100,0.23865823447704315,3.583287239074707,0.5265458089997992
priority_competitive,44,120,0.2620687782764435,3.28555965423584,0.6328452590096276
priority_competitive,44,140,0.27104946970939636,3.8095083236694336,0.7363476380123757
priority_competitive,44,160,0.34855949878692627,4.31744909286499,0.8414132530015195
priority_competitive,44,180,0.27264633774757385,2.6998627185821533,0.9445809210010339
priority_competitive,44,200,0.1944790929555893,1.5006661415100098,1.049172297003679
priority_competitive,44,220,0.1951819211244583,1.8235334157943726,1.1545018380129477
priority_competitive,44,240,0.19842171669006348,1.5607460737228394,1.2614318860141793
priority_competitive,44,260,0.1980300098657608,1.441914677619934,1.367463572009001
priority_competitive,44,280,0.23363550007343292,2.360236883163452,1.474155875010183
priority_competitive,44,300,0.1722842901945114,0.8747574090957642,1.5819929910067003
priority_competitive,44,320,0.2173154503107071,1.5386534929275513,1.8215807510132436
priority_competitive,44,340,0.25921711325645447,2.598846197128296,1.9290971030131914
priority_competitive,44,360,0.16905033588409424,1.1521553993225098,2.0343928890069947
priority_competitive,44,380,0.19101665914058685,1.043111801147461,2.1383249320060713
priority_competitive,44,400,0.16850565373897552,1.0940574407577515,2.2420391270134132
priority_competitive,44,420,0.18164567649364471,0.9556818008422852,2.3460752990067704
priority_competitive,44,440,0.1650848388671875,0.9444888234138489,2.4494959319999907
priority_competitive,44,460,0.19486455619335175,0.9386017322540283,2.552838164003333
priority_competitive,44,480,0.18257282674312592,0.7872176170349121,2.6573804470099276
priority_competitive,44,500,0.18302635848522186,0.8476446866989136,2.763402294003754
priority_competitive,44,520,0.1678342968225479,0.8210070729255676,2.866981270010001
priority_competitive,44,540,0.17965294420719147,0.8525168299674988,2.9774279370030854
priority_competitive,44,560,0.16682933270931244,0.745536744594574,3.086872254003538
priority_competitive,44,580,0.1601220816373825,0.6278184056282043,3.1935568810004042
priority_competitive,44,600,0.16047197580337524,0.5660011172294617,3.2973755670100218
priority_competitive,44,620,0.1651908904314041,0.6238037943840027,3.5430076100019505
priority_competitive,44,640,0.16411131620407104,0.5483688116073608,3.6459376020065974
priority_competitive,44,660,0.18829675018787384,0.7142156362533569,3.7631714070012094
priority_competitive,44,680,0.1737571805715561,0.42559146881103516,3.869066802013549
priority_competitive,44,700,0.21772415935993195,1.268011212348938,3.972474881011294
priority_competitive,44,720,0.19222430884838104,0.8264078497886658,4.079190828007995
priority_competitive,44,740,0.16970707476139069,0.4982351064682007,4.183431663012016
priority_competitive,44,760,0.14189650118350983,0.33248069882392883,4.287058991001686
priority_competitive,44,780,0.15720662474632263,0.5928832292556763,4.391991932003293
priority_competitive,44,800,0.1682741492986679,0.705873429775238,4.496589089001645
priority_competitive,44,820,0.15937234461307526,0.9362889528274536,4.600828181006364
priority_competitive,44,840,0.18737412989139557,0.5718615055084229,4.7055495160020655
priority_competitive,44,860,0.15539231896400452,0.3397752642631531,4.810301170000457
priority_competitive,44,880,0.1605616956949234,0.6892734169960022,4.9155395250127185
priority_competitive,44,900,0.17319826781749725,0.5148347020149231,5.02129155601142
priority_competitive,55,20,3.4966297149658203,11.593283653259277,0.10318319799262099
priority_competitive,55,40,1.4954744577407837,12.073833465576172,0.20619810299831443
priority_competitive,55,60,0.7281535267829895,6.622100830078125,0.30958174499392044
priority_competitive,55,80,0.324413001537323,6.294093132019043,0.4158834589907201
priority_competitive,55,100,0.273492693901062,3.6383445262908936,0.5239431119989604
priority_competitive,55,120,0.2132645845413208,3.719576120376587,0.6308100689930143
priority_competitive,55,140,0.3046731650829315,4.234604358673096,0.7350837369885994
priority_competitive,55,160,0.24127542972564697,4.475226879119873,0.8399489779985743
priority_competitive,55,180,0.2544328570365906,3.402921438217163,0.9423012129991548
priority_competitive,55,200,0.23592598736286163,2.647588014602661,1.0467234149982687
priority_competitive,55,220,0.25271058082580566,2.530700445175171,1.1488392669998575
priority_competitive,55,240,0.19222402572631836,1.9281184673309326,1.2548641210014466
priority_competitive,55,260,0.248343825340271,2.5660898685455322,1.3664014279929688
priority_competitive,55,280,0.17797233164310455,1.6617519855499268,1.4703877449937863
priority_competitive,55,300,0.22994394600391388,2.431577205657959,1.5736454149882775
priority_competitive,55,320,0.19627833366394043,1.636915922164917,1.8145991630008211
priority_competitive,55,340,0.18743716180324554,1.5126577615737915,1.9174449839920271
priority_competitive,55,360,0.2000288963317871,1.6849898099899292,2.0221728519973112
priority_competitive,55,380,0.19507457315921783,1.2031230926513672,2.1253960759931942
priority_competitive,55,400,0.20182664692401886,1.8239996433258057,2.2287147129973164
priority_competitive,55,420,0.1920379251241684,1.1392899751663208,2.332483242993476
priority_competitive,55,440,0.18555861711502075,1.2911152839660645,2.439396798989037
priority_competitive,55,460,0.15718227624893188,1.3164565563201904,2.542817080990062
priority_competitive,55,480,0.17803728580474854,0.9752273559570312,2.648184764999314
priority_competitive,55,500,0.18862760066986084,1.0143649578094482,2.7511372309963917
priority_competitive,55,520,0.16885431110858917,1.0326673984527588,2.863194092991762
priority_competitive,55,540,0.16472221910953522,0.725162923336029,2.967473903001519
priority_competitive,55,560,0.16462154686450958,0.5167287588119507,3.072517214997788
priority_competitive,55,580,0.1535971611738205,0.8450118899345398,3.1767718859919114
priority_competitive,55,600,0.15342265367507935,0.9503982067108154,3.281389792988193
priority_competitive,55,620,0.20158231258392334,0.7130815386772156,3.5401348559971666
priority_competitive,55,640,0.15333542227745056,0.538445770740509,3.643005103993346
priority_competitive,55,660,0.19045156240463257,0.8248743414878845,3.7483597620012006
priority_competitive,55,680,0.17439676821231842,0.9692412614822388,3.8547126249904977
priority_competitive,55,700,0.163258358836174,0.6531562805175781,3.962753971994971
priority_competitive,55,720,0.17619629204273224,0.5532733798027039,4.067737830991973
priority_competitive,55,740,0.14253117144107819,0.47264090180397034,4.173947668998153
priority_competitive,55,760,0.15897883474826813,0.5512213706970215,4.281409987001098
priority_competitive,55,780,0.1544712483882904,0.4093804657459259,4.386204101989279
priority_competitive,55,800,0.16093645989894867,0.5891451239585876,4.490792962998967
priority_competitive,55,820,0.1817636936903,0.6238104104995728,4.595238669993705
priority_competitive,55,840,0.18533582985401154,0.6911104917526245,4.701245388991083
priority_competitive,55,860,0.14144669473171234,0.4766353368759155,4.810443943992141
priority_competitive,55,880,0.16205523908138275,0.6179481148719788,4.916626498990809
priority_competitive,55,900,0.15973760187625885,0.43664777278900146,5.020193171993014
priority_competitive,66,20,3.605872392654419,17.07427215576172,0.10246934999304358
priority_competitive,66,40,2.365440607070923,7.140539646148682,0.20865829799731728
priority_competitive,66,60,1.103211522102356,8.119464874267578,0.3106994069967186
priority_competitive,66,80,0.9228906631469727,6.048481464385986,0.4149496390018612
priority_competitive,66,100,0.7279190421104431,6.936751365661621,0.5197112320020096
priority_competitive,66,120,0.26122573018074036,3.3972182273864746,0.6233474679902429
priority_competitive,66,140,0.23570241034030914,3.1524195671081543,0.7257113149971701
priority_competitive,66,160,0.20488540828227997,2.2749478816986084,0.8325156919891015
priority_competitive,66,180,0.2482151985168457,3.2392563819885254,0.936999402998481
priority_competitive,66,200,0.24463428556919098,3.206434488296509,1.0441278310026973
priority_competitive,66,220,0.24756155908107758,2.4655332565307617,1.1498017419944517
priority_competitive,66,240,0.22156983613967896,2.1034445762634277,1.2542277009924874
priority_competitive,66,260,0.20324169099330902,1.894964575767517,1.357922808994772
priority_competitive,66,280,0.2437490075826645,2.0528764724731445,1.4630697909888113
priority_competitive,66,300,0.2211538553237915,2.245420217514038,1.5669576179934666
priority_competitive,66,320,0.21587274968624115,1.6197904348373413,1.8058495049917838
priority_competitive,66,340,0.17224544286727905,1.0555286407470703,1.909234138991451
priority_competitive,66,360,0.18493779003620148,1.4879807233810425,2.0146722579956986
priority_competitive,66,380,0.1874788999557495,1.6257774829864502,2.1246926379972138
priority_competitive,66,400,0.17312024533748627,1.0854765176773071,2.233363601990277
priority_competitive,66,420,0.18352945148944855,1.319701075553894,2.337044774001697
priority_competitive,66,440,0.17876823246479034,1.128957748413086,2.450867391002248
priority_competitive,66,460,0.19169668853282928,1.1562614440917969,2.5648700530000497
priority_competitive,66,480,0.1743706315755844,0.6649503707885742,2.671110568990116
priority_competitive,66,500,0.1886342614889145,0.930005669593811,2.7789385479991324
priority_competitive,66,520,0.17793089151382446,0.9409759640693665,2.8825537840020843
priority_competitive,66,540,0.18998129665851593,0.7326338887214661,2.9871837239916204
priority_competitive,66,560,0.1893472522497177,0.9419527053833008,3.090106902993284
priority_competitive,66,580,0.16740502417087555,0.5921552777290344,3.207341658999212
priority_competitive,66,600,0.1695474535226822,0.8457275629043579,3.313210002001142
priority_competitive,66,620,0.16475094854831696,0.5248240232467651,3.5599358420004137
priority_competitive,66,640,0.1752619594335556,0.7253051996231079,3.6639261359960074
priority_competitive,66,660,0.17902107536792755,0.4301862120628357,3.767898285994306
priority_competitive,66,680,0.201265349984169,0.8011318445205688,3.8731081070000073
priority_competitive,66,700,0.17767132818698883,0.6514734625816345,3.9771481369971298
priority_competitive,66,720,0.14427070319652557,0.3705638647079468,4.081398579990491
priority_competitive,66,740,0.2135256975889206,1.363094687461853,4.186090618997696
priority_competitive,66,760,0.16216813027858734,0.597285807132721,4.295617753989063
priority_competitive,66,780,0.1608240157365799,0.3569224774837494,4.4016143629996805
priority_competitive,66,800,0.17560023069381714,0.4768420457839966,4.514802493999014
priority_competitive,66,820,0.18367792665958405,0.4212421178817749,4.623198711997247
priority_competitive,66,840,0.19980649650096893,0.6308221220970154,4.726360638989718
priority_competitive,66,860,0.17552430927753448,0.5674219727516174,4.828784109995468
priority_competitive,66,880,0.15341253578662872,0.4812576174736023,4.933715117993415
priority_competitive,66,900,0.15872572362422943,0.4805231988430023,5.037489377995371
priority_competitive,77,20,2.9026129245758057,10.446979522705078,0.10432896300335415
priority_competitive,77,40,2.2887070178985596,13.475104331970215,0.20771565100585576
priority_competitive,77,60,1.2160319089889526,7.85968017578125,0.31244839800638147
priority_competitive,77,80,0.6251084804534912,7.045344352722168,0.41555194300599396
priority_competitive,77,100,0.434815376996994,5.292131423950195,0.519827202995657
priority_competitive,77,120,0.2264203578233719,3.0109305381774902,0.6283653230057098
priority_competitive,77,140,0.24923139810562134,4.076969146728516,0.7331436780077638
priority_competitive,77,160,0.2306753545999527,2.640867233276367,0.8399300099990796
priority_competitive,77,180,0.23313158750534058,3.1432266235351562,0.944136399004492
priority_competitive,77,200,0.28545522689819336,3.6059505939483643,1.0494476540043252
priority_competitive,77,220,0.18551398813724518,1.7517989873886108,1.152900489003514
priority_competitive,77,240,0.19864040613174438,1.9504714012145996,1.2568011819967069
priority_competitive,77,260,0.2199975997209549,2.1133666038513184,1.3615570230031153
priority_competitive,77,280,0.18893598020076752,1.7235181331634521,1.4743789019994438
priority_competitive,77,300,0.20049019157886505,1.8309310674667358,1.5799052200018195
priority_competitive,77,320,0.20965729653835297,1.3991762399673462,1.8407860360021004
priority_competitive,77,340,0.19386416673660278,1.5063291788101196,1.944793351998669
priority_competitive,77,360,0.20166511833667755,2.0936923027038574,2.0503182980028214
priority_competitive,77,380,0.19967371225357056,1.3093774318695068,2.155284542008303
priority_competitive,77,400,0.18852628767490387,1.1741794347763062,2.2590536030038493
priority_competitive,77,420,0.20244596898555756,1.5215576887130737,2.3638323479972314
priority_competitive,77,440,0.1914868950843811,1.2294180393218994,2.471637513008318
priority_competitive,77,460,0.19462478160858154,1.401700735092163,2.576742784003727
priority_competitive,77,480,0.19336384534835815,0.9373482465744019,2.6815036150073865
priority_competitive,77,500,0.15888670086860657,0.713631272315979,2.7874978800100507
priority_competitive,77,520,0.16681672632694244,0.7616961002349854,2.891302378004184
priority_competitive,77,540,0.18431879580020905,0.9067397713661194,3.0040020029991865
priority_competitive,77,560,0.16759228706359863,0.5126929879188538,3.1088596600020537
priority_competitive,77,580,0.17599362134933472,0.824425220489502,3.2159784690011293
priority_competitive,77,600,0.16321448981761932,0.627692699432373,3.320536422004807
priority_competitive,77,620,0.17853350937366486,0.7958385944366455,3.569637723005144
priority_competitive,77,640,0.1806761771440506,0.6234753727912903,3.6833144900010666
priority_competitive,77,660,0.17007791996002197,0.8230500221252441,3.792863206996117
priority_competitive,77,680,0.15957045555114746,0.6398451924324036,3.9000753550062655
priority_competitive,77,700,0.14888431131839752,0.44391676783561707,4.007083794000209
priority_competitive,77,720,0.189203143119812,0.6182190179824829,4.111640372997499
priority_competitive,77,740,0.1349278837442398,0.40345102548599243,4.217218229998252
priority_competitive,77,760,0.15724892914295197,0.4148021638393402,4.323829146000207
priority_competitive,77,780,0.1560354381799698,0.49516886472702026,4.428525354000158
priority_competitive,77,800,0.15604481101036072,0.5131454467773438,4.534168004000094
priority_competitive,77,820,0.1839010864496231,0.48198753595352173,4.641268539009616
priority_competitive,77,840,0.1472359299659729,0.5679664611816406,4.74628223500622
priority_competitive,77,860,0.17767108976840973,0.6079598665237427,4.851161893995595
priority_competitive,77,880,0.15436255931854248,0.6896571516990662,4.961427043002914
priority_competitive,77,900,0.1822468787431717,0.9021033048629761,5.066807612005505
priority_competitive,88,20,3.1102168560028076,13.339777946472168,0.10405955600435846
priority_competitive,88,40,2.2662668228149414,6.853116512298584,0.20763137900212314
priority_competitive,88,60,0.8561652302742004,5.606688022613525,0.3172946749982657
priority_competitive,88,80,0.7652885913848877,5.467634677886963,0.4226583810086595
priority_competitive,88,100,0.37697353959083557,5.655008316040039,0.5267023290070938
priority_competitive,88,120,0.27999168634414673,4.397661209106445,0.635154303003219
priority_competitive,88,140,0.23589809238910675,2.7325875759124756,0.7380702090013074
priority_competitive,88,160,0.27557486295700073,2.8046064376831055,0.8413437490089564
priority_competitive,88,180,0.25053223967552185,2.5735976696014404,0.9453978859964991
priority_competitive,88,200,0.23593704402446747,2.266143321990967,1.0498716570000397
priority_competitive,88,220,0.18321657180786133,1.7556506395339966,1.156665393995354
priority_competitive,88,240,0.18332016468048096,1.3680683374404907,1.2631860569963465
priority_competitive,88,260,0.187188521027565,1.2943912744522095,1.3665878339961637
priority_competitive,88,280,0.16094650328159332,1.2255221605300903,1.472103481006343
priority_competitive,88,300,0.1948867291212082,1.4184041023254395,1.5762366999988444
priority_competitive,88,320,0.18436956405639648,1.0010098218917847,1.8228158580022864
priority_competitive,88,340,0.1957448273897171,0.9942076802253723,1.9262591940059792
priority_competitive,88,360,0.18483251333236694,0.9745452404022217,2.0306481320003513
priority_competitive,88,380,0.21166454255580902,1.2708407640457153,2.1366728150023846
priority_competitive,88,400,0.17722342908382416,0.946720540523529,2.2434050839947304
priority_competitive,88,420,0.20686312019824982,1.2359282970428467,2.3487480909971055
priority_competitive,88,440,0.2044241577386856,1.117200493812561,2.4551745040080277
priority_competitive,88,460,0.1655314713716507,0.5901661515235901,2.563352594006574
priority_competitive,88,480,0.18427275121212006,0.9813045859336853,2.675672872006544
priority_competitive,88,500,0.17805467545986176,1.0018296241760254,2.7812318920041434
priority_competitive,88,520,0.16663838922977448,0.6188095211982727,2.8892890900024213
priority_competitive,88,540,0.16407188773155212,0.563819169998169,2.992833550000796
priority_competitive,88,560,0.1517927497625351,0.6177514791488647,3.096687993995147
priority_competitive,88,580,0.1712716817855835,0.7758749127388,3.2011354440037394
priority_competitive,88,600,0.18030650913715363,0.7752594947814941,3.314793797006132
priority_competitive,88,620,0.18262739479541779,0.6908381581306458,3.565212532004807
priority_competitive,88,640,0.1774086207151413,0.8756997585296631,3.6751538710086606
priority_competitive,88,660,0.16084006428718567,0.4541913568973541,3.779448910005158
priority_competitive,88,680,0.17995058000087738,0.549836277961731,3.8843931019946467
priority_competitive,88,700,0.1654895693063736,0.5122626423835754,3.9894214359956095
priority_competitive,88,720,0.15441828966140747,0.39390864968299866,4.095249261998106
priority_competitive,88,740,0.19170725345611572,0.5903710722923279,4.200591155997245
priority_competitive,88,760,0.1500190645456314,0.44913554191589355,4.307219476002501
priority_competitive,88,780,0.17416900396347046,0.4843848645687103,4.412387688003946
priority_competitive,88,800,0.16281987726688385,0.5456193685531616,4.51870221599529
priority_competitive,88,820,0.16837050020694733,0.3601095378398895,4.626151499003754
priority_competitive,88,840,0.16978956758975983,0.5389906764030457,4.73386290500639
priority_competitive,88,860,0.15061475336551666,0.4872598946094513,4.838201146005304
priority_competitive,88,880,0.1729145497083664,0.4723166525363922,4.942846735997591
priority_competitive,88,900,0.16575223207473755,0.38065123558044434,5.0472829549980816
priority_scan,11,20,2.106400966644287,5.366888523101807,0.11129547300515696
priority_scan,11,40,1.60675048828125,5.004539966583252,0.21646412600239273
priority_scan,11,60,1.1244970560073853,3.6674716472625732,0.32104131500818767
priority_scan,11,80,0.9629825949668884,1.5101579427719116,0.4279251140105771
priority_scan,11,100,0.6180723309516907,2.044497489929199,0.5372602610004833
priority_scan,11,120,0.5855380892753601,1.7465859651565552,0.647822990998975
priority_scan,11,140,0.6018878221511841,1.7073750495910645,0.7546763819991611
priority_scan,11,160,0.5724985003471375,1.7939823865890503,0.8607286480109906
priority_scan,11,180,0.5414132475852966,1.2579892873764038,0.967388919001678
priority_scan,11,200,0.39710819721221924,0.9997631907463074,1.0725759470078629
priority_scan,11,220,0.47350963950157166,0.8264786601066589,1.1778278990095714
priority_scan,11,240,0.44549277424812317,1.4663825035095215,1.286232413011021
priority_scan,11,260,0.372890442609787,0.5534815788269043,1.391001950003556
priority_scan,11,280,0.45427775382995605,1.2541494369506836,1.4960455730033573
priority_scan,11,300,0.3988970220088959,0.9132272601127625,1.6005219990038313
priority_scan,11,320,0.3819388151168823,1.105821967124939,1.843350339011522
priority_scan,11,340,0.3255579471588135,0.42261072993278503,1.9494169930112548
priority_scan,11,360,0.33099716901779175,0.48416200280189514,2.053427846010891
priority_scan,11,380,0.35839614272117615,0.6452356576919556,2.1604349020053633
priority_scan,11,400,0.356494277715683,0.7601661682128906,2.2681417490093736
priority_scan,11,420,0.3370857536792755,0.6277509927749634,2.385457149008289
priority_scan,11,440,0.3682442605495453,1.0571274757385254,2.4917766069993377
priority_scan,11,460,0.32773610949516296,0.525992751121521,2.598332598005072
priority_scan,11,480,0.3185446560382843,0.41675570607185364,2.7028418670088286
priority_scan,11,500,0.33684179186820984,0.7417794466018677,2.8071454520104453
priority_scan,11,520,0.3491939306259155,0.906365156173706,2.9127984330116306
priority_scan,11,540,0.37492692470550537,0.6315101385116577,3.025215546003892
priority_scan,11,560,0.36564090847969055,0.6484838724136353,3.1363416950043757
priority_scan,11,580,0.3252323269844055,0.3527694642543793,3.2444262960052583
priority_scan,11,600,0.35614752769470215,0.859771728515625,3.3537687470088713
priority_scan,11,620,0.3427009582519531,1.0189518928527832,3.599696286008111
priority_scan,11,640,0.3277885913848877,0.5573849678039551,3.704738366010133
priority_scan,11,660,0.32102862000465393,0.6821387410163879,3.810916262998944
priority_scan,11,680,0.33371758460998535,0.3811027407646179,3.9155222170084016
priority_scan,11,700,0.3264811635017395,0.6832597255706787,4.022884053003509
priority_scan,11,720,0.3582412302494049,0.9229032397270203,4.127603945002193
priority_scan,11,740,0.36101508140563965,0.6421036124229431,4.233924655010924
priority_scan,11,760,0.35801997780799866,0.867855429649353,4.342176256002858
priority_scan,11,780,0.3313506543636322,0.5748013257980347,4.449601462998544
priority_scan,11,800,0.3461696207523346,0.7761796712875366,4.553152956999838
priority_scan,11,820,0.33483850955963135,1.1257346868515015,4.660652827005833
priority_scan,11,840,0.3518824577331543,0.6698518395423889,4.767888129004859
priority_scan,11,860,0.322257936000824,0.4836975336074829,4.873674225003924
priority_scan,11,880,0.3313707411289215,0.4287124574184418,4.9783259270043345
priority_scan,11,900,0.35217413306236267,0.9190311431884766,5.08507056000235
priority_scan,22,20,2.2999472618103027,4.205392837524414,0.10623057800694369
priority_scan,22,40,1.782052993774414,1.8980499505996704,0.21195690901367925
priority_scan,22,60,2.374943494796753,3.104417085647583,0.320640538004227
priority_scan,22,80,1.362195372581482,3.228877067565918,0.4287167520087678
priority_scan,22,100,0.7105976939201355,2.7933878898620605,0.5412373440049123
priority_scan,22,120,0.6394633650779724,2.003326892852783,0.6481421230128035
priority_scan,22,140,0.5996807813644409,1.666083812713623,0.753747012000531
priority_scan,22,160,0.6107895970344543,2.9329288005828857,0.859026136007742
priority_scan,22,180,0.6665781736373901,1.9482229948043823,0.9651473840058316
priority_scan,22,200,0.5702847838401794,1.879628300666809,1.0710834670026088
priority_scan,22,220,0.5179647207260132,1.284397840499878,1.1765704600111349
priority_scan,22,240,0.42321059107780457,1.1970558166503906,1.285901269002352
priority_scan,22,260,0.4838954210281372,1.4284096956253052,1.39263479001238
priority_scan,22,280,0.4249202311038971,0.7216860055923462,1.5028798510029446
priority_scan,22,300,0.39960357546806335,0.9525448679924011,1.611185715009924
priority_scan,22,320,0.37111565470695496,0.5286564826965332,1.856312791001983
priority_scan,22,340,0.3694494068622589,0.5228683948516846,1.9625247430085437
priority_scan,22,360,0.39259251952171326,0.8727468848228455,2.0694181800063234
priority_scan,22,380,0.3644953668117523,0.5820586681365967,2.175147999005276
priority_scan,22,400,0.36443665623664856,0.6457598209381104,2.2810283150029136
priority_scan,22,420,0.3507719933986664,0.8256868124008179,2.3921333940088516
priority_scan,22,440,0.31274133920669556,0.5954739451408386,2.500322785010212
priority_scan,22,460,0.3814608156681061,1.082366943359375,2.6070676690142136
priority_scan,22,480,0.39743104577064514,0.9718165993690491,2.720017743005883
priority_scan,22,500,0.36850371956825256,0.8940292596817017,2.8314387980062747
priority_scan,22,520,0.36852994561195374,0.541183590888977,2.937155370003893
priority_scan,22,540,0.3927752673625946,0.978566586971283,3.049430562008638
priority_scan,22,560,0.3668934106826782,0.7685489058494568,3.1558946060104063
priority_scan,22,580,0.3733873665332794,1.3686422109603882,3.2623199980007485
priority_scan,22,600,0.3449811041355133,0.9426246285438538,3.369634953007335
priority_scan,22,620,0.33004507422447205,0.4795800447463989,3.6386441760114394
priority_scan,22,640,0.3447017967700958,0.5615636110305786,3.7467401180037996
priority_scan,22,660,0.3240465223789215,0.6611152291297913,3.856770046011661
priority_scan,22,680,0.3539712429046631,0.573573112487793,3.9676611450122437
priority_scan,22,700,0.32534506916999817,0.47595033049583435,4.074169145009364
priority_scan,22,720,0.3328137695789337,0.6039369702339172,4.182847964009852
priority_scan,22,740,0.3522394001483917,0.8754284977912903,4.29234518200974
priority_scan,22,760,0.35270294547080994,0.6838268637657166,4.403616088005947
priority_scan,22,780,0.3294537365436554,0.5012020468711853,4.512878586014267
priority_scan,22,800,0.31836795806884766,0.6329962015151978,4.620763294005883
priority_scan,22,820,0.3301985561847687,0.5110031962394714,4.728211375011597
priority_scan,22,840,0.34530723094940186,0.5505714416503906,4.838694982012385
priority_scan,22,860,0.3445342779159546,0.5261110663414001,4.946194302014192
priority_scan,22,880,0.3476649820804596,0.7467020153999329,5.053336165001383
priority_scan,22,900,0.3319662809371948,0.5157279372215271,5.160429226001725
priority_scan,33,20,2.067554235458374,4.259604454040527,0.10973784899397288
priority_scan,33,40,2.030846118927002,3.1968071460723877,0.21547082299366593
priority_scan,33,60,1.4995827674865723,3.5733985900878906,0.3241962419997435
priority_scan,33,80,0.9427798390388489,3.4345028400421143,0.432439626994892
priority_scan,33,100,0.7177254557609558,3.7365095615386963,0.5399614089983515
priority_scan,33,120,0.621939480304718,1.878446102142334,0.6463327560049947
priority_scan,33,140,0.645804226398468,2.0253512859344482,0.7520018170034746
priority_scan,33,160,0.6457115411758423,1.697078824043274,0.8578793890046654
priority_scan,33,180,0.5632407665252686,1.0704549551010132,0.9641659229964716
priority_scan,33,200,0.6845476627349854,1.7781803607940674,1.0726471840025624
priority_scan,33,220,0.5889785885810852,1.1623358726501465,1.1790791069943225
priority_scan,33,240,0.5395504236221313,1.1745262145996094,1.2854666460043518
priority_scan,33,260,0.6645523905754089,1.2529041767120361,1.3927245319937356
priority_scan,33,280,0.705200731754303,1.5385448932647705,1.4988638049981091
priority_scan,33,300,0.5886659622192383,1.106217861175537,1.6065663829940604
priority_scan,33,320,0.5822641253471375,0.9568583369255066,1.854781386005925
priority_scan,33,340,0.43999478220939636,0.6650922298431396,1.9618943350069458
priority_scan,33,360,0.4589519500732422,0.6978468894958496,2.071304365003016
priority_scan,33,380,0.3843836486339569,0.5154222249984741,2.1797508190065855
priority_scan,33,400,0.4013644754886627,0.9273873567581177,2.2874771939968923
priority_scan,33,420,0.3941618502140045,0.7636517882347107,2.395154112993623
priority_scan,33,440,0.3768245279788971,0.6096276640892029,2.5103291410050588
priority_scan,33,460,0.3423893451690674,0.505412757396698,2.617762132998905
priority_scan,33,480,0.38201412558555603,0.8133934140205383,2.7260474789945874
priority_scan,33,500,0.33800008893013,0.6159605979919434,2.831552856005146
priority_scan,33,520,0.34998443722724915,0.42561814188957214,2.937078372997348
priority_scan,33,540,0.33595573902130127,0.4401370882987976,3.0440441289974842
priority_scan,33,560,0.3665320873260498,0.8154258728027344,3.1567420110077364
priority_scan,33,580,0.3681454658508301,0.7094194293022156,3.267002610999043
priority_scan,33,600,0.33482348918914795,0.5002288818359375,3.3783201269980054
priority_scan,33,620,0.3447721302509308,0.6309499740600586,3.6480129400006263
priority_scan,33,640,0.3475089967250824,0.42302948236465454,3.754400328005431
priority_scan,33,660,0.336372047662735,0.4997096359729767,3.8607360769965453
priority_scan,33,680,0.34291648864746094,0.6923993825912476,3.967575802002102
priority_scan,33,700,0.3474620580673218,0.5145463347434998,4.073388357996009
priority_scan,33,720,0.32576653361320496,0.3624292314052582,4.181727546994807
priority_scan,33,740,0.3313181698322296,0.33522382378578186,4.289966914002434
priority_scan,33,760,0.3327048718929291,0.49421942234039307,4.3972541770053795
priority_scan,33,780,0.34851810336112976,0.46889999508857727,4.510473136004293
priority_scan,33,800,0.3279326558113098,0.42716002464294434,4.620829601000878
priority_scan,33,820,0.3675135374069214,0.6541153192520142,4.728413421995356
priority_scan,33,840,0.3476405143737793,1.0560302734375,4.835327319000498
priority_scan,33,860,0.33111295104026794,0.5278677940368652,4.9412751350027975
priority_scan,33,880,0.30282917618751526,0.3714189827442169,5.048825031000888
priority_scan,33,900,0.33350279927253723,0.475851446390152,5.154560969996965
priority_scan,44,20,2.2926933765411377,5.611091136932373,0.10736922999785747
priority_scan,44,40,2.3044111728668213,4.41377592086792,0.21215044999553356
priority_scan,44,60,1.6776853799819946,6.957540988922119,0.3176172240055166
priority_scan,44,80,1.501994013786316,2.234424591064453,0.4241762710007606
priority_scan,44,100,1.058396577835083,1.6231437921524048,0.5331865150074009
priority_scan,44,120,0.5422536730766296,1.7563717365264893,0.6417574480001349
priority_scan,44,140,0.5970035791397095,1.9310919046401978,0.7504329310031608
priority_scan,44,160,0.587314248085022,2.1135544776916504,0.8566685380064882
priority_scan,44,180,0.5123482346534729,1.495486855506897,0.963363766000839
priority_scan,44,200,0.4262951612472534,1.0597724914550781,1.0700991210032953
priority_scan,44,220,0.40485885739326477,0.7413433790206909,1.1766010190040106
priority_scan,44,240,0.407545804977417,0.8672659397125244,1.2838218940014485
priority_scan,44,260,0.41320356726646423,0.9391003251075745,1.3901686940080253
priority_scan,44,280,0.37419942021369934,0.6940263509750366,1.4968582010042155
priority_scan,44,300,0.3847410976886749,0.654426634311676,1.6024626290018205
priority_scan,44,320,0.41579124331474304,1.3958384990692139,1.8519152530061547
priority_scan,44,340,0.43910956382751465,1.7331570386886597,1.959725417997106
priority_scan,44,360,0.3257918357849121,0.7114397883415222,2.0663765619974583
priority_scan,44,380,0.38721027970314026,1.0630489587783813,2.1838526299980003
priority_scan,44,400,0.3509461581707001,0.6771623492240906,2.2900004490074934
priority_scan,44,420,0.3492450714111328,0.7372161746025085,2.3982474310032558
priority_scan,44,440,0.33418431878089905,0.5227516889572144,2.5035935630003223
priority_scan,44,460,0.3854171931743622,0.8608587980270386,2.609790457005147
priority_scan,44,480,0.3427540361881256,0.6288266777992249,2.716513617997407
priority_scan,44,500,0.35717031359672546,0.9346479177474976,2.8244343450060114
priority_scan,44,520,0.3352818191051483,0.5428249835968018,2.934040451000328
priority_scan,44,540,0.3445943593978882,0.7754720449447632,3.044775871996535
priority_scan,44,560,0.3116850256919861,0.565377950668335,3.152939804000198
priority_scan,44,580,0.33992472290992737,0.709452211856842,3.2644258930085925
priority_scan,44,600,0.33429959416389465,0.8378048539161682,3.373282132000895
priority_scan,44,620,0.3344028890132904,0.7325198650360107,3.627255430998048
priority_scan,44,640,0.3431988060474396,1.0878206491470337,3.735061287006829
priority_scan,44,660,0.33594778180122375,0.6843710541725159,3.8439482249959838
priority_scan,44,680,0.32271483540534973,0.48400166630744934,3.951333014003467
priority_scan,44,700,0.33402976393699646,0.45075875520706177,4.058658110006945
priority_scan,44,720,0.3954647481441498,0.8674363493919373,4.168970580009045
priority_scan,44,740,0.34100425243377686,0.7747882604598999,4.276970749007887
priority_scan,44,760,0.3174320161342621,0.42553412914276123,4.384545421999064
priority_scan,44,780,0.31821712851524353,0.5322064161300659,4.491458928008797
priority_scan,44,800,0.33072713017463684,0.6106792092323303,4.597586087009404
priority_scan,44,820,0.3340136706829071,0.84000164270401,4.7039962990093045
priority_scan,44,840,0.3600146472454071,0.9475377798080444,4.810152443998959
priority_scan,44,860,0.311158150434494,0.5260128974914551,4.917630612995708
priority_scan,44,880,0.31901511549949646,0.33671703934669495,5.025867124000797
priority_scan,44,900,0.321452260017395,0.5881497263908386,5.132978220004588
priority_scan,55,20,2.1860439777374268,5.222076892852783,0.10878336901078
priority_scan,55,40,1.9109371900558472,2.159358024597168,0.21588714999961667
priority_scan,55,60,1.3791831731796265,2.788114070892334,0.3237439040094614
priority_scan,55,80,0.9767405390739441,4.11985969543457,0.4304064290045062
priority_scan,55,100,0.6050533056259155,1.3979294300079346,0.5368828080099775
priority_scan,55,120,0.6466137766838074,2.06895112991333,0.6425969660049304
priority_scan,55,140,0.681922435760498,2.130890369415283,0.7489308210060699
priority_scan,55,160,0.6003507375717163,1.5404833555221558,0.8549012410076102
priority_scan,55,180,0.5705644488334656,1.4472047090530396,0.9628455019992543
priority_scan,55,200,0.5325964689254761,1.233729362487793,1.0746306140063098
priority_scan,55,220,0.5926952362060547,1.157594919204712,1.182100056001218
priority_scan,55,240,0.48421189188957214,0.7141441702842712,1.2898255080071976
priority_scan,55,260,0.44817042350769043,1.1291524171829224,1.3984939380025025
priority_scan,55,280,0.42189332842826843,0.805264413356781,1.506699039004161
priority_scan,55,300,0.4507408142089844,1.0133287906646729,1.612731797999004
priority_scan,55,320,0.36105993390083313,0.45006170868873596,1.8664056620036718
priority_scan,55,340,0.35476264357566833,0.6086394786834717,1.9754455229995074
priority_scan,55,360,0.3496159613132477,0.6131540536880493,2.082309294011793
priority_scan,55,380,0.39940690994262695,0.8215227723121643,2.1906557960028294
priority_scan,55,400,0.3574439585208893,0.7320430874824524,2.2969137670006603
priority_scan,55,420,0.36343148350715637,0.8357741832733154,2.4045312220114283
priority_scan,55,440,0.3644227683544159,0.6818594932556152,2.5206640060059726
priority_scan,55,460,0.32477685809135437,0.5520237684249878,2.628155340004014
priority_scan,55,480,0.33378079533576965,0.41009774804115295,2.7409772380051436
priority_scan,55,500,0.36337462067604065,0.8793579936027527,2.8509726010088343
priority_scan,55,520,0.34688571095466614,0.8072562217712402,2.9639246389997425
priority_scan,55,540,0.3337869644165039,0.7483808398246765,3.080028027005028
priority_scan,55,560,0.3286815285682678,0.8537402749061584,3.1903166710108053
priority_scan,55,580,0.3277578353881836,0.5825877785682678,3.2972353479999583
priority_scan,55,600,0.31528475880622864,0.6751721501350403,3.414385541007505
priority_scan,55,620,0.3507647216320038,0.4812202453613281,3.6601966870075557
priority_scan,55,640,0.3231973946094513,0.6425108909606934,3.765634946001228
priority_scan,55,660,0.3582925796508789,0.8118364810943604,3.873149805003777
priority_scan,55,680,0.3496221601963043,0.6107510924339294,3.979753798004822
priority_scan,55,700,0.32415544986724854,0.5577613115310669,4.087345454012393
priority_scan,55,720,0.34833499789237976,0.665631890296936,4.195119178999448
priority_scan,55,740,0.320329874753952,0.46559250354766846,4.304409831005614
priority_scan,55,760,0.3675117492675781,0.7491524815559387,4.414800280006602
priority_scan,55,780,0.3241223394870758,0.32792332768440247,4.5263383490091655
priority_scan,55,800,0.3193182647228241,0.29468563199043274,4.639597236004192
priority_scan,55,820,0.3249756991863251,0.4512594938278198,4.747699120009202
priority_scan,55,840,0.34516286849975586,0.6064859628677368,4.856533928003046
priority_scan,55,860,0.3286835849285126,0.4677749574184418,4.964549876007368
priority_scan,55,880,0.3324805200099945,0.6041243672370911,5.071971326004132
priority_scan,55,900,0.313798725605011,0.4143158197402954,5.180067148001399
priority_scan,66,20,2.4177744388580322,4.141689777374268,0.10749584299628623
priority_scan,66,40,2.3318190574645996,4.406514644622803,0.21378346999699716
priority_scan,66,60,1.7568918466567993,3.3210065364837646,0.31999928900040686
priority_scan,66,80,1.0172163248062134,2.3499507904052734,0.4262848119979026
priority_scan,66,100,1.2056007385253906,2.644819498062134,0.5323469869908877
priority_scan,66,120,0.6192356944084167,1.7889305353164673,0.6383837629982736
priority_scan,66,140,0.7348484992980957,1.8807482719421387,0.7515161269984674
priority_scan,66,160,0.6119725108146667,1.6539002656936646,0.859095478997915
priority_scan,66,180,0.6961825489997864,2.1803853511810303,0.9680104809958721
priority_scan,66,200,0.6103894114494324,1.4083627462387085,1.076751278989832
priority_scan,66,220,0.5965916514396667,1.1508866548538208,1.1819483359868173
priority_scan,66,240,0.5495012402534485,1.1247458457946777,1.2893995929916855
priority_scan,66,260,0.5744513869285583,1.3598064184188843,1.3962348499917425
priority_scan,66,280,0.5106422901153564,0.981967031955719,1.50234572798945
priority_scan,66,300,0.5244833827018738,0.9604305028915405,1.6098321519966703
priority_scan,66,320,0.4447798728942871,0.7996946573257446,1.86066754598869
priority_scan,66,340,0.465610533952713,0.9412878155708313,1.9692324179923162
priority_scan,66,360,0.41074612736701965,1.3346905708312988,2.0749218679993646
priority_scan,66,380,0.3945925235748291,0.962848424911499,2.192173505987739
priority_scan,66,400,0.35740602016448975,0.7805365324020386,2.3008440589910606
priority_scan,66,420,0.391478568315506,0.9136756062507629,2.413980901998002
priority_scan,66,440,0.3626972734928131,0.7978637218475342,2.5221985679963836
priority_scan,66,460,0.37426289916038513,1.1312960386276245,2.6299323359999107
priority_scan,66,480,0.3651386499404907,0.9101790189743042,2.7382013999886112
priority_scan,66,500,0.3436847925186157,0.8769464492797852,2.85509440099122
priority_scan,66,520,0.37617239356040955,0.8232378959655762,2.963436013989849
priority_scan,66,540,0.35584738850593567,0.7978249788284302,3.074503530995571
priority_scan,66,560,0.34651705622673035,0.807388186454773,3.189171787991654
priority_scan,66,580,0.3507062494754791,0.6970396637916565,3.2996059409924783
priority_scan,66,600,0.3341442346572876,0.5369895100593567,3.4067203829908976
priority_scan,66,620,0.34520235657691956,0.9274116158485413,3.6555232829996385
priority_scan,66,640,0.35005950927734375,0.9195480942726135,3.7633716499985894
priority_scan,66,660,0.33979177474975586,0.5761630535125732,3.871540262000053
priority_scan,66,680,0.3413395583629608,0.4578761160373688,3.9799505369883263
priority_scan,66,700,0.32892996072769165,0.37003085017204285,4.091559460997814
priority_scan,66,720,0.33057212829589844,0.524657666683197,4.198929331992986
priority_scan,66,740,0.3568057119846344,0.7018769979476929,4.313001636997797
priority_scan,66,760,0.3141845166683197,0.5983030200004578,4.4199356629978865
priority_scan,66,780,0.3248337209224701,0.3800037205219269,4.527123584994115
priority_scan,66,800,0.34200575947761536,0.6805989146232605,4.635071343989694
priority_scan,66,820,0.33859214186668396,0.4739827811717987,4.7482072439888725
priority_scan,66,840,0.37078309059143066,0.8465986847877502,4.856843671994284
priority_scan,66,860,0.3485471308231354,0.6045964956283569,4.964701437987969
priority_scan,66,880,0.33260270953178406,0.5880576372146606,5.074728340987349
priority_scan,66,900,0.31988099217414856,0.6372700929641724,5.183163202993455
priority_scan,77,20,2.144101858139038,3.9556825160980225,0.1074317489983514
priority_scan,77,40,1.7733546495437622,4.8149285316467285,0.21349774100235663
priority_scan,77,60,1.5288368463516235,3.364837408065796,0.3206026039988501
priority_scan,77,80,1.2043101787567139,4.904001712799072,0.43383744500169996
priority_scan,77,100,0.8062422871589661,3.741262197494507,0.5405429920065217
priority_scan,77,120,0.6600673794746399,2.769221544265747,0.6473827779991552
priority_scan,77,140,0.6519270539283752,2.104006767272949,0.7547185430012178
priority_scan,77,160,0.6449394226074219,1.6348590850830078,0.862963531006244
priority_scan,77,180,0.5912968516349792,1.4892077445983887,0.971636499001761
priority_scan,77,200,0.638472318649292,1.96757972240448,1.0776811200048542
priority_scan,77,220,0.5925172567367554,1.0932605266571045,1.1837366219988326
priority_scan,77,240,0.6308019161224365,1.5065220594406128,1.291228668007534
priority_scan,77,260,0.600516140460968,1.4693154096603394,1.398928189999424
priority_scan,77,280,0.4868910014629364,1.2622309923171997,1.5044825619988842
priority_scan,77,300,0.4925900399684906,1.185042142868042,1.6135246170015307
priority_scan,77,320,0.577908456325531,1.1564675569534302,1.872159348000423
priority_scan,77,340,0.4080502986907959,0.5003783106803894,1.9806577420094982
priority_scan,77,360,0.36670994758605957,0.9069448113441467,2.089672715010238
priority_scan,77,380,0.37372156977653503,0.6300169825553894,2.198204453001381
priority_scan,77,400,0.36937904357910156,0.8011881709098816,2.3059240940056043
priority_scan,77,420,0.35099098086357117,0.7967697381973267,2.4181546100007836
priority_scan,77,440,0.3806539475917816,1.317609429359436,2.5306335119967116
priority_scan,77,460,0.3478247821331024,0.6752142310142517,2.638969033010653
priority_scan,77,480,0.37058472633361816,0.752895712852478,2.7487478900002316
priority_scan,77,500,0.356269508600235,0.7056835889816284,2.8638290990056703
priority_scan,77,520,0.358974426984787,0.6026281714439392,2.973171600009664
priority_scan,77,540,0.3580099046230316,0.8136596083641052,3.0814506629976677
priority_scan,77,560,0.3314233720302582,0.542723536491394,3.187580056997831
priority_scan,77,580,0.3332078754901886,0.630167543888092,3.2952521569968667
priority_scan,77,600,0.3477862775325775,0.6817690134048462,3.4017923479987076
priority_scan,77,620,0.3382476568222046,0.8208685517311096,3.6499620340036927
priority_scan,77,640,0.3660201132297516,0.7322970032691956,3.7585714510059915
priority_scan,77,660,0.3351496756076813,0.4182586669921875,3.868938796003931
priority_scan,77,680,0.31153491139411926,0.42007213830947876,3.9872586709971074
priority_scan,77,700,0.3425363004207611,0.5767968893051147,4.094981287998962
priority_scan,77,720,0.34937843680381775,0.6769280433654785,4.202774268997018
priority_scan,77,740,0.3160487413406372,0.5053437948226929,4.310611105000135
priority_scan,77,760,0.3139614760875702,0.3972121477127075,4.419543520009029
priority_scan,77,780,0.3274342715740204,0.5688868165016174,4.52619207900716
priority_scan,77,800,0.31649985909461975,0.7605440020561218,4.633545659002266
priority_scan,77,820,0.33478638529777527,0.5826277732849121,4.741929783005617
priority_scan,77,840,0.32218801975250244,0.527582049369812,4.848814334007329
priority_scan,77,860,0.34935787320137024,0.791425347328186,4.959952065997641
priority_scan,77,880,0.32119038701057434,0.6585521101951599,5.072285918999114
priority_scan,77,900,0.3190266788005829,0.49615049362182617,5.180520968002384
priority_scan,88,20,2.123173713684082,3.8016562461853027,0.10588049700891133
priority_scan,88,40,1.855443000793457,2.955061197280884,0.21214130200678483
priority_scan,88,60,1.625754952430725,1.6304047107696533,0.31908445499720983
priority_scan,88,80,1.374282956123352,2.7816121578216553,0.4272737660066923
priority_scan,88,100,1.202015995979309,2.190147638320923,0.537350915998104
priority_scan,88,120,1.0879305601119995,2.343648910522461,0.6488631350075593
priority_scan,88,140,0.7315218448638916,1.2652522325515747,0.7606883039989043
priority_scan,88,160,0.6822896003723145,1.1545073986053467,0.8684154590009712
priority_scan,88,180,0.6046546101570129,1.4886884689331055,0.9758928660012316
priority_scan,88,200,0.48733842372894287,1.0098423957824707,1.0830488270003116
priority_scan,88,220,0.3951167166233063,0.6141476631164551,1.1891966859984677
priority_scan,88,240,0.38001975417137146,0.6057355999946594,1.294054733007215
priority_scan,88,260,0.43740150332450867,0.8537977933883667,1.4027754130074754
priority_scan,88,280,0.355680912733078,0.5069839954376221,1.5093238200061023
priority_scan,88,300,0.39389947056770325,0.8190259337425232,1.6230989449977642
priority_scan,88,320,0.37430962920188904,0.8473262190818787,1.885008953002398
priority_scan,88,340,0.3699583113193512,0.7627938389778137,1.9921658460079925
priority_scan,88,360,0.39940330386161804,0.8555814027786255,2.107957686006557
priority_scan,88,380,0.3986087739467621,0.623085618019104,2.216145956001128
priority_scan,88,400,0.33320316672325134,0.5808567404747009,2.3265204339986667
priority_scan,88,420,0.3872906267642975,0.7099264860153198,2.4395015479967697
priority_scan,88,440,0.3680279552936554,0.861093282699585,2.5527720270038117
priority_scan,88,460,0.344287633895874,0.7545737624168396,2.6610594259982463
priority_scan,88,480,0.34867849946022034,0.6773329973220825,2.774033217006945
priority_scan,88,500,0.3624976575374603,0.8247345089912415,2.8876627040008316
priority_scan,88,520,0.34725674986839294,0.6865748167037964,3.000628832000075
priority_scan,88,540,0.3396422863006592,0.6911360621452332,3.1141020110080717
priority_scan,88,560,0.31628143787384033,0.5245286822319031,3.2271632610063534
priority_scan,88,580,0.31933531165122986,0.7121651768684387,3.335558664999553
priority_scan,88,600,0.3430582284927368,0.8084044456481934,3.441526437003631
priority_scan,88,620,0.3727155029773712,1.0024086236953735,3.69096511900716
priority_scan,88,640,0.3225507140159607,0.4111696481704712,3.803674722003052
priority_scan,88,660,0.35984107851982117,0.6367224454879761,3.9111106479977025
priority_scan,88,680,0.3450280427932739,1.0894566774368286,4.020374116007588
priority_scan,88,700,0.3551490008831024,0.7646154165267944,4.129270752004231
priority_scan,88,720,0.3111196756362915,0.4100148379802704,4.237276660001953
priority_scan,88,740,0.34876933693885803,0.8108593821525574,4.344323821002035
priority_scan,88,760,0.32175636291503906,0.42317864298820496,4.450130444005481
priority_scan,88,780,0.3451831638813019,0.7458809614181519,4.562631307999254
priority_scan,88,800,0.3135022222995758,0.6505825519561768,4.675506087005488
priority_scan,88,820,0.34327927231788635,0.6446942687034607,4.783433275006246
priority_scan,88,840,0.3155467212200165,0.5563701391220093,4.893226037995191
priority_scan,88,860,0.3316577970981598,0.4606555998325348,5.004894626006717
priority_scan,88,880,0.30965372920036316,0.4465382695198059,5.112178990995744
priority_scan,88,900,0.3141956031322479,0.6361852884292603,5.219795023003826
position_competitive,11,20,0.734508216381073,2.4058055877685547,0.10407871399365831
position_competitive,11,40,0.38524898886680603,2.1507174968719482,0.20785291399806738
position_competitive,11,60,0.3936324119567871,4.024009704589844,0.31583297399629373
position_competitive,11,80,0.3490862548351288,2.566786289215088,0.42553710799256805
position_competitive,11,100,0.24310658872127533,1.3053616285324097,0.5299543709988939
position_competitive,11,120,0.2603265643119812,2.1682848930358887,0.6337592700001551
position_competitive,11,140,0.28665003180503845,1.5645118951797485,0.7412876150046941
position_competitive,11,160,0.28577670454978943,1.8865090608596802,0.8439952210028423
position_competitive,11,180,0.311446875333786,2.353689432144165,0.9477409270039061
position_competitive,11,200,0.2059968262910843,1.1067150831222534,1.0526360450021457
position_competitive,11,220,0.23340590298175812,1.019545555114746,1.1558702699985588
position_competitive,11,240,0.2762129008769989,1.7619421482086182,1.2611182050022762
position_competitive,11,260,0.23318111896514893,1.1617780923843384,1.3658926009957213
position_competitive,11,280,0.24510234594345093,1.040633201599121,1.4706538430036744
position_competitive,11,300,0.24748378992080688,1.4222174882888794,1.5793758549989434
position_competitive,11,320,0.19897645711898804,1.0447441339492798,1.8251768619957147
position_competitive,11,340,0.2305702418088913,1.155897855758667,1.9324133280024398
position_competitive,11,360,0.21383893489837646,1.2354729175567627,2.0354539120016852
position_competitive,11,380,0.24611222743988037,1.4597899913787842,2.1444979310035706
position_competitive,11,400,0.24430297315120697,1.3778221607208252,2.246537838000222
position_competitive,11,420,0.22183959186077118,0.9323723316192627,2.351436854005442
position_competitive,11,440,0.26992127299308777,1.2332218885421753,2.453465127997333
position_competitive,11,460,0.21939176321029663,0.9448957443237305,2.564254851997248
position_competitive,11,480,0.1983155459165573,0.7743255496025085,2.6686758540017763
position_competitive,11,500,0.2155405431985855,0.7799121737480164,2.7717178229941055
position_competitive,11,520,0.20679277181625366,0.7187324166297913,2.8848639560019365
position_competitive,11,540,0.22804458439350128,1.0262726545333862,2.9912621669936925
position_competitive,11,560,0.2395470142364502,0.9862521886825562,3.0943222399946535
position_competitive,11,580,0.21564345061779022,1.3824821710586548,3.198717367995414
position_competitive,11,600,0.2181006819009781,0.8431396484375,3.302400853004656
position_competitive,11,620,0.20744121074676514,0.9136471152305603,3.543826416003867
position_competitive,11,640,0.19881486892700195,0.8153965473175049,3.64660933399864
position_competitive,11,660,0.17117132246494293,1.0076930522918701,3.7514461590035353
position_competitive,11,680,0.19684195518493652,0.8625391721725464,3.85665031800454
position_competitive,11,700,0.19443382322788239,1.3915729522705078,3.964259807005874
position_competitive,11,720,0.19745726883411407,0.7506442666053772,4.070782281996799
position_competitive,11,740,0.2351159304380417,0.8592654466629028,4.176348844994209
position_competitive,11,760,0.1892358660697937,0.7289003729820251,4.281926309005939
position_competitive,11,780,0.15918166935443878,0.6142146587371826,4.385946569003863
position_competitive,11,800,0.178184375166893,0.8132687211036682,4.489540360998944
position_competitive,11,820,0.17529582977294922,0.7802166938781738,4.594727807998424
position_competitive,11,840,0.16874408721923828,0.7081747651100159,4.697440592004568
position_competitive,11,860,0.15395121276378632,0.651016891002655,4.801909000001615
position_competitive,11,880,0.15158416330814362,0.5511211156845093,4.906893178005703
position_competitive,11,900,0.18568582832813263,1.3444079160690308,5.010853472005692
position_competitive,22,20,0.7620387077331543,1.8004056215286255,0.10951885901158676
position_competitive,22,40,0.3970412015914917,2.123711585998535,0.21491014800267294
position_competitive,22,60,0.39288076758384705,2.9574623107910156,0.3210104560130276
position_competitive,22,80,0.33762428164482117,2.3530547618865967,0.42532791700796224
position_competitive,22,100,0.30188482999801636,1.916619896888733,0.5288045970082749
position_competitive,22,120,0.27850788831710815,1.9942827224731445,0.6326820960093755
position_competitive,22,140,0.29045984148979187,1.5660229921340942,0.7380457520048367
position_competitive,22,160,0.30764663219451904,2.1981260776519775,0.8409187450015452
position_competitive,22,180,0.2838611900806427,2.058652877807617,0.9459308370132931
position_competitive,22,200,0.24051129817962646,1.7059299945831299,1.051276599013363
position_competitive,22,220,0.24944885075092316,1.1748677492141724,1.1554411680117482
position_competitive,22,240,0.1987326741218567,0.8228471875190735,1.2634029730106704
position_competitive,22,260,0.29374006390571594,1.7620481252670288,1.3668393160041887
position_competitive,22,280,0.23372973501682281,1.1564230918884277,1.4700782700092532
position_competitive,22,300,0.23218150436878204,1.5950188636779785,1.581381729003624
position_competitive,22,320,0.2592737376689911,1.4866018295288086,1.8305779230140615
position_competitive,22,340,0.25401708483695984,1.5181357860565186,1.931634374006535
position_competitive,22,360,0.2776792049407959,1.1730257272720337,2.03461229900131
position_competitive,22,380,0.24742662906646729,2.189260482788086,2.1381879880063934
position_competitive,22,400,0.2482956051826477,1.403472661972046,2.2448912620020565
position_competitive,22,420,0.20490217208862305,0.7081272602081299,2.348620638003922
position_competitive,22,440,0.21279317140579224,0.5666901469230652,2.4532661600096617
position_competitive,22,460,0.26408669352531433,0.9340265393257141,2.567951492004795
position_competitive,22,480,0.2569643557071686,1.370948076248169,2.676314659009222
position_competitive,22,500,0.21292339265346527,0.8205743432044983,2.7793887880106922
position_competitive,22,520,0.23814481496810913,1.0307190418243408,2.883792373002507
position_competitive,22,540,0.21836256980895996,0.6626328825950623,2.9873136160022113
position_competitive,22,560,0.24007415771484375,0.829242467880249,3.0907335660012905
position_competitive,22,580,0.2277522087097168,1.164353847503662,3.196241847006604
position_competitive,22,600,0.20369549095630646,0.8313248753547668,3.301148666010704
position_competitive,22,620,0.1903054118156433,0.8018103241920471,3.546278218011139
position_competitive,22,640,0.2037804126739502,0.7837766408920288,3.6545212310011266
position_competitive,22,660,0.18321706354618073,1.192439317703247,3.7619887070031837
position_competitive,22,680,0.2012760192155838,1.331940770149231,3.86790600301174
position_competitive,22,700,0.17738546431064606,1.2518848180770874,3.972216318012215
position_competitive,22,720,0.1902165561914444,0.800225019454956,4.076240436013904
position_competitive,22,740,0.20605097711086273,0.957354724407196,4.180333715004963
position_competitive,22,760,0.19956600666046143,0.8857603669166565,4.284981257005711
position_competitive,22,780,0.2067885398864746,1.1641099452972412,4.387731573006022
position_competitive,22,800,0.15719713270664215,0.7241820693016052,4.492360179006937
position_competitive,22,820,0.15757381916046143,0.5831435322761536,4.597247590005281
position_competitive,22,840,0.1902824491262436,0.9557840824127197,4.700894685011008
position_competitive,22,860,0.18102437257766724,0.8921564817428589,4.804365872012568
position_competitive,22,880,0.17958171665668488,1.1764477491378784,4.9104754160071025
position_competitive,22,900,0.1939954161643982,1.3758606910705566,5.0149471610056935
position_competitive,33,20,0.8161149621009827,1.963200330734253,0.10348071598855313
position_competitive,33,40,0.4742361307144165,2.5034162998199463,0.20822966199193615
position_competitive,33,60,0.35063743591308594,2.8122267723083496,0.31534406199352816
position_competitive,33,80,0.30760082602500916,2.1523427963256836,0.4231803149887128
position_competitive,33,100,0.324794739484787,2.268458843231201,0.5271098309895024
position_competitive,33,120,0.2530803978443146,1.7794723510742188,0.6327284839935601
position_competitive,33,140,0.2700086236000061,1.603109359741211,0.7388924619881436
position_competitive,33,160,0.26890233159065247,1.688122034072876,0.8459223299869336
position_competitive,33,180,0.28853949904441833,1.9912693500518799,0.9518300169875147
position_competitive,33,200,0.22100789844989777,1.3637371063232422,1.0559789129911223
position_competitive,33,220,0.21311406791210175,1.0294016599655151,1.1650389519927558
position_competitive,33,240,0.2724151909351349,1.5825347900390625,1.2724020179884974
position_competitive,33,260,0.26113152503967285,1.9720826148986816,1.3805370939953718
position_competitive,33,280,0.3084804117679596,2.2365705966949463,1.4875028379901778
position_competitive,33,300,0.24678222835063934,1.7159329652786255,1.5924522189889103
position_competitive,33,320,0.239071324467659,1.4641445875167847,1.840012308995938
position_competitive,33,340,0.2513755261898041,1.1493741273880005,1.9429429409938166
position_competitive,33,360,0.22559694945812225,1.0612449645996094,2.0501837929914473
position_competitive,33,380,0.2154076248407364,1.2762649059295654,2.156404579000082
position_competitive,33,400,0.2422610968351364,1.4678575992584229,2.265253382996889
position_competitive,33,420,0.23868878185749054,1.2686047554016113,2.3745951219898416
position_competitive,33,440,0.2084600180387497,0.720133364200592,2.4891443499946035
position_competitive,33,460,0.19554345309734344,0.6146618127822876,2.5927180239959853
position_competitive,33,480,0.23868997395038605,1.0493385791778564,2.696792386996094
position_competitive,33,500,0.18508084118366241,0.6130242347717285,2.803918959994917
position_competitive,33,520,0.2144738882780075,1.6516929864883423,2.9134261759900255
position_competitive,33,540,0.23208917677402496,0.961338996887207,3.0183798849902814
position_competitive,33,560,0.21641762554645538,0.8205046057701111,3.1237851490004687
position_competitive,33,580,0.21611861884593964,1.2012909650802612,3.230059828987578
position_competitive,33,600,0.22449976205825806,0.911275327205658,3.335050527995918
position_competitive,33,620,0.21134817600250244,1.0663191080093384,3.577600425996934
position_competitive,33,640,0.20501188933849335,0.8074314594268799,3.6831784109963337
position_competitive,33,660,0.21778102219104767,0.7607846856117249,3.7895978189917514
position_competitive,33,680,0.2555026710033417,0.94292151927948,3.8974176499905298
position_competitive,33,700,0.24418900907039642,1.2145410776138306,4.00555673398776
position_competitive,33,720,0.20602069795131683,1.0783461332321167,4.111056629990344
position_competitive,33,740,0.2130281925201416,0.8040693402290344,4.214404680998996
position_competitive,33,760,0.20315496623516083,0.681041955947876,4.321120796987088
position_competitive,33,780,0.21258686482906342,0.919670581817627,4.429311829997459
position_competitive,33,800,0.20177428424358368,1.2881220579147339,4.536903594998876
position_competitive,33,820,0.19465546309947968,0.9334734678268433,4.640395600988995
position_competitive,33,840,0.2072940468788147,1.3689051866531372,4.74691264599096
position_competitive,33,860,0.20565877854824066,0.6237410306930542,4.853416795987869
position_competitive,33,880,0.1401941478252411,0.5403185486793518,4.961037735993159
position_competitive,33,900,0.18285466730594635,0.8382595777511597,5.067434640994179
position_competitive,44,20,0.8364512324333191,2.5843043327331543,0.10306509899965022
position_competitive,44,40,0.36941206455230713,1.9270325899124146,0.20834878999448847
position_competitive,44,60,0.39870986342430115,2.9797635078430176,0.3180716390052112
position_competitive,44,80,0.36609527468681335,2.4730958938598633,0.42208591700182296
position_competitive,44,100,0.3341737985610962,2.515671491622925,0.52567859699775
position_competitive,44,120,0.3064296245574951,2.1987476348876953,0.6285345659998711
position_competitive,44,140,0.2883698642253876,1.8352692127227783,0.7324745410005562
position_competitive,44,160,0.3036344349384308,1.8189610242843628,0.8351345940027386
position_competitive,44,180,0.30082306265830994,2.153804063796997,0.9408106869959738
position_competitive,44,200,0.2406318187713623,1.309645652770996,1.0442348740034504
position_competitive,44,220,0.2296459823846817,1.2937953472137451,1.1471976470056688
position_competitive,44,240,0.22451065480709076,0.914127767086029,1.2499800139921717
position_competitive,44,260,0.24006380140781403,1.395370364189148,1.3534520029934356
position_competitive,44,280,0.2593662142753601,1.6437907218933105,1.461513909001951
position_competitive,44,300,0.2142689824104309,1.0374879837036133,1.5659552159922896
position_competitive,44,320,0.24468548595905304,1.470523715019226,1.8131822279974585
position_competitive,44,340,0.29258063435554504,1.7086021900177002,1.9176596430042991
position_competitive,44,360,0.22244714200496674,1.257278561592102,2.0239651930023683
position_competitive,44,380,0.21681733429431915,1.966770887374878,2.1267457060021115
position_competitive,44,400,0.2229057103395462,1.0252633094787598,2.2319704440014903
position_competitive,44,420,0.2314458042383194,1.0790761709213257,2.3399102660041535
position_competitive,44,440,0.22319626808166504,1.0491315126419067,2.4514013540028827
position_competitive,44,460,0.2677402198314667,1.3318212032318115,2.555302003995166
position_competitive,44,480,0.23825913667678833,0.9741089940071106,2.661227724995115
position_competitive,44,500,0.23011521995067596,0.9572063088417053,2.769742980002775
position_competitive,44,520,0.20353655517101288,1.133478045463562,2.8824577430059435
position_competitive,44,540,0.225861057639122,0.9198832511901855,2.986127530995873
position_competitive,44,560,0.2377208024263382,0.8488723039627075,3.089336416000151
position_competitive,44,580,0.22021718323230743,0.640279233455658,3.192800749995513
position_competitive,44,600,0.20775143802165985,0.7355177998542786,3.2970744049962377
position_competitive,44,620,0.2106027752161026,0.9843971133232117,3.5378110879973974
position_competitive,44,640,0.21325242519378662,0.956213116645813,3.643419852000079
position_competitive,44,660,0.23850411176681519,1.291582465171814,3.749744988992461
position_competitive,44,680,0.23820479214191437,0.7316763401031494,3.8559872769983485
position_competitive,44,700,0.24451297521591187,0.9448910355567932,3.9634926760045346
position_competitive,44,720,0.20297157764434814,1.2902060747146606,4.067999898994458
position_competitive,44,740,0.2160072773694992,0.8052000403404236,4.172571193994372
position_competitive,44,760,0.17197410762310028,0.7206999063491821,4.2763488789933035
position_competitive,44,780,0.19402217864990234,1.2782161235809326,4.378784611995798
position_competitive,44,800,0.1835625022649765,0.8887212872505188,4.48342510999646
position_competitive,44,820,0.17737428843975067,0.6012420058250427,4.587785680996603
position_competitive,44,840,0.1849229782819748,0.6515129208564758,4.692460274993209
position_competitive,44,860,0.163254514336586,0.6449733972549438,4.800857943992014
position_competitive,44,880,0.17270605266094208,0.6020188927650452,4.9043990450009005
position_competitive,44,900,0.17978470027446747,1.0392663478851318,5.009137450993876
position_competitive,55,20,0.846213161945343,3.137474536895752,0.1052528520085616
position_competitive,55,40,0.40639615058898926,1.8975428342819214,0.20944468000379857
position_competitive,55,60,0.34218934178352356,2.448587656021118,0.31213603301148396
position_competitive,55,80,0.34182944893836975,2.507767915725708,0.41607261200260837
position_competitive,55,100,0.29035308957099915,1.4242315292358398,0.5203521990042645
position_competitive,55,120,0.2972038984298706,2.3454384803771973,0.6245636450039456
position_competitive,55,140,0.33981263637542725,2.426558256149292,0.7274751000077231
position_competitive,55,160,0.24726802110671997,1.8638631105422974,0.8304973170015728
position_competitive,55,180,0.2272251397371292,1.3310482501983643,0.933543830004055
position_competitive,55,200,0.2752465605735779,1.5256963968276978,1.0368360040010884
position_competitive,55,220,0.3041088283061981,1.9216022491455078,1.144410886001424
position_competitive,55,240,0.2572155296802521,1.400636076927185,1.248197708002408
position_competitive,55,260,0.285394549369812,1.7166284322738647,1.3557136680028634
position_competitive,55,280,0.2520773708820343,1.396809458732605,1.4655518880026648
position_competitive,55,300,0.27667227387428284,2.0434978008270264,1.5684758870047517
position_competitive,55,320,0.23578114807605743,1.144148588180542,1.8102495170023758
position_competitive,55,340,0.2174472063779831,1.331851601600647,1.912756175006507
position_competitive,55,360,0.2522810101509094,1.425930142402649,2.019498822002788
position_competitive,55,380,0.237847700715065,1.1331894397735596,2.129357602010714
position_competitive,55,400,0.23542721569538116,1.2837365865707397,2.2334222970093833
position_competitive,55,420,0.22853641211986542,1.2992889881134033,2.3391929310018895
position_competitive,55,440,0.20506329834461212,0.8010655045509338,2.4466299190098653
position_competitive,55,460,0.19172994792461395,1.1202054023742676,2.5606183230120223
position_competitive,55,480,0.2375916838645935,1.8884800672531128,2.6642880709987367
position_competitive,55,500,0.22767116129398346,1.142809271812439,2.767479792004451
position_competitive,55,520,0.2134067416191101,0.7247448563575745,2.870950739001273
position_competitive,55,540,0.222105011343956,1.095657467842102,2.9752290430042194
position_competitive,55,560,0.21502292156219482,0.5426101684570312,3.077899977011839
position_competitive,55,580,0.1793316751718521,0.7396449446678162,3.182525907002855
position_competitive,55,600,0.229042187333107,1.4287691116333008,3.2854976470116526
position_competitive,55,620,0.23836268484592438,1.009791612625122,3.5349033550010063
position_competitive,55,640,0.19539429247379303,0.7102782726287842,3.6420657859998755
position_competitive,55,660,0.22699546813964844,0.7758203744888306,3.7461269940104103
position_competitive,55,680,0.21138328313827515,0.7960951924324036,3.85048809699947
position_competitive,55,700,0.19461727142333984,0.648643434047699,3.9544948110124096
position_competitive,55,720,0.21915705502033234,1.0661436319351196,4.058017817005748
position_competitive,55,740,0.18513359129428864,0.6262445449829102,4.161586009999155
position_competitive,55,760,0.19161653518676758,0.8474036455154419,4.265954888003762
position_competitive,55,780,0.19806940853595734,0.8637562394142151,4.37138254501042
position_competitive,55,800,0.1835688352584839,0.9651296138763428,4.476344007998705
position_competitive,55,820,0.20934052765369415,0.9296900629997253,4.583488395001041
position_competitive,55,840,0.20832355320453644,0.938373327255249,4.687572958006058
position_competitive,55,860,0.15721099078655243,0.7566848993301392,4.7925582570023835
position_competitive,55,880,0.18769492208957672,0.8014626502990723,4.898047111011692
position_competitive,55,900,0.2112998366355896,1.3535239696502686,5.007041173012112
position_competitive,66,20,0.8641979694366455,2.182804584503174,0.10375820800254587
position_competitive,66,40,0.49903222918510437,2.6927850246429443,0.21015821798937395
position_competitive,66,60,0.3307836651802063,2.2963967323303223,0.3181723919988144
position_competitive,66,80,0.3175414800643921,2.9610397815704346,0.4268461000028765
position_competitive,66,100,0.32111668586730957,2.6030635833740234,0.5334298730012961
position_competitive,66,120,0.29598209261894226,2.1445298194885254,0.6416339610004798
position_competitive,66,140,0.27454012632369995,1.9617997407913208,0.7493294739979319
position_competitive,66,160,0.2881518304347992,2.1180591583251953,0.8585992750013247
position_competitive,66,180,0.2822021245956421,2.2228171825408936,0.9660827309999149
position_competitive,66,200,0.24788932502269745,1.7313337326049805,1.0743719119927846
position_competitive,66,220,0.2838188707828522,1.5271519422531128,1.1841219130001264
position_competitive,66,240,0.23569552600383759,1.120476245880127,1.2925212749978527
position_competitive,66,260,0.24955882132053375,1.4664050340652466,1.3966155369998887
position_competitive,66,280,0.26079079508781433,1.1711121797561646,1.5012763839913532
position_competitive,66,300,0.2506133019924164,1.7279969453811646,1.6124980449967552
position_competitive,66,320,0.25573310256004333,0.8391973972320557,1.8558639069960918
position_competitive,66,340,0.1924276500940323,0.7892637848854065,1.9586012169893365
position_competitive,66,360,0.22854149341583252,1.4197183847427368,2.062500063999323
position_competitive,66,380,0.2390708476305008,0.9976065158843994,2.165237253997475
position_competitive,66,400,0.24065357446670532,0.7542992830276489,2.27341505199729
position_competitive,66,420,0.2153998166322708,1.2210584878921509,2.377297376995557
position_competitive,66,440,0.22385859489440918,0.8343051671981812,2.4819052429957082
position_competitive,66,460,0.21558958292007446,0.9781959652900696,2.590000551994308
position_competitive,66,480,0.2229253500699997,0.8819987773895264,2.7006021440029144
position_competitive,66,500,0.23055458068847656,0.9515575170516968,2.811507228994742
position_competitive,66,520,0.23208975791931152,1.618988275527954,2.9165040200023213
position_competitive,66,540,0.21814142167568207,0.90898197889328,3.0242114259890513
position_competitive,66,560,0.218258336186409,1.0122432708740234,3.1296974049910204
position_competitive,66,580,0.22156023979187012,0.7763611674308777,3.2350470419914927
position_competitive,66,600,0.20607995986938477,1.1400749683380127,3.340061176000745
position_competitive,66,620,0.2157421112060547,0.9293128252029419,3.5824168319959426
position_competitive,66,640,0.2025645524263382,1.1172406673431396,3.6857920449983794
position_competitive,66,660,0.1848161667585373,0.6808890700340271,3.7961485069972696
position_competitive,66,680,0.22022055089473724,1.1057862043380737,3.899683547002496
position_competitive,66,700,0.18976356089115143,1.004604458808899,4.0046749979956076
position_competitive,66,720,0.18375138938426971,0.9508894085884094,4.117344664002303
position_competitive,66,740,0.24001824855804443,1.4802345037460327,4.230549155996414
position_competitive,66,760,0.16289155185222626,0.5832183957099915,4.33768689900171
position_competitive,66,780,0.1849559098482132,1.0870985984802246,4.444467187990085
position_competitive,66,800,0.21022343635559082,1.0807697772979736,4.549257734994171
position_competitive,66,820,0.17792655527591705,0.7556923627853394,4.657438797992654
position_competitive,66,840,0.20208406448364258,0.9433553218841553,4.765683122997871
position_competitive,66,860,0.18113328516483307,0.98451167345047,4.871583535990794
position_competitive,66,880,0.15510450303554535,1.195334792137146,4.980517392003094
position_competitive,66,900,0.16564026474952698,0.8464576005935669,5.088645894997171
position_competitive,77,20,0.8813683390617371,1.9253160953521729,0.10404752200702205
position_competitive,77,40,0.5890183448791504,2.2032833099365234,0.21571006800513715
position_competitive,77,60,0.40343835949897766,3.370554208755493,0.3253763480024645
position_competitive,77,80,0.31140998005867004,2.6259403228759766,0.42884922900702804
position_competitive,77,100,0.2775132358074188,1.490243673324585,0.533916494998266
position_competitive,77,120,0.24258708953857422,1.3808573484420776,0.6379657000070438
position_competitive,77,140,0.30689701437950134,2.263075113296509,0.7419661309977528
position_competitive,77,160,0.2792147099971771,2.1195106506347656,0.844719332002569
position_competitive,77,180,0.2705526649951935,1.4233859777450562,0.9505400130001362
position_competitive,77,200,0.26856479048728943,1.8542492389678955,1.053369229004602
position_competitive,77,220,0.2400258630514145,1.2275073528289795,1.1603603120020125
position_competitive,77,240,0.21188725531101227,1.2044600248336792,1.2739887060015462
position_competitive,77,260,0.23090939223766327,0.9033471941947937,1.378711872996064
position_competitive,77,280,0.2101535201072693,1.0744315385818481,1.4865485269983765
position_competitive,77,300,0.21658164262771606,1.0723776817321777,1.597469922999153
position_competitive,77,320,0.2555341422557831,1.2561140060424805,1.8395534660085104
position_competitive,77,340,0.20936554670333862,1.1748499870300293,1.9438035259954631
position_competitive,77,360,0.22645451128482819,2.336411237716675,2.047487481002463
position_competitive,77,380,0.22235305607318878,0.8725191950798035,2.150212458000169
position_competitive,77,400,0.2110871523618698,0.9048917293548584,2.2578345200017793
position_competitive,77,420,0.2204846292734146,0.8307420015335083,2.365877839998575
position_competitive,77,440,0.21666555106639862,0.8048571348190308,2.4725747799966484
position_competitive,77,460,0.2391248196363449,1.168390154838562,2.5794282290007686
position_competitive,77,480,0.23529423773288727,1.0327340364456177,2.6867413599975407
position_competitive,77,500,0.21005724370479584,1.5704330205917358,2.8007939560047816
position_competitive,77,520,0.22307991981506348,0.8681174516677856,2.9065085830079624
position_competitive,77,540,0.23776109516620636,1.2302829027175903,3.0132084479992045
position_competitive,77,560,0.2251322716474533,0.7619646787643433,3.1188563070027158
position_competitive,77,580,0.213845893740654,0.5834400653839111,3.2248002029955387
position_competitive,77,600,0.22626076638698578,1.6760939359664917,3.3284265179972863
position_competitive,77,620,0.20618681609630585,1.4981331825256348,3.5723702760005835
position_competitive,77,640,0.2066483497619629,1.1993811130523682,3.6759460440080147
position_competitive,77,660,0.19907498359680176,0.8166841268539429,3.786129696003627
position_competitive,77,680,0.17288155853748322,0.8817877769470215,3.8893326389952563
position_competitive,77,700,0.16684389114379883,0.6271288394927979,3.993625760995201
position_competitive,77,720,0.19543050229549408,0.7974304556846619,4.104213045997312
position_competitive,77,740,0.18299947679042816,0.7255855798721313,4.208165566000389
position_competitive,77,760,0.17082379758358002,1.104660153388977,4.313736947995494
position_competitive,77,780,0.18628869950771332,1.1789612770080566,4.418262576000416
position_competitive,77,800,0.18114227056503296,0.8562148213386536,4.522743498004274
position_competitive,77,820,0.20435647666454315,0.8913018703460693,4.626479091995861
position_competitive,77,840,0.13822230696678162,0.6882809996604919,4.729776595995645
position_competitive,77,860,0.18269282579421997,0.9275413751602173,4.833901947000413
position_competitive,77,880,0.19259701669216156,1.077276587486267,4.936609420008608
position_competitive,77,900,0.18946868181228638,1.2352633476257324,5.04164638799557
position_competitive,88,20,0.7791271209716797,2.469607353210449,0.10468846998992376
position_competitive,88,40,0.456844687461853,2.3343913555145264,0.2087204620038392
position_competitive,88,60,0.36095714569091797,3.3139474391937256,0.31317616598971654
position_competitive,88,80,0.34420546889305115,3.0423943996429443,0.41729015499004163
position_competitive,88,100,0.3144870400428772,2.5162887573242188,0.5201809099962702
position_competitive,88,120,0.320578932762146,2.2069928646087646,0.6250206800032174
position_competitive,88,140,0.288961797952652,1.7126774787902832,0.7292125079984544
position_competitive,88,160,0.2822802662849426,1.8754738569259644,0.8333833569922717
position_competitive,88,180,0.2782041132450104,1.5060242414474487,0.9424305599968648
position_competitive,88,200,0.2645449936389923,1.8344001770019531,1.0465346709970618
position_competitive,88,220,0.22302718460559845,1.2603939771652222,1.151335996997659
position_competitive,88,240,0.22523333132266998,1.8120825290679932,1.2627793529973133
position_competitive,88,260,0.22180962562561035,0.781029999256134,1.36518356599845
position_competitive,88,280,0.20745204389095306,0.8552066087722778,1.4735728179948637
position_competitive,88,300,0.21635091304779053,1.2865554094314575,1.5788499460031744
position_competitive,88,320,0.22945536673069,1.2578868865966797,1.8211265199934132
position_competitive,88,340,0.25823286175727844,1.212184190750122,1.927761881990591
position_competitive,88,360,0.24108505249023438,1.0256882905960083,2.0335121270036325
position_competitive,88,380,0.2549770772457123,1.0072108507156372,2.137119424995035
position_competitive,88,400,0.22767210006713867,1.5770176649093628,2.2468399189965567
position_competitive,88,420,0.26860353350639343,1.335232138633728,2.3519604269968113
position_competitive,88,440,0.2557220160961151,1.430692434310913,2.4601530529907905
position_competitive,88,460,0.22583599388599396,1.5847495794296265,2.566889106994495
position_competitive,88,480,0.23397530615329742,0.9771681427955627,2.670047184001305
position_competitive,88,500,0.21417482197284698,1.0228735208511353,2.7734152140037622
position_competitive,88,520,0.22164267301559448,0.7722876667976379,2.8798000649985624
position_competitive,88,540,0.21677327156066895,0.8144248723983765,2.984231351991184
position_competitive,88,560,0.22648698091506958,1.6023008823394775,3.086014062995673
position_competitive,88,580,0.20873750746250153,1.1758860349655151,3.1915725599974394
position_competitive,88,600,0.21318823099136353,0.7240687608718872,3.2952120900008595
position_competitive,88,620,0.21060343086719513,0.7982662916183472,3.539502674000687
position_competitive,88,640,0.20294509828090668,0.8941289782524109,3.6434111790003954
position_competitive,88,660,0.2003529816865921,0.7832033038139343,3.7487752939923666
position_competitive,88,680,0.22536976635456085,0.7506694793701172,3.8584216860035667
position_competitive,88,700,0.1929272562265396,1.0950030088424683,3.967460514002596
position_competitive,88,720,0.18909043073654175,1.3501548767089844,4.071173203992657
position_competitive,88,740,0.21573954820632935,0.7798894047737122,4.178171259991359
position_competitive,88,760,0.17750675976276398,1.005358099937439,4.287024812991149
position_competitive,88,780,0.1864296793937683,0.7059321403503418,4.390327086002799
position_competitive,88,800,0.1631099432706833,0.7959629893302917,4.494164324001758
position_competitive,88,820,0.18390588462352753,0.6549961566925049,4.596864713996183
position_competitive,88,840,0.1757621169090271,0.7066978216171265,4.701357248995919
position_competitive,88,860,0.17692406475543976,0.9289659857749939,4.804605808996712
position_competitive,88,880,0.16431240737438202,0.722614586353302,4.914339598995866
position_competitive,88,900,0.1705096811056137,1.2130297422409058,5.01827014599985
position_scan,11,20,0.847684383392334,1.5552324056625366,0.105759832993499
position_scan,11,40,0.5053417086601257,1.5150636434555054,0.21426036898628809
position_scan,11,60,0.4426020681858063,1.9624117612838745,0.321708197996486
position_scan,11,80,0.4582102298736572,1.4830808639526367,0.43156556399480905
position_scan,11,100,0.38805028796195984,2.016418218612671,0.5424437170004239
position_scan,11,120,0.3848370611667633,1.119005560874939,0.6531740159989567
position_scan,11,140,0.4135831892490387,1.0158820152282715,0.7637158739962615
position_scan,11,160,0.3955340087413788,0.7924031615257263,0.874471672999789
position_scan,11,180,0.42001476883888245,1.9098175764083862,0.9856824929884169
position_scan,11,200,0.35044875741004944,1.1978274583816528,1.0936927189904964
position_scan,11,220,0.38656166195869446,1.7894830703735352,1.2031449589994736
position_scan,11,240,0.38043269515037537,0.8306530714035034,1.3175090019940399
position_scan,11,260,0.37431684136390686,0.9751480221748352,1.423144066997338
position_scan,11,280,0.39218881726264954,0.9535227417945862,1.5295251609932166
position_scan,11,300,0.40079545974731445,0.9194319844245911,1.6373779149871552
position_scan,11,320,0.34947505593299866,1.01032292842865,1.889575352994143
position_scan,11,340,0.35922685265541077,0.6721069812774658,1.9981951569934608
position_scan,11,360,0.3436441719532013,0.8982834219932556,2.107518278993666
position_scan,11,380,0.387299507856369,1.733127474784851,2.2128467459988315
position_scan,11,400,0.3456914722919464,1.2372277975082397,2.3210930839995854
position_scan,11,420,0.3364044427871704,0.8947256803512573,2.426880941988202
position_scan,11,440,0.37944066524505615,0.9428930878639221,2.532808355987072
position_scan,11,460,0.31930702924728394,0.6643651723861694,2.6431213749892777
position_scan,11,480,0.3209303915500641,0.6006050109863281,2.74999005299469
position_scan,11,500,0.3170250356197357,0.5634446144104004,2.8559466139995493
position_scan,11,520,0.323699414730072,0.9652009606361389,2.9614528009988135
position_scan,11,540,0.34024134278297424,1.5668795108795166,3.066934410991962
position_scan,11,560,0.3460046350955963,0.6679021716117859,3.172862116000033
position_scan,11,580,0.3152036964893341,1.653764247894287,3.2805786989920307
position_scan,11,600,0.3399234712123871,1.295781135559082,3.3876755549863447
position_scan,11,620,0.32931599020957947,0.8802613019943237,3.641514818998985
position_scan,11,640,0.31081756949424744,0.5220316648483276,3.747376777988393
position_scan,11,660,0.2913392186164856,0.6014490127563477,3.855447870999342
position_scan,11,680,0.32368597388267517,0.6306882500648499,3.962425216988777
position_scan,11,700,0.28719499707221985,0.4672485589981079,4.069240893993992
position_scan,11,720,0.3200300633907318,0.729196310043335,4.17515629499394
position_scan,11,740,0.3279208242893219,0.7138804793357849,4.2815125809866
position_scan,11,760,0.3112933933734894,0.6635054349899292,4.387906288990052
position_scan,11,780,0.28498217463493347,0.9110488295555115,4.494334673989215
position_scan,11,800,0.2916998565196991,1.2090643644332886,4.600973982000141
position_scan,11,820,0.285032719373703,0.9047613739967346,4.708280159989954
position_scan,11,840,0.2976416051387787,0.8903682231903076,4.814431312988745
position_scan,11,860,0.29121577739715576,0.625634491443634,4.920619776996318
position_scan,11,880,0.28670597076416016,0.5091269612312317,5.030470610989141
position_scan,11,900,0.32784900069236755,1.235809564590454,5.137081404987839
position_scan,22,20,1.0750296115875244,0.6835709810256958,0.10913148599502165
position_scan,22,40,0.7956371903419495,1.3621734380722046,0.2140174840023974
position_scan,22,60,0.5557631254196167,2.3036739826202393,0.3214930660033133
position_scan,22,80,0.5030714869499207,1.709745168685913,0.4273806639976101
position_scan,22,100,0.45070990920066833,2.0180702209472656,0.5335283699969295
position_scan,22,120,0.407233864068985,1.7084717750549316,0.6384744840033818
position_scan,22,140,0.4347327947616577,1.5725213289260864,0.7441396859940141
position_scan,22,160,0.4005492627620697,1.0437489748001099,0.8490427369979443
position_scan,22,180,0.40036740899086,1.1439942121505737,0.9543353149929317
position_scan,22,200,0.3883342444896698,0.7602486610412598,1.0616598269989481
position_scan,22,220,0.3948688507080078,0.9231528043746948,1.1706357939983718
position_scan,22,240,0.3580816090106964,1.1197500228881836,1.2765138940012548
position_scan,22,260,0.3675563335418701,0.6795620322227478,1.387717289995635
position_scan,22,280,0.37119075655937195,0.7188462615013123,1.493888101002085
position_scan,22,300,0.36312687397003174,1.1983230113983154,1.5998397920047864
position_scan,22,320,0.3835505247116089,1.0788823366165161,1.849741288999212
position_scan,22,340,0.3739790916442871,0.5900042653083801,1.9587263339926722
position_scan,22,360,0.3811075687408447,0.7765913605690002,2.0692707970010815
position_scan,22,380,0.3551441431045532,0.535233736038208,2.177554396999767
position_scan,22,400,0.3707970678806305,0.9668547511100769,2.2830860829999438
position_scan,22,420,0.32841354608535767,0.950679361820221,2.3917302240006393
position_scan,22,440,0.3210231363773346,0.6959671378135681,2.4968961989943637
position_scan,22,460,0.38725563883781433,1.0657988786697388,2.603009550002753
position_scan,22,480,0.3493148386478424,0.8961853981018066,2.7134280720056267
position_scan,22,500,0.3236178457736969,0.6358863711357117,2.8197345119988313
position_scan,22,520,0.32312139868736267,0.4650954604148865,2.9254850580036873
position_scan,22,540,0.3177621066570282,0.5007544159889221,3.0319880649913102
position_scan,22,560,0.35262906551361084,1.0828039646148682,3.1369757590000518
position_scan,22,580,0.3345314562320709,0.8068450689315796,3.243051026991452
position_scan,22,600,0.3138422966003418,0.7415082454681396,3.3491471439920133
position_scan,22,620,0.30967822670936584,0.7706018090248108,3.5950749549956527
position_scan,22,640,0.32380667328834534,0.8694092631340027,3.7061882190027973
position_scan,22,660,0.2909739315509796,0.4167661666870117,3.813270326005295
position_scan,22,680,0.31107065081596375,0.6892510652542114,3.9208792129938956
position_scan,22,700,0.29297369718551636,1.5681371688842773,4.027240679002716
position_scan,22,720,0.31829917430877686,1.534425139427185,4.134049341999344
position_scan,22,740,0.30514439940452576,0.7081491351127625,4.239969232992735
position_scan,22,760,0.2961442768573761,0.7579212188720703,4.346322893994511
position_scan,22,780,0.3264021575450897,1.1317250728607178,4.452718696004013
position_scan,22,800,0.28576257824897766,0.7431251406669617,4.559138573997188
position_scan,22,820,0.2979326546192169,0.8139392733573914,4.66582790800021
position_scan,22,840,0.3015056252479553,0.8764077425003052,4.772871191991726
position_scan,22,860,0.32900944352149963,3.135253667831421,4.879256833999534
position_scan,22,880,0.29140523076057434,1.0067003965377808,4.985428475993103
position_scan,22,900,0.2891668379306793,0.5435431003570557,5.097307115996955
position_scan,33,20,1.0876238346099854,0.7057832479476929,0.10605748399393633
position_scan,33,40,0.8899725079536438,1.2879548072814941,0.21108934200310614
position_scan,33,60,0.5083653330802917,1.360024094581604,0.31686740000441205
position_scan,33,80,0.45342159271240234,1.402730941772461,0.42236008199688513
position_scan,33,100,0.4329115152359009,1.0701828002929688,0.5276594719907735
position_scan,33,120,0.4158758819103241,2.352360725402832,0.6324579639913281
position_scan,33,140,0.40172043442726135,0.8514801263809204,0.7403899199998705
position_scan,33,160,0.400988906621933,1.218076467514038,0.8461794299946632
position_scan,33,180,0.43815699219703674,1.5026772022247314,0.9507207179995021
position_scan,33,200,0.39530685544013977,1.5864766836166382,1.0577522079984192
position_scan,33,220,0.37530216574668884,0.7469555139541626,1.1666700240020873
position_scan,33,240,0.3874225318431854,0.8151499032974243,1.2733790759957628
position_scan,33,260,0.36099135875701904,0.7510726451873779,1.3804169990035007
position_scan,33,280,0.409000962972641,0.972778856754303,1.4854555499914568
position_scan,33,300,0.3666682243347168,0.6598939299583435,1.5915938679972896
position_scan,33,320,0.36159005761146545,0.8224389553070068,1.8406930780038238
position_scan,33,340,0.3818357288837433,1.0277702808380127,1.9456412049912615
position_scan,33,360,0.356391042470932,0.8901723623275757,2.052249745000154
position_scan,33,380,0.3382200002670288,0.634099006652832,2.1597422899940284
position_scan,33,400,0.32761725783348083,0.4978809952735901,2.2649193260003813
position_scan,33,420,0.3576579988002777,0.8937729597091675,2.3801566030015238
position_scan,33,440,0.3252049386501312,0.6169405579566956,2.4877775329950964
position_scan,33,460,0.31354108452796936,1.0929265022277832,2.593367270004819
position_scan,33,480,0.33807802200317383,1.1092791557312012,2.6990241360035725
position_scan,33,500,0.32499563694000244,0.8421643972396851,2.805195396998897
position_scan,33,520,0.30466392636299133,0.49627888202667236,2.9106631110043963
position_scan,33,540,0.3196890950202942,0.5941979289054871,3.0170430629950715
position_scan,33,560,0.3468162715435028,1.008517861366272,3.122734014003072
position_scan,33,580,0.32155129313468933,0.7382525205612183,3.228789033004432
position_scan,33,600,0.31796446442604065,0.5655672550201416,3.3414884060039185
position_scan,33,620,0.3284096121788025,0.8484700322151184,3.587734756991267
position_scan,33,640,0.31463050842285156,0.9352231621742249,3.6955915089929476
position_scan,33,660,0.30320435762405396,0.8528802990913391,3.8018371840007603
position_scan,33,680,0.32999691367149353,0.8245036005973816,3.9076590559998294
position_scan,33,700,0.3125500977039337,0.6050001978874207,4.014045810996322
position_scan,33,720,0.3326340913772583,0.9450912475585938,4.120600206995732
position_scan,33,740,0.30919891595840454,0.8839291334152222,4.227016057004221
position_scan,33,760,0.290471613407135,0.4046577513217926,4.333621259997017
position_scan,33,780,0.31104329228401184,0.7420946359634399,4.439805386995431
position_scan,33,800,0.27835819125175476,0.4212677478790283,4.547103367993259
position_scan,33,820,0.3100186288356781,0.7537593245506287,4.654253464992507
position_scan,33,840,0.3115389943122864,0.7248861789703369,4.762892888000351
position_scan,33,860,0.2933049499988556,0.5380685329437256,4.868026670999825
position_scan,33,880,0.27269527316093445,0.35646358132362366,4.975802547996864
position_scan,33,900,0.2913680076599121,0.6855950951576233,5.083081623000908
position_scan,44,20,0.9950832724571228,1.22332763671875,0.10736073099542409
position_scan,44,40,0.6087740659713745,1.312212347984314,0.21376016999420244
position_scan,44,60,0.5895463824272156,3.979846954345703,0.31869219700456597
position_scan,44,80,0.44503164291381836,1.3820260763168335,0.42503313400084153
position_scan,44,100,0.40953633189201355,1.2051728963851929,0.5321220140031073
position_scan,44,120,0.38773348927497864,1.2494720220565796,0.6384749540011398
position_scan,44,140,0.3960498571395874,1.0979596376419067,0.7510674920049496
position_scan,44,160,0.3811509907245636,0.8788453340530396,0.8562571119982749
position_scan,44,180,0.39833950996398926,1.186200737953186,0.9619772989972262
position_scan,44,200,0.3617936372756958,0.66817307472229,1.0743703150073998
position_scan,44,220,0.35844698548316956,0.8374642729759216,1.1808858870062977
position_scan,44,240,0.3825207054615021,0.9877785444259644,1.291587782005081
position_scan,44,260,0.36794593930244446,0.860443651676178,1.3980587870028103
position_scan,44,280,0.38004711270332336,1.0876259803771973,1.5041838610050036
position_scan,44,300,0.36377039551734924,0.6848660111427307,1.6106018449936528
position_scan,44,320,0.4140003025531769,2.210038900375366,1.863415993997478
position_scan,44,340,0.397958904504776,0.8681453466415405,1.9721562390041072
position_scan,44,360,0.3394566476345062,0.8298447132110596,2.0880379709997214
position_scan,44,380,0.38137662410736084,1.5919733047485352,2.198175473997253
position_scan,44,400,0.3489978611469269,0.8954853415489197,2.304381933005061
position_scan,44,420,0.3520074784755707,0.97871994972229,2.4134212820063112
position_scan,44,440,0.34458041191101074,0.93203204870224,2.5251658750057686
position_scan,44,460,0.36889493465423584,0.9475878477096558,2.631900847001816
position_scan,44,480,0.3463784456253052,0.9327298402786255,2.741816313995514
position_scan,44,500,0.3485244810581207,0.8143934011459351,2.8516362689988455
position_scan,44,520,0.3207644522190094,0.9469695091247559,2.9587632519978797
position_scan,44,540,0.3220009505748749,0.7212228178977966,3.065583236995735
position_scan,44,560,0.31484317779541016,0.881056010723114,3.1727143979951506
position_scan,44,580,0.31458547711372375,0.4757820963859558,3.2787697379972087
position_scan,44,600,0.31119081377983093,0.4120672047138214,3.3900718730001245
position_scan,44,620,0.31480368971824646,0.762438952922821,3.6382428420038195
position_scan,44,640,0.31305670738220215,0.5644553899765015,3.7443958689982537
position_scan,44,660,0.31933656334877014,0.7547197937965393,3.8511903949984116
position_scan,44,680,0.3088691830635071,0.5881608724594116,3.9598865550069604
position_scan,44,700,0.3327172100543976,0.6554825901985168,4.067921900001238
position_scan,44,720,0.3284398317337036,0.7081634402275085,4.175991829994018
position_scan,44,740,0.3213116228580475,0.6619848608970642,4.283545049998793
position_scan,44,760,0.29028668999671936,0.6218620538711548,4.392512941005407
position_scan,44,780,0.2923034429550171,0.5924526453018188,4.503446229005931
position_scan,44,800,0.29790112376213074,0.5864976644515991,4.61086522199912
position_scan,44,820,0.29387980699539185,0.4208658039569855,4.722895782993874
position_scan,44,840,0.3109095096588135,0.538184404373169,4.833662031000131
position_scan,44,860,0.2787509560585022,0.40137776732444763,4.943031151997275
position_scan,44,880,0.27990368008613586,0.5237221717834473,5.051854616001947
position_scan,44,900,0.3089474141597748,0.633000373840332,5.160666459007189
position_scan,55,20,1.0958360433578491,0.28781893849372864,0.10564667700964492
position_scan,55,40,1.0145612955093384,0.6167058944702148,0.21082275100343395
position_scan,55,60,0.962425708770752,0.32389193773269653,0.3171408140042331
position_scan,55,80,0.9378886222839355,0.41724255681037903,0.4221519730053842
position_scan,55,100,0.9121453762054443,0.32526296377182007,0.5304468340036692
position_scan,55,120,0.7937704920768738,0.8442409038543701,0.6364971739967586
position_scan,55,140,0.783665120601654,1.6209988594055176,0.7433601009979611
position_scan,55,160,0.759279191493988,3.255195140838623,0.854325181004242
position_scan,55,180,0.42475637793540955,3.261108875274658,0.9597524160053581
position_scan,55,200,0.4284444749355316,1.676961898803711,1.065354948004824
position_scan,55,220,0.42697012424468994,1.822585940361023,1.1820385169994552
position_scan,55,240,0.3964557647705078,3.1159629821777344,1.289425018010661
position_scan,55,260,0.41938915848731995,1.2297331094741821,1.3994836589990882
position_scan,55,280,0.3896096646785736,1.8756448030471802,1.506214043009095
position_scan,55,300,0.37547776103019714,0.7218098044395447,1.6130728319985792
position_scan,55,320,0.35827624797821045,0.8664114475250244,1.8648428700107615
position_scan,55,340,0.33969375491142273,0.6069758534431458,1.9720524809963536
position_scan,55,360,0.3368045389652252,0.9587300419807434,2.0809883510082727
position_scan,55,380,0.3510183095932007,1.9980534315109253,2.2015378390060505
position_scan,55,400,0.33004605770111084,0.7001692652702332,2.31367709900951
position_scan,55,420,0.3183059096336365,0.6050257086753845,2.4244435069995234
position_scan,55,440,0.3295513391494751,0.7794031500816345,2.538079235004261
position_scan,55,460,0.32143741846084595,2.24936842918396,2.6497162919986295
position_scan,55,480,0.3234789967536926,1.6871989965438843,2.7568491459969664
position_scan,55,500,0.32761967182159424,1.4960500001907349,2.864291753998259
position_scan,55,520,0.3216763734817505,1.012563705444336,2.9711557639966486
position_scan,55,540,0.3102387487888336,0.48425930738449097,3.078289951008628
position_scan,55,560,0.3137385845184326,0.6558582782745361,3.185119845002191
position_scan,55,580,0.28974995017051697,0.8246001601219177,3.2922436820081202
position_scan,55,600,0.300355464220047,1.266587734222412,3.3996493489976274
position_scan,55,620,0.3322409689426422,2.2949061393737793,3.6517328370100586
position_scan,55,640,0.3071931302547455,0.9906831383705139,3.7571733280055923
position_scan,55,660,0.31303250789642334,0.8872955441474915,3.863856701005716
position_scan,55,680,0.32216328382492065,1.6419272422790527,3.970914361998439
position_scan,55,700,0.2933776080608368,0.660932183265686,4.0791680440015625
position_scan,55,720,0.32577887177467346,1.678626537322998,4.18707636500767
position_scan,55,740,0.28173547983169556,1.1987559795379639,4.294856630003778
position_scan,55,760,0.2980349361896515,2.524254083633423,4.403185155999381
position_scan,55,780,0.3050266206264496,1.0913898944854736,4.510396601006505
position_scan,55,800,0.2879137694835663,0.843680739402771,4.617527041002177
position_scan,55,820,0.30029383301734924,1.3390132188796997,4.724353669007542
position_scan,55,840,0.30384138226509094,1.0778732299804688,4.838359015004244
position_scan,55,860,0.2921310365200043,1.751116156578064,4.948211160997744
position_scan,55,880,0.2988506257534027,0.9207054376602173,5.057220211005188
position_scan,55,900,0.288045734167099,0.8549593687057495,5.166153817001032
position_scan,66,20,1.15753972530365,1.020979404449463,0.10469176599872299
position_scan,66,40,1.054703712463379,0.8538280725479126,0.21041167300427333
position_scan,66,60,0.6898910403251648,1.4224549531936646,0.31772662700677756
position_scan,66,80,0.4965794086456299,1.860561728477478,0.4241570950107416
position_scan,66,100,0.4307798147201538,1.3699699640274048,0.5363569910114165
position_scan,66,120,0.450980544090271,4.117170810699463,0.6422158640052658
position_scan,66,140,0.39331701397895813,1.5179414749145508,0.7476974940072978
position_scan,66,160,0.37387609481811523,1.980519413948059,0.8597208110004431
position_scan,66,180,0.4003181457519531,2.0794553756713867,0.9669427970075049
position_scan,66,200,0.37008967995643616,0.73216712474823,1.0737979390105465
position_scan,66,220,0.3891247808933258,1.1589456796646118,1.182911960000638
position_scan,66,240,0.3707248270511627,1.0377540588378906,1.290156818999094
position_scan,66,260,0.3758511543273926,0.9832415580749512,1.3966391069989186
position_scan,66,280,0.4496418237686157,3.386977434158325,1.5044662120053545
position_scan,66,300,0.39291641116142273,1.749850869178772,1.6163496910012327
position_scan,66,320,0.3895610272884369,1.2017709016799927,1.8702606820006622
position_scan,66,340,0.3423776924610138,0.641563355922699,1.9832661520049442
position_scan,66,360,0.3560117781162262,0.5761398077011108,2.0903557040001033
position_scan,66,380,0.3818835914134979,0.7657516598701477,2.197206688011647
position_scan,66,400,0.37071987986564636,0.6879369020462036,2.309827110002516
position_scan,66,420,0.33739128708839417,0.6367562413215637,2.4173470759997144
position_scan,66,440,0.35706594586372375,1.0217649936676025,2.524790215000394
position_scan,66,460,0.34248507022857666,0.5799629092216492,2.6315905320079764
position_scan,66,480,0.3406042158603668,1.4168068170547485,2.739027009010897
position_scan,66,500,0.33525940775871277,0.745766818523407,2.8459873930114554
position_scan,66,520,0.3440442383289337,0.8732751607894897,2.9528010860085487
position_scan,66,540,0.34360483288764954,0.8080961108207703,3.059330193005735
position_scan,66,560,0.33443304896354675,0.6120067834854126,3.1720602650020737
position_scan,66,580,0.3344252109527588,1.1677194833755493,3.2796059100073762
position_scan,66,600,0.3216610252857208,0.582883894443512,3.3871818740008166
position_scan,66,620,0.32390034198760986,0.8134323954582214,3.637800655007595
position_scan,66,640,0.3122950494289398,0.8269410133361816,3.745667086011963
position_scan,66,660,0.3170243203639984,0.7849818468093872,3.85302393900929
position_scan,66,680,0.3174295127391815,1.0252411365509033,3.9607576150010573
position_scan,66,700,0.3190596401691437,0.6199231147766113,4.069320009002695
position_scan,66,720,0.30646419525146484,0.9087928533554077,4.180197321009473
position_scan,66,740,0.33157360553741455,0.8966122269630432,4.2886174420127645
position_scan,66,760,0.29665276408195496,1.2493375539779663,4.395749344010255
position_scan,66,780,0.29035982489585876,0.8048626780509949,4.504406240012031
position_scan,66,800,0.31607842445373535,0.8165515065193176,4.614724900005967
position_scan,66,820,0.28631022572517395,0.4605385959148407,4.722895483006141
position_scan,66,840,0.3198539912700653,1.0974369049072266,4.831474980004714
position_scan,66,860,0.3040863871574402,0.7843668460845947,4.940170049012522
position_scan,66,880,0.28425493836402893,0.5410290360450745,5.047560727005475
position_scan,66,900,0.3066392242908478,1.2055870294570923,5.153745964998961
position_scan,77,20,1.109368085861206,0.45769596099853516,0.10739707099855877
position_scan,77,40,1.0949281454086304,0.6132006049156189,0.21330712200142443
position_scan,77,60,1.024269461631775,0.4582021236419678,0.3190687180031091
position_scan,77,80,1.006853461265564,2.749692440032959,0.4275736919953488
position_scan,77,100,0.9741566181182861,1.7100886106491089,0.5332712449890096
position_scan,77,120,0.9271032810211182,0.5008866190910339,0.6431678969966015
position_scan,77,140,0.8119511604309082,1.081498622894287,0.7550995380006498
position_scan,77,160,0.7741990685462952,0.8155211806297302,0.8633768159925239
position_scan,77,180,0.7153826355934143,1.2240650653839111,0.9697148769919295
position_scan,77,200,0.4288376271724701,2.897606372833252,1.0792211399966618
position_scan,77,220,0.38230594992637634,0.9968920350074768,1.1885436409938848
position_scan,77,240,0.34760621190071106,0.6571796536445618,1.3001101729896618
position_scan,77,260,0.3914382755756378,0.9590503573417664,1.4066437089932151
position_scan,77,280,0.3720543086528778,0.9239464998245239,1.5181548039981863
position_scan,77,300,0.36144208908081055,0.6336045861244202,1.6246601859893417
position_scan,77,320,0.3688914477825165,1.229590892791748,1.875174907996552
position_scan,77,340,0.3427620828151703,1.3168063163757324,1.9811056579928845
position_scan,77,360,0.33140864968299866,1.9473509788513184,2.087010889998055
position_scan,77,380,0.3368285000324249,0.8334217071533203,2.1956769219978014
position_scan,77,400,0.32213282585144043,1.5064644813537598,2.3079938119917642
position_scan,77,420,0.3262031376361847,1.1925463676452637,2.417055181998876
position_scan,77,440,0.33607879281044006,1.8075900077819824,2.525203833996784
position_scan,77,460,0.3199121654033661,1.1147658824920654,2.6321138009952847
position_scan,77,480,0.34697970747947693,2.3093514442443848,2.7381748409970896
position_scan,77,500,0.3015933036804199,0.8560488224029541,2.8439412159932544
position_scan,77,520,0.3307112753391266,0.6058228611946106,2.949355636999826
position_scan,77,540,0.3011711537837982,0.49463701248168945,3.0579346629965585
position_scan,77,560,0.30479466915130615,0.6443408131599426,3.1700885809987085
position_scan,77,580,0.32733801007270813,1.5145665407180786,3.2794912949902937
position_scan,77,600,0.31763097643852234,0.7101145386695862,3.386756161999074
position_scan,77,620,0.32924914360046387,1.666604995727539,3.6360495629924117
position_scan,77,640,0.3026070296764374,0.9638166427612305,3.7432152399996994
position_scan,77,660,0.30141255259513855,0.6813803911209106,3.848871305002831
position_scan,77,680,0.2874758839607239,0.8419058322906494,3.954849675996229
position_scan,77,700,0.2851446568965912,1.9304176568984985,4.059919045001152
position_scan,77,720,0.28980541229248047,0.41523295640945435,4.174752337989048
position_scan,77,740,0.2946028411388397,2.1353063583374023,4.282669765991159
position_scan,77,760,0.2789975106716156,0.5941376686096191,4.388926480998634
position_scan,77,780,0.2886715829372406,0.8974393010139465,4.498835154998233
position_scan,77,800,0.2936217486858368,1.6039143800735474,4.605667773997993
position_scan,77,820,0.2860269546508789,0.5419836640357971,4.71136468599434
position_scan,77,840,0.2766808271408081,0.7519857883453369,4.8171790539927315
position_scan,77,860,0.28277692198753357,1.1872541904449463,4.923012316998211
position_scan,77,880,0.2740834653377533,0.8125510215759277,5.028848777001258
position_scan,77,900,0.29827746748924255,1.1676828861236572,5.135649495001417
position_scan,88,20,0.9508852362632751,1.859946608543396,0.10828769800718874
position_scan,88,40,0.6718440055847168,2.4925246238708496,0.21770426900184248
position_scan,88,60,0.4413582384586334,1.5555201768875122,0.3234551850036951
position_scan,88,80,0.4223407804965973,1.6968234777450562,0.4313095920078922
position_scan,88,100,0.44532421231269836,3.3965303897857666,0.5378176899976097
position_scan,88,120,0.4382021129131317,1.5668197870254517,0.6436312860023463
position_scan,88,140,0.41822004318237305,1.2547580003738403,0.7533172530092997
position_scan,88,160,0.40720656514167786,1.267000436782837,0.8667430080095073
position_scan,88,180,0.41708874702453613,1.3506343364715576,0.9729991920030443
position_scan,88,200,0.3820931613445282,0.8447796702384949,1.0817428440059302
position_scan,88,220,0.37971553206443787,0.8568592071533203,1.1895621739968192
position_scan,88,240,0.3564050495624542,0.7160069942474365,1.2985926450055558
position_scan,88,260,0.3835391104221344,0.7313917875289917,1.4100777709973045
position_scan,88,280,0.34546586871147156,0.7438878417015076,1.5177915090025635
position_scan,88,300,0.35346516966819763,0.7279433012008667,1.6286408360028872
position_scan,88,320,0.3617027997970581,0.5044719576835632,1.8809376020071795
position_scan,88,340,0.4124382436275482,1.477824330329895,1.985209083009977
position_scan,88,360,0.3732088804244995,0.7344601154327393,2.0914390370016918
position_scan,88,380,0.4040169417858124,0.7739769816398621,2.197909091002657
position_scan,88,400,0.34252431988716125,0.8939182162284851,2.3072229950048495
position_scan,88,420,0.36148953437805176,0.9497886896133423,2.418711878010072
position_scan,88,440,0.36443662643432617,1.144370675086975,2.5275222979980754
position_scan,88,460,0.34075966477394104,0.7119606733322144,2.6369168660021387
position_scan,88,480,0.3535200357437134,0.7565379738807678,2.742571808004868
position_scan,88,500,0.327684611082077,0.5571854710578918,2.848624884005403
position_scan,88,520,0.3379113972187042,0.934040367603302,2.9542317430023104
position_scan,88,540,0.33729031682014465,1.264891266822815,3.0595139610086335
position_scan,88,560,0.3147149980068207,0.6183435320854187,3.169450178000261
position_scan,88,580,0.3177955448627472,0.8277530074119568,3.2784587770001963
position_scan,88,600,0.33124035596847534,0.9075853228569031,3.3853348690026905
position_scan,88,620,0.33421698212623596,0.7260740399360657,3.6406301430106396
position_scan,88,640,0.30259183049201965,0.6183094382286072,3.747406032998697
position_scan,88,660,0.3251866400241852,0.6490329504013062,3.857192052004393
position_scan,88,680,0.3074164092540741,0.8036245107650757,3.965241012003389
position_scan,88,700,0.3136656582355499,0.6196234226226807,4.0722906370065175
position_scan,88,720,0.2843935787677765,0.8880732655525208,4.182695912997588
position_scan,88,740,0.3295951187610626,1.5368620157241821,4.291126023003017
position_scan,88,760,0.307718962430954,1.2364639043807983,4.397876425005961
position_scan,88,780,0.28689831495285034,0.637730598449707,4.511368927007425
position_scan,88,800,0.2844306528568268,0.5220913887023926,4.620270191007876
position_scan,88,820,0.30681899189949036,1.7435462474822998,4.72619887800829
position_scan,88,840,0.312273234128952,1.4088643789291382,4.83217868200154
position_scan,88,860,0.29798653721809387,2.051271915435791,4.938229713006876
position_scan,88,880,0.2904277741909027,0.8866686224937439,5.044062455010135
position_scan,88,900,0.2986084818840027,1.0828301906585693,5.1501963949995115
phase_competitive,11,20,1.0646647214889526,0.24205520749092102,0.10643390500626992
phase_competitive,11,40,0.6874330043792725,2.411801338195801,0.2151060190080898
phase_competitive,11,60,0.5563338994979858,1.9635207653045654,0.32058850101020653
phase_competitive,11,80,0.509192943572998,1.4829823970794678,0.4291714640130522
phase_competitive,11,100,0.35654616355895996,0.7980596423149109,0.539574235008331
phase_competitive,11,120,0.33244118094444275,1.3760716915130615,0.6499586819991237
phase_competitive,11,140,0.9975828528404236,5.368584632873535,0.7561382790008793
phase_competitive,11,160,0.4286624491214752,1.22108793258667,0.8670321620011237
phase_competitive,11,180,0.3300938904285431,1.0774321556091309,0.976149730006
phase_competitive,11,200,0.40104568004608154,1.3075379133224487,1.0858466589997988
phase_competitive,11,220,0.3296055495738983,0.6922375559806824,1.1950879940122832
phase_competitive,11,240,0.394270658493042,1.1796889305114746,1.305466088000685
phase_competitive,11,260,0.4120273292064667,0.9422837495803833,1.4119155420048628
phase_competitive,11,280,0.9906508326530457,0.5734637975692749,1.51928946901171
phase_competitive,11,300,0.3840106725692749,1.7890617847442627,1.6269907630048692
phase_competitive,11,320,0.7307104468345642,3.8929061889648438,1.8952787170128431
phase_competitive,11,340,0.9847589135169983,0.7012706398963928,2.003440964006586
phase_competitive,11,360,1.1187710762023926,0.8256548643112183,2.116836481000064
phase_competitive,11,380,4.504928112030029,16.191801071166992,2.2230825459992047
phase_competitive,11,400,0.46863487362861633,1.2754089832305908,2.3273711990041193
phase_competitive,11,420,7.172773361206055,10.801129341125488,2.4355871500010835
phase_competitive,11,440,2.8734750747680664,21.665538787841797,2.541560201003449
phase_competitive,11,460,1.0905810594558716,0.054276201874017715,2.647404496005038
phase_competitive,11,480,1.0508164167404175,0.22429178655147552,2.752916023004218
phase_competitive,11,500,0.8706976771354675,1.2467111349105835,2.860325006011408
phase_competitive,11,520,0.5464402437210083,1.9809691905975342,2.9700027280050563
phase_competitive,11,540,0.3785440921783447,0.48943042755126953,3.0766452030075016
phase_competitive,11,560,0.35248127579689026,0.6033062934875488,3.1825600220035994
phase_competitive,11,580,0.29662466049194336,1.159722089767456,3.2895114790007938
phase_competitive,11,600,0.30423107743263245,1.6884223222732544,3.3974379140126985
phase_competitive,11,620,0.2894453704357147,1.1571873426437378,3.668102824012749
phase_competitive,11,640,0.26346105337142944,0.8545195460319519,3.7739631200092845
phase_competitive,11,660,0.2011031061410904,0.8826742768287659,3.879119877004996
phase_competitive,11,680,0.24865449965000153,2.3611316680908203,3.9899566900130594
phase_competitive,11,700,0.1994437724351883,0.6678890585899353,4.095761168005993
phase_competitive,11,720,0.21368034183979034,0.8167130947113037,4.2033879890077515
phase_competitive,11,740,0.2697660028934479,1.2712571620941162,4.312522830005037
phase_competitive,11,760,0.2198440283536911,0.7879378795623779,4.41904193800292
phase_competitive,11,780,0.1795913577079773,0.5935052037239075,4.525163755009999
phase_competitive,11,800,0.17511773109436035,1.5617727041244507,4.630952834006166
phase_competitive,11,820,0.37113603949546814,0.4137248396873474,4.736932598010753
phase_competitive,11,840,0.28550073504447937,0.6736106276512146,4.842678805012838
phase_competitive,11,860,1.8850511312484741,18.30592918395996,4.948357402012334
phase_competitive,11,880,1.7501779794692993,11.008846282958984,5.054958096006885
phase_competitive,11,900,0.5448647141456604,1.3180348873138428,5.162025634999736
phase_competitive,22,20,1.0410704612731934,0.3373425602912903,0.10693725899909623
phase_competitive,22,40,0.80141282081604,1.462969183921814,0.2163107480009785
phase_competitive,22,60,0.5395722389221191,2.278999090194702,0.3220473160035908
phase_competitive,22,80,0.4615377187728882,1.638757348060608,0.42887678899569437
phase_competitive,22,100,0.4247092306613922,1.2707802057266235,0.5381054699973902
phase_competitive,22,120,0.7910472750663757,1.5778484344482422,0.6440444759937236
phase_competitive,22,140,0.46952152252197266,0.852461040019989,0.7523140289995354
phase_competitive,22,160,0.43768933415412903,0.9890360236167908,0.8566518760053441
phase_competitive,22,180,0.39695021510124207,1.6974104642868042,0.9611338399990927
phase_competitive,22,200,0.7908411622047424,1.8573659658432007,1.0673760670033516
phase_competitive,22,220,0.43426820635795593,0.9266451001167297,1.1760397949983599
phase_competitive,22,240,0.36098265647888184,0.7807827591896057,1.2857196609984385
phase_competitive,22,260,0.3361625373363495,1.101220726966858,1.3908597160043428
phase_competitive,22,280,3.0807981491088867,43.471229553222656,1.4993190630048048
phase_competitive,22,300,0.39040592312812805,1.1719908714294434,1.6033035430009477
phase_competitive,22,320,0.5542393326759338,0.6639256477355957,1.88522928400198
phase_competitive,22,340,0.7565760612487793,1.9625986814498901,1.9902335689985193
phase_competitive,22,360,0.5131616592407227,1.9339196681976318,2.1008280770038255
phase_competitive,22,380,0.812138020992279,1.396906852722168,2.2108651479939
phase_competitive,22,400,3.7266054153442383,48.55256271362305,2.3152309489960317
phase_competitive,22,420,0.36825183033943176,0.5861556529998779,2.4195412330009276
phase_competitive,22,440,1.0126925706863403,1.3308331966400146,2.524169106996851
phase_competitive,22,460,0.44301167130470276,1.0503627061843872,2.628444073998253
phase_competitive,22,480,0.3781055510044098,0.7657117247581482,2.732871343003353
phase_competitive,22,500,0.337069034576416,0.8124754428863525,2.843568458003574
phase_competitive,22,520,1.1326528787612915,0.2495647519826889,2.949395668998477
phase_competitive,22,540,1.0958770513534546,0.05482086166739464,3.0588555139984237
phase_competitive,22,560,1.0906996726989746,0.04954943433403969,3.1677355659921886
phase_competitive,22,580,1.080175757408142,0.07854168117046356,3.274834103998728
phase_competitive,22,600,1.3901896476745605,2.54653000831604,3.3806295260001207
phase_competitive,22,620,1.090653657913208,0.03819454461336136,3.6557185139972717
phase_competitive,22,640,1.0827044248580933,0.05436098948121071,3.7606572229997255
phase_competitive,22,660,1.063158392906189,0.12148214131593704,3.866565399002866
phase_competitive,22,680,6.467546463012695,7.593490123748779,3.972626880000462
phase_competitive,22,700,0.6125351786613464,3.082385301589966,4.08030508000229
phase_competitive,22,720,0.4899902045726776,3.9931998252868652,4.190445166997961
phase_competitive,22,740,0.3510139286518097,0.5726704001426697,4.296406075998675
phase_competitive,22,760,0.29877331852912903,0.6514850854873657,4.405434471991612
phase_competitive,22,780,0.28509077429771423,0.9676483869552612,4.52090652899642
phase_competitive,22,800,1.0692965984344482,0.3878544867038727,4.628278671996668
phase_competitive,22,820,2.367769479751587,37.814964294433594,4.734050568004022
phase_competitive,22,840,0.9953145384788513,0.3634352684020996,4.840043617004994
phase_competitive,22,860,0.7810378670692444,3.786783456802368,4.945745407996583
phase_competitive,22,880,0.4235246181488037,0.6187551617622375,5.0543445229996
phase_competitive,22,900,0.8620524406433105,2.729151487350464,5.160314858992933
phase_competitive,33,20,1.048003911972046,0.37268349528312683,0.10760170299909078
phase_competitive,33,40,0.7459037899971008,2.1406900882720947,0.21472863500821404
phase_competitive,33,60,0.46579018235206604,1.2075163125991821,0.3227684779994888
phase_competitive,33,80,0.4221689701080322,0.8043986558914185,0.4283754080097424
phase_competitive,33,100,0.4667868912220001,1.379323959350586,0.5393022830103291
phase_competitive,33,120,0.36968910694122314,0.9263478517532349,0.6456489010015503
phase_competitive,33,140,0.343119740486145,0.9564265012741089,0.751462687010644
phase_competitive,33,160,0.31170952320098877,1.0686885118484497,0.8589292310061865
phase_competitive,33,180,0.3563038110733032,0.6632262468338013,0.9681397470121738
phase_competitive,33,200,0.40158700942993164,1.335301160812378,1.0736301630095113
phase_competitive,33,220,0.41857561469078064,0.5652717351913452,1.1786133470013738
phase_competitive,33,240,0.3911161720752716,0.829554557800293,1.2926994080044096
phase_competitive,33,260,0.315998911857605,0.8278688192367554,1.398509617007221
phase_competitive,33,280,3.9088973999023438,10.565446853637695,1.5085849310125923
phase_competitive,33,300,1.9654773473739624,5.304802417755127,1.6176512300007744
phase_competitive,33,320,0.5822223424911499,2.4249532222747803,1.8864851810067194
phase_competitive,33,340,0.6561815142631531,1.8353639841079712,1.9914477249985794
phase_competitive,33,360,0.9435086250305176,2.9947845935821533,2.0983217130124103
phase_competitive,33,380,4.955926418304443,6.642002105712891,2.208770834011375
phase_competitive,33,400,0.5764917731285095,1.3171567916870117,2.3123509389988612
phase_competitive,33,420,0.5409936308860779,1.450131893157959,2.4165923110122094
phase_competitive,33,440,1.096274733543396,0.05155991390347481,2.520863260011538
phase_competitive,33,460,1.091361165046692,0.04197920113801956,2.6260681499989005
phase_competitive,33,480,1.082512378692627,0.06399578601121902,2.7298321170092095
phase_competitive,33,500,1.0542880296707153,0.16313906013965607,2.834287170000607
phase_competitive,33,520,1.0470507144927979,0.8202926516532898,2.944256779999705
phase_competitive,33,540,0.4243335425853729,1.2643153667449951,3.0509137220069533
phase_competitive,33,560,0.4073176383972168,0.6469210386276245,3.1556900499999756
phase_competitive,33,580,0.36598408222198486,0.6649653315544128,3.2598278440127615
phase_competitive,33,600,0.9539327025413513,1.186833143234253,3.3658120770123787
phase_competitive,33,620,0.40887650847435,0.35015416145324707,3.647133490012493
phase_competitive,33,640,0.35588380694389343,0.5147525668144226,3.7515828809991945
phase_competitive,33,660,1.4862498044967651,1.6868095397949219,3.856188290999853
phase_competitive,33,680,0.5308768153190613,1.8595401048660278,3.963078190005035
phase_competitive,33,700,0.6710081100463867,2.4652225971221924,4.070553640005528
phase_competitive,33,720,0.7967643141746521,1.9260928630828857,4.176520229011658
phase_competitive,33,740,0.7006850242614746,1.2205924987792969,4.286493898005574
phase_competitive,33,760,0.6461143493652344,1.6152873039245605,4.392773126004613
phase_competitive,33,780,0.48793280124664307,1.2763639688491821,4.502929335008957
phase_competitive,33,800,0.8156515955924988,0.8730745315551758,4.61755214400182
phase_competitive,33,820,0.49589598178863525,3.1561033725738525,4.724921301007271
phase_competitive,33,840,0.8857106566429138,2.7256364822387695,4.830293179998989
phase_competitive,33,860,0.8927321434020996,8.316163063049316,4.936674444004893
phase_competitive,33,880,0.6154771447181702,2.880800724029541,5.041944557000534
phase_competitive,33,900,0.40179166197776794,0.5863152146339417,5.150336355000036
phase_competitive,44,20,0.943875789642334,3.044966459274292,0.10693142800300848
phase_competitive,44,40,0.5911250710487366,3.252094030380249,0.2172857660043519
phase_competitive,44,60,0.5624142289161682,4.572610855102539,0.32466605499212164
phase_competitive,44,80,0.5253378748893738,2.598297357559204,0.42995041600079276
phase_competitive,44,100,0.419493705034256,1.8329991102218628,0.5431791939918185
phase_competitive,44,120,0.41509678959846497,1.3153187036514282,0.6470518190035364
phase_competitive,44,140,0.4426242411136627,1.6411964893341064,0.7519477969908621
phase_competitive,44,160,0.4165562689304352,0.8841208815574646,0.858041448998847
phase_competitive,44,180,0.4130431115627289,1.3688437938690186,0.9718037389975507
phase_competitive,44,200,0.35343971848487854,0.9325580596923828,1.0764806060033152
phase_competitive,44,220,0.6640893816947937,3.0945687294006348,1.182057387995883
phase_competitive,44,240,0.41060498356819153,0.6103368401527405,1.2905471330013825
phase_competitive,44,260,0.3121419847011566,0.7068039774894714,1.3939655580034014
phase_competitive,44,280,0.6949955821037292,3.5312130451202393,1.4987688980036182
phase_competitive,44,300,1.705164909362793,3.2418758869171143,1.6024343769968254
phase_competitive,44,320,0.9365718960762024,2.1654231548309326,1.8765091819950612
phase_competitive,44,340,3.4747543334960938,2.6655161380767822,1.9807856410043314
phase_competitive,44,360,0.9243981242179871,0.9891039729118347,2.0851598989975173
phase_competitive,44,380,2.450849771499634,7.547778129577637,2.1894916140008718
phase_competitive,44,400,0.5301356911659241,2.4713408946990967,2.2940903319977224
phase_competitive,44,420,0.7505254745483398,2.8435091972351074,2.398326433991315
phase_competitive,44,440,0.3838932514190674,0.8060512542724609,2.503870022992487
phase_competitive,44,460,1.684254765510559,5.0351715087890625,2.6125557320046937
phase_competitive,44,480,0.5332309603691101,0.9836688041687012,2.71933262499806
phase_competitive,44,500,1.1860716342926025,0.5088262557983398,2.824031994998222
phase_competitive,44,520,1.1007972955703735,0.03405625745654106,2.928386033003335
phase_competitive,44,540,1.0985774993896484,0.02562943659722805,3.0340553729911335
phase_competitive,44,560,1.097296118736267,0.02244613692164421,3.138786102994345
phase_competitive,44,580,1.0975149869918823,0.01851523481309414,3.2464004600042244
phase_competitive,44,600,1.096563696861267,0.0170948076993227,3.352667344996007
phase_competitive,44,620,1.0964738130569458,0.016834385693073273,3.6497736199962674
phase_competitive,44,640,1.0956190824508667,0.02060837298631668,3.755161198991118
phase_competitive,44,660,1.0957303047180176,0.016500744968652725,3.860804587995517
phase_competitive,44,680,1.0936254262924194,0.021850254386663437,3.9710732020030264
phase_competitive,44,700,1.0937813520431519,0.02188701368868351,4.076920002000406
phase_competitive,44,720,1.0914616584777832,0.02797417715191841,4.187176502004149
phase_competitive,44,740,1.0873311758041382,0.04088004678487778,4.301821403991198
phase_competitive,44,760,1.0752369165420532,0.08004658669233322,4.4088622120034415
phase_competitive,44,780,1.010418176651001,0.2788279056549072,4.514562130003469
phase_competitive,44,800,0.4247896373271942,0.6031528115272522,4.6205788840015884
phase_competitive,44,820,0.309949666261673,0.6433736681938171,4.726209087995812
phase_competitive,44,840,0.4507592022418976,0.4686894714832306,4.834625092000351
phase_competitive,44,860,0.3216931223869324,0.42336586117744446,4.943839906001813
phase_competitive,44,880,0.2749633193016052,0.5035248398780823,5.049578988997382
phase_competitive,44,900,0.2755882441997528,1.1335989236831665,5.154606408003019
phase_competitive,55,20,1.056599497795105,0.5462403893470764,0.11348110099788755
phase_competitive,55,40,0.6897395253181458,2.490736484527588,0.2228383780020522
phase_competitive,55,60,0.4997970163822174,2.985701084136963,0.3325963329989463
phase_competitive,55,80,0.4695723056793213,1.3045703172683716,0.44340027299767826
phase_competitive,55,100,0.43955013155937195,1.1537145376205444,0.5482537189964205
phase_competitive,55,120,0.43057456612586975,1.14990234375,0.6569187190034427
phase_competitive,55,140,0.4353818893432617,0.9068624973297119,0.7634534069948131
phase_competitive,55,160,0.39311423897743225,1.2865816354751587,0.8727392069995403
phase_competitive,55,180,0.3244629204273224,1.025810956954956,0.9799854989978485
phase_competitive,55,200,0.3045041263103485,1.1413911581039429,1.0881820710055763
phase_competitive,55,220,0.32643043994903564,1.482954502105713,1.194397516999743
phase_competitive,55,240,0.2868528962135315,1.1289609670639038,1.3010581260023173
phase_competitive,55,260,0.629531741142273,1.3711296319961548,1.4113252370007103
phase_competitive,55,280,0.39954474568367004,0.6512231826782227,1.5164546919986606
phase_competitive,55,300,0.35841765999794006,0.9547460675239563,1.6205190740001854
phase_competitive,55,320,2.9100639820098877,11.456666946411133,1.900807056998019
phase_competitive,55,340,1.00853431224823,2.503305673599243,2.006180217998917
phase_competitive,55,360,0.43262895941734314,2.4621798992156982,2.113004771003034
phase_competitive,55,380,1.1226508617401123,0.33500733971595764,2.2234228320012335
phase_competitive,55,400,1.0339329242706299,0.2714783549308777,2.331371690001106
phase_competitive,55,420,1.7116402387619019,3.799713611602783,2.4397780139988754
phase_competitive,55,440,1.0931233167648315,0.024853605777025223,2.5514939419954317
phase_competitive,55,460,1.0907076597213745,0.02742464654147625,2.658248772000661
phase_competitive,55,480,1.085534691810608,0.04363713413476944,2.7644148529943777
phase_competitive,55,500,1.0716978311538696,0.09214508533477783,2.869797131002997
phase_competitive,55,520,0.9925339818000793,0.4030582010746002,2.9776954620028846
phase_competitive,55,540,1.0644721984863281,0.17153815925121307,3.082737258999259
phase_competitive,55,560,1.7295684814453125,6.183570384979248,3.18860715199844
phase_competitive,55,580,1.0771998167037964,0.1175159141421318,3.2934047909948276
phase_competitive,55,600,0.6591921448707581,1.3165119886398315,3.3979792820027797
phase_competitive,55,620,1.0781407356262207,0.2701480984687805,3.6804505579930265
phase_competitive,55,640,0.9658827781677246,0.5699573755264282,3.7872019710048335
phase_competitive,55,660,0.4515876770019531,0.9396695494651794,3.8996773840044625
phase_competitive,55,680,0.4574391841888428,1.099056363105774,4.004174155998044
phase_competitive,55,700,0.36736369132995605,0.8363521099090576,4.108157704002224
phase_competitive,55,720,0.3451312780380249,0.9876603484153748,4.213655543993809
phase_competitive,55,740,0.2641580402851105,0.5360581874847412,4.318389200998354
phase_competitive,55,760,0.42103758454322815,0.5197920799255371,4.423765907995403
phase_competitive,55,780,0.4018135070800781,0.4581964612007141,4.530265729001258
phase_competitive,55,800,0.36318349838256836,0.2946425676345825,4.634322949001216
phase_competitive,55,820,0.35931596159935,0.2706867456436157,4.741779582996969
phase_competitive,55,840,1.0759176015853882,4.016357898712158,4.850421919996734
phase_competitive,55,860,0.3781494200229645,0.8769941329956055,4.956627427003696
phase_competitive,55,880,0.35640111565589905,0.49248626828193665,5.0615772570017725
phase_competitive,55,900,0.30191633105278015,0.3414682149887085,5.173012425992056
phase_competitive,66,20,1.0418165922164917,0.7344272136688232,0.10536568700626958
phase_competitive,66,40,0.7292497158050537,2.3553647994995117,0.21718712699657772
phase_competitive,66,60,0.4668571949005127,1.2848910093307495,0.32837789799668826
phase_competitive,66,80,0.49620696902275085,1.736320972442627,0.4330445560044609
phase_competitive,66,100,0.47292831540107727,1.6238912343978882,0.5388080660050036
phase_competitive,66,120,0.4085899591445923,0.9412473440170288,0.6437729239987675
phase_competitive,66,140,0.41826844215393066,1.2221496105194092,0.7535515290073818
phase_competitive,66,160,0.40042349696159363,0.8716302514076233,0.8592507050052518
phase_competitive,66,180,0.37607190012931824,1.1636557579040527,0.9671069059986621
phase_competitive,66,200,0.3036613166332245,1.3489161729812622,1.0756040650012437
phase_competitive,66,220,0.29577746987342834,0.91353839635849,1.1832549620012287
phase_competitive,66,240,1.0085396766662598,7.811750411987305,1.2918908660067245
phase_competitive,66,260,0.43986019492149353,1.5318152904510498,1.3967364170093788
phase_competitive,66,280,0.370556116104126,0.8402591943740845,1.5015795619983692
phase_competitive,66,300,0.48379644751548767,1.7158918380737305,1.6066819749976275
phase_competitive,66,320,3.396876335144043,3.7573680877685547,1.8868249290098902
phase_competitive,66,340,0.7939813733100891,1.5975669622421265,1.9962583930027904
phase_competitive,66,360,1.0130070447921753,5.315728664398193,2.102076606999617
phase_competitive,66,380,4.296525955200195,13.246402740478516,2.2073708870011615
phase_competitive,66,400,0.9253947734832764,2.10141921043396,2.319017893009004
phase_competitive,66,420,0.3984203338623047,1.460464358329773,2.422840883009485
phase_competitive,66,440,4.2577385902404785,19.347898483276367,2.5288172510045115
phase_competitive,66,460,7.065435886383057,17.58513069152832,2.641160259998287
phase_competitive,66,480,0.9738371968269348,0.9778836965560913,2.7481288599956315
phase_competitive,66,500,0.5267493724822998,0.5019785761833191,2.8549339559976943
phase_competitive,66,520,0.4030236303806305,0.5980676412582397,2.9602654369955417
phase_competitive,66,540,0.38119879364967346,1.0109256505966187,3.0659279730025446
phase_competitive,66,560,0.3671881854534149,0.5236166715621948,3.1727820329979295
phase_competitive,66,580,0.33763742446899414,0.4708400070667267,3.278968573009479
phase_competitive,66,600,0.2971334755420685,0.7010794878005981,3.384373606008012
phase_competitive,66,620,0.24717170000076294,0.7857235670089722,3.6574972469970817
phase_competitive,66,640,0.23546342551708221,0.81928950548172,3.7597117550030816
phase_competitive,66,660,2.5658066272735596,31.585010528564453,3.866297430009581
phase_competitive,66,680,2.2786452770233154,1.5214329957962036,3.9737165630067466
phase_competitive,66,700,0.8568937182426453,0.7244517207145691,4.079087510006502
phase_competitive,66,720,0.5235012769699097,1.464906930923462,4.18264093399921
phase_competitive,66,740,0.38797035813331604,0.4072578251361847,4.288126180006657
phase_competitive,66,760,0.3025612533092499,0.4315468668937683,4.393156524005462
phase_competitive,66,780,1.1676808595657349,7.437711715698242,4.4985134650050895
phase_competitive,66,800,0.3684505224227905,0.7175496816635132,4.603515534996404
phase_competitive,66,820,3.744948387145996,8.090490341186523,4.709192930007703
phase_competitive,66,840,1.0478683710098267,0.7175388932228088,4.817005767006776
phase_competitive,66,860,0.5253298878669739,1.8445634841918945,4.923996067998814
phase_competitive,66,880,0.3380754292011261,1.2737481594085693,5.031449546004296
phase_competitive,66,900,0.27748334407806396,0.5644075870513916,5.1361595960042905
phase_competitive,77,20,1.0531041622161865,0.2802281081676483,0.10572657898592297
phase_competitive,77,40,0.6930534243583679,2.2613537311553955,0.21678741098730825
phase_competitive,77,60,0.5196967720985413,3.0712225437164307,0.3231113039946649
phase_competitive,77,80,0.47268804907798767,1.7153682708740234,0.4324004809895996
phase_competitive,77,100,0.45928552746772766,1.6365785598754883,0.5431007819861406
phase_competitive,77,120,0.39743301272392273,0.8927851319313049,0.6515999949915567
phase_competitive,77,140,0.4096299111843109,0.977124035358429,0.758990983988042
phase_competitive,77,160,0.370429664850235,0.979963481426239,0.8670799909887137
phase_competitive,77,180,0.31040874123573303,0.816602885723114,0.9803039379912661
phase_competitive,77,200,0.6388470530509949,1.7423393726348877,1.0853642499860143
phase_competitive,77,220,0.44756782054901123,1.416206955909729,1.1938585939933546
phase_competitive,77,240,0.35926318168640137,0.9914090037345886,1.3007685609918553
phase_competitive,77,260,0.36979416012763977,0.9828077554702759,1.4057265359879239
phase_competitive,77,280,0.7672964930534363,1.1474496126174927,1.5134260059858207
phase_competitive,77,300,1.7151418924331665,14.145774841308594,1.6252337499900023
phase_competitive,77,320,0.5110974907875061,1.3288387060165405,1.9071746299887309
phase_competitive,77,340,0.47213199734687805,1.778201937675476,2.0127523739938624
phase_competitive,77,360,1.0351643562316895,1.3258379697799683,2.1160616099950857
phase_competitive,77,380,1.0195643901824951,1.576197862625122,2.2210712439991767
phase_competitive,77,400,2.156010866165161,6.388739109039307,2.330553190986393
phase_competitive,77,420,0.32908162474632263,0.6226944327354431,2.4377763379889075
phase_competitive,77,440,1.098324179649353,0.16779562830924988,2.5434189349907683
phase_competitive,77,460,1.0910385847091675,0.045666392892599106,2.648809068996343
phase_competitive,77,480,1.0700182914733887,0.10949359834194183,2.7572711409884505
phase_competitive,77,500,0.5859178900718689,0.693683385848999,2.8614711039990652
phase_competitive,77,520,0.39376404881477356,0.48969796299934387,2.967610412990325
phase_competitive,77,540,0.4151723086833954,0.5732731223106384,3.072415145987179
phase_competitive,77,560,0.9951991438865662,1.4431164264678955,3.176978584990138
phase_competitive,77,580,0.42977192997932434,0.5676019191741943,3.2810220589890378
phase_competitive,77,600,0.42950209975242615,0.6526997089385986,3.386439754991443
phase_competitive,77,620,0.3662682771682739,0.5181710720062256,3.6676730289909756
phase_competitive,77,640,0.3054114878177643,0.7295013070106506,3.7727800509892404
phase_competitive,77,660,1.8640575408935547,4.867374897003174,3.876481918996433
phase_competitive,77,680,0.9111726880073547,0.7296455502510071,3.9821521489939187
phase_competitive,77,700,1.2801114320755005,2.582745313644409,4.086843103999854
phase_competitive,77,720,0.650406539440155,1.6146206855773926,4.192689881994738
phase_competitive,77,740,0.6713568568229675,1.0379796028137207,4.303679597986047
phase_competitive,77,760,0.4448107182979584,0.37929508090019226,4.413329856994096
phase_competitive,77,780,0.36081698536872864,0.4473842680454254,4.52080256199406
phase_competitive,77,800,0.35736343264579773,0.47753581404685974,4.629597280989401
phase_competitive,77,820,0.3418521583080292,0.5475205779075623,4.735676395997871
phase_competitive,77,840,1.0626662969589233,0.2604922652244568,4.840587220998714
phase_competitive,77,860,7.722313404083252,10.129681587219238,4.95145041399519
phase_competitive,77,880,0.45918551087379456,1.7601726055145264,5.05546602398681
phase_competitive,77,900,3.4814069271087646,3.7197515964508057,5.161550858989358
phase_competitive,88,20,1.0715734958648682,0.29313820600509644,0.10838224900362547
phase_competitive,88,40,0.8641805648803711,1.4658399820327759,0.21470974900876172
phase_competitive,88,60,0.4824202358722687,2.072899103164673,0.3207939630083274
phase_competitive,88,80,0.4730622470378876,1.36115300655365,0.4288093080103863
phase_competitive,88,100,0.3961970806121826,1.1999247074127197,0.542977906006854
phase_competitive,88,120,0.3977772891521454,1.0086500644683838,0.6505752299999585
phase_competitive,88,140,0.3345833718776703,1.1675161123275757,0.7588169490045402
phase_competitive,88,160,0.8554184436798096,6.175393104553223,0.8658121290063718
phase_competitive,88,180,0.4695403277873993,1.368162989616394,0.9747317380097229
phase_competitive,88,200,0.3811842203140259,0.935234010219574,1.0813048889976926
phase_competitive,88,220,0.6855957508087158,4.479928016662598,1.1897993630118435
phase_competitive,88,240,0.37200018763542175,0.5993466377258301,1.2966387839987874
phase_competitive,88,260,0.34261035919189453,0.768922746181488,1.404569086007541
phase_competitive,88,280,0.8466838002204895,1.2223960161209106,1.5140656599978684
phase_competitive,88,300,0.3545980453491211,0.7978762984275818,1.625227155003813
phase_competitive,88,320,0.2878248393535614,0.8868997097015381,1.9029695880017243
phase_competitive,88,340,5.960765361785889,4.69374942779541,2.012990807997994
phase_competitive,88,360,0.9535024762153625,0.7257757186889648,2.119856951001566
phase_competitive,88,380,3.2438042163848877,14.422964096069336,2.2373403320088983
phase_competitive,88,400,1.0985878705978394,0.017546016722917557,2.345146826002747
phase_competitive,88,420,1.0968607664108276,0.01131422445178032,2.453288443997735
phase_competitive,88,440,1.0967276096343994,0.011717435903847218,2.5611597020033514
phase_competitive,88,460,1.0960086584091187,0.012508435174822807,2.668689447003999
phase_competitive,88,480,1.094861388206482,0.013145389966666698,2.776409115002025
phase_competitive,88,500,1.0943827629089355,0.01581835001707077,2.884602693011402
phase_competitive,88,520,1.0930110216140747,0.02070538140833378,2.993146490000072
phase_competitive,88,540,1.089192509651184,0.034716732800006866,3.101208475010935
phase_competitive,88,560,1.0826315879821777,0.0612068772315979,3.209215484006563
phase_competitive,88,580,1.0429738759994507,0.22505596280097961,3.3178491440048674
phase_competitive,88,600,1.0932165384292603,0.09039582312107086,3.4232742950116517
phase_competitive,88,620,1.0935852527618408,0.01967506669461727,3.721837762001087
phase_competitive,88,640,1.0938602685928345,0.01980469934642315,3.8281729970040033
phase_competitive,88,660,1.087344765663147,0.04230651631951332,3.931716191000305
phase_competitive,88,680,1.0420708656311035,0.21247637271881104,4.039005655009532
phase_competitive,88,700,0.6139175295829773,1.340627670288086,4.146067092005978
phase_competitive,88,720,0.29257577657699585,0.7357693314552307,4.252884040004574
phase_competitive,88,740,0.48175445199012756,1.2411402463912964,4.363677991001168
phase_competitive,88,760,0.37101271748542786,0.5608544945716858,4.47266056999797
phase_competitive,88,780,0.3132116496562958,0.5335764288902283,4.579209104005713
phase_competitive,88,800,0.29092901945114136,1.3281564712524414,4.6845239530084655
phase_competitive,88,820,0.5274354219436646,2.519822597503662,4.79776153700368
phase_competitive,88,840,0.3972625732421875,1.2161221504211426,4.905051332010771
phase_competitive,88,860,8.03846263885498,20.171001434326172,5.010553330008406
phase_competitive,88,880,1.101574182510376,0.02486686035990715,5.122823008001433
phase_competitive,88,900,1.0986812114715576,0.011500389315187931,5.230395234000753
phase_scan,11,20,1.0785175561904907,0.14916226267814636,0.10930264199851081
phase_scan,11,40,1.0395036935806274,2.5285961627960205,0.22342648499761708
phase_scan,11,60,0.8876891136169434,2.8680126667022705,0.33257598399359267
phase_scan,11,80,0.7688350081443787,2.0965499877929688,0.44166838300589006
phase_scan,11,100,0.6937670707702637,0.8757138848304749,0.5507532479969086
phase_scan,11,120,0.6596483588218689,0.5711646676063538,0.6631181700067827
phase_scan,11,140,0.6831005215644836,0.7196080684661865,0.7736925689969212
phase_scan,11,160,0.6336228847503662,0.6211853623390198,0.886474029000965
phase_scan,11,180,0.5981006026268005,0.6709204316139221,0.9987254730076529
phase_scan,11,200,0.5636312961578369,0.4618494510650635,1.110231308004586
phase_scan,11,220,0.6045780181884766,1.148252010345459,1.2200975800078595
phase_scan,11,240,0.5774518847465515,0.5666834712028503,1.3282674719957868
phase_scan,11,260,0.558020293712616,0.5136318802833557,1.4355315169959795
phase_scan,11,280,0.5819434523582458,0.7124780416488647,1.547573399002431
phase_scan,11,300,0.5633504986763,0.4656103253364563,1.6592901990079554
phase_scan,11,320,0.5487173199653625,0.5971056818962097,1.9445217549946392
phase_scan,11,340,0.5550822615623474,0.7215712070465088,2.0531880380003713
phase_scan,11,360,0.546546459197998,0.8172104358673096,2.1620057099935366
phase_scan,11,380,0.5365810394287109,0.5523595809936523,2.2698663390037837
phase_scan,11,400,0.557167649269104,0.6916794180870056,2.3924442940042354
phase_scan,11,420,0.5394399762153625,0.6933706402778625,2.5000294250057777
phase_scan,11,440,0.5670090317726135,0.5661472678184509,2.608301872998709
phase_scan,11,460,0.5244133472442627,0.35467228293418884,2.7160075639985735
phase_scan,11,480,0.535764217376709,0.45914795994758606,2.824749352002982
phase_scan,11,500,0.5280207395553589,0.6019108295440674,2.931236849006382
phase_scan,11,520,0.5271255970001221,0.35738351941108704,3.039826884996728
phase_scan,11,540,0.5293091535568237,0.3522217571735382,3.148112537994166
phase_scan,11,560,0.5368472337722778,0.3562670946121216,3.2564569840033073
phase_scan,11,580,0.5193074345588684,0.47190457582473755,3.364501004005433
phase_scan,11,600,0.5278933644294739,0.5443029999732971,3.472278143002768
phase_scan,11,620,0.5469855070114136,0.8492662310600281,3.7517694880079944
phase_scan,11,640,0.5243644118309021,0.6499937772750854,3.8607601520052413
phase_scan,11,660,0.5130454897880554,0.6378688216209412,3.968503274998511
phase_scan,11,680,0.5213467478752136,0.6485965847969055,4.07567210799607
phase_scan,11,700,0.5273945927619934,0.7571976184844971,4.183055272005731
phase_scan,11,720,0.5285034775733948,0.4202049672603607,4.290142387995729
phase_scan,11,740,0.5400382876396179,0.4761714041233063,4.397094546002336
phase_scan,11,760,0.5216089487075806,0.4425138831138611,4.508263784999144
phase_scan,11,780,0.5057702660560608,0.38049015402793884,4.617102869000519
phase_scan,11,800,0.5104895830154419,0.45492953062057495,4.7269244360068114
phase_scan,11,820,0.5075263381004333,0.6146209836006165,4.834304974006955
phase_scan,11,840,0.5056212544441223,0.2867443561553955,4.947925842003315
phase_scan,11,860,0.521470844745636,0.7362633943557739,5.056250980996992
phase_scan,11,880,0.5146574378013611,0.9495888352394104,5.166062949996558
phase_scan,11,900,0.5298247337341309,0.4466947317123413,5.2772575480048545
phase_scan,22,20,1.0957621335983276,0.06944894790649414,0.11045608299900778
phase_scan,22,40,1.0988386869430542,0.05476485192775726,0.22327576599491294
phase_scan,22,60,1.1024113893508911,0.06875880807638168,0.33832003199495375
phase_scan,22,80,1.0930917263031006,0.03877079486846924,0.4449407140054973
phase_scan,22,100,1.0919982194900513,0.052144113928079605,0.5543128499994054
phase_scan,22,120,1.0988500118255615,0.04062889888882637,0.6642632040020544
phase_scan,22,140,1.0990025997161865,0.044398609548807144,0.7735559870052384
phase_scan,22,160,1.0969172716140747,0.027119217440485954,0.8813983410072979
phase_scan,22,180,1.0972843170166016,0.034562431275844574,0.989058164996095
phase_scan,22,200,1.0969239473342896,0.022878950461745262,1.096304135004175
phase_scan,22,220,1.096086025238037,0.046076904982328415,1.2042224949982483
phase_scan,22,240,1.0963352918624878,0.02873014472424984,1.3153531110001495
phase_scan,22,260,1.0954186916351318,0.03159044310450554,1.4296985270048026
phase_scan,22,280,1.0987595319747925,0.06806224584579468,1.5402693409996573
phase_scan,22,300,1.0976845026016235,0.07160096615552902,1.6499677609972423
phase_scan,22,320,1.0967118740081787,0.02301766537129879,1.9379839040047955
phase_scan,22,340,1.0957947969436646,0.018089190125465393,2.0589948060078314
phase_scan,22,360,1.095572829246521,0.018379632383584976,2.166110316000413
phase_scan,22,380,1.0968724489212036,0.02876826748251915,2.2744973539956845
phase_scan,22,400,1.0929533243179321,0.03562898561358452,2.3821021930052666
phase_scan,22,420,1.09157133102417,0.07138838618993759,2.489790470994194
phase_scan,22,440,1.0990732908248901,0.07480064779520035,2.5992097260023
phase_scan,22,460,1.093423843383789,0.02989444136619568,2.7064552160009043
phase_scan,22,480,1.0977202653884888,0.07745984196662903,2.8143439190025674
phase_scan,22,500,1.0920701026916504,0.06668239831924438,2.929742232998251
phase_scan,22,520,1.055193543434143,0.24360789358615875,3.0416111439990345
phase_scan,22,540,1.095824122428894,0.01988232135772705,3.1484132040059194
phase_scan,22,560,1.0959876775741577,0.01570884697139263,3.2594488879985875
phase_scan,22,580,1.0962733030319214,0.012352797202765942,3.3730584340082714
phase_scan,22,600,1.0949307680130005,0.018744751811027527,3.484068970006774
phase_scan,22,620,1.0974383354187012,0.027339644730091095,3.7684138369950233
phase_scan,22,640,1.0985205173492432,0.027107207104563713,3.876370929996483
phase_scan,22,660,1.0905457735061646,0.05952805280685425,3.983154685003683
phase_scan,22,680,1.089323878288269,0.6535881161689758,4.092842455007485
phase_scan,22,700,1.096392273902893,0.02113506756722927,4.201505421006004
phase_scan,22,720,1.0964754819869995,0.016444873064756393,4.309671195005649
phase_scan,22,740,1.0962029695510864,0.01270914077758789,4.419748041007551
phase_scan,22,760,1.0962870121002197,0.014022746123373508,4.531748142995639
phase_scan,22,780,1.0971118211746216,0.012059698812663555,4.650431343005039
phase_scan,22,800,1.095849633216858,0.013005911372601986,4.760696230005124
phase_scan,22,820,1.0963053703308105,0.01179481577128172,4.87309257099696
phase_scan,22,840,1.0954840183258057,0.01824171654880047,4.987648712005466
phase_scan,22,860,1.095216155052185,0.019566144794225693,5.098998528002994
phase_scan,22,880,1.095166802406311,0.07355190813541412,5.2063243110023905
phase_scan,22,900,1.0979984998703003,0.1028459295630455,5.3147156269988045
phase_scan,33,20,1.0962153673171997,0.1083754301071167,0.11189208598807454
phase_scan,33,40,1.0981069803237915,0.07859224081039429,0.22465649199148174
phase_scan,33,60,1.1013542413711548,0.08162593096494675,0.3357939709967468
phase_scan,33,80,1.0959442853927612,0.05497177690267563,0.44526449499244336
phase_scan,33,100,1.0917242765426636,0.0840037614107132,0.5558586929982994
phase_scan,33,120,1.0789567232131958,0.17802457511425018,0.6634094769979129
phase_scan,33,140,1.0832082033157349,0.38714414834976196,0.7718584529939108
phase_scan,33,160,0.9932047724723816,0.27265268564224243,0.8808256529882783
phase_scan,33,180,0.7041318416595459,0.6394564509391785,0.9899420179863228
phase_scan,33,200,0.6532467007637024,0.4728406071662903,1.0997696759877726
phase_scan,33,220,0.5902496576309204,0.5252421498298645,1.2111137809988577
phase_scan,33,240,0.6071158051490784,0.7405943274497986,1.3271126769977855
phase_scan,33,260,0.5876583456993103,0.8688734769821167,1.4356552819954231
phase_scan,33,280,0.580161988735199,0.6029136180877686,1.5444405329908477
phase_scan,33,300,0.5560703277587891,0.3800046741962433,1.652458732991363
phase_scan,33,320,0.544474184513092,0.41363731026649475,1.9350149719975889
phase_scan,33,340,0.5521329045295715,0.35033029317855835,2.0431281039927853
phase_scan,33,360,0.5528424382209778,0.3910355567932129,2.1545438269968145
phase_scan,33,380,0.5477397441864014,0.398435115814209,2.264009560996783
phase_scan,33,400,0.532001793384552,0.2943471670150757,2.374511090994929
phase_scan,33,420,0.5376920104026794,0.3525824248790741,2.4841908759990474
phase_scan,33,440,0.5457631945610046,0.4921530783176422,2.592824164996273
phase_scan,33,460,0.5248834490776062,0.3321365416049957,2.703167000989197
phase_scan,33,480,0.549449622631073,0.7881284952163696,2.8134681769879535
phase_scan,33,500,0.5260698199272156,0.4018495976924896,2.923985195986461
phase_scan,33,520,0.5185627341270447,0.3284657299518585,3.0339722899952903
phase_scan,33,540,0.5278473496437073,0.5878362655639648,3.1474589009885676
phase_scan,33,560,0.5374826788902283,0.6618379950523376,3.2602436269953614
phase_scan,33,580,0.527148425579071,0.47340402007102966,3.3708344779879553
phase_scan,33,600,0.5170008540153503,0.40013381838798523,3.478309737998643
phase_scan,33,620,0.5181871056556702,0.5088891983032227,3.764342428999953
phase_scan,33,640,0.5145043730735779,0.4322366416454315,3.876080287998775
phase_scan,33,660,0.5132812857627869,0.5491661429405212,3.987071716997889
phase_scan,33,680,0.5198496580123901,0.42107877135276794,4.100115859997459
phase_scan,33,700,0.5185397863388062,0.7600895762443542,4.215945610994822
phase_scan,33,720,0.512090265750885,0.39319875836372375,4.325960698988638
phase_scan,33,740,0.5052372813224792,0.3638579547405243,4.442569783990621
phase_scan,33,760,0.5043837428092957,0.413963258266449,4.5521110129921
phase_scan,33,780,0.5241327881813049,0.7704946994781494,4.664346966994344
phase_scan,33,800,0.49604225158691406,0.21501559019088745,4.773823251991416
phase_scan,33,820,0.521992564201355,0.6047213673591614,4.883365793997655
phase_scan,33,840,0.5101271867752075,0.5164821147918701,4.994243684996036
phase_scan,33,860,0.5088434815406799,0.24626272916793823,5.103978284998448
phase_scan,33,880,0.4915679693222046,0.49489691853523254,5.218561256988323
phase_scan,33,900,0.5019473433494568,0.41765597462654114,5.331344849997549
phase_scan,44,20,1.0966122150421143,0.1107138991355896,0.10728997399564832
phase_scan,44,40,1.0752902030944824,0.14177238941192627,0.21741837899025995
phase_scan,44,60,0.9751999974250793,1.2796649932861328,0.32980671599216294
phase_scan,44,80,0.8515263199806213,1.3371763229370117,0.4431515339965699
phase_scan,44,100,0.7589669823646545,1.2719703912734985,0.5556917219946627
phase_scan,44,120,0.6870841383934021,0.6682260632514954,0.6650058059894945
phase_scan,44,140,0.6605775952339172,0.662520170211792,0.7737231459905161
phase_scan,44,160,0.6132108569145203,0.7503158450126648,0.8820504589966731
phase_scan,44,180,0.6152371764183044,0.7672612071037292,0.9908511090034153
phase_scan,44,200,0.6014791131019592,0.6919454336166382,1.100444889991195
phase_scan,44,220,0.5754731893539429,0.6025274395942688,1.2101161679893266
phase_scan,44,240,0.5586980581283569,0.39711830019950867,1.323476848003338
phase_scan,44,260,0.5515608787536621,0.410596638917923,1.4364492829918163
phase_scan,44,280,0.6041901707649231,0.7686727046966553,1.5458119809918571
phase_scan,44,300,0.5531877875328064,0.3874470293521881,1.6546527669997886
phase_scan,44,320,0.5719867944717407,0.6342245936393738,1.9332235579931876
phase_scan,44,340,0.579199492931366,0.7557734251022339,2.0453147840016754
phase_scan,44,360,0.5331383943557739,0.46187883615493774,2.1536835669976426
phase_scan,44,380,0.5650565028190613,0.515364408493042,2.2634110929939197
phase_scan,44,400,0.5402650833129883,0.4887824058532715,2.3741833819949534
phase_scan,44,420,0.5276985764503479,0.2922888696193695,2.4858057699893834
phase_scan,44,440,0.5495023727416992,0.4828352630138397,2.596507843991276
phase_scan,44,460,0.5502001643180847,0.5147546529769897,2.707887466996908
phase_scan,44,480,0.5415887236595154,0.40798893570899963,2.8191442639945308
phase_scan,44,500,0.5413699746131897,0.4181947112083435,2.929353393992642
phase_scan,44,520,0.521264910697937,0.6748435497283936,3.0401607399981003
phase_scan,44,540,0.5354291200637817,0.3707379400730133,3.149862876991392
phase_scan,44,560,0.5277751684188843,0.38181212544441223,3.2634430379985133
phase_scan,44,580,0.522969126701355,0.39007455110549927,3.374902192997979
phase_scan,44,600,0.5283640027046204,0.32593411207199097,3.4864560900023207
phase_scan,44,620,0.5272606015205383,0.45008984208106995,3.766187152999919
phase_scan,44,640,0.5170599818229675,0.3814318776130676,3.8800490939902375
phase_scan,44,660,0.5270541906356812,0.44750064611434937,3.992745390001801
phase_scan,44,680,0.5376096367835999,0.8911967873573303,4.103061122994404
phase_scan,44,700,0.533893883228302,0.38907960057258606,4.216294439000194
phase_scan,44,720,0.5356923341751099,0.6373478174209595,4.326039238003432
phase_scan,44,740,0.5181149244308472,0.4284188449382782,4.436403744999552
phase_scan,44,760,0.5085840821266174,0.4127495586872101,4.55384726000193
phase_scan,44,780,0.501569926738739,0.23650288581848145,4.6625727959908545
phase_scan,44,800,0.5142084360122681,0.3705545961856842,4.774749135001912
phase_scan,44,820,0.5171715617179871,0.49761009216308594,4.884129566999036
phase_scan,44,840,0.5205028653144836,0.4992039203643799,4.994603774001007
phase_scan,44,860,0.5060480237007141,0.24229149520397186,5.10468050999043
phase_scan,44,880,0.5002143979072571,0.3379071056842804,5.21545285799948
phase_scan,44,900,0.5305675864219666,0.7213202118873596,5.329195229001925
phase_scan,55,20,1.0927022695541382,0.10003511607646942,0.11115720600355417
phase_scan,55,40,1.0554171800613403,0.3597334623336792,0.2206323889986379
phase_scan,55,60,0.8818106651306152,1.405171275138855,0.3295359460025793
phase_scan,55,80,0.8210293650627136,1.0389922857284546,0.43780895600502845
phase_scan,55,100,0.7279208302497864,1.072967290878296,0.5461288240039721
phase_scan,55,120,0.744999885559082,0.9713391065597534,0.6560702209972078
phase_scan,55,140,0.6913723349571228,0.870908260345459,0.7655780060013058
phase_scan,55,160,0.6304200887680054,0.669850766658783,0.875477622001199
phase_scan,55,180,0.6219518780708313,0.47606921195983887,0.9905815829988569
phase_scan,55,200,0.6623713374137878,0.7859761118888855,1.101506774997688
phase_scan,55,220,0.6980064511299133,1.27178156375885,1.2104787830030546
phase_scan,55,240,0.6416962146759033,1.123615026473999,1.3189410750055686
phase_scan,55,260,0.6362810730934143,0.8771249055862427,1.4260390309937065
phase_scan,55,280,0.57364821434021,0.6155842542648315,1.5383047829964198
phase_scan,55,300,0.5928241014480591,0.6407281756401062,1.649948612001026
phase_scan,55,320,0.5736483931541443,0.5878027677536011,1.9317007789941272
phase_scan,55,340,0.5627161860466003,0.5517274141311646,2.0414017349976348
phase_scan,55,360,0.5872241258621216,0.6153608560562134,2.1500003179971827
phase_scan,55,380,0.5979447364807129,0.5693105459213257,2.25974984599452
phase_scan,55,400,0.5911166667938232,0.3845365345478058,2.3685765260015614
phase_scan,55,420,0.5524041056632996,0.4012761116027832,2.4788249709963566
phase_scan,55,440,0.5479654669761658,0.40704062581062317,2.5896046139969258
phase_scan,55,460,0.5396852493286133,0.46491819620132446,2.699736224996741
phase_scan,55,480,0.5403270125389099,0.4581080675125122,2.81093797700305
phase_scan,55,500,0.5375173687934875,0.43258681893348694,2.924240373991779
phase_scan,55,520,0.5492501854896545,0.5236599445343018,3.035485760003212
phase_scan,55,540,0.5275086760520935,0.32842469215393066,3.1452181460044812
phase_scan,55,560,0.5262627005577087,0.2816708981990814,3.2519481269991957
phase_scan,55,580,0.5208645462989807,0.4732530415058136,3.360201709001558
phase_scan,55,600,0.5204576849937439,0.35298216342926025,3.4679524560051505
phase_scan,55,620,0.5411519408226013,0.46650001406669617,3.7521454410016304
phase_scan,55,640,0.5159233212471008,0.511791467666626,3.8649720279936446
phase_scan,55,660,0.5313342213630676,0.3982257544994354,3.974878818000434
phase_scan,55,680,0.5388932228088379,0.9067195057868958,4.092070839993539
phase_scan,55,700,0.5252636075019836,0.4403753876686096,4.201485315992613
phase_scan,55,720,0.52931147813797,0.410103440284729,4.311331249991781
phase_scan,55,740,0.5152049660682678,0.32584622502326965,4.42334569900413
phase_scan,55,760,0.5213728547096252,0.44726794958114624,4.532027651002863
phase_scan,55,780,0.5204172134399414,0.33528947830200195,4.643318693997571
phase_scan,55,800,0.509391188621521,0.2406243085861206,4.752831559002516
phase_scan,55,820,0.5261029005050659,0.5099820494651794,4.865403606992913
phase_scan,55,840,0.5309417843818665,0.4419716000556946,4.9774506889953045
phase_scan,55,860,0.5090808868408203,0.31420430541038513,5.097043692992884
phase_scan,55,880,0.5028688311576843,0.4169853925704956,5.207534232002217
phase_scan,55,900,0.516063392162323,0.3680296838283539,5.317066314004478
phase_scan,66,20,1.0992182493209839,0.07741697877645493,0.1107734710094519
phase_scan,66,40,1.0975860357284546,0.05844905227422714,0.2203854960098397
phase_scan,66,60,1.0948501825332642,0.04184018075466156,0.32822642600513063
phase_scan,66,80,1.097246527671814,0.03657892718911171,0.4361789510003291
phase_scan,66,100,1.09894859790802,0.04357989877462387,0.5446229869994568
phase_scan,66,120,1.0932469367980957,0.04762884974479675,0.6531710630079033
phase_scan,66,140,1.0979400873184204,0.029865676537156105,0.7613898880081251
phase_scan,66,160,1.0934807062149048,0.03637427091598511,0.8770053790067323
phase_scan,66,180,1.0979059934616089,0.05769721418619156,0.9878019540046807
phase_scan,66,200,1.0960365533828735,0.05034056678414345,1.097838663001312
phase_scan,66,220,1.0949360132217407,0.09482372552156448,1.206836651006597
phase_scan,66,240,1.0959157943725586,0.1771751046180725,1.3198617470043246
phase_scan,66,260,1.0906634330749512,0.07276850938796997,1.4454500209976686
phase_scan,66,280,1.0800766944885254,0.1097104474902153,1.5578308120020665
phase_scan,66,300,1.0391552448272705,0.455432265996933,1.6681130320066586
phase_scan,66,320,1.0924254655838013,0.02889235131442547,1.9502636030083522
phase_scan,66,340,1.0593976974487305,0.8177058100700378,2.059169975007535
phase_scan,66,360,1.0078284740447998,0.34245961904525757,2.1713228000007803
phase_scan,66,380,1.0131710767745972,1.4638078212738037,2.281690201998572
phase_scan,66,400,0.8565309643745422,0.4293486773967743,2.395239263001713
phase_scan,66,420,0.7527947425842285,0.33032041788101196,2.506102686005761
phase_scan,66,440,0.6866597533226013,0.334852397441864,2.6160386620031204
phase_scan,66,460,0.6762904524803162,0.4425322413444519,2.728531959000975
phase_scan,66,480,0.6557794213294983,0.4989280104637146,2.839799977009534
phase_scan,66,500,0.669295072555542,0.5455316305160522,2.9494298770005116
phase_scan,66,520,0.6283435225486755,0.7814249992370605,3.05914521899831
phase_scan,66,540,0.6103722453117371,0.3271932899951935,3.1677155080105877
phase_scan,66,560,0.6100700497627258,0.7025147676467896,3.2771770840045065
phase_scan,66,580,0.6063963770866394,0.3873557150363922,3.389463625004282
phase_scan,66,600,0.578627347946167,0.8215569257736206,3.498651426998549
phase_scan,66,620,0.5856145024299622,0.4311337172985077,3.7880094310094137
phase_scan,66,640,0.5769153237342834,0.3357549011707306,3.903773476005881
phase_scan,66,660,0.5877866148948669,0.3183024227619171,4.013595614000224
phase_scan,66,680,0.5644200444221497,0.23326586186885834,4.124126690003322
phase_scan,66,700,0.5782391428947449,0.36928802728652954,4.236202567000873
phase_scan,66,720,0.563466489315033,0.28408223390579224,4.346037078008521
phase_scan,66,740,0.6086245179176331,0.4173310399055481,4.457866552998894
phase_scan,66,760,0.542185366153717,0.35984405875205994,4.568145947006997
phase_scan,66,780,0.5384467244148254,0.5726585984230042,4.68101736799872
phase_scan,66,800,0.5432231426239014,0.5593429803848267,4.791366416000528
phase_scan,66,820,0.5424960255622864,0.3818141520023346,4.9040770690044155
phase_scan,66,840,0.5576960444450378,0.8346366882324219,5.0149475560028804
phase_scan,66,860,0.5158740878105164,0.48968377709388733,5.122998728998937
phase_scan,66,880,0.5251045823097229,0.4203265309333801,5.231322866005939
phase_scan,66,900,0.5460391640663147,0.3379698693752289,5.341135555005167
phase_scan,77,20,1.0940591096878052,0.09259772300720215,0.10847391399147455
phase_scan,77,40,1.1012691259384155,0.06725078076124191,0.21743135499127675
phase_scan,77,60,1.1011337041854858,0.05384904146194458,0.3279908550030086
phase_scan,77,80,1.0971025228500366,0.03786708042025566,0.43803932699665893
phase_scan,77,100,1.0958104133605957,0.04141150787472725,0.5464569430041593
phase_scan,77,120,1.0984680652618408,0.04547085613012314,0.6543208670045715
phase_scan,77,140,1.098209023475647,0.04225387051701546,0.7629106730018975
phase_scan,77,160,1.0993727445602417,0.04484448954463005,0.8724967379966984
phase_scan,77,180,1.0983728170394897,0.039049405604600906,0.9870438920042943
phase_scan,77,200,1.0953730344772339,0.047886818647384644,1.0977883570012636
phase_scan,77,220,1.098792314529419,0.05082664638757706,1.2074761370022316
phase_scan,77,240,1.0957558155059814,0.051432207226753235,1.3178666239982704
phase_scan,77,260,1.0970276594161987,0.062395043671131134,1.4276892829948338
phase_scan,77,280,1.0958045721054077,0.07348692417144775,1.5484139549953397
phase_scan,77,300,1.1098469495773315,0.18435674905776978,1.6587730619939975
phase_scan,77,320,1.1021136045455933,0.09304098039865494,1.9454397980007343
phase_scan,77,340,1.1119194030761719,0.3477335274219513,2.054730807998567
phase_scan,77,360,1.0216280221939087,2.0422613620758057,2.1634970220038667
phase_scan,77,380,0.8650400042533875,0.46337905526161194,2.27292699800455
phase_scan,77,400,0.6535205245018005,0.405935138463974,2.383895773004042
phase_scan,77,420,0.60777348279953,0.6174367666244507,2.4943519959924743
phase_scan,77,440,0.6028684377670288,0.6338054537773132,2.6038535190018592
phase_scan,77,460,0.5760072469711304,0.5070860981941223,2.7159226130024763
phase_scan,77,480,0.5575234293937683,0.26892057061195374,2.8274784829991404
phase_scan,77,500,0.555171549320221,0.696079671382904,2.9383213769906433
phase_scan,77,520,0.5524552464485168,0.6512654423713684,3.0489207139908103
phase_scan,77,540,0.5248268842697144,0.21402625739574432,3.157766089992947
phase_scan,77,560,0.5341160297393799,0.4538080096244812,3.2671372329932638
phase_scan,77,580,0.5341857671737671,0.5111486911773682,3.3763677069946425
phase_scan,77,600,0.5469098687171936,0.6627418994903564,3.4891676010010997
phase_scan,77,620,0.5506631135940552,0.6475250124931335,3.773481737996917
phase_scan,77,640,0.5483570694923401,0.6525728702545166,3.886069086001953
phase_scan,77,660,0.5364492535591125,0.5639522671699524,4.003823475999525
phase_scan,77,680,0.5329748392105103,0.6983774900436401,4.115646948994254
phase_scan,77,700,0.5104044079780579,0.2843911945819855,4.229699674004223
phase_scan,77,720,0.5231001377105713,0.25256311893463135,4.3426297580008395
phase_scan,77,740,0.5115727782249451,0.5600093603134155,4.457897853004397
phase_scan,77,760,0.5103025436401367,0.6231973767280579,4.568592222000007
phase_scan,77,780,0.5272850394248962,0.4847252368927002,4.677280827992945
phase_scan,77,800,0.5167953372001648,0.3809221386909485,4.790912857002695
phase_scan,77,820,0.512215793132782,0.4498765170574188,4.9003867769934
phase_scan,77,840,0.5022333860397339,0.5074771046638489,5.013957468996523
phase_scan,77,860,0.5219048857688904,0.7755208015441895,5.123074524992262
phase_scan,77,880,0.5102955102920532,0.6903982162475586,5.232828571999562
phase_scan,77,900,0.5106870532035828,0.3242664635181427,5.341143600991927
phase_scan,88,20,1.0953845977783203,0.09603521227836609,0.10807527998986188
phase_scan,88,40,1.0962523221969604,0.0552014596760273,0.21575240699166898
phase_scan,88,60,1.095072627067566,0.06425229460000992,0.32463486299093347
phase_scan,88,80,1.095666527748108,0.060022976249456406,0.4325862449913984
phase_scan,88,100,1.0904558897018433,0.06861650943756104,0.5450503259926336
phase_scan,88,120,1.0889407396316528,0.09095405787229538,0.6582965059933485
phase_scan,88,140,1.0785783529281616,0.19928069412708282,0.7686553629901027
phase_scan,88,160,1.0658700466156006,0.25907421112060547,0.8817772649927065
phase_scan,88,180,1.0574103593826294,0.31920117139816284,0.9936354340024991
phase_scan,88,200,1.104070782661438,0.369620144367218,1.1060980219917838
phase_scan,88,220,1.056557536125183,0.5042673349380493,1.2254032249911688
phase_scan,88,240,1.0186916589736938,0.5362476110458374,1.3343665260035777
phase_scan,88,260,1.011749029159546,0.9176550507545471,1.4447314440039918
phase_scan,88,280,1.0602291822433472,0.7638076543807983,1.551161340001272
phase_scan,88,300,1.0804935693740845,0.39645150303840637,1.6594341489981161
phase_scan,88,320,1.0837215185165405,0.8772541284561157,1.9352531649929006
phase_scan,88,340,1.0560212135314941,0.57026606798172,2.045390617000521
phase_scan,88,360,1.0094897747039795,0.5121593475341797,2.1583268029935425
phase_scan,88,380,1.1140086650848389,0.582858681678772,2.269251853998867
phase_scan,88,400,1.0114794969558716,0.5780919194221497,2.3854622849903535
phase_scan,88,420,1.0967103242874146,0.9888265132904053,2.4947120360011468
phase_scan,88,440,0.96885746717453,1.603057861328125,2.604917356991791
phase_scan,88,460,0.8751113414764404,0.5524425506591797,2.7134419079957297
phase_scan,88,480,0.6973884105682373,0.41822320222854614,2.8227861399936955
phase_scan,88,500,0.6147786974906921,0.25906336307525635,2.931437282997649
phase_scan,88,520,0.5768522620201111,0.2606657147407532,3.0435748180025257
phase_scan,88,540,0.6071311831474304,0.7061510682106018,3.154078933002893
phase_scan,88,560,0.5715239644050598,0.36610740423202515,3.26191355100309
phase_scan,88,580,0.5492018461227417,0.3071819543838501,3.3707656799961114
phase_scan,88,600,0.5477275252342224,0.28749558329582214,3.4780777970008785
phase_scan,88,620,0.5670502781867981,0.5868715047836304,3.7717371539911255
phase_scan,88,640,0.5372411608695984,0.2976999580860138,3.884307087995694
phase_scan,88,660,0.552354097366333,0.4481832981109619,3.9951720840035705
phase_scan,88,680,0.5239730477333069,0.3586777150630951,4.106496510998113
phase_scan,88,700,0.5360960364341736,0.3436819016933441,4.216630526003428
phase_scan,88,720,0.5204545855522156,0.21639618277549744,4.325736621991382
phase_scan,88,740,0.5522957444190979,0.7055663466453552,4.440797989998828
phase_scan,88,760,0.5209109783172607,0.2897651493549347,4.549325075990055
phase_scan,88,780,0.5385331511497498,0.42110005021095276,4.662690194003517
phase_scan,88,800,0.5156995058059692,0.2307453602552414,4.772420334993512
phase_scan,88,820,0.5270176529884338,0.28151369094848633,4.881676817996777
phase_scan,88,840,0.5171439051628113,0.23691731691360474,4.989849043995491
phase_scan,88,860,0.5273757576942444,0.7627560496330261,5.100844450003933
phase_scan,88,880,0.5220977663993835,0.5778805017471313,5.209197190997656
phase_scan,88,900,0.5357013940811157,0.3860720694065094,5.317739666003035
reference,11,20,0.9025928974151611,0.7346263527870178,0.10747091499797534
reference,11,40,0.30596062541007996,1.6729100942611694,0.2124181130056968
reference,11,60,0.3022192418575287,3.1977524757385254,0.31857702300476376
reference,11,80,0.2860865294933319,2.6384334564208984,0.424133628999698
reference,11,100,0.13734696805477142,0.9518662095069885,0.5291388589976123
reference,11,120,0.18293435871601105,3.55047607421875,0.6332549140061019
reference,11,140,0.2064639925956726,2.8078339099884033,0.739514027009136
reference,11,160,0.16565947234630585,2.367889404296875,0.8486870330089005
reference,11,180,0.1908072978258133,3.421915292739868,0.9528946140053449
reference,11,200,0.10257626324892044,1.7376773357391357,1.0561234790075105
reference,11,220,0.11386960744857788,2.006786823272705,1.1596121920010773
reference,11,240,0.1966511607170105,3.1371066570281982,1.2653066430066247
reference,11,260,0.11932739615440369,1.7176462411880493,1.3687746860086918
reference,11,280,0.13683907687664032,2.103386878967285,1.47112734199618
reference,11,300,0.13580411672592163,2.3769001960754395,1.5750868479954079
reference,11,320,0.09676174074411392,1.8861958980560303,1.7918308000080287
reference,11,340,0.14664211869239807,2.530874252319336,1.8960900899983244
reference,11,360,0.10877326875925064,2.2401058673858643,1.9993602850008756
reference,11,380,0.19057919085025787,2.7178525924682617,2.104785258008633
reference,11,400,0.1112445816397667,2.469513416290283,2.210925261999364
reference,11,420,0.0997476577758789,1.7866228818893433,2.314293745002942
reference,11,440,0.13111676275730133,2.430201530456543,2.4359562460012967
reference,11,460,0.1334703415632248,2.434593915939331,2.5451525969983777
reference,11,480,0.09020045399665833,1.4086629152297974,2.657020899001509
reference,11,500,0.10455388575792313,1.8964864015579224,2.7623173559986753
reference,11,520,0.06881020218133926,1.236136794090271,2.873100067998166
reference,11,540,0.11740376800298691,1.87665593624115,2.9863837320008315
reference,11,560,0.1310940384864807,1.6275943517684937,3.092989048003801
reference,11,580,0.07817237824201584,1.5794428586959839,3.199747546997969
reference,11,600,0.09404914826154709,1.6511788368225098,3.3070735939982114
reference,11,620,0.13013814389705658,2.1622731685638428,3.5300660009961575
reference,11,640,0.050513844937086105,0.8057070374488831,3.6337552280019736
reference,11,660,0.06862985342741013,1.262917160987854,3.7371914310060674
reference,11,680,0.06261277943849564,1.0437783002853394,3.8407156720058993
reference,11,700,0.08647208660840988,1.4449485540390015,3.9438361899956362
reference,11,720,0.14297692477703094,1.6238371133804321,4.049580845996388
reference,11,740,0.0987757220864296,1.4667247533798218,4.160959429005743
reference,11,760,0.09818638116121292,1.5494184494018555,4.268730930009042
reference,11,780,0.062210071831941605,1.4131956100463867,4.374080359004438
reference,11,800,0.09005176275968552,1.7370290756225586,4.476733481002157
reference,11,820,0.07436420768499374,1.3969522714614868,4.582480001001386
reference,11,840,0.07007379084825516,1.5200077295303345,4.687041209006566
reference,11,860,0.06553994864225388,1.270788550376892,4.7913287240080535
reference,11,880,0.05744750425219536,1.2520687580108643,4.894854137004586
reference,11,900,0.09969738125801086,1.7481122016906738,4.999370208999608
reference,22,20,0.9583982825279236,0.5433481931686401,0.12675757400575094
reference,22,40,0.4451063573360443,1.8071144819259644,0.25365556799806654
reference,22,60,0.2856452167034149,2.5420846939086914,0.38298581399430986
reference,22,80,0.2765929102897644,2.735543966293335,0.5133593880018452
reference,22,100,0.2908836603164673,3.2191240787506104,0.6399616859998787
reference,22,120,0.19977682828903198,2.4716761112213135,0.7662182500062045
reference,22,140,0.2067035585641861,2.426607131958008,0.8973202110064449
reference,22,160,0.19053678214550018,2.2762038707733154,1.0261541259969817
reference,22,180,0.1471797227859497,2.5022993087768555,1.151254725002218
reference,22,200,0.1330021321773529,2.0678372383117676,1.2762315159925492
reference,22,220,0.16172495484352112,2.576308488845825,1.4025686859968118
reference,22,240,0.10526564717292786,1.5096312761306763,1.5295263229927514
reference,22,260,0.19447064399719238,2.961991548538208,1.6595924889988964
reference,22,280,0.16004730761051178,2.1840052604675293,1.7888640519959154
reference,22,300,0.14075836539268494,1.958916187286377,1.913677631993778
reference,22,320,0.14597998559474945,1.962459683418274,2.170919783995487
reference,22,340,0.16267745196819305,2.548780679702759,2.2963559159979923
reference,22,360,0.1445622742176056,1.6723191738128662,2.4217641839932185
reference,22,380,0.12153303623199463,1.7346421480178833,2.5468942699953914
reference,22,400,0.12397336214780807,2.6840033531188965,2.672576785000274
reference,22,420,0.06507684290409088,1.0917057991027832,2.8007465260016033
reference,22,440,0.061594557017087936,1.0089455842971802,2.9286912950046826
reference,22,460,0.133994460105896,2.3340883255004883,3.055286098999204
reference,22,480,0.15916308760643005,2.677072048187256,3.1855582389980555
reference,22,500,0.08440830558538437,1.4727166891098022,3.314098439994268
reference,22,520,0.12469930201768875,1.6635743379592896,3.447205093005323
reference,22,540,0.07839631289243698,1.4226479530334473,3.57242327700078
reference,22,560,0.11767491698265076,1.6113452911376953,3.7020007859973703
reference,22,580,0.09683651477098465,1.6600487232208252,3.829298836993985
reference,22,600,0.06311771273612976,1.0564132928848267,3.954116534005152
reference,22,620,0.08155279606580734,1.0763744115829468,4.21125376499549
reference,22,640,0.05736476555466652,0.8302494287490845,4.339016907004407
reference,22,660,0.05722590908408165,1.2754619121551514,4.46627001100569
reference,22,680,0.04983418807387352,1.1295475959777832,4.593471095999121
reference,22,700,0.07165034860372543,1.295893669128418,4.720613487996161
reference,22,720,0.0740877166390419,1.1420514583587646,4.84860435599694
reference,22,740,0.08887665718793869,1.4249628782272339,4.976563913995051
reference,22,760,0.0817299634218216,1.5460582971572876,5.103770098998211
reference,22,780,0.08247186243534088,1.6260957717895508,5.230034869004157
reference,22,800,0.03284871205687523,0.9090312719345093,5.358030557006714
reference,22,820,0.06570682674646378,1.3247640132904053,5.487112104994594
reference,22,840,0.09572499990463257,1.7289072275161743,5.619828019000124
reference,22,860,0.06987913697957993,1.0069841146469116,5.747877460002201
reference,22,880,0.08099926263093948,1.3092336654663086,5.8764392620068975
reference,22,900,0.11886221915483475,1.9471994638442993,6.011329241999192
reference,33,20,0.9362480640411377,0.7747817635536194,0.12830664300417993
reference,33,40,0.45814839005470276,1.9529818296432495,0.2562799180013826
reference,33,60,0.23014037311077118,1.9869388341903687,0.3842459890001919
reference,33,80,0.2675571143627167,2.284000873565674,0.5216638540005079
reference,33,100,0.26271188259124756,2.547828197479248,0.655846580004436
reference,33,120,0.14713934063911438,1.3641060590744019,0.7815182030026335
reference,33,140,0.20466230809688568,2.4980735778808594,0.9093517000001157
reference,33,160,0.1857413500547409,2.2149930000305176,1.0417235549975885
reference,33,180,0.18471384048461914,2.3101062774658203,1.1676558079925599
reference,33,200,0.13013742864131927,1.7163432836532593,1.2925101650034776
reference,33,220,0.10057645291090012,1.2642987966537476,1.4185310879984172
reference,33,240,0.12632431089878082,1.96080482006073,1.544481495002401
reference,33,260,0.16817806661128998,2.6226091384887695,1.6753949359990656
reference,33,280,0.1591411828994751,2.6992218494415283,1.8032999690040015
reference,33,300,0.1444859802722931,2.131408929824829,1.9308285220031394
reference,33,320,0.09131287783384323,1.0372737646102905,2.1981943970022257
reference,33,340,0.1656431406736374,2.00256085395813,2.332241420997889
reference,33,360,0.1314043402671814,1.6951266527175903,2.4574116739968304
reference,33,380,0.10873118042945862,1.7203145027160645,2.5871110070002032
reference,33,400,0.1303069293498993,1.9269723892211914,2.7143517279910157
reference,33,420,0.159035786986351,2.0825374126434326,2.8399337799928617
reference,33,440,0.1473996639251709,1.6562563180923462,2.9675294999906328
reference,33,460,0.07958529144525528,1.2259076833724976,3.095904154004529
reference,33,480,0.0937257781624794,1.6038717031478882,3.2260545309982263
reference,33,500,0.08183371275663376,1.6286226511001587,3.3535265249956865
reference,33,520,0.0910569503903389,1.632215976715088,3.487778893992072
reference,33,540,0.07246296852827072,0.9935013055801392,3.613682641997002
reference,33,560,0.1155121698975563,1.826476812362671,3.7427320790011436
reference,33,580,0.1260332316160202,1.8346166610717773,3.870313292994979
reference,33,600,0.09978244453668594,1.5941076278686523,3.995662397996057
reference,33,620,0.11145266145467758,1.7313389778137207,4.250266814997303
reference,33,640,0.08001583069562912,1.1319618225097656,4.378553791000741
reference,33,660,0.11419790238142014,1.6225886344909668,4.509266374996514
reference,33,680,0.12535583972930908,1.769727110862732,4.6384578549914295
reference,33,700,0.14509187638759613,1.9015823602676392,4.766514357994311
reference,33,720,0.0774242952466011,1.3554387092590332,4.894659903002321
reference,33,740,0.08525529503822327,1.3786628246307373,5.023008136995486
reference,33,760,0.06841149926185608,1.0890387296676636,5.1500148979976075
reference,33,780,0.12918338179588318,2.3825767040252686,5.2775774159963476
reference,33,800,0.09577631950378418,1.6562548875808716,5.405163057002937
reference,33,820,0.12029874324798584,1.4016233682632446,5.531249856998329
reference,33,840,0.07740912586450577,1.011509656906128,5.66542576799111
reference,33,860,0.1151922345161438,1.1993632316589355,5.798120922991075
reference,33,880,0.028660602867603302,0.4803589880466461,5.92980900699331
reference,33,900,0.06198137626051903,1.1763205528259277,6.0614592479978455
reference,44,20,0.9519875049591064,0.9818844199180603,0.1337033260060707
reference,44,40,0.32712283730506897,1.4036122560501099,0.26619540101091843
reference,44,60,0.260478138923645,2.5663654804229736,0.39267985300102737
reference,44,80,0.265951544046402,2.36307430267334,0.5234840930061182
reference,44,100,0.1856258511543274,1.580018162727356,0.6548825320060132
reference,44,120,0.17918069660663605,2.161937952041626,0.7821818750089733
reference,44,140,0.2001814842224121,2.6358747482299805,0.9071445500012487
reference,44,160,0.2804967164993286,3.3478598594665527,1.0330027810123283
reference,44,180,0.19859594106674194,3.1509697437286377,1.159025968008791
reference,44,200,0.14091332256793976,1.7906711101531982,1.2853708020120393
reference,44,220,0.1461344212293625,2.4234836101531982,1.4186667980102357
reference,44,240,0.1452896147966385,1.9076265096664429,1.544299277011305
reference,44,260,0.14467458426952362,2.1300644874572754,1.6695864830107894
reference,44,280,0.1457453817129135,2.170515298843384,1.7986595760012278
reference,44,300,0.11343493312597275,1.713249921798706,1.9288128080079332
reference,44,320,0.11207493394613266,1.7246286869049072,2.1779525720048696
reference,44,340,0.2376115471124649,3.2469353675842285,2.303162581010838
reference,44,360,0.1434190273284912,2.767080307006836,2.4288491230108775
reference,44,380,0.10188698023557663,1.8104747533798218,2.5565649140044115
reference,44,400,0.11734786629676819,1.9035636186599731,2.685471918011899
reference,44,420,0.11937468498945236,1.724086880683899,2.813040507011465
reference,44,440,0.10220056027173996,1.4636667966842651,2.942646922005224
reference,44,460,0.1433727890253067,2.795870542526245,3.0745807370112743
reference,44,480,0.11966901272535324,1.977880835533142,3.203109927009791
reference,44,500,0.12245114892721176,1.7999647855758667,3.328838450004696
reference,44,520,0.08944050222635269,1.5847798585891724,3.458579873011331
reference,44,540,0.09091341495513916,1.7843732833862305,3.5855921150068752
reference,44,560,0.06482852250337601,1.0996193885803223,3.7099074290017597
reference,44,580,0.10210820287466049,1.5812541246414185,3.8378540730045643
reference,44,600,0.0893559679389,1.5102286338806152,3.968118669014075
reference,44,620,0.0975615382194519,1.769459843635559,4.229078376010875
reference,44,640,0.1079389750957489,1.595606803894043,4.356900631013559
reference,44,660,0.12122488766908646,2.1862564086914062,4.4830438180069905
reference,44,680,0.11309114843606949,1.562790036201477,4.6108643200132065
reference,44,700,0.12792210280895233,1.9959635734558105,4.7389900170092005
reference,44,720,0.13077408075332642,1.7512797117233276,4.865640897012781
reference,44,740,0.08932588249444962,1.5222277641296387,4.993021125002997
reference,44,760,0.0437256395816803,1.0517630577087402,5.120572180007002
reference,44,780,0.10723515599966049,1.9860010147094727,5.251238997007022
reference,44,800,0.05062413215637207,1.3311641216278076,5.382959924012539
reference,44,820,0.0917416512966156,1.3368823528289795,5.510676446006983
reference,44,840,0.08421041816473007,1.473840594291687,5.639460635007708
reference,44,860,0.06140963360667229,1.0562922954559326,5.77427306699974
reference,44,880,0.06204339489340782,1.3489176034927368,5.899413743012701
reference,44,900,0.13935743272304535,2.346085548400879,6.02814220401342
reference,55,20,0.9272758364677429,0.8171964287757874,0.12935620399366599
reference,55,40,0.3663012683391571,1.5230302810668945,0.25886368899955414
reference,55,60,0.3077510893344879,2.8866870403289795,0.3915287459967658
reference,55,80,0.2901039123535156,3.0154943466186523,0.525475528993411
reference,55,100,0.18740780651569366,1.4974308013916016,0.6600771369994618
reference,55,120,0.24855513870716095,3.2836403846740723,0.7896758270071587
reference,55,140,0.22731387615203857,2.742324113845825,0.9207640609965893
reference,55,160,0.18274874985218048,2.709230422973633,1.0554717920022085
reference,55,180,0.17521041631698608,1.9219709634780884,1.1852918460062938
reference,55,200,0.16133108735084534,1.914525032043457,1.311573758997838
reference,55,220,0.18389879167079926,2.9901435375213623,1.4399113520048559
reference,55,240,0.11946488171815872,2.1005592346191406,1.5719584239996038
reference,55,260,0.1722775250673294,2.2931182384490967,1.7015758990019094
reference,55,280,0.1623918116092682,3.251674175262451,1.831546472007176
reference,55,300,0.12603874504566193,1.8230347633361816,1.962035538002965
reference,55,320,0.19254206120967865,2.5778961181640625,2.2224405510060024
reference,55,340,0.09857770055532455,1.4398387670516968,2.3523095690034097
reference,55,360,0.16063588857650757,2.6555240154266357,2.482164468994597
reference,55,380,0.09849859029054642,1.3698159456253052,2.61240472800273
reference,55,400,0.12120175361633301,1.8993418216705322,2.7448691909958143
reference,55,420,0.11955947428941727,1.90336275100708,2.8739609379990725
reference,55,440,0.10918501764535904,1.4255119562149048,3.005271868998534
reference,55,460,0.09380155801773071,1.5782947540283203,3.1396006750001106
reference,55,480,0.11636310815811157,2.1768970489501953,3.268996375001734
reference,55,500,0.1297307163476944,1.8045098781585693,3.3953011419944232
reference,55,520,0.0912277027964592,1.1379305124282837,3.5222434400056954
reference,55,540,0.08488425612449646,1.6468957662582397,3.651772766999784
reference,55,560,0.06490830332040787,1.0316053628921509,3.7791888729989296
reference,55,580,0.07309078425168991,1.3009719848632812,3.908331548998831
reference,55,600,0.08190735429525375,1.4031795263290405,4.034281025000382
reference,55,620,0.08618742972612381,1.3743715286254883,4.288331579999067
reference,55,640,0.07300800085067749,0.9082089066505432,4.418461337001645
reference,55,660,0.11711219698190689,1.8859573602676392,4.555720447999192
reference,55,680,0.07931623607873917,1.2437852621078491,4.68650446900574
reference,55,700,0.08322066813707352,1.3614165782928467,4.816443321004044
reference,55,720,0.09750597923994064,1.4079060554504395,4.951418804994319
reference,55,740,0.03988973796367645,0.7655048966407776,5.077479233004851
reference,55,760,0.06503843516111374,0.97468101978302,5.205559893001919
reference,55,780,0.08087551593780518,1.0716469287872314,5.333739002002403
reference,55,800,0.059894364327192307,1.3962810039520264,5.462524503003806
reference,55,820,0.1129857525229454,1.7846016883850098,5.594617212002049
reference,55,840,0.11019209772348404,1.6996567249298096,5.724800883006537
reference,55,860,0.053213294595479965,1.0486260652542114,5.855618137997226
reference,55,880,0.07006105035543442,1.2588592767715454,5.987115045005339
reference,55,900,0.0554206557571888,1.0148438215255737,6.120715234006639
reference,66,20,0.9949967265129089,0.8273392915725708,0.12728824200166855
reference,66,40,0.5009079575538635,1.6468925476074219,0.25554438900144305
reference,66,60,0.2759438753128052,2.3020362854003906,0.3850203930051066
reference,66,80,0.215447798371315,2.3405697345733643,0.513156439003069
reference,66,100,0.26299941539764404,3.34173583984375,0.639268216007622
reference,66,120,0.2298227697610855,2.6841135025024414,0.7665336040081456
reference,66,140,0.1608959585428238,2.1144349575042725,0.8921233400033088
reference,66,160,0.14810027182102203,2.1202263832092285,1.0171330650046002
reference,66,180,0.21575935184955597,3.230631113052368,1.148676492011873
reference,66,200,0.15483137965202332,2.879122495651245,1.2759461079986067
reference,66,220,0.2202139049768448,3.295147180557251,1.4025957560079405
reference,66,240,0.14260749518871307,2.3087339401245117,1.5295029670087388
reference,66,260,0.17375218868255615,3.2498230934143066,1.6564829570124857
reference,66,280,0.11574887484312057,2.2811670303344727,1.7864068810013123
reference,66,300,0.14475974440574646,3.0858712196350098,1.913674693001667
reference,66,320,0.17456789314746857,2.6836109161376953,2.175070716009941
reference,66,340,0.09486959129571915,1.8137030601501465,2.3093731500121066
reference,66,360,0.15516047179698944,2.9387967586517334,2.437634807007271
reference,66,380,0.139653280377388,2.5528979301452637,2.568980335010565
reference,66,400,0.10633335262537003,2.080378293991089,2.6987170790089294
reference,66,420,0.10189185291528702,2.165431499481201,2.828065249006613
reference,66,440,0.09649252146482468,1.7963521480560303,2.9547446530050365
reference,66,460,0.14417247474193573,3.0973470211029053,3.082374339006492
reference,66,480,0.09321042895317078,1.483767032623291,3.2116462620033417
reference,66,500,0.12823280692100525,2.1184911727905273,3.3408486020052806
reference,66,520,0.06901004165410995,1.27751624584198,3.4672827970061917
reference,66,540,0.09527862817049026,1.3715555667877197,3.5949719670024933
reference,66,560,0.0940525233745575,1.7656241655349731,3.7244276130077196
reference,66,580,0.09190746396780014,1.4951977729797363,3.8517199420020916
reference,66,600,0.07458741217851639,1.1143226623535156,3.9797826780122705
reference,66,620,0.1091022714972496,1.937380075454712,4.239563253999222
reference,66,640,0.08229105919599533,1.8332741260528564,4.36514292100037
reference,66,660,0.05699153244495392,0.9732952117919922,4.494042972000898
reference,66,680,0.10239868611097336,2.2375376224517822,4.625547143004951
reference,66,700,0.10823798924684525,1.8709367513656616,4.752557111001806
reference,66,720,0.058412086218595505,1.05356764793396,4.879339554012404
reference,66,740,0.12174057215452194,1.98675537109375,5.010733153001638
reference,66,760,0.061214372515678406,1.1818153858184814,5.136870519010699
reference,66,780,0.07000921666622162,1.1978219747543335,5.264530813001329
reference,66,800,0.08995664119720459,1.5323476791381836,5.39330521300144
reference,66,820,0.08014022558927536,1.5126785039901733,5.52183468300791
reference,66,840,0.13212941586971283,2.3697421550750732,5.649221624000347
reference,66,860,0.04221417382359505,1.0005133152008057,5.776990667000064
reference,66,880,0.07991853356361389,1.5576560497283936,5.903331793000689
reference,66,900,0.05944633483886719,1.0772991180419922,6.028052704001311
reference,77,20,0.948091447353363,0.5557793378829956,0.12712913600262254
reference,77,40,0.5703095197677612,1.3712408542633057,0.25338282600569073
reference,77,60,0.35881683230400085,3.038989305496216,0.38021718700474594
reference,77,80,0.2803255617618561,2.816228151321411,0.5059378940059105
reference,77,100,0.1960742026567459,1.802459955215454,0.6317583929921966
reference,77,120,0.16325560212135315,1.8907119035720825,0.7613887129991781
reference,77,140,0.20117336511611938,2.486927032470703,0.8897626660036622
reference,77,160,0.13721445202827454,1.5588009357452393,1.0171735619951505
reference,77,180,0.14441150426864624,2.0507419109344482,1.143678762993659
reference,77,200,0.22306960821151733,3.4286937713623047,1.2702577049931278
reference,77,220,0.09963469952344894,1.4947248697280884,1.3987404159997823
reference,77,240,0.1080402359366417,1.7850143909454346,1.5268996270024218
reference,77,260,0.15690939128398895,2.6609721183776855,1.6536677520052763
reference,77,280,0.1362171173095703,2.326871156692505,1.7817260089941556
reference,77,300,0.10871931910514832,1.5821821689605713,1.9095133369992254
reference,77,320,0.14678019285202026,2.245619058609009,2.1731471990060527
reference,77,340,0.1539068967103958,2.610464334487915,2.3041181690059602
reference,77,360,0.1317557990550995,2.789931535720825,2.434439582997584
reference,77,380,0.1385556012392044,2.254517078399658,2.56216333899647
reference,77,400,0.12287663668394089,2.0708532333374023,2.688412047995371
reference,77,420,0.11033476144075394,1.899936556816101,2.8187256079982035
reference,77,440,0.14557300508022308,2.2035207748413086,2.9472799969953485
reference,77,460,0.08442898839712143,1.8882604837417603,3.0748398690047907
reference,77,480,0.10936661809682846,2.6341564655303955,3.2010578789922874
reference,77,500,0.07892905175685883,1.6096112728118896,3.3291627559956396
reference,77,520,0.0888349711894989,1.430728554725647,3.458282887993846
reference,77,540,0.11957857012748718,2.0563502311706543,3.5863472469936823
reference,77,560,0.08794715255498886,1.4343169927597046,3.713547078994452
reference,77,580,0.14118756353855133,2.123767375946045,3.840550203996827
reference,77,600,0.08946266025304794,1.577527403831482,3.966721895005321
reference,77,620,0.11583995074033737,1.977878451347351,4.228703610991943
reference,77,640,0.0921458825469017,1.6443673372268677,4.357920829002978
reference,77,660,0.08218739181756973,1.2456969022750854,4.486434278995148
reference,77,680,0.06898265331983566,1.2512083053588867,4.619012538998504
reference,77,700,0.0406452976167202,0.977301836013794,4.74873383299564
reference,77,720,0.11631529778242111,1.780192255973816,4.877252682999824
reference,77,740,0.09802178293466568,1.8913044929504395,5.005182303997572
reference,77,760,0.04808007553219795,1.016518235206604,5.134939647003193
reference,77,780,0.08527451008558273,1.2684813737869263,5.26282024399552
reference,77,800,0.07717215269804001,1.6446356773376465,5.390946390994941
reference,77,820,0.13366039097309113,2.279353141784668,5.51853415700316
reference,77,840,0.04340193793177605,0.9400290250778198,5.642859519997728
reference,77,860,0.0771944597363472,1.6039685010910034,5.769209944002796
reference,77,880,0.044954102486371994,1.121966004371643,5.904027394994046
reference,77,900,0.09382445365190506,1.5149480104446411,6.032586632005405
reference,88,20,0.9751105308532715,0.7597077488899231,0.13355829799547791
reference,88,40,0.49604880809783936,1.8495616912841797,0.2689510619966313
reference,88,60,0.28002920746803284,2.3418500423431396,0.40493505899212323
reference,88,80,0.37530747056007385,4.0680975914001465,0.531066223004018
reference,88,100,0.19259671866893768,1.7497957944869995,0.6556192819989519
reference,88,120,0.2068442851305008,3.013432741165161,0.767206181990332
reference,88,140,0.21555811166763306,2.928131341934204,0.8752081599959638
reference,88,160,0.18293701112270355,2.1691792011260986,0.9862642419902841
reference,88,180,0.22203099727630615,2.3009166717529297,1.0978143510001246
reference,88,200,0.16243202984333038,1.8402949571609497,1.205428617002326
reference,88,220,0.096429742872715,1.3757814168930054,1.3175040719943354
reference,88,240,0.15802215039730072,2.5594475269317627,1.4292883099988103
reference,88,260,0.13991054892539978,2.016741991043091,1.5384984239935875
reference,88,280,0.09536415338516235,1.5645169019699097,1.645193828997435
reference,88,300,0.11086061596870422,1.5502952337265015,1.751627000994631
reference,88,320,0.1290365606546402,1.9977941513061523,1.9779423199943267
reference,88,340,0.1150219663977623,1.4268265962600708,2.087220945992158
reference,88,360,0.132108673453331,1.8546291589736938,2.1954237390018534
reference,88,380,0.12349892407655716,2.0328571796417236,2.3028087050042814
reference,88,400,0.15810175240039825,2.180070638656616,2.4115119479974965
reference,88,420,0.13217757642269135,1.6450886726379395,2.5238012339978013
reference,88,440,0.14931444823741913,2.115770101547241,2.6332707249966916
reference,88,460,0.07976897805929184,1.0428942441940308,2.7401167079951847
reference,88,480,0.1276237815618515,1.6003936529159546,2.849942351997015
reference,88,500,0.11660611629486084,1.8487910032272339,2.959639538996271
reference,88,520,0.060851264744997025,1.0712562799453735,3.065269001002889
reference,88,540,0.0903138592839241,1.502406120300293,3.1713353599916445
reference,88,560,0.15142841637134552,1.9440205097198486,3.278632738001761
reference,88,580,0.07883050292730331,1.265578269958496,3.407065744002466
reference,88,600,0.07441998273134232,0.9441936612129211,3.515734189990326
reference,88,620,0.10686632990837097,1.4053393602371216,3.7399646029953146
reference,88,640,0.09109333902597427,1.4302431344985962,3.847392501003924
reference,88,660,0.11586526036262512,1.9961284399032593,3.955249010992702
reference,88,680,0.06167425215244293,1.217729091644287,4.061012639998808
reference,88,700,0.08015161007642746,1.315289855003357,4.1677971049939515
reference,88,720,0.04712262749671936,0.9882553219795227,4.274894870992284
reference,88,740,0.10361703485250473,1.3208625316619873,4.381015765000484
reference,88,760,0.08874303847551346,1.1885796785354614,4.491779987001792
reference,88,780,0.06945402175188065,1.2426069974899292,4.5993998530029785
reference,88,800,0.06752399355173111,1.5300050973892212,4.7077499589941
reference,88,820,0.08042743057012558,1.106879472732544,4.8138979240029585
reference,88,840,0.07838823646306992,1.3739615678787231,4.929130210002768
reference,88,860,0.08018974214792252,1.24648916721344,5.035379509994527
reference,88,880,0.05305798724293709,0.9981586337089539,5.142463658994529
reference,88,900,0.05977027490735054,1.1709057092666626,5.250562322995393
