representation,readout,n,noise_seed,sigma,exact_accuracy,pairwise_accuracy,kendall_tau_present,pair_coverage,first_error,omission_rate,no_match_rate,duplicate_rate,trials,cursor_slot_match,slot_miss_rate,cursor_collision,inversion_rate,rank_preserved,projected_rank_preserved,mean_metric_error
priority,competitive,4,101,0.0,1.0,1.0,1.0,1.0,4.0,0.0,0.0,0.0,1024,,0.0,0.0,0.0,1.0,1.0,0.0
priority,scan,4,101,0.0,1.0,1.0,1.0,1.0,4.0,0.0,0.0,0.0,1024,1.0,0.0,0.0,0.0,1.0,1.0,0.0
priority,competitive,4,101,0.05,1.0,1.0,1.0,1.0,4.0,0.0,0.0,0.0,1024,,0.0,0.0,0.0,1.0,1.0,0.039748297058102594
priority,scan,4,101,0.05,1.0,1.0,1.0,1.0,4.0,0.0,0.0,0.0,1024,1.0,0.0,0.0,0.0,1.0,1.0,0.039748297058102594
priority,competitive,4,101,0.1,1.0,1.0,1.0,1.0,4.0,0.0,0.0,0.0,1024,,0.0,0.0,0.0,1.0,1.0,0.07949659411620519
priority,scan,4,101,0.1,0.9970703125,0.99853515625,1.0,0.99853515625,3.9931640625,0.000732421875,0.000732421875,0.0,1024,0.999267578125,0.000732421875,0.0,0.0,1.0,1.0,0.07949659411620519
priority,competitive,4,101,0.2,0.9990234375,0.9998372395833334,0.9996744791666666,1.0,3.998046875,0.0,0.0,0.0,1024,,0.0,0.0,0.00016276041666666666,0.9990234375,0.9990234375,0.15899318823241038
priority,scan,4,101,0.2,0.8623046875,0.9298502604166667,1.0,0.9298502604166667,3.6494140625,0.035400390625,0.035400390625,0.0,1024,0.96240234375,0.035400390625,0.012939453125,0.00016276041666666666,0.9990234375,0.9990234375,0.15899318823241038
priority,competitive,4,101,0.35,0.94140625,0.990234375,0.98046875,1.0,3.82421875,0.0,0.0,0.0,1024,,0.0,0.0,0.009765625,0.94140625,0.94140625,0.2782380794067181
priority,scan,4,101,0.35,0.4755859375,0.7255859375,0.998046875,0.7263997395833334,2.60546875,0.14013671875,0.14013671875,0.0,1024,0.820556640625,0.14013671875,0.08544921875,0.009765625,0.94140625,0.94140625,0.2782380794067181
priority,competitive,4,101,0.5,0.7841796875,0.9620768229166667,0.9241536458333333,1.0,3.3466796875,0.0,0.0,0.0,1024,,0.0,0.0,0.037923177083333336,0.7841796875,0.7841796875,0.3974829705810259
priority,scan,4,101,0.5,0.2783203125,0.6258138020833333,0.9856770833333333,0.6316731770833334,1.998046875,0.189453125,0.189453125,0.0,1024,0.7080078125,0.189453125,0.13916015625,0.037923177083333336,0.7841796875,0.7841796875,0.3974829705810259
priority,competitive,4,101,0.75,0.5263671875,0.9059244791666667,0.8118489583333333,1.0,2.5400390625,0.0,0.0,0.0,1024,,0.0,0.0,0.09407552083333333,0.5263671875,0.5263671875,0.5962244558715388
priority,scan,4,101,0.75,0.142578125,0.5445963541666667,0.916015625,0.5734049479166666,1.44140625,0.2236328125,0.2236328125,0.0,1024,0.5712890625,0.2236328125,0.163818359375,0.09407552083333333,0.5263671875,0.5263671875,0.5962244558715388
priority,competitive,4,101,1.0,0.3779296875,0.8590494791666667,0.7180989583333333,1.0,2.0341796875,0.0,0.0,0.0,1024,,0.0,0.0,0.14095052083333334,0.3779296875,0.3779296875,0.7949659411620518
priority,scan,4,101,1.0,0.0927734375,0.5087890625,0.8287760416666667,0.56298828125,1.201171875,0.229248046875,0.229248046875,0.0,1024,0.498046875,0.229248046875,0.16650390625,0.14095052083333334,0.3779296875,0.3779296875,0.7949659411620518
position,competitive,4,101,0.0,1.0,1.0,1.0,1.0,4.0,0.0,0.0,0.0,1024,,0.0,0.0,0.0,1.0,1.0,0.0
position,scan,4,101,0.0,1.0,1.0,1.0,1.0,4.0,0.0,0.0,0.0,1024,1.0,0.0,0.0,0.0,1.0,1.0,0.0
position,competitive,4,101,0.05,1.0,1.0,1.0,1.0,4.0,0.0,0.0,0.0,1024,,0.0,0.0,0.0,1.0,1.0,0.039748297058102594
position,scan,4,101,0.05,1.0,1.0,1.0,1.0,4.0,0.0,0.0,0.0,1024,1.0,0.0,0.0,0.0,1.0,1.0,0.039748297058102594
position,competitive,4,101,0.1,1.0,1.0,1.0,1.0,4.0,0.0,0.0,0.0,1024,,0.0,0.0,0.0,1.0,1.0,0.07949659411620519
position,scan,4,101,0.1,1.0,1.0,1.0,1.0,4.0,0.0,0.0,0.0,1024,1.0,0.0,0.0,0.0,1.0,1.0,0.07949659411620519
position,competitive,4,101,0.2,0.9990234375,0.9998372395833334,0.9996744791666666,1.0,3.998046875,0.0,0.0,0.0,1024,,0.0,0.0,0.00016276041666666666,0.9990234375,0.9990234375,0.15899318823241038
position,scan,4,101,0.2,0.90625,0.951171875,1.0,0.951171875,3.767578125,0.02490234375,0.02490234375,0.0,1024,0.974609375,0.02490234375,0.00537109375,0.00016276041666666666,0.9990234375,0.9990234375,0.15899318823241038
position,competitive,4,101,0.35,0.9296875,0.98828125,0.9765625,1.0,3.7919921875,0.0,0.0,0.0,1024,,0.0,0.0,0.01171875,0.9296875,0.9296875,0.27823807940671813
position,scan,4,101,0.35,0.421875,0.6673177083333334,0.9970326409495549,0.6686197916666667,2.4140625,0.1787109375,0.1787109375,0.0,1024,0.784423828125,0.1787109375,0.070068359375,0.01171875,0.9296875,0.9296875,0.27823807940671813
position,competitive,4,101,0.5,0.75,0.95654296875,0.9130859375,1.0,3.255859375,0.0,0.0,0.0,1024,,0.0,0.0,0.04345703125,0.75,0.75,0.39748297058102594
position,scan,4,101,0.5,0.15625,0.47151692708333337,0.9646619096160379,0.4806315104166667,1.4326171875,0.29248046875,0.29248046875,0.0,1024,0.5830078125,0.29248046875,0.126708984375,0.04345703125,0.75,0.75,0.39748297058102594
position,competitive,4,101,0.75,0.5087890625,0.90283203125,0.8056640625,1.0,2.498046875,0.0,0.0,0.0,1024,,0.0,0.0,0.09716796875,0.5087890625,0.5087890625,0.5962244558715389
position,scan,4,101,0.75,0.0390625,0.328125,0.8496663154197401,0.3556315104166667,0.7568359375,0.377197265625,0.377197265625,0.0,1024,0.3857421875,0.377197265625,0.15185546875,0.09716796875,0.5087890625,0.5087890625,0.5962244558715389
position,competitive,4,101,1.0,0.37109375,0.849609375,0.69921875,1.0,2.005859375,0.0,0.0,0.0,1024,,0.0,0.0,0.150390625,0.37109375,0.37109375,0.7949659411620519
position,scan,4,101,1.0,0.0185546875,0.24967447916666666,0.7324364723467863,0.29036458333333337,0.4873046875,0.428955078125,0.428955078125,0.0,1024,0.286865234375,0.428955078125,0.150390625,0.150390625,0.37109375,0.37109375,0.7949659411620519
phase,competitive,4,101,0.0,0.0,0.6666666666666665,0.33333333333333326,1.0,1.0,0.0,0.0,0.0,1024,,0.0,0.0,0.0,1.0,0.0,0.0
phase,scan,4,101,0.0,1.0,1.0,1.0,1.0,4.0,0.0,0.0,0.0,1024,1.0,0.0,0.0,0.0,1.0,0.0,0.0
phase,competitive,4,101,0.05,0.0,0.5011393229166666,0.002278645833333334,1.0,0.5166015625,0.0,0.0,0.0,1024,,0.0,0.0,0.0,1.0,0.0,0.039748297058102594
phase,scan,4,101,0.05,1.0,1.0,1.0,1.0,4.0,0.0,0.0,0.0,1024,1.0,0.0,0.0,0.0,1.0,0.0,0.039748297058102594
phase,competitive,4,101,0.1,0.0,0.5011393229166666,0.002278645833333334,1.0,0.5166015625,0.0,0.0,0.0,1024,,0.0,0.0,0.0,1.0,0.0,0.07949659411620519
phase,scan,4,101,0.1,1.0,1.0,1.0,1.0,4.0,0.0,0.0,0.0,1024,1.0,0.0,0.0,0.0,1.0,0.0,0.07949659411620519
phase,competitive,4,101,0.2,0.0,0.5013020833333333,0.0026041666666666674,1.0,0.5166015625,0.0,0.0,0.0,1024,,0.0,0.0,0.006998697916666667,0.9853515625,0.0,0.15899318823241038
phase,scan,4,101,0.2,0.90625,0.951171875,1.0,0.951171875,3.767578125,0.02490234375,0.02490234375,0.0,1024,0.974609375,0.02490234375,0.00732421875,0.006998697916666667,0.9853515625,0.0,0.15899318823241038
phase,competitive,4,101,0.35,0.00390625,0.5040690104166666,0.008138020833333336,1.0,0.552734375,0.0,0.0,0.0,1024,,0.0,0.0,0.07421875,0.8125,0.00390625,0.27823807940671813
phase,scan,4,101,0.35,0.421875,0.658203125,0.9174852652259332,0.6751302083333333,2.36328125,0.173095703125,0.173095703125,0.0,1024,0.776611328125,0.173095703125,0.089111328125,0.07421875,0.8125,0.00390625,0.27823807940671813
phase,competitive,4,101,0.5,0.01171875,0.50634765625,0.012695312500000002,1.0,0.5791015625,0.0,0.0,0.0,1024,,0.0,0.0,0.17936197916666666,0.5341796875,0.01171875,0.39748297058102594
phase,scan,4,101,0.5,0.15625,0.45963541666666663,0.764957264957265,0.5086263020833333,1.375,0.268310546875,0.268310546875,0.0,1024,0.572265625,0.268310546875,0.1611328125,0.17936197916666666,0.5341796875,0.01171875,0.39748297058102594
phase,competitive,4,101,0.75,0.0361328125,0.5143229166666666,0.028645833333333336,1.0,0.5927734375,0.0,0.0,0.0,1024,,0.0,0.0,0.302734375,0.25,0.0361328125,0.5916983874044467
phase,scan,4,101,0.75,0.0390625,0.30891927083333337,0.4768564768564769,0.41438802083333337,0.6865234375,0.328857421875,0.328857421875,0.0,1024,0.3662109375,0.328857421875,0.207763671875,0.302734375,0.25,0.0361328125,0.5916983874044467
phase,competitive,4,101,1.0,0.0400390625,0.5146484375,0.029296875,1.0,0.54296875,0.0,0.0,0.0,1024,,0.0,0.0,0.3994140625,0.1259765625,0.0400390625,0.7585852989421149
phase,scan,4,101,1.0,0.0185546875,0.24300130208333331,0.27546531302876487,0.37955729166666663,0.4091796875,0.353271484375,0.353271484375,0.0,1024,0.263671875,0.353271484375,0.21826171875,0.3994140625,0.1259765625,0.0400390625,0.7585852989421149
priority,competitive,4,202,0.0,1.0,1.0,1.0,1.0,4.0,0.0,0.0,0.0,1024,,0.0,0.0,0.0,1.0,1.0,0.0
priority,scan,4,202,0.0,1.0,1.0,1.0,1.0,4.0,0.0,0.0,0.0,1024,1.0,0.0,0.0,0.0,1.0,1.0,0.0
priority,competitive,4,202,0.05,1.0,1.0,1.0,1.0,4.0,0.0,0.0,0.0,1024,,0.0,0.0,0.0,1.0,1.0,0.04060214801377776
priority,scan,4,202,0.05,1.0,1.0,1.0,1.0,4.0,0.0,0.0,0.0,1024,1.0,0.0,0.0,0.0,1.0,1.0,0.04060214801377776
priority,competitive,4,202,0.1,1.0,1.0,1.0,1.0,4.0,0.0,0.0,0.0,1024,,0.0,0.0,0.0,1.0,1.0,0.08120429602755552
priority,scan,4,202,0.1,0.9990234375,0.99951171875,1.0,0.99951171875,3.9970703125,0.000244140625,0.000244140625,0.0,1024,0.999755859375,0.000244140625,0.0,0.0,1.0,1.0,0.08120429602755552
priority,competitive,4,202,0.2,0.998046875,0.9996744791666667,0.9993489583333333,1.0,3.9931640625,0.0,0.0,0.0,1024,,0.0,0.0,0.0003255208333333333,0.998046875,0.998046875,0.16240859205511105
priority,scan,4,202,0.2,0.853515625,0.9244791666666667,0.9996744791666666,0.9246419270833333,3.6337890625,0.038330078125,0.038330078125,0.0,1024,0.959228515625,0.038330078125,0.011474609375,0.0003255208333333333,0.998046875,0.998046875,0.16240859205511105
priority,competitive,4,202,0.35,0.939453125,0.98974609375,0.9794921875,1.0,3.8203125,0.0,0.0,0.0,1024,,0.0,0.0,0.01025390625,0.939453125,0.939453125,0.2842150360964443
priority,scan,4,202,0.35,0.478515625,0.7275390625,0.9983723958333333,0.7283528645833334,2.5830078125,0.13916015625,0.13916015625,0.0,1024,0.822265625,0.13916015625,0.090087890625,0.01025390625,0.939453125,0.939453125,0.2842150360964443
priority,competitive,4,202,0.5,0.7685546875,0.9591471354166667,0.9182942708333333,1.0,3.306640625,0.0,0.0,0.0,1024,,0.0,0.0,0.040852864583333336,0.7685546875,0.7685546875,0.4060214801377776
priority,scan,4,202,0.5,0.296875,0.6287434895833333,0.9820963541666666,0.6354166666666666,1.9970703125,0.188720703125,0.188720703125,0.0,1024,0.705810546875,0.188720703125,0.14306640625,0.040852864583333336,0.7685546875,0.7685546875,0.4060214801377776
priority,competitive,4,202,0.75,0.51171875,0.9000651041666667,0.8001302083333333,1.0,2.4609375,0.0,0.0,0.0,1024,,0.0,0.0,0.09993489583333333,0.51171875,0.51171875,0.6090322202066665
priority,scan,4,202,0.75,0.1640625,0.5598958333333333,0.9049479166666666,0.5926106770833334,1.478515625,0.212646484375,0.212646484375,0.0,1024,0.5791015625,0.212646484375,0.154541015625,0.09993489583333333,0.51171875,0.51171875,0.6090322202066665
priority,competitive,4,202,1.0,0.37109375,0.8494466145833334,0.6988932291666666,1.0,1.970703125,0.0,0.0,0.0,1024,,0.0,0.0,0.15055338541666666,0.37109375,0.37109375,0.8120429602755552
priority,scan,4,202,1.0,0.091796875,0.5013020833333333,0.8079427083333334,0.56103515625,1.16796875,0.23095703125,0.23095703125,0.0,1024,0.499267578125,0.23095703125,0.166015625,0.15055338541666666,0.37109375,0.37109375,0.8120429602755552
position,competitive,4,202,0.0,1.0,1.0,1.0,1.0,4.0,0.0,0.0,0.0,1024,,0.0,0.0,0.0,1.0,1.0,0.0
position,scan,4,202,0.0,1.0,1.0,1.0,1.0,4.0,0.0,0.0,0.0,1024,1.0,0.0,0.0,0.0,1.0,1.0,0.0
position,competitive,4,202,0.05,1.0,1.0,1.0,1.0,4.0,0.0,0.0,0.0,1024,,0.0,0.0,0.0,1.0,1.0,0.04060214801377776
position,scan,4,202,0.05,1.0,1.0,1.0,1.0,4.0,0.0,0.0,0.0,1024,1.0,0.0,0.0,0.0,1.0,1.0,0.04060214801377776
position,competitive,4,202,0.1,1.0,1.0,1.0,1.0,4.0,0.0,0.0,0.0,1024,,0.0,0.0,0.0,1.0,1.0,0.08120429602755552
position,scan,4,202,0.1,1.0,1.0,1.0,1.0,4.0,0.0,0.0,0.0,1024,1.0,0.0,0.0,0.0,1.0,1.0,0.08120429602755552
position,competitive,4,202,0.2,1.0,1.0,1.0,1.0,4.0,0.0,0.0,0.0,1024,,0.0,0.0,0.0,1.0,1.0,0.16240859205511105
position,scan,4,202,0.2,0.9013671875,0.9484049479166666,1.0,0.9484049479166666,3.7431640625,0.0263671875,0.0263671875,0.0,1024,0.9736328125,0.0263671875,0.00390625,0.0,1.0,1.0,0.16240859205511105
position,competitive,4,202,0.35,0.9365234375,0.9892578125,0.978515625,1.0,3.806640625,0.0,0.0,0.0,1024,,0.0,0.0,0.0107421875,0.9365234375,0.9365234375,0.2842150360964443
position,scan,4,202,0.35,0.396484375,0.6546223958333333,0.9910979228486647,0.6569010416666666,2.3056640625,0.1845703125,0.1845703125,0.0,1024,0.774169921875,0.1845703125,0.072265625,0.0107421875,0.9365234375,0.9365234375,0.2842150360964443
position,competitive,4,202,0.5,0.7646484375,0.958984375,0.91796875,1.0,3.2861328125,0.0,0.0,0.0,1024,,0.0,0.0,0.041015625,0.7646484375,0.7646484375,0.4060214801377776
position,scan,4,202,0.5,0.15234375,0.4588216145833333,0.969047619047619,0.46728515625,1.2861328125,0.3017578125,0.3017578125,0.0,1024,0.56591796875,0.3017578125,0.121337890625,0.041015625,0.7646484375,0.7646484375,0.4060214801377776
position,competitive,4,202,0.75,0.5126953125,0.9031575520833334,0.8063151041666666,1.0,2.47265625,0.0,0.0,0.0,1024,,0.0,0.0,0.09684244791666667,0.5126953125,0.5126953125,0.6090322202066665
position,scan,4,202,0.75,0.03515625,0.32373046875,0.8777777777777777,0.34912109375,0.66796875,0.383544921875,0.383544921875,0.0,1024,0.376708984375,0.383544921875,0.140380859375,0.09684244791666667,0.5126953125,0.5126953125,0.6090322202066665
position,competitive,4,202,1.0,0.375,0.8540039062500001,0.7080078125,1.0,1.9658203125,0.0,0.0,0.0,1024,,0.0,0.0,0.14599609375,0.375,0.375,0.8120429602755551
position,scan,4,202,1.0,0.0107421875,0.24837239583333331,0.716175359032502,0.29036458333333337,0.4248046875,0.43017578125,0.43017578125,0.0,1024,0.27587890625,0.43017578125,0.141845703125,0.14599609375,0.375,0.375,0.8120429602755551
phase,competitive,4,202,0.0,0.0,0.6666666666666665,0.33333333333333326,1.0,1.0,0.0,0.0,0.0,1024,,0.0,0.0,0.0,1.0,0.0,0.0
phase,scan,4,202,0.0,1.0,1.0,1.0,1.0,4.0,0.0,0.0,0.0,1024,1.0,0.0,0.0,0.0,1.0,0.0,0.0
phase,competitive,4,202,0.05,0.0,0.50830078125,0.0166015625,1.0,0.5009765625,0.0,0.0,0.0,1024,,0.0,0.0,0.0,1.0,0.0,0.04060214801377776
phase,scan,4,202,0.05,1.0,1.0,1.0,1.0,4.0,0.0,0.0,0.0,1024,1.0,0.0,0.0,0.0,1.0,0.0,0.04060214801377776
phase,competitive,4,202,0.1,0.0,0.50830078125,0.0166015625,1.0,0.5009765625,0.0,0.0,0.0,1024,,0.0,0.0,0.0,1.0,0.0,0.08120429602755552
phase,scan,4,202,0.1,1.0,1.0,1.0,1.0,4.0,0.0,0.0,0.0,1024,1.0,0.0,0.0,0.0,1.0,0.0,0.08120429602755552
phase,competitive,4,202,0.2,0.0,0.50830078125,0.0166015625,1.0,0.5009765625,0.0,0.0,0.0,1024,,0.0,0.0,0.0087890625,0.982421875,0.0,0.16240859205511105
phase,scan,4,202,0.2,0.9013671875,0.9484049479166666,1.0,0.9484049479166666,3.7431640625,0.0263671875,0.0263671875,0.0,1024,0.9736328125,0.0263671875,0.005615234375,0.0087890625,0.982421875,0.0,0.16240859205511105
phase,competitive,4,202,0.35,0.001953125,0.5071614583333333,0.014322916666666668,1.0,0.51171875,0.0,0.0,0.0,1024,,0.0,0.0,0.08577473958333333,0.7900390625,0.001953125,0.2842150360964443
phase,scan,4,202,0.35,0.396484375,0.6472981770833333,0.9194608809993424,0.66455078125,2.2685546875,0.1787109375,0.1787109375,0.0,1024,0.767822265625,0.1787109375,0.095458984375,0.08577473958333333,0.7900390625,0.001953125,0.2842150360964443
phase,competitive,4,202,0.5,0.0107421875,0.50341796875,0.006835937500000006,1.0,0.546875,0.0,0.0,0.0,1024,,0.0,0.0,0.19108072916666666,0.5126953125,0.0107421875,0.4060214801377776
phase,scan,4,202,0.5,0.15234375,0.44075520833333337,0.7291458956463941,0.49707031250000006,1.2314453125,0.278076171875,0.278076171875,0.0,1024,0.551025390625,0.278076171875,0.158935546875,0.19108072916666666,0.5126953125,0.0107421875,0.4060214801377776
phase,competitive,4,202,0.75,0.02734375,0.5017903645833333,0.0035807291666666713,1.0,0.5400390625,0.0,0.0,0.0,1024,,0.0,0.0,0.3273111979166667,0.232421875,0.02734375,0.6061557448995838
phase,scan,4,202,0.75,0.03515625,0.3040364583333333,0.467001675041876,0.4108072916666667,0.6083984375,0.331298828125,0.331298828125,0.0,1024,0.35693359375,0.331298828125,0.19873046875,0.3273111979166667,0.232421875,0.02734375,0.6061557448995838
phase,competitive,4,202,1.0,0.0380859375,0.50341796875,0.0068359374999999965,1.0,0.5283203125,0.0,0.0,0.0,1024,,0.0,0.0,0.4093424479166667,0.119140625,0.0380859375,0.7775127784160502
phase,scan,4,202,1.0,0.0107421875,0.23876953125,0.25688073394495414,0.3800455729166667,0.375,0.353759765625,0.353759765625,0.0,1024,0.25341796875,0.353759765625,0.2158203125,0.4093424479166667,0.119140625,0.0380859375,0.7775127784160502
priority,competitive,4,303,0.0,1.0,1.0,1.0,1.0,4.0,0.0,0.0,0.0,1024,,0.0,0.0,0.0,1.0,1.0,0.0
priority,scan,4,303,0.0,1.0,1.0,1.0,1.0,4.0,0.0,0.0,0.0,1024,1.0,0.0,0.0,0.0,1.0,1.0,0.0
priority,competitive,4,303,0.05,1.0,1.0,1.0,1.0,4.0,0.0,0.0,0.0,1024,,0.0,0.0,0.0,1.0,1.0,0.0393236304926203
priority,scan,4,303,0.05,1.0,1.0,1.0,1.0,4.0,0.0,0.0,0.0,1024,1.0,0.0,0.0,0.0,1.0,1.0,0.0393236304926203
priority,competitive,4,303,0.1,1.0,1.0,1.0,1.0,4.0,0.0,0.0,0.0,1024,,0.0,0.0,0.0,1.0,1.0,0.0786472609852406
priority,scan,4,303,0.1,1.0,1.0,1.0,1.0,4.0,0.0,0.0,0.0,1024,1.0,0.0,0.0,0.0,1.0,1.0,0.0786472609852406
priority,competitive,4,303,0.2,1.0,1.0,1.0,1.0,4.0,0.0,0.0,0.0,1024,,0.0,0.0,0.0,1.0,1.0,0.1572945219704812
priority,scan,4,303,0.2,0.857421875,0.9267578125,1.0,0.9267578125,3.6337890625,0.037109375,0.037109375,0.0,1024,0.9609375,0.037109375,0.015869140625,0.0,1.0,1.0,0.1572945219704812
priority,competitive,4,303,0.35,0.9296875,0.9879557291666667,0.9759114583333333,1.0,3.7919921875,0.0,0.0,0.0,1024,,0.0,0.0,0.012044270833333334,0.9296875,0.9296875,0.27526541344834204
priority,scan,4,303,0.35,0.4873046875,0.72900390625,0.9977213541666667,0.7298177083333333,2.626953125,0.138916015625,0.138916015625,0.0,1024,0.820556640625,0.138916015625,0.093505859375,0.012044270833333334,0.9296875,0.9296875,0.27526541344834204
priority,competitive,4,303,0.5,0.7548828125,0.9562174479166667,0.9124348958333333,1.0,3.2587890625,0.0,0.0,0.0,1024,,0.0,0.0,0.043782552083333336,0.7548828125,0.7548828125,0.39323630492620293
priority,scan,4,303,0.5,0.2841796875,0.625,0.9801432291666667,0.6324869791666666,1.9697265625,0.189697265625,0.189697265625,0.0,1024,0.699951171875,0.189697265625,0.135986328125,0.043782552083333336,0.7548828125,0.7548828125,0.39323630492620293
priority,competitive,4,303,0.75,0.5146484375,0.9025065104166667,0.8050130208333333,1.0,2.4931640625,0.0,0.0,0.0,1024,,0.0,0.0,0.09749348958333333,0.5146484375,0.5146484375,0.5898544573893044
priority,scan,4,303,0.75,0.1416015625,0.5416666666666666,0.904296875,0.5725911458333333,1.4267578125,0.22265625,0.22265625,0.0,1024,0.5703125,0.22265625,0.16162109375,0.09749348958333333,0.5146484375,0.5146484375,0.5898544573893044
priority,competitive,4,303,1.0,0.36328125,0.8517252604166667,0.7034505208333333,1.0,1.9501953125,0.0,0.0,0.0,1024,,0.0,0.0,0.14827473958333334,0.36328125,0.36328125,0.7864726098524059
priority,scan,4,303,1.0,0.08203125,0.50341796875,0.806640625,0.564453125,1.1435546875,0.2275390625,0.2275390625,0.0,1024,0.4931640625,0.2275390625,0.166015625,0.14827473958333334,0.36328125,0.36328125,0.7864726098524059
position,competitive,4,303,0.0,1.0,1.0,1.0,1.0,4.0,0.0,0.0,0.0,1024,,0.0,0.0,0.0,1.0,1.0,0.0
position,scan,4,303,0.0,1.0,1.0,1.0,1.0,4.0,0.0,0.0,0.0,1024,1.0,0.0,0.0,0.0,1.0,1.0,0.0
position,competitive,4,303,0.05,1.0,1.0,1.0,1.0,4.0,0.0,0.0,0.0,1024,,0.0,0.0,0.0,1.0,1.0,0.039323630492620304
position,scan,4,303,0.05,1.0,1.0,1.0,1.0,4.0,0.0,0.0,0.0,1024,1.0,0.0,0.0,0.0,1.0,1.0,0.039323630492620304
position,competitive,4,303,0.1,1.0,1.0,1.0,1.0,4.0,0.0,0.0,0.0,1024,,0.0,0.0,0.0,1.0,1.0,0.07864726098524061
position,scan,4,303,0.1,1.0,1.0,1.0,1.0,4.0,0.0,0.0,0.0,1024,1.0,0.0,0.0,0.0,1.0,1.0,0.07864726098524061
position,competitive,4,303,0.2,1.0,1.0,1.0,1.0,4.0,0.0,0.0,0.0,1024,,0.0,0.0,0.0,1.0,1.0,0.15729452197048122
position,scan,4,303,0.2,0.904296875,0.951171875,1.0,0.951171875,3.7685546875,0.024658203125,0.024658203125,0.0,1024,0.975341796875,0.024658203125,0.00390625,0.0,1.0,1.0,0.15729452197048122
position,competitive,4,303,0.35,0.9375,0.9895833333333334,0.9791666666666666,1.0,3.8125,0.0,0.0,0.0,1024,,0.0,0.0,0.010416666666666666,0.9375,0.9375,0.27526541344834204
position,scan,4,303,0.35,0.4267578125,0.6726888020833334,0.9947403024326101,0.67431640625,2.396484375,0.1748046875,0.1748046875,0.0,1024,0.787109375,0.1748046875,0.06884765625,0.010416666666666666,0.9375,0.9375,0.27526541344834204
position,competitive,4,303,0.5,0.7724609375,0.9599609375,0.919921875,1.0,3.3193359375,0.0,0.0,0.0,1024,,0.0,0.0,0.0400390625,0.7724609375,0.7724609375,0.39323630492620293
position,scan,4,303,0.5,0.173828125,0.4685872395833333,0.9606837606837607,0.4765625,1.4189453125,0.297607421875,0.297607421875,0.0,1024,0.584716796875,0.297607421875,0.125,0.0400390625,0.7724609375,0.7724609375,0.39323630492620293
position,competitive,4,303,0.75,0.50390625,0.89990234375,0.7998046875,1.0,2.4677734375,0.0,0.0,0.0,1024,,0.0,0.0,0.10009765625,0.50390625,0.50390625,0.5898544573893044
position,scan,4,303,0.75,0.05859375,0.33414713541666663,0.8658669574700109,0.35888671875,0.767578125,0.381103515625,0.381103515625,0.0,1024,0.396484375,0.381103515625,0.14599609375,0.10009765625,0.50390625,0.50390625,0.5898544573893044
position,competitive,4,303,1.0,0.353515625,0.8434244791666667,0.6868489583333333,1.0,1.919921875,0.0,0.0,0.0,1024,,0.0,0.0,0.15657552083333334,0.353515625,0.353515625,0.7864726098524059
position,scan,4,303,1.0,0.01953125,0.25537109375,0.711864406779661,0.2967122395833333,0.4794921875,0.426025390625,0.426025390625,0.0,1024,0.2958984375,0.426025390625,0.1484375,0.15657552083333334,0.353515625,0.353515625,0.7864726098524059
phase,competitive,4,303,0.0,0.0,0.6666666666666665,0.33333333333333326,1.0,1.0,0.0,0.0,0.0,1024,,0.0,0.0,0.0,1.0,0.0,0.0
phase,scan,4,303,0.0,1.0,1.0,1.0,1.0,4.0,0.0,0.0,0.0,1024,1.0,0.0,0.0,0.0,1.0,0.0,0.0
phase,competitive,4,303,0.05,0.0,0.49739583333333326,-0.005208333333333333,1.0,0.4755859375,0.0,0.0,0.0,1024,,0.0,0.0,0.0,1.0,0.0,0.0393236304926203
phase,scan,4,303,0.05,1.0,1.0,1.0,1.0,4.0,0.0,0.0,0.0,1024,1.0,0.0,0.0,0.0,1.0,0.0,0.0393236304926203
phase,competitive,4,303,0.1,0.0,0.49739583333333326,-0.005208333333333333,1.0,0.4755859375,0.0,0.0,0.0,1024,,0.0,0.0,0.0,1.0,0.0,0.07864726098524061
phase,scan,4,303,0.1,1.0,1.0,1.0,1.0,4.0,0.0,0.0,0.0,1024,1.0,0.0,0.0,0.0,1.0,0.0,0.07864726098524061
phase,competitive,4,303,0.2,0.0,0.49755859374999994,-0.004882812499999999,1.0,0.4765625,0.0,0.0,0.0,1024,,0.0,0.0,0.006673177083333333,0.986328125,0.0,0.1572945219704812
phase,scan,4,303,0.2,0.904296875,0.9508463541666666,0.9986979166666666,0.951171875,3.765625,0.024658203125,0.024658203125,0.0,1024,0.97509765625,0.024658203125,0.005615234375,0.006673177083333333,0.986328125,0.0,0.1572945219704812
phase,competitive,4,303,0.35,0.001953125,0.49625651041666663,-0.007486979166666664,1.0,0.48828125,0.0,0.0,0.0,1024,,0.0,0.0,0.08121744791666667,0.8037109375,0.001953125,0.27526541344834204
phase,scan,4,303,0.35,0.4267578125,0.6669921875,0.928618205631958,0.6829427083333334,2.375,0.16845703125,0.16845703125,0.0,1024,0.78173828125,0.16845703125,0.088134765625,0.08121744791666667,0.8037109375,0.001953125,0.27526541344834204
phase,competitive,4,303,0.5,0.015625,0.4978841145833333,-0.004231770833333332,1.0,0.5419921875,0.0,0.0,0.0,1024,,0.0,0.0,0.19140625,0.529296875,0.015625,0.39323630492620293
phase,scan,4,303,0.5,0.173828125,0.45149739583333337,0.7511597084161697,0.50244140625,1.3427734375,0.275634765625,0.275634765625,0.0,1024,0.57080078125,0.275634765625,0.166259765625,0.19140625,0.529296875,0.015625,0.39323630492620293
phase,competitive,4,303,0.75,0.02734375,0.49755859375,-0.004882812500000001,1.0,0.537109375,0.0,0.0,0.0,1024,,0.0,0.0,0.3108723958333333,0.265625,0.02734375,0.5870729995716899
phase,scan,4,303,0.75,0.05859375,0.3134765625,0.4594777890810444,0.41634114583333337,0.6962890625,0.33154296875,0.33154296875,0.0,1024,0.375732421875,0.33154296875,0.199951171875,0.3108723958333333,0.265625,0.02734375,0.5870729995716899
phase,competitive,4,303,1.0,0.037109375,0.50244140625,0.004882812499999999,1.0,0.5107421875,0.0,0.0,0.0,1024,,0.0,0.0,0.3968098958333333,0.140625,0.037109375,0.7541689482579224
phase,scan,4,303,1.0,0.01953125,0.24772135416666666,0.2959218065385912,0.37369791666666663,0.4326171875,0.35693359375,0.35693359375,0.0,1024,0.273193359375,0.35693359375,0.217041015625,0.3968098958333333,0.140625,0.037109375,0.7541689482579224
priority,competitive,4,404,0.0,1.0,1.0,1.0,1.0,4.0,0.0,0.0,0.0,1024,,0.0,0.0,0.0,1.0,1.0,0.0
priority,scan,4,404,0.0,1.0,1.0,1.0,1.0,4.0,0.0,0.0,0.0,1024,1.0,0.0,0.0,0.0,1.0,1.0,0.0
priority,competitive,4,404,0.05,1.0,1.0,1.0,1.0,4.0,0.0,0.0,0.0,1024,,0.0,0.0,0.0,1.0,1.0,0.040306191987356396
priority,scan,4,404,0.05,1.0,1.0,1.0,1.0,4.0,0.0,0.0,0.0,1024,1.0,0.0,0.0,0.0,1.0,1.0,0.040306191987356396
priority,competitive,4,404,0.1,1.0,1.0,1.0,1.0,4.0,0.0,0.0,0.0,1024,,0.0,0.0,0.0,1.0,1.0,0.08061238397471279
priority,scan,4,404,0.1,1.0,1.0,1.0,1.0,4.0,0.0,0.0,0.0,1024,1.0,0.0,0.0,0.0,1.0,1.0,0.08061238397471279
priority,competitive,4,404,0.2,1.0,1.0,1.0,1.0,4.0,0.0,0.0,0.0,1024,,0.0,0.0,0.0,1.0,1.0,0.16122476794942558
priority,scan,4,404,0.2,0.8720703125,0.9353841145833334,1.0,0.9353841145833334,3.6728515625,0.032470703125,0.032470703125,0.0,1024,0.966552734375,0.032470703125,0.01220703125,0.0,1.0,1.0,0.16122476794942558
priority,competitive,4,404,0.35,0.931640625,0.9886067708333334,0.9772135416666666,1.0,3.7919921875,0.0,0.0,0.0,1024,,0.0,0.0,0.011393229166666666,0.931640625,0.931640625,0.28214334391149476
priority,scan,4,404,0.35,0.4873046875,0.7296549479166666,0.9990234375,0.7301432291666666,2.59765625,0.138671875,0.138671875,0.0,1024,0.822021484375,0.138671875,0.08544921875,0.011393229166666666,0.931640625,0.931640625,0.28214334391149476
priority,competitive,4,404,0.5,0.77734375,0.96142578125,0.9228515625,1.0,3.306640625,0.0,0.0,0.0,1024,,0.0,0.0,0.03857421875,0.77734375,0.77734375,0.40306191987356393
priority,scan,4,404,0.5,0.283203125,0.62255859375,0.9781901041666666,0.63037109375,1.935546875,0.191162109375,0.191162109375,0.0,1024,0.702392578125,0.191162109375,0.1396484375,0.03857421875,0.77734375,0.77734375,0.40306191987356393
priority,competitive,4,404,0.75,0.515625,0.9002278645833334,0.8004557291666666,1.0,2.45703125,0.0,0.0,0.0,1024,,0.0,0.0,0.09977213541666667,0.515625,0.515625,0.6045928798103459
priority,scan,4,404,0.75,0.1513671875,0.5397135416666666,0.9036458333333333,0.57080078125,1.3994140625,0.224853515625,0.224853515625,0.0,1024,0.5625,0.224853515625,0.1728515625,0.09977213541666667,0.515625,0.515625,0.6045928798103459
priority,competitive,4,404,1.0,0.3564453125,0.8470052083333334,0.6940104166666666,1.0,1.8896484375,0.0,0.0,0.0,1024,,0.0,0.0,0.15299479166666666,0.3564453125,0.3564453125,0.8061238397471279
priority,scan,4,404,1.0,0.1015625,0.5076497395833333,0.8050130208333333,0.56787109375,1.1328125,0.226318359375,0.226318359375,0.0,1024,0.48193359375,0.226318359375,0.169921875,0.15299479166666666,0.3564453125,0.3564453125,0.8061238397471279
position,competitive,4,404,0.0,1.0,1.0,1.0,1.0,4.0,0.0,0.0,0.0,1024,,0.0,0.0,0.0,1.0,1.0,0.0
position,scan,4,404,0.0,1.0,1.0,1.0,1.0,4.0,0.0,0.0,0.0,1024,1.0,0.0,0.0,0.0,1.0,1.0,0.0
position,competitive,4,404,0.05,1.0,1.0,1.0,1.0,4.0,0.0,0.0,0.0,1024,,0.0,0.0,0.0,1.0,1.0,0.040306191987356396
position,scan,4,404,0.05,1.0,1.0,1.0,1.0,4.0,0.0,0.0,0.0,1024,1.0,0.0,0.0,0.0,1.0,1.0,0.040306191987356396
position,competitive,4,404,0.1,1.0,1.0,1.0,1.0,4.0,0.0,0.0,0.0,1024,,0.0,0.0,0.0,1.0,1.0,0.08061238397471279
position,scan,4,404,0.1,1.0,1.0,1.0,1.0,4.0,0.0,0.0,0.0,1024,1.0,0.0,0.0,0.0,1.0,1.0,0.08061238397471279
position,competitive,4,404,0.2,0.9990234375,0.9998372395833334,0.9996744791666666,1.0,3.9970703125,0.0,0.0,0.0,1024,,0.0,0.0,0.00016276041666666666,0.9990234375,0.9990234375,0.16122476794942558
position,scan,4,404,0.2,0.8955078125,0.9471028645833333,1.0,0.9471028645833333,3.736328125,0.026611328125,0.026611328125,0.0,1024,0.97265625,0.026611328125,0.00390625,0.00016276041666666666,0.9990234375,0.9990234375,0.16122476794942558
position,competitive,4,404,0.35,0.939453125,0.9895833333333334,0.9791666666666666,1.0,3.814453125,0.0,0.0,0.0,1024,,0.0,0.0,0.010416666666666666,0.939453125,0.939453125,0.28214334391149476
position,scan,4,404,0.35,0.3974609375,0.6458333333333334,0.996039603960396,0.6472981770833333,2.2353515625,0.191650390625,0.191650390625,0.0,1024,0.771240234375,0.191650390625,0.07275390625,0.010416666666666666,0.939453125,0.939453125,0.28214334391149476
position,competitive,4,404,0.5,0.76171875,0.9588216145833334,0.9176432291666666,1.0,3.267578125,0.0,0.0,0.0,1024,,0.0,0.0,0.041178385416666664,0.76171875,0.76171875,0.40306191987356393
position,scan,4,404,0.5,0.138671875,0.45817057291666663,0.9660960053709299,0.46712239583333337,1.2841796875,0.29931640625,0.29931640625,0.0,1024,0.57421875,0.29931640625,0.12353515625,0.041178385416666664,0.76171875,0.76171875,0.40306191987356393
position,competitive,4,404,0.75,0.5283203125,0.9051106770833335,0.8102213541666666,1.0,2.5244140625,0.0,0.0,0.0,1024,,0.0,0.0,0.09488932291666667,0.5283203125,0.5283203125,0.6045928798103459
position,scan,4,404,0.75,0.03515625,0.32698567708333337,0.8753993610223643,0.35074869791666663,0.6689453125,0.381103515625,0.381103515625,0.0,1024,0.38916015625,0.381103515625,0.141845703125,0.09488932291666667,0.5283203125,0.5283203125,0.6045928798103459
position,competitive,4,404,1.0,0.3935546875,0.8592122395833334,0.7184244791666666,1.0,2.0673828125,0.0,0.0,0.0,1024,,0.0,0.0,0.14078776041666666,0.3935546875,0.3935546875,0.8061238397471279
position,scan,4,404,1.0,0.017578125,0.255859375,0.7629294073235184,0.29361979166666663,0.4580078125,0.429443359375,0.429443359375,0.0,1024,0.295654296875,0.429443359375,0.137939453125,0.14078776041666666,0.3935546875,0.3935546875,0.8061238397471279
phase,competitive,4,404,0.0,0.0,0.6666666666666665,0.33333333333333326,1.0,1.0,0.0,0.0,0.0,1024,,0.0,0.0,0.0,1.0,0.0,0.0
phase,scan,4,404,0.0,1.0,1.0,1.0,1.0,4.0,0.0,0.0,0.0,1024,1.0,0.0,0.0,0.0,1.0,0.0,0.0
phase,competitive,4,404,0.05,0.0,0.49527994791666663,-0.009440104166666664,1.0,0.484375,0.0,0.0,0.0,1024,,0.0,0.0,0.0,1.0,0.0,0.040306191987356396
phase,scan,4,404,0.05,1.0,1.0,1.0,1.0,4.0,0.0,0.0,0.0,1024,1.0,0.0,0.0,0.0,1.0,0.0,0.040306191987356396
phase,competitive,4,404,0.1,0.0,0.49527994791666663,-0.009440104166666664,1.0,0.484375,0.0,0.0,0.0,1024,,0.0,0.0,0.0,1.0,0.0,0.08061238397471279
phase,scan,4,404,0.1,1.0,1.0,1.0,1.0,4.0,0.0,0.0,0.0,1024,1.0,0.0,0.0,0.0,1.0,0.0,0.08061238397471279
phase,competitive,4,404,0.2,0.0,0.49527994791666663,-0.009440104166666666,1.0,0.484375,0.0,0.0,0.0,1024,,0.0,0.0,0.007486979166666667,0.984375,0.0,0.16122476794942558
phase,scan,4,404,0.2,0.8955078125,0.9471028645833333,1.0,0.9471028645833333,3.736328125,0.026611328125,0.026611328125,0.0,1024,0.97265625,0.026611328125,0.00537109375,0.007486979166666667,0.984375,0.0,0.16122476794942558
phase,competitive,4,404,0.35,0.0,0.49479166666666663,-0.010416666666666668,1.0,0.4970703125,0.0,0.0,0.0,1024,,0.0,0.0,0.087890625,0.7890625,0.0,0.28214334391149476
phase,scan,4,404,0.35,0.3974609375,0.6407877604166667,0.9322145442579796,0.6575520833333333,2.2158203125,0.183837890625,0.183837890625,0.0,1024,0.76708984375,0.183837890625,0.09423828125,0.087890625,0.7890625,0.0,0.28214334391149476
phase,competitive,4,404,0.5,0.00390625,0.4920247395833333,-0.015950520833333332,1.0,0.5087890625,0.0,0.0,0.0,1024,,0.0,0.0,0.19401041666666666,0.498046875,0.00390625,0.4029623364119711
phase,scan,4,404,0.5,0.138671875,0.43929036458333337,0.7156959526159921,0.4982096354166667,1.21875,0.274658203125,0.274658203125,0.0,1024,0.557373046875,0.274658203125,0.16748046875,0.19401041666666666,0.498046875,0.00390625,0.4029623364119711
phase,competitive,4,404,0.75,0.0302734375,0.4910481770833333,-0.017903645833333332,1.0,0.5205078125,0.0,0.0,0.0,1024,,0.0,0.0,0.31884765625,0.23828125,0.0302734375,0.6006071723064808
phase,scan,4,404,0.75,0.03515625,0.30598958333333337,0.45445344129554655,0.41927083333333337,0.6044921875,0.32666015625,0.32666015625,0.0,1024,0.36767578125,0.32666015625,0.1982421875,0.31884765625,0.23828125,0.0302734375,0.6006071723064808
phase,competitive,4,404,1.0,0.0419921875,0.49251302083333326,-0.014973958333333332,1.0,0.4912109375,0.0,0.0,0.0,1024,,0.0,0.0,0.4010416666666667,0.1318359375,0.0419921875,0.770587219932475
phase,scan,4,404,1.0,0.0185546875,0.2470703125,0.26231736323479443,0.39046223958333337,0.38671875,0.34814453125,0.34814453125,0.0,1024,0.269287109375,0.34814453125,0.215087890625,0.4010416666666667,0.1318359375,0.0419921875,0.770587219932475
priority,competitive,6,101,0.0,1.0,1.0,1.0,1.0,6.0,0.0,0.0,0.0,1024,,0.0,0.0,0.0,1.0,1.0,0.0
priority,scan,6,101,0.0,1.0,1.0,1.0,1.0,6.0,0.0,0.0,0.0,1024,1.0,0.0,0.0,0.0,1.0,1.0,0.0
priority,competitive,6,101,0.05,1.0,1.0,1.0,1.0,6.0,0.0,0.0,0.0,1024,,0.0,0.0,0.0,1.0,1.0,0.03939666071986629
priority,scan,6,101,0.05,1.0,1.0,1.0,1.0,6.0,0.0,0.0,0.0,1024,1.0,0.0,0.0,0.0,1.0,1.0,0.03939666071986629
priority,competitive,6,101,0.1,1.0,1.0,1.0,1.0,6.0,0.0,0.0,0.0,1024,,0.0,0.0,0.0,1.0,1.0,0.07879332143973258
priority,scan,6,101,0.1,0.9970703125,0.9990234375,1.0,0.9990234375,5.9873046875,0.0004882812499999999,0.00048828125,0.0,1024,0.99951171875,0.00048828125,0.0,0.0,1.0,1.0,0.07879332143973258
priority,competitive,6,101,0.2,0.998046875,0.9998697916666667,0.9997395833333333,1.0,5.98828125,0.0,0.0,0.0,1024,,0.0,0.0,0.00013020833333333333,0.998046875,0.998046875,0.15758664287946517
priority,scan,6,101,0.2,0.767578125,0.9152994791666667,1.0,0.9152994791666667,5.1416015625,0.04329427083333333,0.04329427083333333,0.0,1024,0.953125,0.043294270833333336,0.017740885416666664,0.00013020833333333333,0.998046875,0.998046875,0.15758664287946517
priority,competitive,6,101,0.35,0.8935546875,0.9927083333333333,0.9854166666666668,1.0,5.5732421875,0.0,0.0,0.0,1024,,0.0,0.0,0.007291666666666667,0.8935546875,0.8935546875,0.275776625039064
priority,scan,6,101,0.35,0.2900390625,0.6967447916666667,0.9981119791666666,0.6973958333333333,3.1455078125,0.16048177083333331,0.16048177083333334,0.0,1024,0.7766927083333334,0.16048177083333334,0.095703125,0.007291666666666667,0.8935546875,0.8935546875,0.275776625039064
priority,competitive,6,101,0.5,0.669921875,0.9751953125000001,0.950390625,1.0,4.615234375,0.0,0.0,0.0,1024,,0.0,0.0,0.0248046875,0.669921875,0.669921875,0.39396660719866294
priority,scan,6,101,0.5,0.0986328125,0.5877604166666668,0.9877604166666667,0.5920572916666667,2.0986328125,0.22005208333333331,0.22005208333333331,0.0,1024,0.6383463541666666,0.22005208333333334,0.14908854166666663,0.0248046875,0.669921875,0.669921875,0.39396660719866294
priority,competitive,6,101,0.75,0.3427734375,0.9357421875000002,0.8714843750000001,1.0,3.1552734375,0.0,0.0,0.0,1024,,0.0,0.0,0.0642578125,0.3427734375,0.3427734375,0.5909499107979943
priority,scan,6,101,0.75,0.0380859375,0.5040364583333334,0.9356119791666666,0.5222005208333333,1.4326171875,0.26350911458333337,0.2635091145833333,0.0,1024,0.48876953125,0.2635091145833333,0.18375651041666663,0.0642578125,0.3427734375,0.3427734375,0.5909499107979943
priority,competitive,6,101,1.0,0.19140625,0.8979817708333335,0.7959635416666666,1.0,2.2509765625,0.0,0.0,0.0,1024,,0.0,0.0,0.10201822916666667,0.19140625,0.19140625,0.7879332143973259
priority,scan,6,101,1.0,0.015625,0.47591145833333337,0.8764973958333333,0.5093098958333334,1.125,0.2718098958333333,0.2718098958333333,0.0,1024,0.4099934895833333,0.2718098958333333,0.18880208333333331,0.10201822916666667,0.19140625,0.19140625,0.7879332143973259
position,competitive,6,101,0.0,1.0,1.0,1.0,1.0,6.0,0.0,0.0,0.0,1024,,0.0,0.0,0.0,1.0,1.0,0.0
position,scan,6,101,0.0,1.0,1.0,1.0,1.0,6.0,0.0,0.0,0.0,1024,1.0,0.0,0.0,0.0,1.0,1.0,0.0
position,competitive,6,101,0.05,1.0,1.0,1.0,1.0,6.0,0.0,0.0,0.0,1024,,0.0,0.0,0.0,1.0,1.0,0.03939666071986629
position,scan,6,101,0.05,1.0,1.0,1.0,1.0,6.0,0.0,0.0,0.0,1024,1.0,0.0,0.0,0.0,1.0,1.0,0.03939666071986629
position,competitive,6,101,0.1,1.0,1.0,1.0,1.0,6.0,0.0,0.0,0.0,1024,,0.0,0.0,0.0,1.0,1.0,0.07879332143973258
position,scan,6,101,0.1,1.0,1.0,1.0,1.0,6.0,0.0,0.0,0.0,1024,1.0,0.0,0.0,0.0,1.0,1.0,0.07879332143973258
position,competitive,6,101,0.2,0.9990234375,0.9999348958333334,0.9998697916666667,1.0,5.998046875,0.0,0.0,0.0,1024,,0.0,0.0,6.510416666666667e-05,0.9990234375,0.9990234375,0.15758664287946517
position,scan,6,101,0.2,0.8671875,0.9546874999999999,1.0,0.9546874999999999,5.521484375,0.02278645833333333,0.022786458333333332,0.0,1024,0.9768880208333334,0.022786458333333332,0.004720052083333333,6.510416666666667e-05,0.9990234375,0.9990234375,0.15758664287946517
position,competitive,6,101,0.35,0.90625,0.993359375,0.9867187500000001,1.0,5.6123046875,0.0,0.0,0.0,1024,,0.0,0.0,0.006640625,0.90625,0.90625,0.275776625039064
position,scan,6,101,0.35,0.275390625,0.6752604166666667,0.9978515625,0.6761067708333333,2.9501953125,0.17529296875,0.17529296875,0.0,1024,0.7867838541666666,0.17529296875,0.07096354166666666,0.006640625,0.90625,0.90625,0.275776625039064
position,competitive,6,101,0.5,0.6728515625,0.9752604166666667,0.9505208333333335,1.0,4.607421875,0.0,0.0,0.0,1024,,0.0,0.0,0.024739583333333332,0.6728515625,0.6728515625,0.39396660719866294
position,scan,6,101,0.5,0.064453125,0.48730468750000006,0.9809058325187358,0.49238281250000004,1.52734375,0.2888997395833333,0.2888997395833333,0.0,1024,0.58740234375,0.2888997395833333,0.13297526041666666,0.024739583333333332,0.6728515625,0.6728515625,0.39396660719866294
position,competitive,6,101,0.75,0.34375,0.9361979166666667,0.8723958333333334,1.0,3.107421875,0.0,0.0,0.0,1024,,0.0,0.0,0.06380208333333333,0.34375,0.34375,0.5909499107979943
position,scan,6,101,0.75,0.013671875,0.36705729166666673,0.9205757278377494,0.3833984375000001,0.78515625,0.36555989583333337,0.36555989583333326,0.0,1024,0.3818359375,0.3655598958333333,0.173828125,0.06380208333333333,0.34375,0.34375,0.5909499107979943
position,competitive,6,101,1.0,0.1884765625,0.8993489583333335,0.7986979166666666,1.0,2.2353515625,0.0,0.0,0.0,1024,,0.0,0.0,0.10065104166666666,0.1884765625,0.1884765625,0.7879332143973259
position,scan,6,101,1.0,0.005859375,0.31035156250000007,0.8375697865353038,0.3388671875000001,0.4921875,0.4002278645833333,0.4002278645833333,0.0,1024,0.28564453125,0.4002278645833333,0.16878255208333331,0.10065104166666666,0.1884765625,0.1884765625,0.7879332143973259
phase,competitive,6,101,0.0,0.0,0.5655598958333332,0.13111979166666665,1.0,1.0,0.0,0.0,0.0,1024,,0.0,0.0,0.0,1.0,0.0,7.067899292141147e-17
phase,scan,6,101,0.0,1.0,1.0,1.0,1.0,6.0,0.0,0.0,0.0,1024,1.0,0.0,0.0,0.0,1.0,0.0,7.067899292141147e-17
phase,competitive,6,101,0.05,0.0,0.49746093750000003,-0.005078125000000001,1.0,0.494140625,0.0,0.0,0.0,1024,,0.0,0.0,0.0,1.0,0.0,0.0393966607198663
phase,scan,6,101,0.05,1.0,1.0,1.0,1.0,6.0,0.0,0.0,0.0,1024,1.0,0.0,0.0,0.0,1.0,0.0,0.0393966607198663
phase,competitive,6,101,0.1,0.0,0.49746093750000003,-0.005078125000000001,1.0,0.494140625,0.0,0.0,0.0,1024,,0.0,0.0,0.0,1.0,0.0,0.07879332143973258
phase,scan,6,101,0.1,1.0,1.0,1.0,1.0,6.0,0.0,0.0,0.0,1024,1.0,0.0,0.0,0.0,1.0,0.0,0.07879332143973258
phase,competitive,6,101,0.2,0.0,0.4975260416666667,-0.004947916666666667,1.0,0.494140625,0.0,0.0,0.0,1024,,0.0,0.0,0.004296875,0.986328125,0.0,0.15758664287946517
phase,scan,6,101,0.2,0.8671875,0.9546874999999999,1.0,0.9546874999999999,5.521484375,0.02278645833333333,0.022786458333333332,0.0,1024,0.9768880208333334,0.022786458333333332,0.006184895833333332,0.004296875,0.986328125,0.0,0.15758664287946517
phase,competitive,6,101,0.35,0.0,0.49635416666666665,-0.007291666666666666,1.0,0.5146484375,0.0,0.0,0.0,1024,,0.0,0.0,0.058203125,0.7626953125,0.0,0.275776625039064
phase,scan,6,101,0.35,0.275390625,0.6708333333333333,0.9561197916666667,0.6834635416666667,2.9130859375,0.17024739583333331,0.17024739583333331,0.0,1024,0.78369140625,0.17024739583333334,0.08642578125,0.058203125,0.7626953125,0.0,0.275776625039064
phase,competitive,6,101,0.5,0.0,0.4926432291666667,-0.014713541666666666,1.0,0.517578125,0.0,0.0,0.0,1024,,0.0,0.0,0.12200520833333334,0.46484375,0.0,0.39396660719866294
phase,scan,6,101,0.5,0.064453125,0.47298177083333337,0.828125,0.5110677083333335,1.45703125,0.2752278645833333,0.2752278645833333,0.0,1024,0.5760091145833334,0.2752278645833333,0.16097005208333331,0.12200520833333334,0.46484375,0.0,0.39396660719866294
phase,competitive,6,101,0.75,0.0,0.49381510416666663,-0.012369791666666666,1.0,0.453125,0.0,0.0,0.0,1024,,0.0,0.0,0.22194010416666668,0.16015625,0.0,0.5909499107979943
phase,scan,6,101,0.75,0.013671875,0.34811197916666675,0.6205078125,0.42415364583333337,0.701171875,0.3321940104166667,0.33219401041666663,0.0,1024,0.3684895833333333,0.3321940104166667,0.21468098958333331,0.22194010416666668,0.16015625,0.0,0.5909499107979943
phase,competitive,6,101,1.0,0.0,0.49453125,-0.010937500000000003,1.0,0.4033203125,0.0,0.0,0.0,1024,,0.0,0.0,0.30279947916666666,0.0615234375,0.0,0.7860415875468519
phase,scan,6,101,1.0,0.005859375,0.293359375,0.4602087410306589,0.39726562500000007,0.4208984375,0.3515625,0.35156249999999994,0.0,1024,0.2718098958333333,0.3515625,0.2158203125,0.30279947916666666,0.0615234375,0.0,0.7860415875468519
priority,competitive,6,202,0.0,1.0,1.0,1.0,1.0,6.0,0.0,0.0,0.0,1024,,0.0,0.0,0.0,1.0,1.0,0.0
priority,scan,6,202,0.0,1.0,1.0,1.0,1.0,6.0,0.0,0.0,0.0,1024,1.0,0.0,0.0,0.0,1.0,1.0,0.0
priority,competitive,6,202,0.05,1.0,1.0,1.0,1.0,6.0,0.0,0.0,0.0,1024,,0.0,0.0,0.0,1.0,1.0,0.04027835488156843
priority,scan,6,202,0.05,1.0,1.0,1.0,1.0,6.0,0.0,0.0,0.0,1024,1.0,0.0,0.0,0.0,1.0,1.0,0.04027835488156843
priority,competitive,6,202,0.1,1.0,1.0,1.0,1.0,6.0,0.0,0.0,0.0,1024,,0.0,0.0,0.0,1.0,1.0,0.08055670976313686
priority,scan,6,202,0.1,0.998046875,0.9993489583333333,1.0,0.9993489583333333,5.990234375,0.00032552083333333326,0.0003255208333333333,0.0,1024,0.9996744791666666,0.0003255208333333333,0.0,0.0,1.0,1.0,0.08055670976313686
priority,competitive,6,202,0.2,1.0,1.0,1.0,1.0,6.0,0.0,0.0,0.0,1024,,0.0,0.0,0.0,1.0,1.0,0.16111341952627373
priority,scan,6,202,0.2,0.74609375,0.9051432291666667,1.0,0.9051432291666667,5.05859375,0.048828125,0.048828125,0.0,1024,0.94677734375,0.048828125,0.017740885416666664,0.0,1.0,1.0,0.16111341952627373
priority,competitive,6,202,0.35,0.8994140625,0.9930338541666667,0.9860677083333333,1.0,5.576171875,0.0,0.0,0.0,1024,,0.0,0.0,0.006966145833333334,0.8994140625,0.8994140625,0.281948484170979
priority,scan,6,202,0.35,0.2724609375,0.6871093749999999,0.998828125,0.6876302083333333,3.005859375,0.16634114583333331,0.16634114583333331,0.0,1024,0.76611328125,0.16634114583333334,0.10091145833333331,0.006966145833333334,0.8994140625,0.8994140625,0.281948484170979
priority,competitive,6,202,0.5,0.6484375,0.9725911458333334,0.9451822916666668,1.0,4.51171875,0.0,0.0,0.0,1024,,0.0,0.0,0.027408854166666666,0.6484375,0.6484375,0.4027835488156843
priority,scan,6,202,0.5,0.0947265625,0.5799479166666668,0.9860026041666666,0.5847005208333333,2.01953125,0.22477213541666666,0.22477213541666666,0.0,1024,0.6214192708333334,0.22477213541666666,0.14860026041666669,0.027408854166666666,0.6484375,0.6484375,0.4027835488156843
priority,competitive,6,202,0.75,0.322265625,0.9345052083333334,0.8690104166666668,1.0,2.9873046875,0.0,0.0,0.0,1024,,0.0,0.0,0.06549479166666666,0.322265625,0.322265625,0.6041753232235265
priority,scan,6,202,0.75,0.0166015625,0.5124348958333333,0.9326171875000001,0.5319010416666667,1.36328125,0.25602213541666663,0.25602213541666663,0.0,1024,0.4905598958333333,0.2560221354166667,0.17480468749999997,0.06549479166666666,0.322265625,0.322265625,0.6041753232235265
priority,competitive,6,202,1.0,0.177734375,0.8996744791666669,0.7993489583333333,1.0,2.1953125,0.0,0.0,0.0,1024,,0.0,0.0,0.10032552083333333,0.177734375,0.177734375,0.8055670976313687
priority,scan,6,202,1.0,0.0087890625,0.47011718750000003,0.8767578125,0.5029947916666668,1.0751953125,0.27506510416666663,0.27506510416666663,0.0,1024,0.40869140625,0.2750651041666667,0.18359375,0.10032552083333333,0.177734375,0.177734375,0.8055670976313687
position,competitive,6,202,0.0,1.0,1.0,1.0,1.0,6.0,0.0,0.0,0.0,1024,,0.0,0.0,0.0,1.0,1.0,0.0
position,scan,6,202,0.0,1.0,1.0,1.0,1.0,6.0,0.0,0.0,0.0,1024,1.0,0.0,0.0,0.0,1.0,1.0,0.0
position,competitive,6,202,0.05,1.0,1.0,1.0,1.0,6.0,0.0,0.0,0.0,1024,,0.0,0.0,0.0,1.0,1.0,0.04027835488156843
position,scan,6,202,0.05,1.0,1.0,1.0,1.0,6.0,0.0,0.0,0.0,1024,1.0,0.0,0.0,0.0,1.0,1.0,0.04027835488156843
position,competitive,6,202,0.1,1.0,1.0,1.0,1.0,6.0,0.0,0.0,0.0,1024,,0.0,0.0,0.0,1.0,1.0,0.08055670976313686
position,scan,6,202,0.1,1.0,1.0,1.0,1.0,6.0,0.0,0.0,0.0,1024,1.0,0.0,0.0,0.0,1.0,1.0,0.08055670976313686
position,competitive,6,202,0.2,0.99609375,0.9997395833333333,0.9994791666666667,1.0,5.9794921875,0.0,0.0,0.0,1024,,0.0,0.0,0.00026041666666666666,0.99609375,0.99609375,0.16111341952627373
position,scan,6,202,0.2,0.869140625,0.9545572916666666,1.0,0.9545572916666666,5.53125,0.022949218749999997,0.02294921875,0.0,1024,0.9763997395833334,0.02294921875,0.0039062499999999996,0.00026041666666666666,0.99609375,0.99609375,0.16111341952627373
position,competitive,6,202,0.35,0.8818359375,0.9918619791666667,0.9837239583333334,1.0,5.5341796875,0.0,0.0,0.0,1024,,0.0,0.0,0.008138020833333334,0.8818359375,0.8818359375,0.281948484170979
position,scan,6,202,0.35,0.2734375,0.6705729166666666,0.9952473958333333,0.6720703125,2.978515625,0.17724609375,0.17724609375,0.0,1024,0.7819010416666666,0.17724609375,0.07584635416666667,0.008138020833333334,0.8818359375,0.8818359375,0.281948484170979
position,competitive,6,202,0.5,0.646484375,0.9732421875,0.946484375,1.0,4.515625,0.0,0.0,0.0,1024,,0.0,0.0,0.0267578125,0.646484375,0.646484375,0.4027835488156843
position,scan,6,202,0.5,0.0693359375,0.48125000000000007,0.9742187499999999,0.4876302083333334,1.46484375,0.29215494791666674,0.29215494791666663,0.0,1024,0.56982421875,0.2921549479166667,0.13899739583333334,0.0267578125,0.646484375,0.646484375,0.4027835488156843
position,competitive,6,202,0.75,0.3134765625,0.9327473958333335,0.8654947916666667,1.0,2.9755859375,0.0,0.0,0.0,1024,,0.0,0.0,0.06725260416666666,0.3134765625,0.3134765625,0.6041753232235265
position,scan,6,202,0.75,0.005859375,0.3537760416666667,0.916911045943304,0.37128906250000004,0.6640625,0.3727213541666667,0.37272135416666663,0.0,1024,0.36376953125,0.3727213541666667,0.17301432291666666,0.06725260416666666,0.3134765625,0.3134765625,0.6041753232235265
position,competitive,6,202,1.0,0.1875,0.8932291666666667,0.7864583333333333,1.0,2.205078125,0.0,0.0,0.0,1024,,0.0,0.0,0.10677083333333333,0.1875,0.1875,0.8055670976313686
position,scan,6,202,1.0,0.0009765625,0.29921875000000003,0.8141176470588236,0.3296875,0.4072265625,0.40445963541666663,0.40445963541666663,0.0,1024,0.2683919270833333,0.4044596354166667,0.17561848958333331,0.10677083333333333,0.1875,0.1875,0.8055670976313686
phase,competitive,6,202,0.0,0.0,0.5676432291666665,0.13528645833333333,1.0,1.0,0.0,0.0,0.0,1024,,0.0,0.0,0.0,1.0,0.0,7.067899292141147e-17
phase,scan,6,202,0.0,1.0,1.0,1.0,1.0,6.0,0.0,0.0,0.0,1024,1.0,0.0,0.0,0.0,1.0,0.0,7.067899292141147e-17
phase,competitive,6,202,0.05,0.0,0.5017578125,0.0035156249999999997,1.0,0.529296875,0.0,0.0,0.0,1024,,0.0,0.0,0.0,1.0,0.0,0.040278354881568446
phase,scan,6,202,0.05,1.0,1.0,1.0,1.0,6.0,0.0,0.0,0.0,1024,1.0,0.0,0.0,0.0,1.0,0.0,0.040278354881568446
phase,competitive,6,202,0.1,0.0,0.5017578125,0.0035156249999999997,1.0,0.529296875,0.0,0.0,0.0,1024,,0.0,0.0,0.0,1.0,0.0,0.08055670976313686
phase,scan,6,202,0.1,1.0,1.0,1.0,1.0,6.0,0.0,0.0,0.0,1024,1.0,0.0,0.0,0.0,1.0,0.0,0.08055670976313686
phase,competitive,6,202,0.2,0.0,0.5016927083333333,0.003385416666666667,1.0,0.5322265625,0.0,0.0,0.0,1024,,0.0,0.0,0.003841145833333333,0.9853515625,0.0,0.16111341952627373
phase,scan,6,202,0.2,0.869140625,0.9545572916666666,1.0,0.9545572916666666,5.53125,0.022949218749999997,0.02294921875,0.0,1024,0.9763997395833334,0.02294921875,0.004720052083333332,0.003841145833333333,0.9853515625,0.0,0.16111341952627373
phase,competitive,6,202,0.35,0.0,0.5024088541666667,0.0048177083333333336,1.0,0.533203125,0.0,0.0,0.0,1024,,0.0,0.0,0.05651041666666667,0.75390625,0.0,0.281948484170979
phase,scan,6,202,0.35,0.2734375,0.6651692708333333,0.9567057291666667,0.67578125,2.9375,0.17447916666666663,0.17447916666666669,0.0,1024,0.7779947916666666,0.17447916666666666,0.091796875,0.05651041666666667,0.75390625,0.0,0.281948484170979
phase,competitive,6,202,0.5,0.0,0.4998046875,-0.00039062500000000035,1.0,0.541015625,0.0,0.0,0.0,1024,,0.0,0.0,0.12552083333333333,0.451171875,0.0,0.40278354881568434
phase,scan,6,202,0.5,0.0693359375,0.46660156250000007,0.8265625000000001,0.5040364583333334,1.3916015625,0.27962239583333337,0.27962239583333337,0.0,1024,0.5589192708333334,0.2796223958333333,0.16748046875,0.12552083333333333,0.451171875,0.0,0.40278354881568434
phase,competitive,6,202,0.75,0.0,0.5005208333333333,0.0010416666666666677,1.0,0.4951171875,0.0,0.0,0.0,1024,,0.0,0.0,0.22890625,0.1396484375,0.0,0.6040789959385768
phase,scan,6,202,0.75,0.005859375,0.33632812500000003,0.623046875,0.4154947916666668,0.6171875,0.337890625,0.337890625,0.0,1024,0.3504231770833333,0.337890625,0.20768229166666666,0.22890625,0.1396484375,0.0,0.6040789959385768
phase,competitive,6,202,1.0,0.0,0.5033203125000001,0.006640625000000001,1.0,0.44140625,0.0,0.0,0.0,1024,,0.0,0.0,0.30397135416666665,0.0537109375,0.0,0.8034903657789823
phase,scan,6,202,1.0,0.0009765625,0.2794270833333334,0.4583903551645487,0.3867187500000001,0.3642578125,0.3583984375,0.3583984375,0.0,1024,0.2545572916666667,0.3583984375,0.22526041666666666,0.30397135416666665,0.0537109375,0.0,0.8034903657789823
priority,competitive,6,303,0.0,1.0,1.0,1.0,1.0,6.0,0.0,0.0,0.0,1024,,0.0,0.0,0.0,1.0,1.0,0.0
priority,scan,6,303,0.0,1.0,1.0,1.0,1.0,6.0,0.0,0.0,0.0,1024,1.0,0.0,0.0,0.0,1.0,1.0,0.0
priority,competitive,6,303,0.05,1.0,1.0,1.0,1.0,6.0,0.0,0.0,0.0,1024,,0.0,0.0,0.0,1.0,1.0,0.03945513215260838
priority,scan,6,303,0.05,1.0,1.0,1.0,1.0,6.0,0.0,0.0,0.0,1024,1.0,0.0,0.0,0.0,1.0,1.0,0.03945513215260838
priority,competitive,6,303,0.1,1.0,1.0,1.0,1.0,6.0,0.0,0.0,0.0,1024,,0.0,0.0,0.0,1.0,1.0,0.07891026430521678
priority,scan,6,303,0.1,0.99609375,0.9986979166666666,1.0,0.9986979166666666,5.9853515625,0.0006510416666666665,0.0006510416666666666,0.0,1024,0.9993489583333334,0.0006510416666666666,0.0,0.0,1.0,1.0,0.07891026430521678
priority,competitive,6,303,0.2,0.998046875,0.9998697916666667,0.9997395833333333,1.0,5.9912109375,0.0,0.0,0.0,1024,,0.0,0.0,0.00013020833333333333,0.998046875,0.998046875,0.15782052861043355
priority,scan,6,303,0.2,0.755859375,0.9086588541666666,1.0,0.9086588541666666,5.1455078125,0.04703776041666666,0.047037760416666664,0.0,1024,0.9500325520833334,0.047037760416666664,0.017903645833333332,0.00013020833333333333,0.998046875,0.998046875,0.15782052861043355
priority,competitive,6,303,0.35,0.8955078125,0.9927734375000001,0.985546875,1.0,5.5908203125,0.0,0.0,0.0,1024,,0.0,0.0,0.0072265625,0.8955078125,0.8955078125,0.2761859250682587
priority,scan,6,303,0.35,0.26953125,0.6897135416666667,0.9983072916666667,0.6902994791666667,3.056640625,0.16438802083333331,0.16438802083333331,0.0,1024,0.767578125,0.16438802083333334,0.10123697916666666,0.0072265625,0.8955078125,0.8955078125,0.2761859250682587
priority,competitive,6,303,0.5,0.646484375,0.9732421875000001,0.946484375,1.0,4.54296875,0.0,0.0,0.0,1024,,0.0,0.0,0.0267578125,0.646484375,0.646484375,0.39455132152608385
priority,scan,6,303,0.5,0.099609375,0.5856770833333333,0.9856119791666667,0.590625,2.0869140625,0.22151692708333331,0.22151692708333331,0.0,1024,0.6267903645833334,0.22151692708333334,0.14794921875,0.0267578125,0.646484375,0.646484375,0.39455132152608385
priority,competitive,6,303,0.75,0.3564453125,0.9356119791666668,0.8712239583333334,1.0,3.1650390625,0.0,0.0,0.0,1024,,0.0,0.0,0.06438802083333334,0.3564453125,0.3564453125,0.5918269822891258
priority,scan,6,303,0.75,0.0244140625,0.4981119791666667,0.9375651041666667,0.5158854166666668,1.3720703125,0.26676432291666663,0.26676432291666663,0.0,1024,0.486328125,0.2667643229166667,0.17985026041666663,0.06438802083333334,0.3564453125,0.3564453125,0.5918269822891258
priority,competitive,6,303,1.0,0.203125,0.8960937500000001,0.7921874999999999,1.0,2.2802734375,0.0,0.0,0.0,1024,,0.0,0.0,0.10390625,0.203125,0.203125,0.7891026430521677
priority,scan,6,303,1.0,0.0068359375,0.4553385416666667,0.8671223958333334,0.4895833333333335,1.0771484375,0.28369140625,0.28369140625,0.0,1024,0.4033203125,0.28369140625,0.19417317708333331,0.10390625,0.203125,0.203125,0.7891026430521677
position,competitive,6,303,0.0,1.0,1.0,1.0,1.0,6.0,0.0,0.0,0.0,1024,,0.0,0.0,0.0,1.0,1.0,0.0
position,scan,6,303,0.0,1.0,1.0,1.0,1.0,6.0,0.0,0.0,0.0,1024,1.0,0.0,0.0,0.0,1.0,1.0,0.0
position,competitive,6,303,0.05,1.0,1.0,1.0,1.0,6.0,0.0,0.0,0.0,1024,,0.0,0.0,0.0,1.0,1.0,0.03945513215260839
position,scan,6,303,0.05,1.0,1.0,1.0,1.0,6.0,0.0,0.0,0.0,1024,1.0,0.0,0.0,0.0,1.0,1.0,0.03945513215260839
position,competitive,6,303,0.1,1.0,1.0,1.0,1.0,6.0,0.0,0.0,0.0,1024,,0.0,0.0,0.0,1.0,1.0,0.07891026430521678
position,scan,6,303,0.1,1.0,1.0,1.0,1.0,6.0,0.0,0.0,0.0,1024,1.0,0.0,0.0,0.0,1.0,1.0,0.07891026430521678
position,competitive,6,303,0.2,0.9970703125,0.9998046875,0.999609375,1.0,5.9912109375,0.0,0.0,0.0,1024,,0.0,0.0,0.0001953125,0.9970703125,0.9970703125,0.15782052861043355
position,scan,6,303,0.2,0.8681640625,0.9531901041666666,1.0,0.9531901041666666,5.568359375,0.02376302083333333,0.023763020833333332,0.0,1024,0.9755859375,0.023763020833333332,0.004720052083333333,0.0001953125,0.9970703125,0.9970703125,0.15782052861043355
position,competitive,6,303,0.35,0.900390625,0.9930338541666667,0.9860677083333333,1.0,5.6298828125,0.0,0.0,0.0,1024,,0.0,0.0,0.006966145833333334,0.900390625,0.900390625,0.2761859250682587
position,scan,6,303,0.35,0.271484375,0.6629557291666667,0.9970052083333333,0.6638671875,2.9775390625,0.18294270833333331,0.18294270833333331,0.0,1024,0.78125,0.18294270833333334,0.07600911458333334,0.006966145833333334,0.900390625,0.900390625,0.2761859250682587
position,competitive,6,303,0.5,0.654296875,0.9741536458333335,0.9483072916666667,1.0,4.6064453125,0.0,0.0,0.0,1024,,0.0,0.0,0.025846354166666665,0.654296875,0.654296875,0.39455132152608385
position,scan,6,303,0.5,0.0703125,0.49134114583333344,0.9781036168132943,0.4969401041666668,1.6337890625,0.28678385416666663,0.28678385416666663,0.0,1024,0.5831705729166666,0.2867838541666667,0.13460286458333331,0.025846354166666665,0.654296875,0.654296875,0.39455132152608385
position,competitive,6,303,0.75,0.341796875,0.934765625,0.8695312500000001,1.0,3.1181640625,0.0,0.0,0.0,1024,,0.0,0.0,0.065234375,0.341796875,0.341796875,0.5918269822891258
position,scan,6,303,0.75,0.0185546875,0.37565104166666674,0.9144629448253347,0.3935546875000001,0.8408203125,0.3583984375,0.3583984375,0.0,1024,0.3896484375,0.3583984375,0.16243489583333331,0.065234375,0.341796875,0.341796875,0.5918269822891258
position,competitive,6,303,1.0,0.189453125,0.8988932291666669,0.7977864583333334,1.0,2.2919921875,0.0,0.0,0.0,1024,,0.0,0.0,0.10110677083333333,0.189453125,0.189453125,0.7891026430521677
position,scan,6,303,1.0,0.001953125,0.30826822916666674,0.823375775383611,0.33919270833333337,0.494140625,0.39860026041666663,0.39860026041666663,0.0,1024,0.2862955729166667,0.3986002604166667,0.16682942708333331,0.10110677083333333,0.189453125,0.189453125,0.7891026430521677
phase,competitive,6,303,0.0,0.0,0.5662109374999998,0.132421875,1.0,1.0,0.0,0.0,0.0,1024,,0.0,0.0,0.0,1.0,0.0,7.067899292141147e-17
phase,scan,6,303,0.0,1.0,1.0,1.0,1.0,6.0,0.0,0.0,0.0,1024,1.0,0.0,0.0,0.0,1.0,0.0,7.067899292141147e-17
phase,competitive,6,303,0.05,0.0,0.4991536458333333,-0.0016927083333333338,1.0,0.5087890625,0.0,0.0,0.0,1024,,0.0,0.0,0.0,1.0,0.0,0.0394551321526084
phase,scan,6,303,0.05,1.0,1.0,1.0,1.0,6.0,0.0,0.0,0.0,1024,1.0,0.0,0.0,0.0,1.0,0.0,0.0394551321526084
phase,competitive,6,303,0.1,0.0,0.4991536458333333,-0.0016927083333333338,1.0,0.5087890625,0.0,0.0,0.0,1024,,0.0,0.0,0.0,1.0,0.0,0.07891026430521678
phase,scan,6,303,0.1,1.0,1.0,1.0,1.0,6.0,0.0,0.0,0.0,1024,1.0,0.0,0.0,0.0,1.0,0.0,0.07891026430521678
phase,competitive,6,303,0.2,0.0,0.49928385416666665,-0.0014322916666666672,1.0,0.509765625,0.0,0.0,0.0,1024,,0.0,0.0,0.004036458333333334,0.986328125,0.0,0.15782052861043355
phase,scan,6,303,0.2,0.8681640625,0.9529296875,0.99921875,0.9531901041666666,5.5634765625,0.02376302083333333,0.023763020833333332,0.0,1024,0.9754231770833334,0.023763020833333332,0.005533854166666667,0.004036458333333334,0.986328125,0.0,0.15782052861043355
phase,competitive,6,303,0.35,0.0,0.5004557291666667,0.0009114583333333327,1.0,0.53125,0.0,0.0,0.0,1024,,0.0,0.0,0.06002604166666667,0.751953125,0.0,0.2761859250682587
phase,scan,6,303,0.35,0.271484375,0.6574869791666667,0.9535156250000001,0.6696614583333333,2.921875,0.17887369791666663,0.17887369791666666,0.0,1024,0.7775065104166666,0.17887369791666666,0.09147135416666667,0.06002604166666667,0.751953125,0.0,0.2761859250682587
phase,competitive,6,303,0.5,0.0,0.501953125,0.0039062499999999996,1.0,0.55078125,0.0,0.0,0.0,1024,,0.0,0.0,0.12682291666666667,0.4580078125,0.0,0.3945513215260839
phase,scan,6,303,0.5,0.0703125,0.4756510416666667,0.8109375,0.5194661458333335,1.5419921875,0.26969401041666663,0.26969401041666663,0.0,1024,0.5712890625,0.2696940104166667,0.16357421875,0.12682291666666667,0.4580078125,0.0,0.3945513215260839
phase,competitive,6,303,0.75,0.0009765625,0.5053385416666667,0.010677083333333334,1.0,0.5048828125,0.0,0.0,0.0,1024,,0.0,0.0,0.22981770833333334,0.1728515625,0.0009765625,0.5917875178878197
phase,scan,6,303,0.75,0.0185546875,0.35625000000000007,0.6224609375,0.43535156250000007,0.7587890625,0.32535807291666663,0.32535807291666663,0.0,1024,0.3753255208333333,0.3253580729166667,0.20149739583333331,0.22981770833333334,0.1728515625,0.0009765625,0.5917875178878197
phase,competitive,6,303,1.0,0.0009765625,0.5050130208333332,0.010026041666666666,1.0,0.4423828125,0.0,0.0,0.0,1024,,0.0,0.0,0.3024088541666667,0.0703125,0.0009765625,0.7873250211438874
phase,scan,6,303,1.0,0.001953125,0.2900390625,0.4611328125,0.3948567708333334,0.4267578125,0.35270182291666663,0.35270182291666663,0.0,1024,0.2705078125,0.3527018229166667,0.21565755208333331,0.3024088541666667,0.0703125,0.0009765625,0.7873250211438874
priority,competitive,6,404,0.0,1.0,1.0,1.0,1.0,6.0,0.0,0.0,0.0,1024,,0.0,0.0,0.0,1.0,1.0,0.0
priority,scan,6,404,0.0,1.0,1.0,1.0,1.0,6.0,0.0,0.0,0.0,1024,1.0,0.0,0.0,0.0,1.0,1.0,0.0
priority,competitive,6,404,0.05,1.0,1.0,1.0,1.0,6.0,0.0,0.0,0.0,1024,,0.0,0.0,0.0,1.0,1.0,0.03942303218688073
priority,scan,6,404,0.05,1.0,1.0,1.0,1.0,6.0,0.0,0.0,0.0,1024,1.0,0.0,0.0,0.0,1.0,1.0,0.03942303218688073
priority,competitive,6,404,0.1,1.0,1.0,1.0,1.0,6.0,0.0,0.0,0.0,1024,,0.0,0.0,0.0,1.0,1.0,0.07884606437376147
priority,scan,6,404,0.1,0.9990234375,0.9996744791666666,1.0,0.9996744791666666,5.9951171875,0.00016276041666666663,0.00016276041666666666,0.0,1024,0.9998372395833334,0.00016276041666666666,0.0,0.0,1.0,1.0,0.07884606437376147
priority,competitive,6,404,0.2,0.9990234375,0.9999348958333334,0.9998697916666667,1.0,5.9951171875,0.0,0.0,0.0,1024,,0.0,0.0,6.510416666666667e-05,0.9990234375,0.9990234375,0.15769212874752292
priority,scan,6,404,0.2,0.7431640625,0.9041015625,1.0,0.9041015625,5.0595703125,0.04931640624999999,0.04931640624999999,0.0,1024,0.9456380208333334,0.04931640625,0.017415364583333332,6.510416666666667e-05,0.9990234375,0.9990234375,0.15769212874752292
priority,competitive,6,404,0.35,0.8984375,0.9930338541666668,0.9860677083333333,1.0,5.5810546875,0.0,0.0,0.0,1024,,0.0,0.0,0.006966145833333334,0.8984375,0.8984375,0.2759612253081651
priority,scan,6,404,0.35,0.25,0.6763020833333333,0.9987630208333333,0.6766927083333333,2.9306640625,0.17154947916666663,0.17154947916666663,0.0,1024,0.7565104166666666,0.17154947916666666,0.10611979166666666,0.006966145833333334,0.8984375,0.8984375,0.2759612253081651
priority,competitive,6,404,0.5,0.6572265625,0.9746093750000001,0.9492187500000001,1.0,4.5947265625,0.0,0.0,0.0,1024,,0.0,0.0,0.025390625,0.6572265625,0.6572265625,0.3942303218688073
priority,scan,6,404,0.5,0.103515625,0.5830729166666667,0.9875,0.587109375,2.0498046875,0.22314453124999997,0.22314453125,0.0,1024,0.62060546875,0.22314453125,0.15478515625,0.025390625,0.6572265625,0.6572265625,0.3942303218688073
priority,competitive,6,404,0.75,0.337890625,0.934765625,0.86953125,1.0,3.0673828125,0.0,0.0,0.0,1024,,0.0,0.0,0.065234375,0.337890625,0.337890625,0.591345482803211
priority,scan,6,404,0.75,0.0302734375,0.5116536458333334,0.93359375,0.53046875,1.408203125,0.2579752604166667,0.2579752604166667,0.0,1024,0.4876302083333333,0.2579752604166667,0.18033854166666666,0.065234375,0.337890625,0.337890625,0.591345482803211
priority,competitive,6,404,1.0,0.1865234375,0.8972005208333335,0.7944010416666665,1.0,2.224609375,0.0,0.0,0.0,1024,,0.0,0.0,0.10279947916666667,0.1865234375,0.1865234375,0.7884606437376146
priority,scan,6,404,1.0,0.013671875,0.4759765625,0.8713541666666667,0.5106119791666668,1.1181640625,0.2703450520833333,0.2703450520833333,0.0,1024,0.4111328125,0.2703450520833333,0.18147786458333331,0.10279947916666667,0.1865234375,0.1865234375,0.7884606437376146
position,competitive,6,404,0.0,1.0,1.0,1.0,1.0,6.0,0.0,0.0,0.0,1024,,0.0,0.0,0.0,1.0,1.0,0.0
position,scan,6,404,0.0,1.0,1.0,1.0,1.0,6.0,0.0,0.0,0.0,1024,1.0,0.0,0.0,0.0,1.0,1.0,0.0
position,competitive,6,404,0.05,1.0,1.0,1.0,1.0,6.0,0.0,0.0,0.0,1024,,0.0,0.0,0.0,1.0,1.0,0.03942303218688073
position,scan,6,404,0.05,1.0,1.0,1.0,1.0,6.0,0.0,0.0,0.0,1024,1.0,0.0,0.0,0.0,1.0,1.0,0.03942303218688073
position,competitive,6,404,0.1,1.0,1.0,1.0,1.0,6.0,0.0,0.0,0.0,1024,,0.0,0.0,0.0,1.0,1.0,0.07884606437376147
position,scan,6,404,0.1,1.0,1.0,1.0,1.0,6.0,0.0,0.0,0.0,1024,1.0,0.0,0.0,0.0,1.0,1.0,0.07884606437376147
position,competitive,6,404,0.2,1.0,1.0,1.0,1.0,6.0,0.0,0.0,0.0,1024,,0.0,0.0,0.0,1.0,1.0,0.15769212874752292
position,scan,6,404,0.2,0.8515625,0.9489583333333333,1.0,0.9489583333333333,5.462890625,0.02571614583333333,0.025716145833333332,0.0,1024,0.97412109375,0.025716145833333332,0.0048828125,0.0,1.0,1.0,0.15769212874752292
position,competitive,6,404,0.35,0.896484375,0.9929036458333333,0.9858072916666667,1.0,5.5810546875,0.0,0.0,0.0,1024,,0.0,0.0,0.007096354166666667,0.896484375,0.896484375,0.2759612253081651
position,scan,6,404,0.35,0.283203125,0.6776041666666667,0.9975911458333333,0.6785807291666667,2.9892578125,0.17350260416666663,0.17350260416666666,0.0,1024,0.7890625,0.17350260416666666,0.07633463541666667,0.007096354166666667,0.896484375,0.896484375,0.2759612253081651
position,competitive,6,404,0.5,0.6640625,0.9753906250000001,0.9507812500000001,1.0,4.66796875,0.0,0.0,0.0,1024,,0.0,0.0,0.024609375,0.6640625,0.6640625,0.3942303218688073
position,scan,6,404,0.5,0.05859375,0.47819010416666674,0.9811848958333333,0.4831380208333334,1.515625,0.29475911458333337,0.29475911458333337,0.0,1024,0.5867513020833334,0.2947591145833333,0.13883463541666669,0.024609375,0.6640625,0.6640625,0.3942303218688073
position,competitive,6,404,0.75,0.310546875,0.9326171875,0.865234375,1.0,2.990234375,0.0,0.0,0.0,1024,,0.0,0.0,0.0673828125,0.310546875,0.310546875,0.591345482803211
position,scan,6,404,0.75,0.0107421875,0.35794270833333336,0.9218954248366014,0.3733723958333334,0.748046875,0.37158203125,0.37158203125,0.0,1024,0.3857421875,0.37158203125,0.17106119791666666,0.0673828125,0.310546875,0.310546875,0.591345482803211
position,competitive,6,404,1.0,0.15625,0.8929687500000001,0.7859375,1.0,2.0791015625,0.0,0.0,0.0,1024,,0.0,0.0,0.10703125,0.15625,0.15625,0.7884606437376146
position,scan,6,404,1.0,0.0029296875,0.3063802083333334,0.8225057245665687,0.33535156250000003,0.4609375,0.40169270833333337,0.4016927083333333,0.0,1024,0.2841796875,0.4016927083333333,0.17041015624999997,0.10703125,0.15625,0.15625,0.7884606437376146
phase,competitive,6,404,0.0,0.0,0.5665364583333332,0.13307291666666665,1.0,1.0,0.0,0.0,0.0,1024,,0.0,0.0,0.0,1.0,0.0,7.067899292141147e-17
phase,scan,6,404,0.0,1.0,1.0,1.0,1.0,6.0,0.0,0.0,0.0,1024,1.0,0.0,0.0,0.0,1.0,0.0,7.067899292141147e-17
phase,competitive,6,404,0.05,0.0,0.49876302083333335,-0.0024739583333333332,1.0,0.4951171875,0.0,0.0,0.0,1024,,0.0,0.0,0.0,1.0,0.0,0.03942303218688074
phase,scan,6,404,0.05,1.0,1.0,1.0,1.0,6.0,0.0,0.0,0.0,1024,1.0,0.0,0.0,0.0,1.0,0.0,0.03942303218688074
phase,competitive,6,404,0.1,0.0,0.49876302083333335,-0.0024739583333333332,1.0,0.4951171875,0.0,0.0,0.0,1024,,0.0,0.0,0.0,1.0,0.0,0.07884606437376147
phase,scan,6,404,0.1,1.0,1.0,1.0,1.0,6.0,0.0,0.0,0.0,1024,1.0,0.0,0.0,0.0,1.0,0.0,0.07884606437376147
phase,competitive,6,404,0.2,0.0,0.498828125,-0.0023437499999999995,1.0,0.49609375,0.0,0.0,0.0,1024,,0.0,0.0,0.00390625,0.98828125,0.0,0.15769212874752295
phase,scan,6,404,0.2,0.8515625,0.9486979166666667,0.99921875,0.9489583333333333,5.462890625,0.02571614583333333,0.025716145833333332,0.0,1024,0.9739583333333334,0.025716145833333332,0.006022135416666666,0.00390625,0.98828125,0.0,0.15769212874752295
phase,competitive,6,404,0.35,0.0,0.49856770833333336,-0.002864583333333334,1.0,0.4951171875,0.0,0.0,0.0,1024,,0.0,0.0,0.055078125,0.7587890625,0.0,0.27596122530816514
phase,scan,6,404,0.35,0.283203125,0.6723958333333333,0.9565755208333333,0.6840494791666667,2.9560546875,0.16959635416666663,0.16959635416666666,0.0,1024,0.7854817708333334,0.16959635416666666,0.09065755208333333,0.055078125,0.7587890625,0.0,0.27596122530816514
phase,competitive,6,404,0.5,0.0,0.4984375,-0.0031249999999999984,1.0,0.5126953125,0.0,0.0,0.0,1024,,0.0,0.0,0.12552083333333333,0.4580078125,0.0,0.39423032186880735
phase,scan,6,404,0.5,0.05859375,0.4634765625000001,0.8214192708333333,0.5028645833333334,1.4423828125,0.2794596354166667,0.27945963541666663,0.0,1024,0.5753580729166666,0.2794596354166667,0.1630859375,0.12552083333333333,0.4580078125,0.0,0.39423032186880735
phase,competitive,6,404,0.75,0.0,0.4979166666666667,-0.004166666666666667,1.0,0.4609375,0.0,0.0,0.0,1024,,0.0,0.0,0.23391927083333333,0.1416015625,0.0,0.5912611095659756
phase,scan,6,404,0.75,0.0107421875,0.3416666666666667,0.6288693385467579,0.4163411458333335,0.671875,0.33675130208333337,0.33675130208333337,0.0,1024,0.3728841145833333,0.3367513020833333,0.20947265624999997,0.23391927083333333,0.1416015625,0.0,0.5912611095659756
phase,competitive,6,404,1.0,0.0,0.49615885416666666,-0.007682291666666666,1.0,0.4296875,0.0,0.0,0.0,1024,,0.0,0.0,0.3087890625,0.052734375,0.0,0.7863288724689145
phase,scan,6,404,1.0,0.0029296875,0.28782552083333335,0.4383186705767351,0.39674479166666676,0.3984375,0.35139973958333337,0.35139973958333337,0.0,1024,0.2701822916666667,0.3513997395833333,0.21761067708333331,0.3087890625,0.052734375,0.0,0.7863288724689145
priority,competitive,8,101,0.0,1.0,1.0,1.0,1.0,8.0,0.0,0.0,0.0,1024,,0.0,0.0,0.0,1.0,1.0,0.0
priority,scan,8,101,0.0,1.0,1.0,1.0,1.0,8.0,0.0,0.0,0.0,1024,1.0,0.0,0.0,0.0,1.0,1.0,0.0
priority,competitive,8,101,0.05,1.0,1.0,1.0,1.0,8.0,0.0,0.0,0.0,1024,,0.0,0.0,0.0,1.0,1.0,0.03967873887076105
priority,scan,8,101,0.05,1.0,1.0,1.0,1.0,8.0,0.0,0.0,0.0,1024,1.0,0.0,0.0,0.0,1.0,1.0,0.03967873887076105
priority,competitive,8,101,0.1,1.0,1.0,1.0,1.0,8.0,0.0,0.0,0.0,1024,,0.0,0.0,0.0,1.0,1.0,0.0793574777415221
priority,scan,8,101,0.1,0.9951171875,0.998779296875,1.0,0.998779296875,7.9755859375,0.0006103515625,0.0006103515625,0.0,1024,0.9993896484375,0.0006103515625,0.0,0.0,1.0,1.0,0.0793574777415221
priority,competitive,8,101,0.2,0.998046875,0.9999302455357143,0.9998604910714286,1.0,7.9853515625,0.0,0.0,0.0,1024,,0.0,0.0,6.975446428571428e-05,0.998046875,0.998046875,0.1587149554830442
priority,scan,8,101,0.2,0.65625,0.8938685825892857,1.0,0.8938685825892857,6.3310546875,0.05517578125,0.05517578125,0.0,1024,0.939453125,0.05517578125,0.019775390625,6.975446428571428e-05,0.998046875,0.998046875,0.1587149554830442
priority,competitive,8,101,0.35,0.84375,0.994140625,0.98828125,1.0,7.177734375,0.0,0.0,0.0,1024,,0.0,0.0,0.005859375,0.84375,0.84375,0.2777511720953273
priority,scan,8,101,0.35,0.1142578125,0.653564453125,0.9987025669642857,0.6540178571428572,3.0595703125,0.1864013671875,0.1864013671875,0.0,1024,0.7269287109375,0.1864013671875,0.11474609375,0.005859375,0.84375,0.84375,0.2777511720953273
priority,competitive,8,101,0.5,0.5419921875,0.9798758370535714,0.959751674107143,1.0,5.6162109375,0.0,0.0,0.0,1024,,0.0,0.0,0.020124162946428572,0.5419921875,0.5419921875,0.39678738870761054
priority,scan,8,101,0.5,0.0263671875,0.55322265625,0.98701171875,0.5570242745535714,2.0224609375,0.2451171875,0.2451171875,0.0,1024,0.569580078125,0.2451171875,0.1600341796875,0.020124162946428572,0.5419921875,0.5419921875,0.39678738870761054
priority,competitive,8,101,0.75,0.2021484375,0.9497419084821428,0.8994838169642858,1.0,3.365234375,0.0,0.0,0.0,1024,,0.0,0.0,0.050258091517857144,0.2021484375,0.2021484375,0.5951810830614157
priority,scan,8,101,0.75,0.0029296875,0.4875139508928571,0.9449358258928572,0.501918247767857,1.3515625,0.280517578125,0.280517578125,0.0,1024,0.42822265625,0.280517578125,0.190673828125,0.050258091517857144,0.2021484375,0.2021484375,0.5951810830614157
priority,competitive,8,101,1.0,0.0810546875,0.919189453125,0.83837890625,1.0,2.27734375,0.0,0.0,0.0,1024,,0.0,0.0,0.080810546875,0.0810546875,0.0810546875,0.793574777415221
priority,scan,8,101,1.0,0.0009765625,0.453857421875,0.8978143601190477,0.4794224330357142,1.095703125,0.296142578125,0.296142578125,0.0,1024,0.3507080078125,0.296142578125,0.1947021484375,0.080810546875,0.0810546875,0.0810546875,0.793574777415221
position,competitive,8,101,0.0,1.0,1.0,1.0,1.0,8.0,0.0,0.0,0.0,1024,,0.0,0.0,0.0,1.0,1.0,0.0
position,scan,8,101,0.0,1.0,1.0,1.0,1.0,8.0,0.0,0.0,0.0,1024,1.0,0.0,0.0,0.0,1.0,1.0,0.0
position,competitive,8,101,0.05,1.0,1.0,1.0,1.0,8.0,0.0,0.0,0.0,1024,,0.0,0.0,0.0,1.0,1.0,0.039678738870761045
position,scan,8,101,0.05,1.0,1.0,1.0,1.0,8.0,0.0,0.0,0.0,1024,1.0,0.0,0.0,0.0,1.0,1.0,0.039678738870761045
position,competitive,8,101,0.1,1.0,1.0,1.0,1.0,8.0,0.0,0.0,0.0,1024,,0.0,0.0,0.0,1.0,1.0,0.0793574777415221
position,scan,8,101,0.1,1.0,1.0,1.0,1.0,8.0,0.0,0.0,0.0,1024,1.0,0.0,0.0,0.0,1.0,1.0,0.0793574777415221
position,competitive,8,101,0.2,1.0,1.0,1.0,1.0,8.0,0.0,0.0,0.0,1024,,0.0,0.0,0.0,1.0,1.0,0.1587149554830442
position,scan,8,101,0.2,0.818359375,0.9514857700892858,1.0,0.9514857700892858,7.1748046875,0.0245361328125,0.0245361328125,0.0,1024,0.97509765625,0.0245361328125,0.004150390625,0.0,1.0,1.0,0.1587149554830442
position,competitive,8,101,0.35,0.857421875,0.9947335379464285,0.9894670758928572,1.0,7.2587890625,0.0,0.0,0.0,1024,,0.0,0.0,0.005266462053571429,0.857421875,0.857421875,0.2777511720953273
position,scan,8,101,0.35,0.17578125,0.6743512834821429,0.9975632440476191,0.6751534598214286,3.4990234375,0.1763916015625,0.1763916015625,0.0,1024,0.78369140625,0.1763916015625,0.0794677734375,0.005266462053571429,0.857421875,0.857421875,0.2777511720953273
position,competitive,8,101,0.5,0.564453125,0.9810616629464285,0.9621233258928572,1.0,5.7119140625,0.0,0.0,0.0,1024,,0.0,0.0,0.018938337053571428,0.564453125,0.564453125,0.3967873887076105
position,scan,8,101,0.5,0.0244140625,0.49138532366071425,0.9860537574404763,0.4950474330357142,1.6962890625,0.2894287109375,0.2894287109375,0.0,1024,0.580078125,0.2894287109375,0.1453857421875,0.018938337053571428,0.564453125,0.564453125,0.3967873887076105
position,competitive,8,101,0.75,0.2197265625,0.9513113839285713,0.902622767857143,1.0,3.49609375,0.0,0.0,0.0,1024,,0.0,0.0,0.04868861607142857,0.2197265625,0.2197265625,0.5951810830614157
position,scan,8,101,0.75,0.0,0.3789760044642857,0.9436383928571429,0.3906598772321428,0.7900390625,0.3626708984375,0.3626708984375,0.0,1024,0.3809814453125,0.3626708984375,0.1798095703125,0.04868861607142857,0.2197265625,0.2197265625,0.5951810830614157
position,competitive,8,101,1.0,0.0830078125,0.9217354910714286,0.8434709821428572,1.0,2.3662109375,0.0,0.0,0.0,1024,,0.0,0.0,0.07826450892857142,0.0830078125,0.0830078125,0.793574777415221
position,scan,8,101,1.0,0.0,0.327880859375,0.8820452008928572,0.3492606026785714,0.484375,0.3946533203125,0.3946533203125,0.0,1024,0.2808837890625,0.3946533203125,0.178466796875,0.07826450892857142,0.0830078125,0.0830078125,0.793574777415221
phase,competitive,8,101,0.0,0.0,0.5357142857142857,0.07142857142857141,1.0,1.0,0.0,0.0,0.0,1024,,0.0,0.0,0.0,1.0,0.0,0.0
phase,scan,8,101,0.0,1.0,1.0,1.0,1.0,8.0,0.0,0.0,0.0,1024,1.0,0.0,0.0,0.0,1.0,0.0,0.0
phase,competitive,8,101,0.05,0.0,0.5002092633928571,0.0004185267857142862,1.0,0.501953125,0.0,0.0,0.0,1024,,0.0,0.0,0.0,1.0,0.0,0.039678738870761066
phase,scan,8,101,0.05,1.0,1.0,1.0,1.0,8.0,0.0,0.0,0.0,1024,1.0,0.0,0.0,0.0,1.0,0.0,0.039678738870761066
phase,competitive,8,101,0.1,0.0,0.5002092633928571,0.0004185267857142862,1.0,0.501953125,0.0,0.0,0.0,1024,,0.0,0.0,0.0,1.0,0.0,0.07935747774152212
phase,scan,8,101,0.1,1.0,1.0,1.0,1.0,8.0,0.0,0.0,0.0,1024,1.0,0.0,0.0,0.0,1.0,0.0,0.07935747774152212
phase,competitive,8,101,0.2,0.0,0.5002092633928572,0.00041852678571428575,1.0,0.501953125,0.0,0.0,0.0,1024,,0.0,0.0,0.003662109375,0.9853515625,0.0,0.1587149554830442
phase,scan,8,101,0.2,0.818359375,0.9514857700892858,1.0,0.9514857700892858,7.1748046875,0.0245361328125,0.0245361328125,0.0,1024,0.97509765625,0.0245361328125,0.0052490234375,0.003662109375,0.9853515625,0.0,0.1587149554830442
phase,competitive,8,101,0.35,0.0,0.5001743861607142,0.0003487723214285715,1.0,0.509765625,0.0,0.0,0.0,1024,,0.0,0.0,0.047816685267857144,0.7119140625,0.0,0.2777511720953273
phase,scan,8,101,0.35,0.17578125,0.6691894531250001,0.9627371651785714,0.6795479910714286,3.4306640625,0.173583984375,0.173583984375,0.0,1024,0.7802734375,0.173583984375,0.0921630859375,0.047816685267857144,0.7119140625,0.0,0.2777511720953273
phase,competitive,8,101,0.5,0.0,0.5020228794642857,0.004045758928571428,1.0,0.52734375,0.0,0.0,0.0,1024,,0.0,0.0,0.09678431919642858,0.376953125,0.0,0.3967873887076105
phase,scan,8,101,0.5,0.0244140625,0.4791085379464285,0.8722377232142857,0.5084751674107142,1.5986328125,0.279541015625,0.279541015625,0.0,1024,0.571533203125,0.279541015625,0.1668701171875,0.09678431919642858,0.376953125,0.0,0.3967873887076105
phase,competitive,8,101,0.75,0.0,0.5042201450892857,0.008440290178571428,1.0,0.53125,0.0,0.0,0.0,1024,,0.0,0.0,0.17490931919642858,0.1005859375,0.0,0.5951810830614157
phase,scan,8,101,0.75,0.0,0.3623395647321428,0.7079148065476191,0.42211914062499994,0.6943359375,0.3377685546875,0.3377685546875,0.0,1024,0.367919921875,0.3377685546875,0.2088623046875,0.17490931919642858,0.1005859375,0.0,0.5951810830614157
phase,competitive,8,101,1.0,0.0,0.5068010602678572,0.013602120535714282,1.0,0.4765625,0.0,0.0,0.0,1024,,0.0,0.0,0.24337332589285715,0.0244140625,0.0,0.7935747774152209
phase,scan,8,101,1.0,0.0,0.3123953683035714,0.5751534598214285,0.3964494977678571,0.4248046875,0.35595703125,0.35595703125,0.0,1024,0.26953125,0.35595703125,0.21435546875,0.24337332589285715,0.0244140625,0.0,0.7935747774152209
priority,competitive,8,202,0.0,1.0,1.0,1.0,1.0,8.0,0.0,0.0,0.0,1024,,0.0,0.0,0.0,1.0,1.0,0.0
priority,scan,8,202,0.0,1.0,1.0,1.0,1.0,8.0,0.0,0.0,0.0,1024,1.0,0.0,0.0,0.0,1.0,1.0,0.0
priority,competitive,8,202,0.05,1.0,1.0,1.0,1.0,8.0,0.0,0.0,0.0,1024,,0.0,0.0,0.0,1.0,1.0,0.039772491354858844
priority,scan,8,202,0.05,1.0,1.0,1.0,1.0,8.0,0.0,0.0,0.0,1024,1.0,0.0,0.0,0.0,1.0,1.0,0.039772491354858844
priority,competitive,8,202,0.1,1.0,1.0,1.0,1.0,8.0,0.0,0.0,0.0,1024,,0.0,0.0,0.0,1.0,1.0,0.0795449827097177
priority,scan,8,202,0.1,0.9990234375,0.999755859375,1.0,0.999755859375,7.9951171875,0.0001220703125,0.0001220703125,0.0,1024,0.9998779296875,0.0001220703125,0.0,0.0,1.0,1.0,0.0795449827097177
priority,competitive,8,202,0.2,1.0,1.0,1.0,1.0,8.0,0.0,0.0,0.0,1024,,0.0,0.0,0.0,1.0,1.0,0.1590899654194354
priority,scan,8,202,0.2,0.65625,0.8976353236607143,1.0,0.8976353236607143,6.390625,0.0528564453125,0.0528564453125,0.0,1024,0.9434814453125,0.0528564453125,0.019775390625,0.0,1.0,1.0,0.1590899654194354
priority,competitive,8,202,0.35,0.8662109375,0.994873046875,0.98974609375,1.0,7.3623046875,0.0,0.0,0.0,1024,,0.0,0.0,0.005126953125,0.8662109375,0.8662109375,0.2784074394840119
priority,scan,8,202,0.35,0.14453125,0.6550990513392857,0.998721168154762,0.6555524553571429,3.189453125,0.1866455078125,0.1866455078125,0.0,1024,0.7333984375,0.1866455078125,0.1160888671875,0.005126953125,0.8662109375,0.8662109375,0.2784074394840119
priority,competitive,8,202,0.5,0.5458984375,0.9800851004464285,0.9601702008928572,1.0,5.640625,0.0,0.0,0.0,1024,,0.0,0.0,0.019914899553571428,0.5458984375,0.5458984375,0.3977249135485884
priority,scan,8,202,0.5,0.02734375,0.5600934709821428,0.9889973958333333,0.5634765625,1.9970703125,0.2410888671875,0.2410888671875,0.0,1024,0.5780029296875,0.2410888671875,0.16455078125,0.019914899553571428,0.5458984375,0.5458984375,0.3977249135485884
priority,competitive,8,202,0.75,0.2177734375,0.9507533482142856,0.9015066964285715,1.0,3.474609375,0.0,0.0,0.0,1024,,0.0,0.0,0.04924665178571429,0.2177734375,0.2177734375,0.5965873703228827
priority,scan,8,202,0.75,0.0029296875,0.4899553571428571,0.9492513020833334,0.50341796875,1.3359375,0.2796630859375,0.2796630859375,0.0,1024,0.4390869140625,0.2796630859375,0.1905517578125,0.04924665178571429,0.2177734375,0.2177734375,0.5965873703228827
priority,competitive,8,202,1.0,0.0849609375,0.9215959821428571,0.8431919642857144,1.0,2.279296875,0.0,0.0,0.0,1024,,0.0,0.0,0.07840401785714286,0.0849609375,0.0849609375,0.7954498270971769
priority,scan,8,202,1.0,0.0009765625,0.4527762276785714,0.8967075892857144,0.4782714843749999,1.029296875,0.2965087890625,0.2965087890625,0.0,1024,0.36328125,0.2965087890625,0.195556640625,0.07840401785714286,0.0849609375,0.0849609375,0.7954498270971769
position,competitive,8,202,0.0,1.0,1.0,1.0,1.0,8.0,0.0,0.0,0.0,1024,,0.0,0.0,0.0,1.0,1.0,0.0
position,scan,8,202,0.0,1.0,1.0,1.0,1.0,8.0,0.0,0.0,0.0,1024,1.0,0.0,0.0,0.0,1.0,1.0,0.0
position,competitive,8,202,0.05,1.0,1.0,1.0,1.0,8.0,0.0,0.0,0.0,1024,,0.0,0.0,0.0,1.0,1.0,0.039772491354858844
position,scan,8,202,0.05,1.0,1.0,1.0,1.0,8.0,0.0,0.0,0.0,1024,1.0,0.0,0.0,0.0,1.0,1.0,0.039772491354858844
position,competitive,8,202,0.1,1.0,1.0,1.0,1.0,8.0,0.0,0.0,0.0,1024,,0.0,0.0,0.0,1.0,1.0,0.0795449827097177
position,scan,8,202,0.1,1.0,1.0,1.0,1.0,8.0,0.0,0.0,0.0,1024,1.0,0.0,0.0,0.0,1.0,1.0,0.0795449827097177
position,competitive,8,202,0.2,0.998046875,0.9999302455357143,0.9998604910714286,1.0,7.994140625,0.0,0.0,0.0,1024,,0.0,0.0,6.975446428571428e-05,0.998046875,0.998046875,0.1590899654194354
position,scan,8,202,0.2,0.822265625,0.95263671875,1.0,0.95263671875,7.126953125,0.02392578125,0.02392578125,0.0,1024,0.9755859375,0.02392578125,0.0045166015625,6.975446428571428e-05,0.998046875,0.998046875,0.1590899654194354
position,competitive,8,202,0.35,0.8330078125,0.9938267299107143,0.9876534598214286,1.0,7.181640625,0.0,0.0,0.0,1024,,0.0,0.0,0.006173270089285714,0.8330078125,0.8330078125,0.2784074394840119
position,scan,8,202,0.35,0.1806640625,0.6744559151785715,0.9969773065476191,0.6753627232142857,3.3525390625,0.1766357421875,0.1766357421875,0.0,1024,0.7813720703125,0.1766357421875,0.078125,0.006173270089285714,0.8330078125,0.8330078125,0.2784074394840119
position,competitive,8,202,0.5,0.537109375,0.9796665736607142,0.9593331473214286,1.0,5.576171875,0.0,0.0,0.0,1024,,0.0,0.0,0.020333426339285716,0.537109375,0.537109375,0.3977249135485884
position,scan,8,202,0.5,0.0205078125,0.4994070870535714,0.9835379464285714,0.50390625,1.55078125,0.2835693359375,0.2835693359375,0.0,1024,0.5770263671875,0.2835693359375,0.1416015625,0.020333426339285716,0.537109375,0.537109375,0.3977249135485884
position,competitive,8,202,0.75,0.2001953125,0.9502301897321428,0.9004603794642858,1.0,3.4462890625,0.0,0.0,0.0,1024,,0.0,0.0,0.049769810267857144,0.2001953125,0.2001953125,0.5965873703228827
position,scan,8,202,0.75,0.0029296875,0.3873116629464285,0.9395693824404763,0.4000069754464285,0.6982421875,0.35595703125,0.35595703125,0.0,1024,0.3790283203125,0.35595703125,0.174560546875,0.049769810267857144,0.2001953125,0.2001953125,0.5965873703228827
position,competitive,8,202,1.0,0.0732421875,0.9218401227678571,0.8436802455357144,1.0,2.30859375,0.0,0.0,0.0,1024,,0.0,0.0,0.07815987723214286,0.0732421875,0.0732421875,0.7954498270971769
position,scan,8,202,1.0,0.0,0.33872767857142855,0.8796363467261905,0.3607700892857142,0.4677734375,0.3861083984375,0.3861083984375,0.0,1024,0.27685546875,0.3861083984375,0.1759033203125,0.07815987723214286,0.0732421875,0.0732421875,0.7954498270971769
phase,competitive,8,202,0.0,0.0,0.5357142857142857,0.07142857142857141,1.0,1.0,0.0,0.0,0.0,1024,,0.0,0.0,0.0,1.0,0.0,0.0
phase,scan,8,202,0.0,1.0,1.0,1.0,1.0,8.0,0.0,0.0,0.0,1024,1.0,0.0,0.0,0.0,1.0,0.0,0.0
phase,competitive,8,202,0.05,0.0,0.5001743861607143,0.0003487723214285713,1.0,0.5009765625,0.0,0.0,0.0,1024,,0.0,0.0,0.0,1.0,0.0,0.03977249135485886
phase,scan,8,202,0.05,1.0,1.0,1.0,1.0,8.0,0.0,0.0,0.0,1024,1.0,0.0,0.0,0.0,1.0,0.0,0.03977249135485886
phase,competitive,8,202,0.1,0.0,0.5001743861607143,0.0003487723214285713,1.0,0.5009765625,0.0,0.0,0.0,1024,,0.0,0.0,0.0,1.0,0.0,0.0795449827097177
phase,scan,8,202,0.1,1.0,1.0,1.0,1.0,8.0,0.0,0.0,0.0,1024,1.0,0.0,0.0,0.0,1.0,0.0,0.0795449827097177
phase,competitive,8,202,0.2,0.0,0.500244140625,0.00048828124999999973,1.0,0.5009765625,0.0,0.0,0.0,1024,,0.0,0.0,0.0022670200892857145,0.9892578125,0.0,0.1590899654194354
phase,scan,8,202,0.2,0.822265625,0.95263671875,1.0,0.95263671875,7.126953125,0.02392578125,0.02392578125,0.0,1024,0.9755859375,0.02392578125,0.005126953125,0.0022670200892857145,0.9892578125,0.0,0.1590899654194354
phase,competitive,8,202,0.35,0.0,0.5011509486607143,0.0023018973214285715,1.0,0.515625,0.0,0.0,0.0,1024,,0.0,0.0,0.04551478794642857,0.7001953125,0.0,0.2784074394840119
phase,scan,8,202,0.35,0.1806640625,0.6702008928571429,0.9602399553571429,0.6813267299107144,3.30078125,0.172607421875,0.172607421875,0.0,1024,0.7784423828125,0.172607421875,0.089111328125,0.04551478794642857,0.7001953125,0.0,0.2784074394840119
phase,competitive,8,202,0.5,0.0,0.5027901785714286,0.005580357142857142,1.0,0.5380859375,0.0,0.0,0.0,1024,,0.0,0.0,0.09999302455357142,0.3720703125,0.0,0.3977249135485884
phase,scan,8,202,0.5,0.0205078125,0.4884905133928571,0.8541248139880953,0.522705078125,1.4541015625,0.2694091796875,0.2694091796875,0.0,1024,0.5694580078125,0.2694091796875,0.1610107421875,0.09999302455357142,0.3720703125,0.0,0.3977249135485884
phase,competitive,8,202,0.75,0.0,0.5040457589285714,0.008091517857142856,1.0,0.498046875,0.0,0.0,0.0,1024,,0.0,0.0,0.17794363839285715,0.11328125,0.0,0.5965873703228827
phase,scan,8,202,0.75,0.0029296875,0.3720005580357143,0.7049665178571429,0.43512834821428564,0.6083984375,0.3282470703125,0.3282470703125,0.0,1024,0.369384765625,0.3282470703125,0.2030029296875,0.17794363839285715,0.11328125,0.0,0.5965873703228827
phase,competitive,8,202,1.0,0.0,0.5045689174107142,0.00913783482142857,1.0,0.412109375,0.0,0.0,0.0,1024,,0.0,0.0,0.23814174107142858,0.0322265625,0.0,0.795430875940915
phase,scan,8,202,1.0,0.0,0.32338169642857145,0.5936988467261906,0.4056222098214285,0.41796875,0.3502197265625,0.3502197265625,0.0,1024,0.2674560546875,0.3502197265625,0.2125244140625,0.23814174107142858,0.0322265625,0.0,0.795430875940915
priority,competitive,8,303,0.0,1.0,1.0,1.0,1.0,8.0,0.0,0.0,0.0,1024,,0.0,0.0,0.0,1.0,1.0,0.0
priority,scan,8,303,0.0,1.0,1.0,1.0,1.0,8.0,0.0,0.0,0.0,1024,1.0,0.0,0.0,0.0,1.0,1.0,0.0
priority,competitive,8,303,0.05,1.0,1.0,1.0,1.0,8.0,0.0,0.0,0.0,1024,,0.0,0.0,0.0,1.0,1.0,0.03940427895642202
priority,scan,8,303,0.05,1.0,1.0,1.0,1.0,8.0,0.0,0.0,0.0,1024,1.0,0.0,0.0,0.0,1.0,1.0,0.03940427895642202
priority,competitive,8,303,0.1,1.0,1.0,1.0,1.0,8.0,0.0,0.0,0.0,1024,,0.0,0.0,0.0,1.0,1.0,0.07880855791284402
priority,scan,8,303,0.1,0.9990234375,0.999755859375,1.0,0.999755859375,7.9931640625,0.0001220703125,0.0001220703125,0.0,1024,0.9998779296875,0.0001220703125,0.0,0.0,1.0,1.0,0.07880855791284402
priority,competitive,8,303,0.2,1.0,1.0,1.0,1.0,8.0,0.0,0.0,0.0,1024,,0.0,0.0,0.0,1.0,1.0,0.15761711582568805
priority,scan,8,303,0.2,0.6513671875,0.8920549665178572,1.0,0.8920549665178572,6.32421875,0.0560302734375,0.0560302734375,0.0,1024,0.9390869140625,0.0560302734375,0.0184326171875,0.0,1.0,1.0,0.15761711582568805
priority,competitive,8,303,0.35,0.86328125,0.9949428013392857,0.9898856026785714,1.0,7.28515625,0.0,0.0,0.0,1024,,0.0,0.0,0.005057198660714286,0.86328125,0.86328125,0.27582995269495414
priority,scan,8,303,0.35,0.150390625,0.6627720424107143,0.9993815104166667,0.6630161830357143,3.2646484375,0.181884765625,0.181884765625,0.0,1024,0.738037109375,0.181884765625,0.1109619140625,0.005057198660714286,0.86328125,0.86328125,0.27582995269495414
priority,competitive,8,303,0.5,0.5244140625,0.9795968191964285,0.9591936383928572,1.0,5.4375,0.0,0.0,0.0,1024,,0.0,0.0,0.020403180803571428,0.5244140625,0.5244140625,0.3940427895642201
priority,scan,8,303,0.5,0.033203125,0.5671735491071428,0.989657738095238,0.5704868861607142,2.0810546875,0.236572265625,0.236572265625,0.0,1024,0.58154296875,0.236572265625,0.158935546875,0.020403180803571428,0.5244140625,0.5244140625,0.3940427895642201
priority,competitive,8,303,0.75,0.1962890625,0.9506138392857142,0.9012276785714287,1.0,3.3330078125,0.0,0.0,0.0,1024,,0.0,0.0,0.04938616071428571,0.1962890625,0.1962890625,0.5910641843463302
priority,scan,8,303,0.75,0.005859375,0.5002790178571428,0.9501813616071428,0.5138113839285714,1.3916015625,0.27294921875,0.27294921875,0.0,1024,0.442138671875,0.27294921875,0.181884765625,0.04938616071428571,0.1962890625,0.1962890625,0.5910641843463302
priority,competitive,8,303,1.0,0.0791015625,0.9217703683035714,0.8435407366071429,1.0,2.3125,0.0,0.0,0.0,1024,,0.0,0.0,0.07822963169642858,0.0791015625,0.0791015625,0.7880855791284402
priority,scan,8,303,1.0,0.0,0.456298828125,0.9029436383928572,0.4809221540178571,1.0810546875,0.29443359375,0.29443359375,0.0,1024,0.3594970703125,0.29443359375,0.193603515625,0.07822963169642858,0.0791015625,0.0791015625,0.7880855791284402
position,competitive,8,303,0.0,1.0,1.0,1.0,1.0,8.0,0.0,0.0,0.0,1024,,0.0,0.0,0.0,1.0,1.0,0.0
position,scan,8,303,0.0,1.0,1.0,1.0,1.0,8.0,0.0,0.0,0.0,1024,1.0,0.0,0.0,0.0,1.0,1.0,0.0
position,competitive,8,303,0.05,1.0,1.0,1.0,1.0,8.0,0.0,0.0,0.0,1024,,0.0,0.0,0.0,1.0,1.0,0.03940427895642201
position,scan,8,303,0.05,1.0,1.0,1.0,1.0,8.0,0.0,0.0,0.0,1024,1.0,0.0,0.0,0.0,1.0,1.0,0.03940427895642201
position,competitive,8,303,0.1,1.0,1.0,1.0,1.0,8.0,0.0,0.0,0.0,1024,,0.0,0.0,0.0,1.0,1.0,0.07880855791284404
position,scan,8,303,0.1,1.0,1.0,1.0,1.0,8.0,0.0,0.0,0.0,1024,1.0,0.0,0.0,0.0,1.0,1.0,0.07880855791284404
position,competitive,8,303,0.2,0.9970703125,0.9998953683035714,0.9997907366071429,1.0,7.984375,0.0,0.0,0.0,1024,,0.0,0.0,0.00010463169642857142,0.9970703125,0.9970703125,0.15761711582568808
position,scan,8,303,0.2,0.830078125,0.9556361607142856,1.0,0.9556361607142856,7.2099609375,0.0223388671875,0.0223388671875,0.0,1024,0.9771728515625,0.0223388671875,0.0050048828125,0.00010463169642857142,0.9970703125,0.9970703125,0.15761711582568808
position,competitive,8,303,0.35,0.8564453125,0.9945940290178571,0.9891880580357143,1.0,7.26953125,0.0,0.0,0.0,1024,,0.0,0.0,0.005405970982142857,0.8564453125,0.8564453125,0.27582995269495403
position,scan,8,303,0.35,0.18359375,0.67529296875,0.9976841517857142,0.676025390625,3.373046875,0.1759033203125,0.1759033203125,0.0,1024,0.7860107421875,0.1759033203125,0.07373046875,0.005405970982142857,0.8564453125,0.8564453125,0.27582995269495403
position,competitive,8,303,0.5,0.5390625,0.9802943638392856,0.9605887276785716,1.0,5.57421875,0.0,0.0,0.0,1024,,0.0,0.0,0.019705636160714284,0.5390625,0.5390625,0.3940427895642201
position,scan,8,303,0.5,0.02734375,0.5011160714285714,0.9841145833333335,0.505615234375,1.638671875,0.2825927734375,0.2825927734375,0.0,1024,0.5780029296875,0.2825927734375,0.138671875,0.019705636160714284,0.5390625,0.5390625,0.3940427895642201
position,competitive,8,303,0.75,0.2099609375,0.952601841517857,0.9052036830357144,1.0,3.4404296875,0.0,0.0,0.0,1024,,0.0,0.0,0.047398158482142856,0.2099609375,0.2099609375,0.5910641843463302
position,scan,8,303,0.75,0.0009765625,0.3948800223214285,0.9374581473214287,0.4076102120535714,0.81640625,0.35107421875,0.35107421875,0.0,1024,0.3785400390625,0.35107421875,0.1763916015625,0.047398158482142856,0.2099609375,0.2099609375,0.5910641843463302
position,competitive,8,303,1.0,0.087890625,0.9213169642857142,0.8426339285714286,1.0,2.3623046875,0.0,0.0,0.0,1024,,0.0,0.0,0.07868303571428571,0.087890625,0.087890625,0.7880855791284402
position,scan,8,303,1.0,0.0,0.3373325892857143,0.8833147321428572,0.3589564732142857,0.5126953125,0.388427734375,0.388427734375,0.0,1024,0.2811279296875,0.388427734375,0.1776123046875,0.07868303571428571,0.087890625,0.087890625,0.7880855791284402
phase,competitive,8,303,0.0,0.0,0.5357142857142857,0.07142857142857141,1.0,1.0,0.0,0.0,0.0,1024,,0.0,0.0,0.0,1.0,0.0,0.0
phase,scan,8,303,0.0,1.0,1.0,1.0,1.0,8.0,0.0,0.0,0.0,1024,1.0,0.0,0.0,0.0,1.0,0.0,0.0
phase,competitive,8,303,0.05,0.0,0.4995814732142857,-0.0008370535714285715,1.0,0.490234375,0.0,0.0,0.0,1024,,0.0,0.0,0.0,1.0,0.0,0.03940427895642202
phase,scan,8,303,0.05,1.0,1.0,1.0,1.0,8.0,0.0,0.0,0.0,1024,1.0,0.0,0.0,0.0,1.0,0.0,0.03940427895642202
phase,competitive,8,303,0.1,0.0,0.4995814732142857,-0.0008370535714285715,1.0,0.490234375,0.0,0.0,0.0,1024,,0.0,0.0,0.0,1.0,0.0,0.07880855791284402
phase,scan,8,303,0.1,1.0,1.0,1.0,1.0,8.0,0.0,0.0,0.0,1024,1.0,0.0,0.0,0.0,1.0,0.0,0.07880855791284402
phase,competitive,8,303,0.2,0.0,0.49954659598214285,-0.0009068080357142857,1.0,0.4912109375,0.0,0.0,0.0,1024,,0.0,0.0,0.0023018973214285715,0.98828125,0.0,0.1576171158256881
phase,scan,8,303,0.2,0.830078125,0.9556361607142856,1.0,0.9556361607142856,7.2099609375,0.0223388671875,0.0223388671875,0.0,1024,0.9771728515625,0.0223388671875,0.005126953125,0.0023018973214285715,0.98828125,0.0,0.1576171158256881
phase,competitive,8,303,0.35,0.0,0.4989536830357143,-0.002092633928571428,1.0,0.505859375,0.0,0.0,0.0,1024,,0.0,0.0,0.045131138392857144,0.7138671875,0.0,0.2758299526949541
phase,scan,8,303,0.35,0.18359375,0.6720493861607143,0.9712425595238096,0.6803152901785715,3.3271484375,0.173095703125,0.173095703125,0.0,1024,0.783935546875,0.173095703125,0.084228515625,0.045131138392857144,0.7138671875,0.0,0.2758299526949541
phase,competitive,8,303,0.5,0.0,0.49853515625,-0.002929687499999999,1.0,0.51953125,0.0,0.0,0.0,1024,,0.0,0.0,0.09762137276785714,0.3671875,0.0,0.3940427895642202
phase,scan,8,303,0.5,0.02734375,0.4886997767857142,0.8702799479166667,0.5185895647321428,1.55078125,0.27294921875,0.27294921875,0.0,1024,0.5692138671875,0.27294921875,0.16064453125,0.09762137276785714,0.3671875,0.0,0.3940427895642202
phase,competitive,8,303,0.75,0.0,0.4967215401785714,-0.006556919642857142,1.0,0.4775390625,0.0,0.0,0.0,1024,,0.0,0.0,0.17320033482142858,0.099609375,0.0,0.5910641843463302
phase,scan,8,303,0.75,0.0009765625,0.3795340401785714,0.7037388392857143,0.4413713727678571,0.740234375,0.32470703125,0.32470703125,0.0,1024,0.368408203125,0.32470703125,0.2015380859375,0.17320033482142858,0.099609375,0.0,0.5910641843463302
phase,competitive,8,303,1.0,0.0,0.49905831473214285,-0.0018833705357142853,1.0,0.4365234375,0.0,0.0,0.0,1024,,0.0,0.0,0.23981584821428573,0.025390625,0.0,0.7880855791284402
phase,scan,8,303,1.0,0.0,0.3231724330357143,0.6055152529761905,0.4034249441964285,0.4609375,0.352294921875,0.352294921875,0.0,1024,0.2716064453125,0.352294921875,0.2132568359375,0.23981584821428573,0.025390625,0.0,0.7880855791284402
priority,competitive,8,404,0.0,1.0,1.0,1.0,1.0,8.0,0.0,0.0,0.0,1024,,0.0,0.0,0.0,1.0,1.0,0.0
priority,scan,8,404,0.0,1.0,1.0,1.0,1.0,8.0,0.0,0.0,0.0,1024,1.0,0.0,0.0,0.0,1.0,1.0,0.0
priority,competitive,8,404,0.05,1.0,1.0,1.0,1.0,8.0,0.0,0.0,0.0,1024,,0.0,0.0,0.0,1.0,1.0,0.04033899770085633
priority,scan,8,404,0.05,1.0,1.0,1.0,1.0,8.0,0.0,0.0,0.0,1024,1.0,0.0,0.0,0.0,1.0,1.0,0.04033899770085633
priority,competitive,8,404,0.1,1.0,1.0,1.0,1.0,8.0,0.0,0.0,0.0,1024,,0.0,0.0,0.0,1.0,1.0,0.08067799540171268
priority,scan,8,404,0.1,0.9931640625,0.998291015625,1.0,0.998291015625,7.98046875,0.0008544921875,0.0008544921875,0.0,1024,0.9991455078125,0.0008544921875,0.0,0.0,1.0,1.0,0.08067799540171268
priority,competitive,8,404,0.2,0.99609375,0.9998604910714286,0.9997209821428572,1.0,7.9873046875,0.0,0.0,0.0,1024,,0.0,0.0,0.00013950892857142856,0.99609375,0.99609375,0.16135599080342533
priority,scan,8,404,0.2,0.666015625,0.8988909040178571,1.0,0.8988909040178571,6.431640625,0.05224609375,0.05224609375,0.0,1024,0.93994140625,0.05224609375,0.01904296875,0.00013950892857142856,0.99609375,0.99609375,0.16135599080342533
priority,competitive,8,404,0.35,0.845703125,0.9943498883928571,0.9886997767857144,1.0,7.24609375,0.0,0.0,0.0,1024,,0.0,0.0,0.005650111607142857,0.845703125,0.845703125,0.2823729839059943
priority,scan,8,404,0.35,0.125,0.6521344866071428,0.9984188988095238,0.6526576450892858,3.1328125,0.18798828125,0.18798828125,0.0,1024,0.728759765625,0.18798828125,0.1099853515625,0.005650111607142857,0.845703125,0.845703125,0.2823729839059943
priority,competitive,8,404,0.5,0.5244140625,0.9791434151785713,0.958286830357143,1.0,5.52734375,0.0,0.0,0.0,1024,,0.0,0.0,0.020856584821428572,0.5244140625,0.5244140625,0.4033899770085633
priority,scan,8,404,0.5,0.0263671875,0.5523158482142857,0.9876627604166668,0.5560825892857142,2.0009765625,0.24560546875,0.24560546875,0.0,1024,0.5736083984375,0.24560546875,0.16357421875,0.020856584821428572,0.5244140625,0.5244140625,0.4033899770085633
priority,competitive,8,404,0.75,0.1787109375,0.947963169642857,0.8959263392857144,1.0,3.255859375,0.0,0.0,0.0,1024,,0.0,0.0,0.052036830357142856,0.1787109375,0.1787109375,0.605084965512845
priority,scan,8,404,0.75,0.00390625,0.48852539062499994,0.9466657366071429,0.5027901785714285,1.37109375,0.2802734375,0.2802734375,0.0,1024,0.4283447265625,0.2802734375,0.184326171875,0.052036830357142856,0.1787109375,0.1787109375,0.605084965512845
priority,competitive,8,404,1.0,0.0654296875,0.9176897321428571,0.8353794642857144,1.0,2.1337890625,0.0,0.0,0.0,1024,,0.0,0.0,0.08231026785714286,0.0654296875,0.0654296875,0.8067799540171267
priority,scan,8,404,1.0,0.001953125,0.4589146205357143,0.8946382068452381,0.4855259486607142,1.111328125,0.291748046875,0.291748046875,0.0,1024,0.3560791015625,0.291748046875,0.1910400390625,0.08231026785714286,0.0654296875,0.0654296875,0.8067799540171267
position,competitive,8,404,0.0,1.0,1.0,1.0,1.0,8.0,0.0,0.0,0.0,1024,,0.0,0.0,0.0,1.0,1.0,0.0
position,scan,8,404,0.0,1.0,1.0,1.0,1.0,8.0,0.0,0.0,0.0,1024,1.0,0.0,0.0,0.0,1.0,1.0,0.0
position,competitive,8,404,0.05,1.0,1.0,1.0,1.0,8.0,0.0,0.0,0.0,1024,,0.0,0.0,0.0,1.0,1.0,0.04033899770085633
position,scan,8,404,0.05,1.0,1.0,1.0,1.0,8.0,0.0,0.0,0.0,1024,1.0,0.0,0.0,0.0,1.0,1.0,0.04033899770085633
position,competitive,8,404,0.1,1.0,1.0,1.0,1.0,8.0,0.0,0.0,0.0,1024,,0.0,0.0,0.0,1.0,1.0,0.08067799540171267
position,scan,8,404,0.1,1.0,1.0,1.0,1.0,8.0,0.0,0.0,0.0,1024,1.0,0.0,0.0,0.0,1.0,1.0,0.08067799540171267
position,competitive,8,404,0.2,0.9970703125,0.9998953683035714,0.9997907366071429,1.0,7.986328125,0.0,0.0,0.0,1024,,0.0,0.0,0.00010463169642857142,0.9970703125,0.9970703125,0.16135599080342533
position,scan,8,404,0.2,0.8154296875,0.9515555245535714,1.0,0.9515555245535714,7.1650390625,0.0244140625,0.0244140625,0.0,1024,0.974853515625,0.0244140625,0.0045166015625,0.00010463169642857142,0.9970703125,0.9970703125,0.16135599080342533
position,competitive,8,404,0.35,0.8544921875,0.9944893973214285,0.9889787946428572,1.0,7.2626953125,0.0,0.0,0.0,1024,,0.0,0.0,0.005510602678571429,0.8544921875,0.8544921875,0.2823729839059943
position,scan,8,404,0.35,0.166015625,0.6608189174107143,0.9974330357142857,0.6616559709821429,3.298828125,0.1846923828125,0.1846923828125,0.0,1024,0.7762451171875,0.1846923828125,0.083251953125,0.005510602678571429,0.8544921875,0.8544921875,0.2823729839059943
position,competitive,8,404,0.5,0.5205078125,0.9791434151785714,0.958286830357143,1.0,5.4365234375,0.0,0.0,0.0,1024,,0.0,0.0,0.020856584821428572,0.5205078125,0.5205078125,0.4033899770085633
position,scan,8,404,0.5,0.0263671875,0.4898158482142857,0.9824637276785715,0.49428013392857134,1.6259765625,0.29052734375,0.29052734375,0.0,1024,0.56298828125,0.29052734375,0.1458740234375,0.020856584821428572,0.5205078125,0.5205078125,0.4033899770085633
position,competitive,8,404,0.75,0.1904296875,0.9487653459821428,0.8975306919642858,1.0,3.2421875,0.0,0.0,0.0,1024,,0.0,0.0,0.051234654017857144,0.1904296875,0.1904296875,0.605084965512845
position,scan,8,404,0.75,0.0009765625,0.386962890625,0.9299246651785715,0.4012625558035714,0.744140625,0.355224609375,0.355224609375,0.0,1024,0.369140625,0.355224609375,0.1800537109375,0.051234654017857144,0.1904296875,0.1904296875,0.605084965512845
position,competitive,8,404,1.0,0.0673828125,0.9178292410714286,0.8356584821428572,1.0,2.1640625,0.0,0.0,0.0,1024,,0.0,0.0,0.08217075892857142,0.0673828125,0.0673828125,0.8067799540171267
position,scan,8,404,1.0,0.0,0.3312639508928571,0.8672479538690476,0.3555385044642857,0.4794921875,0.390869140625,0.390869140625,0.0,1024,0.2718505859375,0.390869140625,0.1800537109375,0.08217075892857142,0.0673828125,0.0673828125,0.8067799540171267
phase,competitive,8,404,0.0,0.0,0.5357142857142857,0.07142857142857141,1.0,1.0,0.0,0.0,0.0,1024,,0.0,0.0,0.0,1.0,0.0,0.0
phase,scan,8,404,0.0,1.0,1.0,1.0,1.0,8.0,0.0,0.0,0.0,1024,1.0,0.0,0.0,0.0,1.0,0.0,0.0
phase,competitive,8,404,0.05,0.0,0.500244140625,0.0004882812499999998,1.0,0.4970703125,0.0,0.0,0.0,1024,,0.0,0.0,0.0,1.0,0.0,0.04033899770085633
phase,scan,8,404,0.05,1.0,1.0,1.0,1.0,8.0,0.0,0.0,0.0,1024,1.0,0.0,0.0,0.0,1.0,0.0,0.04033899770085633
phase,competitive,8,404,0.1,0.0,0.500244140625,0.0004882812499999998,1.0,0.4970703125,0.0,0.0,0.0,1024,,0.0,0.0,0.0,1.0,0.0,0.08067799540171268
phase,scan,8,404,0.1,1.0,1.0,1.0,1.0,8.0,0.0,0.0,0.0,1024,1.0,0.0,0.0,0.0,1.0,0.0,0.08067799540171268
phase,competitive,8,404,0.2,0.0,0.500244140625,0.0004882812499999998,1.0,0.4970703125,0.0,0.0,0.0,1024,,0.0,0.0,0.0037318638392857145,0.982421875,0.0,0.16135599080342536
phase,scan,8,404,0.2,0.8154296875,0.9513462611607142,0.9994419642857143,0.9515555245535714,7.1650390625,0.0244140625,0.0244140625,0.0,1024,0.9747314453125,0.0244140625,0.0057373046875,0.0037318638392857145,0.982421875,0.0,0.16135599080342536
phase,competitive,8,404,0.35,0.0,0.5003487723214286,0.0006975446428571428,1.0,0.515625,0.0,0.0,0.0,1024,,0.0,0.0,0.04554966517857143,0.7255859375,0.0,0.2823729839059943
phase,scan,8,404,0.35,0.166015625,0.6566336495535715,0.9593982514880952,0.6680733816964286,3.232421875,0.1802978515625,0.1802978515625,0.0,1024,0.7733154296875,0.1802978515625,0.094970703125,0.04554966517857143,0.7255859375,0.0,0.2823729839059943
phase,competitive,8,404,0.5,0.0,0.5009068080357143,0.0018136160714285708,1.0,0.537109375,0.0,0.0,0.0,1024,,0.0,0.0,0.09978376116071429,0.357421875,0.0,0.4033899770085633
phase,scan,8,404,0.5,0.0263671875,0.48039899553571425,0.8708426339285715,0.50927734375,1.537109375,0.279052734375,0.279052734375,0.0,1024,0.55615234375,0.279052734375,0.166748046875,0.09978376116071429,0.357421875,0.0,0.4033899770085633
phase,competitive,8,404,0.75,0.0,0.49968610491071425,-0.0006277901785714281,1.0,0.4970703125,0.0,0.0,0.0,1024,,0.0,0.0,0.17672293526785715,0.083984375,0.0,0.605084965512845
phase,scan,8,404,0.75,0.0009765625,0.3724888392857143,0.704189918154762,0.4355817522321428,0.6953125,0.3284912109375,0.3284912109375,0.0,1024,0.359130859375,0.3284912109375,0.209228515625,0.17672293526785715,0.083984375,0.0,0.605084965512845
phase,competitive,8,404,1.0,0.0,0.5008370535714286,0.0016741071428571425,1.0,0.42578125,0.0,0.0,0.0,1024,,0.0,0.0,0.24745396205357142,0.0234375,0.0,0.806712501812618
phase,scan,8,404,1.0,0.0,0.3130231584821429,0.5580961681547619,0.40143694196428564,0.431640625,0.3538818359375,0.3538818359375,0.0,1024,0.2603759765625,0.3538818359375,0.2176513671875,0.24745396205357142,0.0234375,0.0,0.806712501812618
priority,competitive,10,101,0.0,1.0,1.0,1.0,1.0,10.0,0.0,0.0,0.0,1024,,0.0,0.0,0.0,1.0,1.0,0.0
priority,scan,10,101,0.0,1.0,1.0,1.0,1.0,10.0,0.0,0.0,0.0,1024,1.0,0.0,0.0,0.0,1.0,1.0,0.0
priority,competitive,10,101,0.05,1.0,1.0,1.0,1.0,10.0,0.0,0.0,0.0,1024,,0.0,0.0,0.0,1.0,1.0,0.03995760493669105
priority,scan,10,101,0.05,1.0,1.0,1.0,1.0,10.0,0.0,0.0,0.0,1024,1.0,0.0,0.0,0.0,1.0,1.0,0.03995760493669105
priority,competitive,10,101,0.1,1.0,1.0,1.0,1.0,10.0,0.0,0.0,0.0,1024,,0.0,0.0,0.0,1.0,1.0,0.07991520987338212
priority,scan,10,101,0.1,0.994140625,0.998828125,1.0,0.998828125,9.962890625,0.0005859374999999999,0.0005859375000000001,0.0,1024,0.9994140625,0.0005859375,0.0,0.0,1.0,1.0,0.07991520987338212
priority,competitive,10,101,0.2,0.994140625,0.9998697916666667,0.9997395833333333,1.0,9.9677734375,0.0,0.0,0.0,1024,,0.0,0.0,0.00013020833333333333,0.994140625,0.994140625,0.15983041974676426
priority,scan,10,101,0.2,0.5693359375,0.8862413194444445,1.0,0.8862413194444445,7.404296875,0.059082031249999986,0.05908203125,0.0,1024,0.93515625,0.05908203125,0.02109375,0.00013020833333333333,0.994140625,0.994140625,0.15983041974676426
priority,competitive,10,101,0.35,0.806640625,0.9953776041666667,0.9907552083333334,1.0,8.8515625,0.0,0.0,0.0,1024,,0.0,0.0,0.004622395833333333,0.806640625,0.806640625,0.2797032345568374
priority,scan,10,101,0.35,0.080078125,0.6509331597222222,0.9986793154761906,0.6513888888888889,3.36328125,0.18984375000000003,0.18984375000000003,0.0,1024,0.716796875,0.18984375,0.11171875,0.004622395833333333,0.806640625,0.806640625,0.2797032345568374
priority,competitive,10,101,0.5,0.4462890625,0.9838541666666667,0.9677083333333334,1.0,6.44921875,0.0,0.0,0.0,1024,,0.0,0.0,0.016145833333333335,0.4462890625,0.4462890625,0.3995760493669106
priority,scan,10,101,0.5,0.0146484375,0.5490234375,0.9911411830357143,0.5515190972222223,2.130859375,0.2505859375,0.2505859375,0.0,1024,0.55703125,0.2505859375,0.16347656250000003,0.016145833333333335,0.4462890625,0.4462890625,0.3995760493669106
priority,competitive,10,101,0.75,0.1376953125,0.9604817708333334,0.9209635416666668,1.0,3.6689453125,0.0,0.0,0.0,1024,,0.0,0.0,0.03951822916666667,0.1376953125,0.1376953125,0.5993640740503658
priority,scan,10,101,0.75,0.0,0.47853732638888885,0.9589828249007937,0.48917100694444443,1.3759765625,0.291796875,0.291796875,0.0,1024,0.40634765625,0.291796875,0.19208984375000002,0.03951822916666667,0.1376953125,0.1376953125,0.5993640740503658
priority,competitive,10,101,1.0,0.0419921875,0.9353081597222224,0.8706163194444446,1.0,2.375,0.0,0.0,0.0,1024,,0.0,0.0,0.06469184027777777,0.0419921875,0.0419921875,0.7991520987338212
priority,scan,10,101,1.0,0.0,0.441796875,0.9169937375992064,0.46158854166666663,1.1201171875,0.31074218750000004,0.3107421875,0.0,1024,0.3291015625,0.3107421875,0.1970703125,0.06469184027777777,0.0419921875,0.0419921875,0.7991520987338212
position,competitive,10,101,0.0,1.0,1.0,1.0,1.0,10.0,0.0,0.0,0.0,1024,,0.0,0.0,0.0,1.0,1.0,0.0
position,scan,10,101,0.0,1.0,1.0,1.0,1.0,10.0,0.0,0.0,0.0,1024,1.0,0.0,0.0,0.0,1.0,1.0,0.0
position,competitive,10,101,0.05,1.0,1.0,1.0,1.0,10.0,0.0,0.0,0.0,1024,,0.0,0.0,0.0,1.0,1.0,0.03995760493669106
position,scan,10,101,0.05,1.0,1.0,1.0,1.0,10.0,0.0,0.0,0.0,1024,1.0,0.0,0.0,0.0,1.0,1.0,0.03995760493669106
position,competitive,10,101,0.1,1.0,1.0,1.0,1.0,10.0,0.0,0.0,0.0,1024,,0.0,0.0,0.0,1.0,1.0,0.07991520987338213
position,scan,10,101,0.1,1.0,1.0,1.0,1.0,10.0,0.0,0.0,0.0,1024,1.0,0.0,0.0,0.0,1.0,1.0,0.07991520987338213
position,competitive,10,101,0.2,0.998046875,0.9999565972222222,0.9999131944444444,1.0,9.994140625,0.0,0.0,0.0,1024,,0.0,0.0,4.340277777777778e-05,0.998046875,0.998046875,0.15983041974676424
position,scan,10,101,0.2,0.763671875,0.9480468750000001,1.0,0.9480468750000001,8.6767578125,0.026269531249999995,0.02626953125,0.0,1024,0.97353515625,0.02626953125,0.0064453125000000005,4.340277777777778e-05,0.998046875,0.998046875,0.15983041974676424
position,competitive,10,101,0.35,0.8125,0.9955512152777778,0.9911024305555556,1.0,8.8583984375,0.0,0.0,0.0,1024,,0.0,0.0,0.004448784722222222,0.8125,0.8125,0.2797032345568374
position,scan,10,101,0.35,0.0986328125,0.6767795138888889,0.9977058531746033,0.677560763888889,3.66796875,0.17490234375,0.17490234375000002,0.0,1024,0.78203125,0.17490234375,0.08261718750000001,0.004448784722222222,0.8125,0.8125,0.2797032345568374
position,competitive,10,101,0.5,0.4501953125,0.9836588541666667,0.9673177083333334,1.0,6.3701171875,0.0,0.0,0.0,1024,,0.0,0.0,0.016341145833333334,0.4501953125,0.4501953125,0.3995760493669106
position,scan,10,101,0.5,0.0126953125,0.5009114583333334,0.9881215897817461,0.5040147569444444,1.638671875,0.28437500000000004,0.28437500000000004,0.0,1024,0.56875,0.284375,0.14951171875000002,0.016341145833333334,0.4501953125,0.4501953125,0.3995760493669106
position,competitive,10,101,0.75,0.1240234375,0.959201388888889,0.9184027777777779,1.0,3.548828125,0.0,0.0,0.0,1024,,0.0,0.0,0.04079861111111111,0.1240234375,0.1240234375,0.5993640740503658
position,scan,10,101,0.75,0.0,0.4014973958333333,0.9519949776785716,0.41176215277777783,0.810546875,0.3490234375,0.3490234375,0.0,1024,0.37421875,0.3490234375,0.18222656250000002,0.04079861111111111,0.1240234375,0.1240234375,0.5993640740503658
position,competitive,10,101,1.0,0.0390625,0.9347439236111112,0.8694878472222224,1.0,2.2734375,0.0,0.0,0.0,1024,,0.0,0.0,0.06525607638888889,0.0390625,0.0390625,0.7991520987338212
position,scan,10,101,1.0,0.0,0.35128038194444444,0.898752170138889,0.37063802083333336,0.50390625,0.38076171875,0.38076171875,0.0,1024,0.269140625,0.38076171875,0.18837890625000003,0.06525607638888889,0.0390625,0.0390625,0.7991520987338212
phase,competitive,10,101,0.0,0.0,0.5336805555555555,0.06736111111111112,1.0,0.525390625,0.0,0.0,0.0,1024,,0.0,0.0,0.0,1.0,0.0,1.4135798584282295e-16
phase,scan,10,101,0.0,1.0,1.0,1.0,1.0,10.0,0.0,0.0,0.0,1024,1.0,0.0,0.0,0.0,1.0,0.0,1.4135798584282295e-16
phase,competitive,10,101,0.05,0.0,0.5005859374999999,0.0011718749999999997,1.0,0.4912109375,0.0,0.0,0.0,1024,,0.0,0.0,0.0,1.0,0.0,0.039957604936691066
phase,scan,10,101,0.05,1.0,1.0,1.0,1.0,10.0,0.0,0.0,0.0,1024,1.0,0.0,0.0,0.0,1.0,0.0,0.039957604936691066
phase,competitive,10,101,0.1,0.0,0.5005859374999999,0.0011718749999999997,1.0,0.4912109375,0.0,0.0,0.0,1024,,0.0,0.0,0.0,1.0,0.0,0.07991520987338213
phase,scan,10,101,0.1,1.0,1.0,1.0,1.0,10.0,0.0,0.0,0.0,1024,1.0,0.0,0.0,0.0,1.0,0.0,0.07991520987338213
phase,competitive,10,101,0.2,0.0,0.5006293402777777,0.001258680555555555,1.0,0.4921875,0.0,0.0,0.0,1024,,0.0,0.0,0.002387152777777778,0.986328125,0.0,0.15983041974676424
phase,scan,10,101,0.2,0.763671875,0.9480468750000001,1.0,0.9480468750000001,8.6767578125,0.026269531249999995,0.02626953125,0.0,1024,0.97353515625,0.02626953125,0.00712890625,0.002387152777777778,0.986328125,0.0,0.15983041974676424
phase,competitive,10,101,0.35,0.0,0.5007161458333333,0.001432291666666667,1.0,0.5068359375,0.0,0.0,0.0,1024,,0.0,0.0,0.032139756944444445,0.6962890625,0.0,0.2797032345568374
phase,scan,10,101,0.35,0.0986328125,0.6732421875000001,0.97607421875,0.6806640625,3.6318359375,0.17294921875,0.17294921875000002,0.0,1024,0.7796875,0.17294921875,0.09091796875000001,0.032139756944444445,0.6962890625,0.0,0.2797032345568374
phase,competitive,10,101,0.5,0.0,0.5007595486111112,0.001519097222222223,1.0,0.5283203125,0.0,0.0,0.0,1024,,0.0,0.0,0.07287326388888889,0.3193359375,0.0,0.3995760493669106
phase,scan,10,101,0.5,0.0126953125,0.49375,0.9121682787698413,0.5145833333333334,1.5869140625,0.27646484375,0.27646484375,0.0,1024,0.56396484375,0.27646484375,0.16396484375000003,0.07287326388888889,0.3193359375,0.0,0.3995760493669106
phase,competitive,10,101,0.75,0.0,0.49986979166666673,-0.0002604166666666664,1.0,0.486328125,0.0,0.0,0.0,1024,,0.0,0.0,0.13680555555555557,0.064453125,0.0,0.5993640740503658
phase,scan,10,101,0.75,0.0,0.3876953125,0.7867218501984128,0.4317274305555555,0.73046875,0.3330078125,0.3330078125,0.0,1024,0.3654296875,0.3330078125,0.20595703125000003,0.13680555555555557,0.064453125,0.0,0.5993640740503658
phase,competitive,10,101,1.0,0.0,0.5004340277777777,0.0008680555555555559,1.0,0.439453125,0.0,0.0,0.0,1024,,0.0,0.0,0.1939670138888889,0.015625,0.0,0.7991520987338212
phase,scan,10,101,1.0,0.0,0.3368272569444445,0.6620814732142858,0.40501302083333335,0.44921875,0.35322265625000004,0.35322265625000004,0.0,1024,0.26064453125,0.35322265625,0.21640625000000002,0.1939670138888889,0.015625,0.0,0.7991520987338212
priority,competitive,10,202,0.0,1.0,1.0,1.0,1.0,10.0,0.0,0.0,0.0,1024,,0.0,0.0,0.0,1.0,1.0,0.0
priority,scan,10,202,0.0,1.0,1.0,1.0,1.0,10.0,0.0,0.0,0.0,1024,1.0,0.0,0.0,0.0,1.0,1.0,0.0
priority,competitive,10,202,0.05,1.0,1.0,1.0,1.0,10.0,0.0,0.0,0.0,1024,,0.0,0.0,0.0,1.0,1.0,0.040332610313976294
priority,scan,10,202,0.05,1.0,1.0,1.0,1.0,10.0,0.0,0.0,0.0,1024,1.0,0.0,0.0,0.0,1.0,1.0,0.040332610313976294
priority,competitive,10,202,0.1,1.0,1.0,1.0,1.0,10.0,0.0,0.0,0.0,1024,,0.0,0.0,0.0,1.0,1.0,0.08066522062795259
priority,scan,10,202,0.1,0.99609375,0.99921875,1.0,0.99921875,9.9716796875,0.0003906249999999999,0.000390625,0.0,1024,0.999609375,0.000390625,0.0,0.0,1.0,1.0,0.08066522062795259
priority,competitive,10,202,0.2,0.9931640625,0.9998480902777778,0.9996961805555555,1.0,9.9501953125,0.0,0.0,0.0,1024,,0.0,0.0,0.00015190972222222222,0.9931640625,0.9931640625,0.16133044125590518
priority,scan,10,202,0.2,0.5693359375,0.8845486111111112,0.9998589409722222,0.8846137152777778,7.3974609375,0.060156249999999994,0.06015625000000001,0.0,1024,0.93115234375,0.06015625,0.023339843750000002,0.00015190972222222222,0.9931640625,0.9931640625,0.16133044125590518
priority,competitive,10,202,0.35,0.7919921875,0.9950520833333334,0.9901041666666668,1.0,8.7509765625,0.0,0.0,0.0,1024,,0.0,0.0,0.0049479166666666664,0.7919921875,0.7919921875,0.282328272197834
priority,scan,10,202,0.35,0.0810546875,0.6405815972222222,0.9988467261904762,0.6409939236111111,3.2919921875,0.196484375,0.19648437500000002,0.0,1024,0.70693359375,0.196484375,0.12187500000000002,0.0049479166666666664,0.7919921875,0.7919921875,0.282328272197834
priority,competitive,10,202,0.5,0.431640625,0.9833984375,0.9667968750000001,1.0,6.4111328125,0.0,0.0,0.0,1024,,0.0,0.0,0.0166015625,0.431640625,0.431640625,0.4033261031397629
priority,scan,10,202,0.5,0.01171875,0.5434895833333333,0.9902793278769841,0.5463324652777778,1.974609375,0.2544921875,0.2544921875,0.0,1024,0.54482421875,0.2544921875,0.16572265625000002,0.0166015625,0.431640625,0.431640625,0.4033261031397629
priority,competitive,10,202,0.75,0.1357421875,0.9592664930555557,0.9185329861111112,1.0,3.673828125,0.0,0.0,0.0,1024,,0.0,0.0,0.04073350694444444,0.1357421875,0.1357421875,0.6049891547096444
priority,scan,10,202,0.75,0.0009765625,0.47897135416666664,0.9566561259920636,0.48997395833333335,1.349609375,0.29150390625,0.29150390625,0.0,1024,0.4080078125,0.29150390625,0.1931640625,0.04073350694444444,0.1357421875,0.1357421875,0.6049891547096444
priority,competitive,10,202,1.0,0.0439453125,0.9344618055555557,0.8689236111111114,1.0,2.3515625,0.0,0.0,0.0,1024,,0.0,0.0,0.06553819444444445,0.0439453125,0.0439453125,0.8066522062795257
priority,scan,10,202,1.0,0.0,0.44147135416666666,0.9159706721230161,0.4614800347222222,1.064453125,0.31025390625000004,0.31025390625,0.0,1024,0.32734375,0.31025390625,0.19824218750000003,0.06553819444444445,0.0439453125,0.0439453125,0.8066522062795257
position,competitive,10,202,0.0,1.0,1.0,1.0,1.0,10.0,0.0,0.0,0.0,1024,,0.0,0.0,0.0,1.0,1.0,0.0
position,scan,10,202,0.0,1.0,1.0,1.0,1.0,10.0,0.0,0.0,0.0,1024,1.0,0.0,0.0,0.0,1.0,1.0,0.0
position,competitive,10,202,0.05,1.0,1.0,1.0,1.0,10.0,0.0,0.0,0.0,1024,,0.0,0.0,0.0,1.0,1.0,0.04033261031397629
position,scan,10,202,0.05,1.0,1.0,1.0,1.0,10.0,0.0,0.0,0.0,1024,1.0,0.0,0.0,0.0,1.0,1.0,0.04033261031397629
position,competitive,10,202,0.1,1.0,1.0,1.0,1.0,10.0,0.0,0.0,0.0,1024,,0.0,0.0,0.0,1.0,1.0,0.08066522062795259
position,scan,10,202,0.1,1.0,1.0,1.0,1.0,10.0,0.0,0.0,0.0,1024,1.0,0.0,0.0,0.0,1.0,1.0,0.08066522062795259
position,competitive,10,202,0.2,0.998046875,0.9999565972222222,0.9999131944444444,1.0,9.9912109375,0.0,0.0,0.0,1024,,0.0,0.0,4.340277777777778e-05,0.998046875,0.998046875,0.16133044125590518
position,scan,10,202,0.2,0.775390625,0.9505859375000001,1.0,0.9505859375000001,8.7138671875,0.024999999999999994,0.025,0.0,1024,0.974609375,0.025,0.007031250000000001,4.340277777777778e-05,0.998046875,0.998046875,0.16133044125590518
position,competitive,10,202,0.35,0.802734375,0.9952256944444444,0.9904513888888888,1.0,8.787109375,0.0,0.0,0.0,1024,,0.0,0.0,0.004774305555555556,0.802734375,0.802734375,0.282328272197834
position,scan,10,202,0.35,0.0830078125,0.6614149305555554,0.9986591641865079,0.6618706597222223,3.3642578125,0.1837890625,0.18378906250000002,0.0,1024,0.77265625,0.1837890625,0.08759765625000002,0.004774305555555556,0.802734375,0.802734375,0.282328272197834
position,competitive,10,202,0.5,0.44140625,0.9835503472222222,0.9671006944444445,1.0,6.2978515625,0.0,0.0,0.0,1024,,0.0,0.0,0.01644965277777778,0.44140625,0.44140625,0.4033261031397629
position,scan,10,202,0.5,0.0087890625,0.4913845486111111,0.9877371651785715,0.49461805555555555,1.5703125,0.291796875,0.291796875,0.0,1024,0.562109375,0.291796875,0.15195312500000002,0.01644965277777778,0.44140625,0.44140625,0.4033261031397629
position,competitive,10,202,0.75,0.1171875,0.9595269097222223,0.9190538194444445,1.0,3.5107421875,0.0,0.0,0.0,1024,,0.0,0.0,0.040473090277777776,0.1171875,0.1171875,0.6049891547096443
position,scan,10,202,0.75,0.0009765625,0.394921875,0.9532412574404763,0.4047092013888889,0.73046875,0.35517578125000004,0.35517578125000004,0.0,1024,0.3677734375,0.35517578125,0.18544921875000003,0.040473090277777776,0.1171875,0.1171875,0.6049891547096443
position,competitive,10,202,1.0,0.0380859375,0.9339626736111113,0.8679253472222224,1.0,2.2646484375,0.0,0.0,0.0,1024,,0.0,0.0,0.06603732638888889,0.0380859375,0.0380859375,0.8066522062795258
position,scan,10,202,1.0,0.0,0.3456597222222222,0.8998790922619049,0.36404079861111116,0.4462890625,0.3859375,0.3859375,0.0,1024,0.275,0.3859375,0.18740234375000003,0.06603732638888889,0.0380859375,0.0380859375,0.8066522062795258
phase,competitive,10,202,0.0,0.0,0.5327690972222222,0.06553819444444445,1.0,0.4677734375,0.0,0.0,0.0,1024,,0.0,0.0,0.0,1.0,0.0,1.4135798584282295e-16
phase,scan,10,202,0.0,1.0,1.0,1.0,1.0,10.0,0.0,0.0,0.0,1024,1.0,0.0,0.0,0.0,1.0,0.0,1.4135798584282295e-16
phase,competitive,10,202,0.05,0.0,0.5001519097222222,0.00030381944444444434,1.0,0.478515625,0.0,0.0,0.0,1024,,0.0,0.0,0.0,1.0,0.0,0.040332610313976294
phase,scan,10,202,0.05,1.0,1.0,1.0,1.0,10.0,0.0,0.0,0.0,1024,1.0,0.0,0.0,0.0,1.0,0.0,0.040332610313976294
phase,competitive,10,202,0.1,0.0,0.5001519097222222,0.00030381944444444434,1.0,0.478515625,0.0,0.0,0.0,1024,,0.0,0.0,0.0,1.0,0.0,0.08066522062795259
phase,scan,10,202,0.1,1.0,1.0,1.0,1.0,10.0,0.0,0.0,0.0,1024,1.0,0.0,0.0,0.0,1.0,0.0,0.08066522062795259
phase,competitive,10,202,0.2,0.0,0.5002170138888888,0.0004340277777777776,1.0,0.478515625,0.0,0.0,0.0,1024,,0.0,0.0,0.002191840277777778,0.9873046875,0.0,0.16133044125590518
phase,scan,10,202,0.2,0.775390625,0.9505859375000001,1.0,0.9505859375000001,8.7138671875,0.024999999999999994,0.025,0.0,1024,0.974609375,0.025,0.0072265625,0.002191840277777778,0.9873046875,0.0,0.16133044125590518
phase,competitive,10,202,0.35,0.0,0.4996961805555556,-0.0006076388888888891,1.0,0.4833984375,0.0,0.0,0.0,1024,,0.0,0.0,0.03526475694444445,0.67578125,0.0,0.282328272197834
phase,scan,10,202,0.35,0.0830078125,0.6574435763888888,0.9729647197420634,0.6653428819444445,3.310546875,0.18154296875,0.18154296875000003,0.0,1024,0.77001953125,0.18154296875,0.09697265625000001,0.03526475694444445,0.67578125,0.0,0.282328272197834
phase,competitive,10,202,0.5,0.0,0.49976128472222225,-0.0004774305555555557,1.0,0.513671875,0.0,0.0,0.0,1024,,0.0,0.0,0.07879774305555555,0.287109375,0.0,0.4033261031397629
phase,scan,10,202,0.5,0.0087890625,0.48172743055555556,0.8926633804563493,0.506032986111111,1.4736328125,0.2830078125,0.2830078125,0.0,1024,0.5552734375,0.2830078125,0.16796875,0.07879774305555555,0.287109375,0.0,0.4033261031397629
phase,competitive,10,202,0.75,0.0,0.5001736111111111,0.00034722222222222186,1.0,0.47265625,0.0,0.0,0.0,1024,,0.0,0.0,0.14331597222222223,0.056640625,0.0,0.6049891547096443
phase,scan,10,202,0.75,0.0009765625,0.38118489583333337,0.765922619047619,0.43148871527777777,0.6552734375,0.33427734375000007,0.33427734375000007,0.0,1024,0.35888671875,0.33427734375,0.20820312500000004,0.14331597222222223,0.056640625,0.0,0.6049891547096443
phase,competitive,10,202,1.0,0.0,0.4994791666666667,-0.0010416666666666669,1.0,0.421875,0.0,0.0,0.0,1024,,0.0,0.0,0.203515625,0.01171875,0.0,0.8066522062795258
phase,scan,10,202,1.0,0.0,0.3317057291666667,0.6411024305555556,0.4033420138888889,0.384765625,0.35429687500000007,0.35429687499999996,0.0,1024,0.26630859375,0.354296875,0.21611328125,0.203515625,0.01171875,0.0,0.8066522062795258
priority,competitive,10,303,0.0,1.0,1.0,1.0,1.0,10.0,0.0,0.0,0.0,1024,,0.0,0.0,0.0,1.0,1.0,0.0
priority,scan,10,303,0.0,1.0,1.0,1.0,1.0,10.0,0.0,0.0,0.0,1024,1.0,0.0,0.0,0.0,1.0,1.0,0.0
priority,competitive,10,303,0.05,1.0,1.0,1.0,1.0,10.0,0.0,0.0,0.0,1024,,0.0,0.0,0.0,1.0,1.0,0.039693398913669006
priority,scan,10,303,0.05,1.0,1.0,1.0,1.0,10.0,0.0,0.0,0.0,1024,1.0,0.0,0.0,0.0,1.0,1.0,0.039693398913669006
priority,competitive,10,303,0.1,1.0,1.0,1.0,1.0,10.0,0.0,0.0,0.0,1024,,0.0,0.0,0.0,1.0,1.0,0.07938679782733801
priority,scan,10,303,0.1,0.998046875,0.999609375,1.0,0.999609375,9.9873046875,0.00019531249999999996,0.0001953125,0.0,1024,0.9998046875,0.0001953125,0.0,0.0,1.0,1.0,0.07938679782733801
priority,competitive,10,303,0.2,1.0,1.0,1.0,1.0,10.0,0.0,0.0,0.0,1024,,0.0,0.0,0.0,1.0,1.0,0.15877359565467603
priority,scan,10,303,0.2,0.591796875,0.8945963541666667,1.0,0.8945963541666667,7.572265625,0.05458984374999999,0.054589843750000006,0.0,1024,0.93740234375,0.05458984375,0.01904296875,0.0,1.0,1.0,0.15877359565467603
priority,competitive,10,303,0.35,0.841796875,0.9962673611111111,0.9925347222222223,1.0,9.109375,0.0,0.0,0.0,1024,,0.0,0.0,0.003732638888888889,0.841796875,0.841796875,0.277853792395683
priority,scan,10,303,0.35,0.07421875,0.6473741319444444,0.999538070436508,0.6475260416666667,3.32421875,0.19228515625,0.19228515625000003,0.0,1024,0.71962890625,0.19228515625,0.11562500000000002,0.003732638888888889,0.841796875,0.841796875,0.277853792395683
priority,competitive,10,303,0.5,0.4521484375,0.9839192708333333,0.9678385416666667,1.0,6.470703125,0.0,0.0,0.0,1024,,0.0,0.0,0.016080729166666665,0.4521484375,0.4521484375,0.39693398913669
priority,scan,10,303,0.5,0.0087890625,0.5454861111111111,0.9925409226190476,0.5476779513888889,2.0390625,0.252734375,0.252734375,0.0,1024,0.5517578125,0.252734375,0.16767578125000004,0.016080729166666665,0.4521484375,0.4521484375,0.39693398913669
priority,competitive,10,303,0.75,0.11328125,0.9603298611111112,0.9206597222222224,1.0,3.5283203125,0.0,0.0,0.0,1024,,0.0,0.0,0.03967013888888889,0.11328125,0.11328125,0.5954009837050351
priority,scan,10,303,0.75,0.0009765625,0.48363715277777775,0.9590184771825397,0.4941840277777778,1.3740234375,0.2888671875,0.28886718749999996,0.0,1024,0.41220703125,0.2888671875,0.18847656250000003,0.03967013888888889,0.11328125,0.11328125,0.5954009837050351
priority,competitive,10,303,1.0,0.03515625,0.936176215277778,0.8723524305555558,1.0,2.3515625,0.0,0.0,0.0,1024,,0.0,0.0,0.06382378472222222,0.03515625,0.03515625,0.79386797827338
priority,scan,10,303,1.0,0.0,0.4470269097222222,0.9214456225198414,0.4657986111111111,1.0810546875,0.3078125,0.3078125,0.0,1024,0.33515625,0.3078125,0.19951171875,0.06382378472222222,0.03515625,0.03515625,0.79386797827338
position,competitive,10,303,0.0,1.0,1.0,1.0,1.0,10.0,0.0,0.0,0.0,1024,,0.0,0.0,0.0,1.0,1.0,0.0
position,scan,10,303,0.0,1.0,1.0,1.0,1.0,10.0,0.0,0.0,0.0,1024,1.0,0.0,0.0,0.0,1.0,1.0,0.0
position,competitive,10,303,0.05,1.0,1.0,1.0,1.0,10.0,0.0,0.0,0.0,1024,,0.0,0.0,0.0,1.0,1.0,0.039693398913669006
position,scan,10,303,0.05,1.0,1.0,1.0,1.0,10.0,0.0,0.0,0.0,1024,1.0,0.0,0.0,0.0,1.0,1.0,0.039693398913669006
position,competitive,10,303,0.1,1.0,1.0,1.0,1.0,10.0,0.0,0.0,0.0,1024,,0.0,0.0,0.0,1.0,1.0,0.07938679782733801
position,scan,10,303,0.1,1.0,1.0,1.0,1.0,10.0,0.0,0.0,0.0,1024,1.0,0.0,0.0,0.0,1.0,1.0,0.07938679782733801
position,competitive,10,303,0.2,1.0,1.0,1.0,1.0,10.0,0.0,0.0,0.0,1024,,0.0,0.0,0.0,1.0,1.0,0.158773595654676
position,scan,10,303,0.2,0.783203125,0.9516493055555556,1.0,0.9516493055555556,8.7890625,0.024511718749999994,0.02451171875,0.0,1024,0.975390625,0.02451171875,0.00458984375,0.0,1.0,1.0,0.158773595654676
position,competitive,10,303,0.35,0.828125,0.9959635416666667,0.9919270833333333,1.0,8.9755859375,0.0,0.0,0.0,1024,,0.0,0.0,0.004036458333333334,0.828125,0.828125,0.277853792395683
position,scan,10,303,0.35,0.1005859375,0.6694878472222221,0.9987444196428572,0.6699435763888888,3.3955078125,0.17939453125,0.17939453125000002,0.0,1024,0.78056640625,0.17939453125,0.08173828125,0.004036458333333334,0.828125,0.828125,0.277853792395683
position,competitive,10,303,0.5,0.4287109375,0.9835503472222222,0.9671006944444446,1.0,6.28515625,0.0,0.0,0.0,1024,,0.0,0.0,0.01644965277777778,0.4287109375,0.4287109375,0.39693398913669
position,scan,10,303,0.5,0.0078125,0.4978298611111111,0.9888423859126985,0.5007378472222221,1.5693359375,0.28662109375,0.28662109375,0.0,1024,0.5728515625,0.28662109375,0.15341796875000002,0.01644965277777778,0.4287109375,0.4287109375,0.39693398913669
position,competitive,10,303,0.75,0.11328125,0.9596788194444446,0.9193576388888891,1.0,3.556640625,0.0,0.0,0.0,1024,,0.0,0.0,0.04032118055555556,0.11328125,0.11328125,0.5954009837050349
position,scan,10,303,0.75,0.0,0.39520399305555554,0.9527157738095239,0.40501302083333335,0.7236328125,0.35361328125,0.35361328125,0.0,1024,0.37548828125,0.35361328125,0.18662109375000002,0.04032118055555556,0.11328125,0.11328125,0.5954009837050349
position,competitive,10,303,1.0,0.029296875,0.9343098958333335,0.8686197916666669,1.0,2.220703125,0.0,0.0,0.0,1024,,0.0,0.0,0.06569010416666667,0.029296875,0.029296875,0.7938679782733801
position,scan,10,303,1.0,0.0,0.35177951388888884,0.9003301711309525,0.3704861111111111,0.48046875,0.38115234375,0.38115234375,0.0,1024,0.27802734375,0.38115234375,0.19003906250000002,0.06569010416666667,0.029296875,0.029296875,0.7938679782733801
phase,competitive,10,303,0.0,0.0,0.5341796875,0.068359375,1.0,0.517578125,0.0,0.0,0.0,1024,,0.0,0.0,0.0,1.0,0.0,1.4135798584282295e-16
phase,scan,10,303,0.0,1.0,1.0,1.0,1.0,10.0,0.0,0.0,0.0,1024,1.0,0.0,0.0,0.0,1.0,0.0,1.4135798584282295e-16
phase,competitive,10,303,0.05,0.0,0.5015625,0.0031249999999999997,1.0,0.51953125,0.0,0.0,0.0,1024,,0.0,0.0,0.0,1.0,0.0,0.039693398913669006
phase,scan,10,303,0.05,1.0,1.0,1.0,1.0,10.0,0.0,0.0,0.0,1024,1.0,0.0,0.0,0.0,1.0,0.0,0.039693398913669006
phase,competitive,10,303,0.1,0.0,0.5015625,0.0031249999999999997,1.0,0.51953125,0.0,0.0,0.0,1024,,0.0,0.0,0.0,1.0,0.0,0.07938679782733801
phase,scan,10,303,0.1,1.0,1.0,1.0,1.0,10.0,0.0,0.0,0.0,1024,1.0,0.0,0.0,0.0,1.0,0.0,0.07938679782733801
phase,competitive,10,303,0.2,0.0,0.5015407986111111,0.0030815972222222217,1.0,0.51953125,0.0,0.0,0.0,1024,,0.0,0.0,0.001953125,0.990234375,0.0,0.15877359565467603
phase,scan,10,303,0.2,0.783203125,0.9516493055555556,0.9995659722222222,0.9518229166666667,8.7890625,0.024414062499999993,0.0244140625,0.0,1024,0.975390625,0.0244140625,0.005078125000000001,0.001953125,0.990234375,0.0,0.15877359565467603
phase,competitive,10,303,0.35,0.0,0.5014322916666667,0.0028645833333333336,1.0,0.525390625,0.0,0.0,0.0,1024,,0.0,0.0,0.03556857638888889,0.69921875,0.0,0.277853792395683
phase,scan,10,303,0.35,0.1005859375,0.6661024305555555,0.9740730406746032,0.6743055555555555,3.3623046875,0.17666015625,0.17666015625000003,0.0,1024,0.778515625,0.17666015625,0.09052734375,0.03556857638888889,0.69921875,0.0,0.277853792395683
phase,competitive,10,303,0.5,0.0,0.5004340277777778,0.0008680555555555553,1.0,0.5234375,0.0,0.0,0.0,1024,,0.0,0.0,0.07647569444444445,0.2958984375,0.0,0.39693398913669
phase,scan,10,303,0.5,0.0078125,0.48858506944444446,0.8968517485119047,0.5137803819444444,1.501953125,0.27734375,0.27734375,0.0,1024,0.56689453125,0.27734375,0.16904296875000002,0.07647569444444445,0.2958984375,0.0,0.39693398913669
phase,competitive,10,303,0.75,0.0,0.5010416666666666,0.0020833333333333337,1.0,0.4853515625,0.0,0.0,0.0,1024,,0.0,0.0,0.13760850694444443,0.0634765625,0.0,0.5954009837050351
phase,scan,10,303,0.75,0.0,0.3827256944444445,0.7776723710317461,0.43098958333333337,0.658203125,0.33349609375,0.33349609375,0.0,1024,0.3671875,0.33349609375,0.20712890625000002,0.13760850694444443,0.0634765625,0.0,0.5954009837050351
phase,competitive,10,303,1.0,0.0,0.5018663194444445,0.003732638888888888,1.0,0.412109375,0.0,0.0,0.0,1024,,0.0,0.0,0.1925564236111111,0.0087890625,0.0,0.7938679782733801
phase,scan,10,303,1.0,0.0,0.3401692708333333,0.6605484250992064,0.40859375,0.4267578125,0.350390625,0.350390625,0.0,1024,0.270703125,0.350390625,0.21416015625,0.1925564236111111,0.0087890625,0.0,0.7938679782733801
priority,competitive,10,404,0.0,1.0,1.0,1.0,1.0,10.0,0.0,0.0,0.0,1024,,0.0,0.0,0.0,1.0,1.0,0.0
priority,scan,10,404,0.0,1.0,1.0,1.0,1.0,10.0,0.0,0.0,0.0,1024,1.0,0.0,0.0,0.0,1.0,1.0,0.0
priority,competitive,10,404,0.05,1.0,1.0,1.0,1.0,10.0,0.0,0.0,0.0,1024,,0.0,0.0,0.0,1.0,1.0,0.03991969262841572
priority,scan,10,404,0.05,1.0,1.0,1.0,1.0,10.0,0.0,0.0,0.0,1024,1.0,0.0,0.0,0.0,1.0,1.0,0.03991969262841572
priority,competitive,10,404,0.1,1.0,1.0,1.0,1.0,10.0,0.0,0.0,0.0,1024,,0.0,0.0,0.0,1.0,1.0,0.07983938525683146
priority,scan,10,404,0.1,0.998046875,0.999609375,1.0,0.999609375,9.994140625,0.00019531249999999996,0.0001953125,0.0,1024,0.9998046875,0.0001953125,0.0,0.0,1.0,1.0,0.07983938525683146
priority,competitive,10,404,0.2,0.9990234375,0.9999782986111111,0.9999565972222222,1.0,9.994140625,0.0,0.0,0.0,1024,,0.0,0.0,2.170138888888889e-05,0.9990234375,0.9990234375,0.15967877051366292
priority,scan,10,404,0.2,0.55078125,0.8810112847222222,1.0,0.8810112847222222,7.3115234375,0.061914062499999985,0.0619140625,0.0,1024,0.93173828125,0.0619140625,0.0224609375,2.170138888888889e-05,0.9990234375,0.9990234375,0.15967877051366292
priority,competitive,10,404,0.35,0.8173828125,0.9957248263888889,0.9914496527777779,1.0,8.87890625,0.0,0.0,0.0,1024,,0.0,0.0,0.0042751736111111115,0.8173828125,0.8173828125,0.27943784839891006
priority,scan,10,404,0.35,0.07421875,0.6377821180555555,0.9988622271825397,0.6381510416666667,3.244140625,0.19775390625,0.19775390625,0.0,1024,0.7103515625,0.19775390625,0.11933593750000002,0.0042751736111111115,0.8173828125,0.8173828125,0.27943784839891006
priority,competitive,10,404,0.5,0.44921875,0.9833984375,0.9667968750000001,1.0,6.4111328125,0.0,0.0,0.0,1024,,0.0,0.0,0.0166015625,0.44921875,0.44921875,0.39919692628415726
priority,scan,10,404,0.5,0.0078125,0.5445963541666667,0.9902204241071428,0.5474392361111111,1.994140625,0.2533203125,0.25332031250000003,0.0,1024,0.54814453125,0.2533203125,0.16630859375,0.0166015625,0.44921875,0.44921875,0.39919692628415726
priority,competitive,10,404,0.75,0.1279296875,0.9598090277777778,0.9196180555555558,1.0,3.6240234375,0.0,0.0,0.0,1024,,0.0,0.0,0.040190972222222225,0.1279296875,0.1279296875,0.5987953894262359
priority,scan,10,404,0.75,0.0,0.48355034722222223,0.9580589657738096,0.49429253472222223,1.3330078125,0.28818359375,0.28818359375,0.0,1024,0.41318359375,0.28818359375,0.18994140625,0.040190972222222225,0.1279296875,0.1279296875,0.5987953894262359
priority,competitive,10,404,1.0,0.03515625,0.9345703125,0.8691406250000001,1.0,2.234375,0.0,0.0,0.0,1024,,0.0,0.0,0.0654296875,0.03515625,0.03515625,0.7983938525683145
priority,scan,10,404,1.0,0.0,0.4420355902777778,0.9156839037698414,0.4623480902777778,1.0302734375,0.3103515625,0.3103515625,0.0,1024,0.3306640625,0.3103515625,0.19423828125000003,0.0654296875,0.03515625,0.03515625,0.7983938525683145
position,competitive,10,404,0.0,1.0,1.0,1.0,1.0,10.0,0.0,0.0,0.0,1024,,0.0,0.0,0.0,1.0,1.0,0.0
position,scan,10,404,0.0,1.0,1.0,1.0,1.0,10.0,0.0,0.0,0.0,1024,1.0,0.0,0.0,0.0,1.0,1.0,0.0
position,competitive,10,404,0.05,1.0,1.0,1.0,1.0,10.0,0.0,0.0,0.0,1024,,0.0,0.0,0.0,1.0,1.0,0.03991969262841573
position,scan,10,404,0.05,1.0,1.0,1.0,1.0,10.0,0.0,0.0,0.0,1024,1.0,0.0,0.0,0.0,1.0,1.0,0.03991969262841573
position,competitive,10,404,0.1,1.0,1.0,1.0,1.0,10.0,0.0,0.0,0.0,1024,,0.0,0.0,0.0,1.0,1.0,0.07983938525683146
position,scan,10,404,0.1,1.0,1.0,1.0,1.0,10.0,0.0,0.0,0.0,1024,1.0,0.0,0.0,0.0,1.0,1.0,0.07983938525683146
position,competitive,10,404,0.2,0.9990234375,0.9999782986111111,0.9999565972222222,1.0,9.994140625,0.0,0.0,0.0,1024,,0.0,0.0,2.170138888888889e-05,0.9990234375,0.9990234375,0.15967877051366292
position,scan,10,404,0.2,0.7705078125,0.9501302083333334,1.0,0.9501302083333334,8.734375,0.02519531249999999,0.025195312499999997,0.0,1024,0.97470703125,0.0251953125,0.0048828125,2.170138888888889e-05,0.9990234375,0.9990234375,0.15967877051366292
position,competitive,10,404,0.35,0.8095703125,0.9954427083333334,0.9908854166666667,1.0,8.8056640625,0.0,0.0,0.0,1024,,0.0,0.0,0.004557291666666667,0.8095703125,0.8095703125,0.27943784839891006
position,scan,10,404,0.35,0.103515625,0.6686197916666667,0.9979306175595237,0.6692925347222223,3.455078125,0.18017578125,0.18017578125000003,0.0,1024,0.77734375,0.18017578125,0.0794921875,0.004557291666666667,0.8095703125,0.8095703125,0.27943784839891006
position,competitive,10,404,0.5,0.455078125,0.9842881944444446,0.968576388888889,1.0,6.4345703125,0.0,0.0,0.0,1024,,0.0,0.0,0.015711805555555555,0.455078125,0.455078125,0.39919692628415726
position,scan,10,404,0.5,0.005859375,0.5017578125,0.987100074404762,0.5052517361111111,1.5498046875,0.28398437499999996,0.28398437499999996,0.0,1024,0.57470703125,0.283984375,0.15039062500000003,0.015711805555555555,0.455078125,0.455078125,0.39919692628415726
position,competitive,10,404,0.75,0.1259765625,0.9603949652777778,0.9207899305555558,1.0,3.6591796875,0.0,0.0,0.0,1024,,0.0,0.0,0.039605034722222224,0.1259765625,0.1259765625,0.5987953894262359
position,scan,10,404,0.75,0.0,0.4004774305555555,0.9503596230158731,0.41115451388888885,0.7109375,0.34970703125,0.34970703125,0.0,1024,0.37568359375,0.34970703125,0.18222656250000002,0.039605034722222224,0.1259765625,0.1259765625,0.5987953894262359
position,competitive,10,404,1.0,0.0361328125,0.9361111111111113,0.8722222222222223,1.0,2.322265625,0.0,0.0,0.0,1024,,0.0,0.0,0.06388888888888888,0.0361328125,0.0361328125,0.7983938525683145
position,scan,10,404,1.0,0.0,0.34743923611111116,0.9032118055555556,0.36551649305555556,0.4150390625,0.38525390625,0.38525390625,0.0,1024,0.2771484375,0.38525390625,0.18769531250000002,0.06388888888888888,0.0361328125,0.0361328125,0.7983938525683145
phase,competitive,10,404,0.0,0.0,0.532790798611111,0.0655815972222222,1.0,0.4755859375,0.0,0.0,0.0,1024,,0.0,0.0,0.0,1.0,0.0,1.4135798584282295e-16
phase,scan,10,404,0.0,1.0,1.0,1.0,1.0,10.0,0.0,0.0,0.0,1024,1.0,0.0,0.0,0.0,1.0,0.0,1.4135798584282295e-16
phase,competitive,10,404,0.05,0.0,0.5001953125,0.0003906250000000002,1.0,0.494140625,0.0,0.0,0.0,1024,,0.0,0.0,0.0,1.0,0.0,0.03991969262841574
phase,scan,10,404,0.05,1.0,1.0,1.0,1.0,10.0,0.0,0.0,0.0,1024,1.0,0.0,0.0,0.0,1.0,0.0,0.03991969262841574
phase,competitive,10,404,0.1,0.0,0.5001953125,0.0003906250000000002,1.0,0.494140625,0.0,0.0,0.0,1024,,0.0,0.0,0.0,1.0,0.0,0.07983938525683146
phase,scan,10,404,0.1,1.0,1.0,1.0,1.0,10.0,0.0,0.0,0.0,1024,1.0,0.0,0.0,0.0,1.0,0.0,0.07983938525683146
phase,competitive,10,404,0.2,0.0,0.500173611111111,0.00034722222222222245,1.0,0.494140625,0.0,0.0,0.0,1024,,0.0,0.0,0.003537326388888889,0.9814453125,0.0,0.15967877051366292
phase,scan,10,404,0.2,0.7705078125,0.9499565972222224,0.9995659722222222,0.9501302083333334,8.734375,0.02519531249999999,0.025195312499999997,0.0,1024,0.974609375,0.0251953125,0.005664062500000001,0.003537326388888889,0.9814453125,0.0,0.15967877051366292
phase,competitive,10,404,0.35,0.0,0.4991536458333333,-0.0016927083333333334,1.0,0.4921875,0.0,0.0,0.0,1024,,0.0,0.0,0.03532986111111111,0.69140625,0.0,0.27943784839891006
phase,scan,10,404,0.35,0.103515625,0.6645833333333333,0.9686802455357143,0.6732204861111111,3.3984375,0.1775390625,0.1775390625,0.0,1024,0.774609375,0.1775390625,0.0890625,0.03532986111111111,0.69140625,0.0,0.27943784839891006
phase,competitive,10,404,0.5,0.0,0.4992621527777778,-0.0014756944444444446,1.0,0.5205078125,0.0,0.0,0.0,1024,,0.0,0.0,0.08018663194444445,0.3037109375,0.0,0.39919692628415726
phase,scan,10,404,0.5,0.005859375,0.49164496527777773,0.8905257936507937,0.5175998263888889,1.443359375,0.27480468750000003,0.27480468750000003,0.0,1024,0.5677734375,0.2748046875,0.16650390625000003,0.08018663194444445,0.3037109375,0.0,0.39919692628415726
phase,competitive,10,404,0.75,0.0,0.5002170138888888,0.0004340277777777783,1.0,0.498046875,0.0,0.0,0.0,1024,,0.0,0.0,0.14772135416666668,0.0615234375,0.0,0.5987953894262359
phase,scan,10,404,0.75,0.0,0.3858723958333333,0.7553679935515873,0.4374131944444445,0.634765625,0.32919921875,0.32919921875,0.0,1024,0.366796875,0.32919921875,0.20634765625,0.14772135416666668,0.0615234375,0.0,0.5987953894262359
phase,competitive,10,404,1.0,0.0,0.5005859375,0.0011718750000000006,1.0,0.447265625,0.0,0.0,0.0,1024,,0.0,0.0,0.20310329861111112,0.0087890625,0.0,0.7983938525683145
phase,scan,10,404,1.0,0.0,0.3319227430555556,0.6361204117063493,0.4052734375,0.3681640625,0.35322265625,0.35322265625,0.0,1024,0.26826171875,0.35322265625,0.2162109375,0.20310329861111112,0.0087890625,0.0,0.7983938525683145
priority,competitive,12,101,0.0,1.0,1.0,1.0,1.0,12.0,0.0,0.0,0.0,1024,,0.0,0.0,0.0,1.0,1.0,0.0
priority,scan,12,101,0.0,1.0,1.0,1.0,1.0,12.0,0.0,0.0,0.0,1024,1.0,0.0,0.0,0.0,1.0,1.0,0.0
priority,competitive,12,101,0.05,1.0,1.0,1.0,1.0,12.0,0.0,0.0,0.0,1024,,0.0,0.0,0.0,1.0,1.0,0.03966667128430149
priority,scan,12,101,0.05,1.0,1.0,1.0,1.0,12.0,0.0,0.0,0.0,1024,1.0,0.0,0.0,0.0,1.0,1.0,0.03966667128430149
priority,competitive,12,101,0.1,1.0,1.0,1.0,1.0,12.0,0.0,0.0,0.0,1024,,0.0,0.0,0.0,1.0,1.0,0.07933334256860297
priority,scan,12,101,0.1,0.9970703125,0.99951171875,1.0,0.99951171875,11.9814453125,0.0002441406250000001,0.000244140625,0.0,1024,0.999755859375,0.000244140625,0.0,0.0,1.0,1.0,0.07933334256860297
priority,competitive,12,101,0.2,0.9970703125,0.9999556107954546,0.9999112215909092,1.0,11.9765625,0.0,0.0,0.0,1024,,0.0,0.0,4.438920454545455e-05,0.9970703125,0.9970703125,0.15866668513720594
priority,scan,12,101,0.2,0.525390625,0.8812736742424242,1.0,0.8812736742424242,8.5185546875,0.06217447916666667,0.062174479166666664,0.0,1024,0.9283854166666666,0.062174479166666664,0.023111979166666664,4.438920454545455e-05,0.9970703125,0.9970703125,0.15866668513720594
priority,competitive,12,101,0.35,0.7998046875,0.9965228456439392,0.9930456912878788,1.0,10.5244140625,0.0,0.0,0.0,1024,,0.0,0.0,0.003477154356060606,0.7998046875,0.7998046875,0.27766669899011037
priority,scan,12,101,0.35,0.0498046875,0.6365855823863635,0.9991973304473305,0.6368815104166665,3.4150390625,0.20003255208333331,0.20003255208333331,0.0,1024,0.7029622395833334,0.20003255208333334,0.120361328125,0.003477154356060606,0.7998046875,0.7998046875,0.27766669899011037
priority,competitive,12,101,0.5,0.3896484375,0.9865056818181817,0.9730113636363635,1.0,7.2216796875,0.0,0.0,0.0,1024,,0.0,0.0,0.013494318181818182,0.3896484375,0.3896484375,0.3966667128430149
priority,scan,12,101,0.5,0.001953125,0.5340613162878787,0.9927270754419193,0.5361032196969695,1.9775390625,0.26236979166666663,0.2623697916666667,0.0,1024,0.5350748697916666,0.2623697916666667,0.170166015625,0.013494318181818182,0.3896484375,0.3896484375,0.3966667128430149
priority,competitive,12,101,0.75,0.080078125,0.9657167376893939,0.9314334753787878,1.0,3.7763671875,0.0,0.0,0.0,1024,,0.0,0.0,0.034283262310606064,0.080078125,0.080078125,0.5950000692645223
priority,scan,12,101,0.75,0.0,0.4671815814393939,0.965779164411977,0.47557114109848475,1.35546875,0.30281575520833337,0.30281575520833337,0.0,1024,0.3946940104166667,0.3028157552083333,0.20263671875,0.034283262310606064,0.080078125,0.080078125,0.5950000692645223
priority,competitive,12,101,1.0,0.0126953125,0.9446910511363635,0.8893821022727272,1.0,2.2158203125,0.0,0.0,0.0,1024,,0.0,0.0,0.05530894886363636,0.0126953125,0.0126953125,0.7933334256860297
priority,scan,12,101,1.0,0.0,0.4354433001893939,0.9296855271464648,0.4519264914772727,1.005859375,0.31990559895833337,0.3199055989583333,0.0,1024,0.312744140625,0.3199055989583333,0.20345052083333331,0.05530894886363636,0.0126953125,0.0126953125,0.7933334256860297
position,competitive,12,101,0.0,1.0,1.0,1.0,1.0,12.0,0.0,0.0,0.0,1024,,0.0,0.0,0.0,1.0,1.0,0.0
position,scan,12,101,0.0,1.0,1.0,1.0,1.0,12.0,0.0,0.0,0.0,1024,1.0,0.0,0.0,0.0,1.0,1.0,0.0
position,competitive,12,101,0.05,1.0,1.0,1.0,1.0,12.0,0.0,0.0,0.0,1024,,0.0,0.0,0.0,1.0,1.0,0.039666671284301486
position,scan,12,101,0.05,1.0,1.0,1.0,1.0,12.0,0.0,0.0,0.0,1024,1.0,0.0,0.0,0.0,1.0,1.0,0.039666671284301486
position,competitive,12,101,0.1,1.0,1.0,1.0,1.0,12.0,0.0,0.0,0.0,1024,,0.0,0.0,0.0,1.0,1.0,0.07933334256860297
position,scan,12,101,0.1,1.0,1.0,1.0,1.0,12.0,0.0,0.0,0.0,1024,1.0,0.0,0.0,0.0,1.0,1.0,0.07933334256860297
position,competitive,12,101,0.2,0.998046875,0.9999704071969697,0.9999408143939394,1.0,11.98046875,0.0,0.0,0.0,1024,,0.0,0.0,2.959280303030303e-05,0.998046875,0.998046875,0.15866668513720594
position,scan,12,101,0.2,0.7353515625,0.9511866714015151,1.0,0.9511866714015151,10.2314453125,0.024658203125000007,0.024658203125,0.0,1024,0.97509765625,0.024658203125,0.005940755208333332,2.959280303030303e-05,0.998046875,0.998046875,0.15866668513720594
position,competitive,12,101,0.35,0.7783203125,0.9963008996212119,0.9926017992424243,1.0,10.40625,0.0,0.0,0.0,1024,,0.0,0.0,0.003699100378787879,0.7783203125,0.7783203125,0.27766669899011037
position,scan,12,101,0.35,0.0576171875,0.6703361742424242,0.9987823266143578,0.6707652698863635,3.6123046875,0.179443359375,0.179443359375,0.0,1024,0.7798665364583334,0.179443359375,0.08390299479166666,0.003699100378787879,0.7783203125,0.7783203125,0.27766669899011037
position,competitive,12,101,0.5,0.3740234375,0.9864908854166665,0.9729817708333333,1.0,7.1708984375,0.0,0.0,0.0,1024,,0.0,0.0,0.013509114583333334,0.3740234375,0.3740234375,0.39666671284301486
position,scan,12,101,0.5,0.00390625,0.5111712831439393,0.9892107458513709,0.5139825994318181,1.708984375,0.2781575520833333,0.2781575520833333,0.0,1024,0.5772298177083334,0.2781575520833333,0.15218098958333331,0.013509114583333334,0.3740234375,0.3740234375,0.39666671284301486
position,competitive,12,101,0.75,0.0712890625,0.9662198153409091,0.9324396306818181,1.0,3.6669921875,0.0,0.0,0.0,1024,,0.0,0.0,0.03378018465909091,0.0712890625,0.0712890625,0.5950000692645223
position,scan,12,101,0.75,0.0,0.40471117424242425,0.9601207386363637,0.41314512310606055,0.759765625,0.349365234375,0.349365234375,0.0,1024,0.377197265625,0.349365234375,0.188232421875,0.03378018465909091,0.0712890625,0.0712890625,0.5950000692645223
position,competitive,12,101,1.0,0.0185546875,0.9466293797348484,0.8932587594696968,1.0,2.2958984375,0.0,0.0,0.0,1024,,0.0,0.0,0.05337062026515151,0.0185546875,0.0185546875,0.7933334256860298
position,scan,12,101,1.0,0.0,0.36100260416666663,0.9201789096320347,0.3763020833333333,0.49609375,0.3783365885416667,0.3783365885416667,0.0,1024,0.2779947916666667,0.3783365885416667,0.18904622395833334,0.05337062026515151,0.0185546875,0.0185546875,0.7933334256860298
phase,competitive,12,101,0.0,0.0,0.5302882339015151,0.06057646780303029,1.0,1.0,0.0,0.0,0.0,1024,,0.0,0.0,0.0,1.0,0.0,2.562113493401166e-16
phase,scan,12,101,0.0,1.0,1.0,1.0,1.0,12.0,0.0,0.0,0.0,1024,1.0,0.0,0.0,0.0,1.0,0.0,2.562113493401166e-16
phase,competitive,12,101,0.05,0.0,0.4999852035984848,-2.9592803030303112e-05,1.0,0.49609375,0.0,0.0,0.0,1024,,0.0,0.0,0.0,1.0,0.0,0.0396666712843015
phase,scan,12,101,0.05,1.0,1.0,1.0,1.0,12.0,0.0,0.0,0.0,1024,1.0,0.0,0.0,0.0,1.0,0.0,0.0396666712843015
phase,competitive,12,101,0.1,0.0,0.4999852035984848,-2.9592803030303112e-05,1.0,0.49609375,0.0,0.0,0.0,1024,,0.0,0.0,0.0,1.0,0.0,0.079333342568603
phase,scan,12,101,0.1,1.0,1.0,1.0,1.0,12.0,0.0,0.0,0.0,1024,1.0,0.0,0.0,0.0,1.0,0.0,0.079333342568603
phase,competitive,12,101,0.2,0.0,0.49995561079545453,-8.877840909090912e-05,1.0,0.49609375,0.0,0.0,0.0,1024,,0.0,0.0,0.0027965198863636365,0.9814453125,0.0,0.15866668513720597
phase,scan,12,101,0.2,0.7353515625,0.9511866714015151,1.0,0.9511866714015151,10.2314453125,0.024658203125000007,0.024658203125,0.0,1024,0.97509765625,0.024658203125,0.006591796875,0.0027965198863636365,0.9814453125,0.0,0.15866668513720597
phase,competitive,12,101,0.35,0.0,0.49994081439393934,-0.00011837121212121245,1.0,0.513671875,0.0,0.0,0.0,1024,,0.0,0.0,0.030569365530303032,0.65234375,0.0,0.2776666989901104
phase,scan,12,101,0.35,0.0576171875,0.6664003314393938,0.9783200306637806,0.6728515624999999,3.5458984375,0.17805989583333334,0.17805989583333334,0.0,1024,0.777587890625,0.17805989583333334,0.092529296875,0.030569365530303032,0.65234375,0.0,0.2776666989901104
phase,competitive,12,101,0.5,0.0,0.49973366477272724,-0.0005326704545454545,1.0,0.515625,0.0,0.0,0.0,1024,,0.0,0.0,0.0654000946969697,0.244140625,0.0,0.3966667128430149
phase,scan,12,101,0.5,0.00390625,0.5015536221590908,0.9160128066378066,0.5216767282196968,1.58203125,0.2724609375,0.2724609375,0.0,1024,0.5708821614583334,0.2724609375,0.16691080729166663,0.0654000946969697,0.244140625,0.0,0.3966667128430149
phase,competitive,12,101,0.75,0.0,0.4998668323863636,-0.00026633522727272704,1.0,0.490234375,0.0,0.0,0.0,1024,,0.0,0.0,0.1250295928030303,0.03515625,0.0,0.5950000692645223
phase,scan,12,101,0.75,0.0,0.39254853219696967,0.7992751172438672,0.43630149147727265,0.66796875,0.33170572916666663,0.33170572916666663,0.0,1024,0.369384765625,0.3317057291666667,0.20914713541666669,0.1250295928030303,0.03515625,0.0,0.5950000692645223
phase,competitive,12,101,1.0,0.0,0.500207149621212,0.0004142992424242429,1.0,0.42578125,0.0,0.0,0.0,1024,,0.0,0.0,0.17424242424242425,0.005859375,0.0,0.7933334256860298
phase,scan,12,101,1.0,0.0,0.3477006392045454,0.6899587391774893,0.4098159327651515,0.4140625,0.3515625,0.3515625,0.0,1024,0.2699381510416667,0.3515625,0.21427408854166666,0.17424242424242425,0.005859375,0.0,0.7933334256860298
priority,competitive,12,202,0.0,1.0,1.0,1.0,1.0,12.0,0.0,0.0,0.0,1024,,0.0,0.0,0.0,1.0,1.0,0.0
priority,scan,12,202,0.0,1.0,1.0,1.0,1.0,12.0,0.0,0.0,0.0,1024,1.0,0.0,0.0,0.0,1.0,1.0,0.0
priority,competitive,12,202,0.05,1.0,1.0,1.0,1.0,12.0,0.0,0.0,0.0,1024,,0.0,0.0,0.0,1.0,1.0,0.040195272010082425
priority,scan,12,202,0.05,1.0,1.0,1.0,1.0,12.0,0.0,0.0,0.0,1024,1.0,0.0,0.0,0.0,1.0,1.0,0.040195272010082425
priority,competitive,12,202,0.1,1.0,1.0,1.0,1.0,12.0,0.0,0.0,0.0,1024,,0.0,0.0,0.0,1.0,1.0,0.08039054402016485
priority,scan,12,202,0.1,0.99609375,0.9993489583333333,1.0,0.9993489583333333,11.9697265625,0.0003255208333333335,0.0003255208333333333,0.0,1024,0.9996744791666666,0.0003255208333333333,0.0,0.0,1.0,1.0,0.08039054402016485
priority,competitive,12,202,0.2,0.99609375,0.9999408143939394,0.9998816287878788,1.0,11.9736328125,0.0,0.0,0.0,1024,,0.0,0.0,5.918560606060606e-05,0.99609375,0.99609375,0.16078108804032973
priority,scan,12,202,0.2,0.4912109375,0.8792613636363638,1.0,0.8792613636363638,8.3349609375,0.06290690104166667,0.06290690104166666,0.0,1024,0.9296061197916666,0.06290690104166667,0.020426432291666664,5.918560606060606e-05,0.99609375,0.99609375,0.16078108804032973
priority,competitive,12,202,0.35,0.7822265625,0.9964340672348484,0.9928681344696969,1.0,10.4248046875,0.0,0.0,0.0,1024,,0.0,0.0,0.003565932765151515,0.7822265625,0.7822265625,0.28136690407057696
priority,scan,12,202,0.35,0.0283203125,0.6306670217803029,0.998914789637446,0.6310369318181817,3.076171875,0.20263671875,0.20263671875,0.0,1024,0.6947428385416666,0.20263671875,0.11946614583333333,0.003565932765151515,0.7822265625,0.7822265625,0.28136690407057696
priority,competitive,12,202,0.5,0.3583984375,0.9861505681818181,0.9723011363636362,1.0,7.060546875,0.0,0.0,0.0,1024,,0.0,0.0,0.013849431818181818,0.3583984375,0.3583984375,0.4019527201008243
priority,scan,12,202,0.5,0.0029296875,0.5415482954545454,0.9918096985479798,0.5439157196969696,1.9521484375,0.25740559895833337,0.2574055989583333,0.0,1024,0.5325520833333334,0.2574055989583333,0.17236328125,0.013849431818181818,0.3583984375,0.3583984375,0.4019527201008243
priority,competitive,12,202,0.75,0.078125,0.9661458333333333,0.9322916666666665,1.0,3.5615234375,0.0,0.0,0.0,1024,,0.0,0.0,0.033854166666666664,0.078125,0.078125,0.6029290801512364
priority,scan,12,202,0.75,0.0,0.4722567471590909,0.9648479775432901,0.48104580965909083,1.298828125,0.29939778645833337,0.2993977864583333,0.0,1024,0.38427734375,0.2993977864583333,0.19791666666666666,0.033854166666666664,0.078125,0.078125,0.6029290801512364
priority,competitive,12,202,1.0,0.0126953125,0.945416074810606,0.8908321496212119,1.0,2.2666015625,0.0,0.0,0.0,1024,,0.0,0.0,0.054583925189393936,0.0126953125,0.0126953125,0.8039054402016486
priority,scan,12,202,1.0,0.0,0.44019294507575757,0.9314340390512267,0.45652817234848475,1.03125,0.3163248697916667,0.3163248697916667,0.0,1024,0.3098958333333333,0.3163248697916667,0.19832356770833334,0.054583925189393936,0.0126953125,0.0126953125,0.8039054402016486
position,competitive,12,202,0.0,1.0,1.0,1.0,1.0,12.0,0.0,0.0,0.0,1024,,0.0,0.0,0.0,1.0,1.0,0.0
position,scan,12,202,0.0,1.0,1.0,1.0,1.0,12.0,0.0,0.0,0.0,1024,1.0,0.0,0.0,0.0,1.0,1.0,0.0
position,competitive,12,202,0.05,1.0,1.0,1.0,1.0,12.0,0.0,0.0,0.0,1024,,0.0,0.0,0.0,1.0,1.0,0.040195272010082425
position,scan,12,202,0.05,1.0,1.0,1.0,1.0,12.0,0.0,0.0,0.0,1024,1.0,0.0,0.0,0.0,1.0,1.0,0.040195272010082425
position,competitive,12,202,0.1,1.0,1.0,1.0,1.0,12.0,0.0,0.0,0.0,1024,,0.0,0.0,0.0,1.0,1.0,0.08039054402016485
position,scan,12,202,0.1,0.9990234375,0.9998372395833333,1.0,0.9998372395833333,11.9912109375,8.138020833333337e-05,8.138020833333333e-05,0.0,1024,0.9999186197916666,8.138020833333333e-05,0.0,0.0,1.0,1.0,0.08039054402016485
position,competitive,12,202,0.2,0.9970703125,0.9999556107954546,0.9999112215909092,1.0,11.9765625,0.0,0.0,0.0,1024,,0.0,0.0,4.438920454545455e-05,0.9970703125,0.9970703125,0.1607810880403297
position,scan,12,202,0.2,0.7421875,0.9530510179924243,1.0,0.9530510179924243,10.3505859375,0.023681640625000007,0.023681640625,0.0,1024,0.9759114583333334,0.023681640625,0.005289713541666666,4.438920454545455e-05,0.9970703125,0.9970703125,0.1607810880403297
position,competitive,12,202,0.35,0.78125,0.9964636600378787,0.9929273200757576,1.0,10.5078125,0.0,0.0,0.0,1024,,0.0,0.0,0.003536339962121212,0.78125,0.78125,0.28136690407057696
position,scan,12,202,0.35,0.0625,0.6652758049242424,0.9986942527958154,0.6657196969696968,3.5908203125,0.1826171875,0.1826171875,0.0,1024,0.7744140625,0.1826171875,0.08463541666666667,0.003536339962121212,0.78125,0.78125,0.28136690407057696
position,competitive,12,202,0.5,0.361328125,0.9864021070075757,0.9728042140151514,1.0,6.9560546875,0.0,0.0,0.0,1024,,0.0,0.0,0.013597892992424242,0.361328125,0.361328125,0.4019527201008243
position,scan,12,202,0.5,0.0009765625,0.507235440340909,0.988934687274531,0.5102687026515149,1.4912109375,0.28108723958333337,0.28108723958333337,0.0,1024,0.5669759114583334,0.2810872395833333,0.154052734375,0.013597892992424242,0.361328125,0.361328125,0.4019527201008243
position,competitive,12,202,0.75,0.0888671875,0.9665897253787878,0.9331794507575757,1.0,3.6728515625,0.0,0.0,0.0,1024,,0.0,0.0,0.03341027462121212,0.0888671875,0.0888671875,0.6029290801512364
position,scan,12,202,0.75,0.0,0.4052290482954546,0.9602918132215008,0.4137813683712121,0.6748046875,0.34969075520833337,0.34969075520833337,0.0,1024,0.3715006510416667,0.3496907552083333,0.18570963541666666,0.03341027462121212,0.0888671875,0.0888671875,0.6029290801512364
position,competitive,12,202,1.0,0.017578125,0.9447946259469697,0.8895892518939392,1.0,2.171875,0.0,0.0,0.0,1024,,0.0,0.0,0.055205374053030304,0.017578125,0.017578125,0.8039054402016486
position,scan,12,202,1.0,0.0,0.3604995265151515,0.9189637727723666,0.3760357481060606,0.43359375,0.37841796875,0.37841796875,0.0,1024,0.275146484375,0.37841796875,0.19205729166666666,0.055205374053030304,0.017578125,0.017578125,0.8039054402016486
phase,competitive,12,202,0.0,0.0,0.5302290482954545,0.06045809659090909,1.0,1.0,0.0,0.0,0.0,1024,,0.0,0.0,0.0,1.0,0.0,2.562113493401166e-16
phase,scan,12,202,0.0,1.0,1.0,1.0,1.0,12.0,0.0,0.0,0.0,1024,1.0,0.0,0.0,0.0,1.0,0.0,2.562113493401166e-16
phase,competitive,12,202,0.05,0.0,0.5008877840909091,0.001775568181818182,1.0,0.5107421875,0.0,0.0,0.0,1024,,0.0,0.0,0.0,1.0,0.0,0.04019527201008244
phase,scan,12,202,0.05,1.0,1.0,1.0,1.0,12.0,0.0,0.0,0.0,1024,1.0,0.0,0.0,0.0,1.0,0.0,0.04019527201008244
phase,competitive,12,202,0.1,0.0,0.5008877840909091,0.001775568181818182,1.0,0.5107421875,0.0,0.0,0.0,1024,,0.0,0.0,0.0,1.0,0.0,0.08039054402016488
phase,scan,12,202,0.1,0.9990234375,0.9998372395833333,1.0,0.9998372395833333,11.9912109375,8.138020833333337e-05,8.138020833333333e-05,0.0,1024,0.9999186197916666,8.138020833333333e-05,0.0,0.0,1.0,0.0,0.08039054402016488
phase,competitive,12,202,0.2,0.0,0.5009025804924243,0.001805160984848485,1.0,0.5107421875,0.0,0.0,0.0,1024,,0.0,0.0,0.002160274621212121,0.984375,0.0,0.16078108804032973
phase,scan,12,202,0.2,0.7421875,0.9529030539772728,0.9996448863636364,0.9530510179924243,10.3505859375,0.023681640625000007,0.023681640625,0.0,1024,0.975830078125,0.023681640625,0.005696614583333333,0.002160274621212121,0.984375,0.0,0.16078108804032973
phase,competitive,12,202,0.35,0.0,0.5010653409090908,0.0021306818181818185,1.0,0.521484375,0.0,0.0,0.0,1024,,0.0,0.0,0.02960759943181818,0.662109375,0.0,0.281366904070577
phase,scan,12,202,0.35,0.0625,0.662316524621212,0.9780652507215006,0.6690340909090908,3.5224609375,0.18058268229166669,0.18058268229166666,0.0,1024,0.7725423177083334,0.18058268229166666,0.09228515624999999,0.02960759943181818,0.662109375,0.0,0.281366904070577
phase,competitive,12,202,0.5,0.0,0.501080137310606,0.0021602746212121215,1.0,0.5478515625,0.0,0.0,0.0,1024,,0.0,0.0,0.06653941761363637,0.2451171875,0.0,0.4019527201008243
phase,scan,12,202,0.5,0.0009765625,0.49840198863636354,0.9089158887987012,0.5211440577651514,1.3857421875,0.27335611979166663,0.27335611979166663,0.0,1024,0.5613606770833334,0.2733561197916667,0.16739908854166669,0.06653941761363637,0.2451171875,0.0,0.4019527201008243
phase,competitive,12,202,0.75,0.0,0.5020123106060606,0.004024621212121212,1.0,0.5068359375,0.0,0.0,0.0,1024,,0.0,0.0,0.12007279829545454,0.037109375,0.0,0.6029290801512364
phase,scan,12,202,0.75,0.0,0.3929184422348485,0.7995548396915585,0.4360647490530303,0.623046875,0.33243815104166663,0.33243815104166663,0.0,1024,0.3641764322916667,0.3324381510416667,0.20442708333333331,0.12007279829545454,0.037109375,0.0,0.6029290801512364
phase,competitive,12,202,1.0,0.0,0.502145478219697,0.004290956439393939,1.0,0.408203125,0.0,0.0,0.0,1024,,0.0,0.0,0.16749526515151514,0.00390625,0.0,0.8039054402016486
phase,scan,12,202,1.0,0.0,0.3462062026515152,0.7097962042297981,0.4046815814393939,0.3671875,0.35538736979166663,0.35538736979166663,0.0,1024,0.2676595052083333,0.3553873697916667,0.21492513020833331,0.16749526515151514,0.00390625,0.0,0.8039054402016486
priority,competitive,12,303,0.0,1.0,1.0,1.0,1.0,12.0,0.0,0.0,0.0,1024,,0.0,0.0,0.0,1.0,1.0,0.0
priority,scan,12,303,0.0,1.0,1.0,1.0,1.0,12.0,0.0,0.0,0.0,1024,1.0,0.0,0.0,0.0,1.0,1.0,0.0
priority,competitive,12,303,0.05,1.0,1.0,1.0,1.0,12.0,0.0,0.0,0.0,1024,,0.0,0.0,0.0,1.0,1.0,0.039695839941173566
priority,scan,12,303,0.05,1.0,1.0,1.0,1.0,12.0,0.0,0.0,0.0,1024,1.0,0.0,0.0,0.0,1.0,1.0,0.039695839941173566
priority,competitive,12,303,0.1,1.0,1.0,1.0,1.0,12.0,0.0,0.0,0.0,1024,,0.0,0.0,0.0,1.0,1.0,0.07939167988234713
priority,scan,12,303,0.1,0.9951171875,0.9991861979166667,1.0,0.9991861979166667,11.96875,0.00040690104166666685,0.00040690104166666663,0.0,1024,0.9995930989583334,0.0004069010416666667,0.0,0.0,1.0,1.0,0.07939167988234713
priority,competitive,12,303,0.2,0.998046875,0.9999704071969697,0.9999408143939394,1.0,11.982421875,0.0,0.0,0.0,1024,,0.0,0.0,2.959280303030303e-05,0.998046875,0.998046875,0.15878335976469427
priority,scan,12,303,0.2,0.505859375,0.8844401041666667,1.0,0.8844401041666667,8.3857421875,0.06022135416666668,0.060221354166666664,0.0,1024,0.931884765625,0.060221354166666664,0.021809895833333332,2.959280303030303e-05,0.998046875,0.998046875,0.15878335976469427
priority,competitive,12,303,0.35,0.7802734375,0.9963896780303029,0.992779356060606,1.0,10.38671875,0.0,0.0,0.0,1024,,0.0,0.0,0.0036103219696969695,0.7802734375,0.7802734375,0.2778708795882149
priority,scan,12,303,0.35,0.041015625,0.6383167613636362,0.9991085520382396,0.6386274857954544,3.2998046875,0.1982421875,0.1982421875,0.0,1024,0.7037760416666666,0.1982421875,0.11767578125,0.0036103219696969695,0.7802734375,0.7802734375,0.2778708795882149
priority,competitive,12,303,0.5,0.3955078125,0.987023555871212,0.9740471117424242,1.0,7.3427734375,0.0,0.0,0.0,1024,,0.0,0.0,0.012976444128787878,0.3955078125,0.3955078125,0.3969583994117356
priority,scan,12,303,0.5,0.0048828125,0.540142637310606,0.992257113546176,0.5423768939393938,2.0,0.2579752604166667,0.25797526041666663,0.0,1024,0.53955078125,0.2579752604166667,0.169921875,0.012976444128787878,0.3955078125,0.3955078125,0.3969583994117356
priority,competitive,12,303,0.75,0.0791015625,0.9666489109848485,0.933297821969697,1.0,3.708984375,0.0,0.0,0.0,1024,,0.0,0.0,0.03335108901515151,0.0791015625,0.0791015625,0.5954375991176035
priority,scan,12,303,0.75,0.0,0.47006687973484845,0.9646398414953103,0.47890033143939387,1.29296875,0.30086263020833337,0.30086263020833337,0.0,1024,0.385498046875,0.3008626302083333,0.19889322916666666,0.03335108901515151,0.0791015625,0.0791015625,0.5954375991176035
priority,competitive,12,303,1.0,0.0166015625,0.9467329545454546,0.893465909090909,1.0,2.2470703125,0.0,0.0,0.0,1024,,0.0,0.0,0.053267045454545456,0.0166015625,0.0166015625,0.7939167988234712
priority,scan,12,303,1.0,0.0,0.4339192708333333,0.932276729347042,0.44979580965909083,1.029296875,0.321533203125,0.321533203125,0.0,1024,0.307373046875,0.321533203125,0.200927734375,0.053267045454545456,0.0166015625,0.0166015625,0.7939167988234712
position,competitive,12,303,0.0,1.0,1.0,1.0,1.0,12.0,0.0,0.0,0.0,1024,,0.0,0.0,0.0,1.0,1.0,0.0
position,scan,12,303,0.0,1.0,1.0,1.0,1.0,12.0,0.0,0.0,0.0,1024,1.0,0.0,0.0,0.0,1.0,1.0,0.0
position,competitive,12,303,0.05,1.0,1.0,1.0,1.0,12.0,0.0,0.0,0.0,1024,,0.0,0.0,0.0,1.0,1.0,0.039695839941173566
position,scan,12,303,0.05,1.0,1.0,1.0,1.0,12.0,0.0,0.0,0.0,1024,1.0,0.0,0.0,0.0,1.0,1.0,0.039695839941173566
position,competitive,12,303,0.1,1.0,1.0,1.0,1.0,12.0,0.0,0.0,0.0,1024,,0.0,0.0,0.0,1.0,1.0,0.07939167988234713
position,scan,12,303,0.1,1.0,1.0,1.0,1.0,12.0,0.0,0.0,0.0,1024,1.0,0.0,0.0,0.0,1.0,1.0,0.07939167988234713
position,competitive,12,303,0.2,0.9970703125,0.9999556107954546,0.9999112215909091,1.0,11.9755859375,0.0,0.0,0.0,1024,,0.0,0.0,4.438920454545455e-05,0.9970703125,0.9970703125,0.1587833597646943
position,scan,12,303,0.2,0.7255859375,0.9488340435606062,1.0,0.9488340435606062,10.154296875,0.025878906250000007,0.02587890625,0.0,1024,0.9737141927083334,0.02587890625,0.005452473958333332,4.438920454545455e-05,0.9970703125,0.9970703125,0.1587833597646943
position,competitive,12,303,0.35,0.7734375,0.9961529356060606,0.9923058712121212,1.0,10.353515625,0.0,0.0,0.0,1024,,0.0,0.0,0.003847064393939394,0.7734375,0.7734375,0.27787087958821494
position,scan,12,303,0.35,0.0810546875,0.6827799479166666,0.9983039096320346,0.683401396780303,3.802734375,0.17220052083333334,0.17220052083333331,0.0,1024,0.7860514322916666,0.17220052083333334,0.08243815104166666,0.003847064393939394,0.7734375,0.7734375,0.27787087958821494
position,competitive,12,303,0.5,0.3828125,0.9867128314393938,0.9734256628787878,1.0,7.166015625,0.0,0.0,0.0,1024,,0.0,0.0,0.01328716856060606,0.3828125,0.3828125,0.3969583994117356
position,scan,12,303,0.5,0.0029296875,0.5119258996212119,0.9891897490530304,0.5147964015151514,1.591796875,0.27783203125,0.27783203125,0.0,1024,0.5790201822916666,0.27783203125,0.148681640625,0.01328716856060606,0.3828125,0.3828125,0.3969583994117356
position,competitive,12,303,0.75,0.078125,0.9671075994318181,0.9342151988636362,1.0,3.7021484375,0.0,0.0,0.0,1024,,0.0,0.0,0.032892400568181816,0.078125,0.078125,0.5954375991176035
position,scan,12,303,0.75,0.0,0.4086174242424242,0.9602347413870852,0.41708096590909083,0.71484375,0.3474934895833333,0.34749348958333337,0.0,1024,0.3750813802083333,0.3474934895833333,0.1875,0.032892400568181816,0.078125,0.078125,0.5954375991176035
position,competitive,12,303,1.0,0.0185546875,0.9467921401515151,0.8935842803030303,1.0,2.29296875,0.0,0.0,0.0,1024,,0.0,0.0,0.05320785984848485,0.0185546875,0.0185546875,0.7939167988234712
position,scan,12,303,1.0,0.0,0.3657818418560606,0.9191220238095239,0.38125887784090906,0.46875,0.3740234375,0.3740234375,0.0,1024,0.2732747395833333,0.3740234375,0.193115234375,0.05320785984848485,0.0185546875,0.0185546875,0.7939167988234712
phase,competitive,12,303,0.0,0.0,0.5305397727272727,0.06107954545454545,1.0,1.0,0.0,0.0,0.0,1024,,0.0,0.0,0.0,1.0,0.0,2.562113493401166e-16
phase,scan,12,303,0.0,1.0,1.0,1.0,1.0,12.0,0.0,0.0,0.0,1024,1.0,0.0,0.0,0.0,1.0,0.0,2.562113493401166e-16
phase,competitive,12,303,0.05,0.0,0.5003255208333333,0.0006510416666666665,1.0,0.5,0.0,0.0,0.0,1024,,0.0,0.0,0.0,1.0,0.0,0.039695839941173566
phase,scan,12,303,0.05,1.0,1.0,1.0,1.0,12.0,0.0,0.0,0.0,1024,1.0,0.0,0.0,0.0,1.0,0.0,0.039695839941173566
phase,competitive,12,303,0.1,0.0,0.5003255208333333,0.0006510416666666665,1.0,0.5,0.0,0.0,0.0,1024,,0.0,0.0,0.0,1.0,0.0,0.07939167988234713
phase,scan,12,303,0.1,1.0,1.0,1.0,1.0,12.0,0.0,0.0,0.0,1024,1.0,0.0,0.0,0.0,1.0,0.0,0.07939167988234713
phase,competitive,12,303,0.2,0.0,0.5003107244318181,0.0006214488636363635,1.0,0.5009765625,0.0,0.0,0.0,1024,,0.0,0.0,0.0016719933712121212,0.9873046875,0.0,0.1587833597646943
phase,scan,12,303,0.2,0.7255859375,0.9488340435606062,1.0,0.9488340435606062,10.154296875,0.025878906250000007,0.02587890625,0.0,1024,0.9737141927083334,0.02587890625,0.005859375,0.0016719933712121212,0.9873046875,0.0,0.1587833597646943
phase,competitive,12,303,0.35,0.0,0.5005918560606061,0.001183712121212121,1.0,0.5263671875,0.0,0.0,0.0,1024,,0.0,0.0,0.030510179924242424,0.654296875,0.0,0.277870879588215
phase,scan,12,303,0.35,0.0810546875,0.6799242424242424,0.9803372734036796,0.6856948390151515,3.7119140625,0.170654296875,0.170654296875,0.0,1024,0.7841796875,0.170654296875,0.08984375,0.030510179924242424,0.654296875,0.0,0.277870879588215
phase,competitive,12,303,0.5,0.0,0.501168915719697,0.002337831439393939,1.0,0.5361328125,0.0,0.0,0.0,1024,,0.0,0.0,0.06525213068181818,0.27734375,0.0,0.3969583994117357
phase,scan,12,303,0.5,0.0029296875,0.5035363399621211,0.9121526368596682,0.5249467329545453,1.5283203125,0.2705078125,0.2705078125,0.0,1024,0.573974609375,0.2705078125,0.16227213541666666,0.06525213068181818,0.27734375,0.0,0.3969583994117357
phase,competitive,12,303,0.75,0.0,0.501376065340909,0.002752130681818181,1.0,0.490234375,0.0,0.0,0.0,1024,,0.0,0.0,0.11828243371212122,0.041015625,0.0,0.5954375991176035
phase,scan,12,303,0.75,0.0,0.3972389914772727,0.8048202448593074,0.4387724905303029,0.66015625,0.330810546875,0.330810546875,0.0,1024,0.3680826822916667,0.330810546875,0.207275390625,0.11828243371212122,0.041015625,0.0,0.5954375991176035
phase,competitive,12,303,1.0,0.0,0.50048828125,0.0009765624999999998,1.0,0.390625,0.0,0.0,0.0,1024,,0.0,0.0,0.16474313446969696,0.0068359375,0.0,0.7939167988234714
phase,scan,12,303,1.0,0.0,0.3535452178030303,0.715689963248557,0.41133996212121204,0.4140625,0.3500162760416667,0.3500162760416667,0.0,1024,0.2655436197916667,0.3500162760416667,0.21769205729166666,0.16474313446969696,0.0068359375,0.0,0.7939167988234714
priority,competitive,12,404,0.0,1.0,1.0,1.0,1.0,12.0,0.0,0.0,0.0,1024,,0.0,0.0,0.0,1.0,1.0,0.0
priority,scan,12,404,0.0,1.0,1.0,1.0,1.0,12.0,0.0,0.0,0.0,1024,1.0,0.0,0.0,0.0,1.0,1.0,0.0
priority,competitive,12,404,0.05,1.0,1.0,1.0,1.0,12.0,0.0,0.0,0.0,1024,,0.0,0.0,0.0,1.0,1.0,0.03979697441913317
priority,scan,12,404,0.05,1.0,1.0,1.0,1.0,12.0,0.0,0.0,0.0,1024,1.0,0.0,0.0,0.0,1.0,1.0,0.03979697441913317
priority,competitive,12,404,0.1,1.0,1.0,1.0,1.0,12.0,0.0,0.0,0.0,1024,,0.0,0.0,0.0,1.0,1.0,0.07959394883826634
priority,scan,12,404,0.1,0.994140625,0.9988754734848485,1.0,0.9988754734848485,11.943359375,0.0005696614583333335,0.0005696614583333333,0.0,1024,0.9994303385416666,0.0005696614583333334,0.0,0.0,1.0,1.0,0.07959394883826634
priority,competitive,12,404,0.2,0.9990234375,0.9999852035984849,0.9999704071969697,1.0,11.9970703125,0.0,0.0,0.0,1024,,0.0,0.0,1.4796401515151516e-05,0.9990234375,0.9990234375,0.15918789767653269
priority,scan,12,404,0.2,0.5029296875,0.8807705965909092,1.0,0.8807705965909092,8.5234375,0.062174479166666685,0.06217447916666666,0.0,1024,0.9305013020833334,0.062174479166666664,0.021158854166666664,1.4796401515151516e-05,0.9990234375,0.9990234375,0.15918789767653269
priority,competitive,12,404,0.35,0.7705078125,0.9961677320075757,0.9923354640151515,1.0,10.37109375,0.0,0.0,0.0,1024,,0.0,0.0,0.0038322679924242425,0.7705078125,0.7705078125,0.27857882093393216
priority,scan,12,404,0.35,0.046875,0.6393229166666665,0.999276949179293,0.6395744554924241,3.4453125,0.197998046875,0.197998046875,0.0,1024,0.7015787760416666,0.197998046875,0.119140625,0.0038322679924242425,0.7705078125,0.7705078125,0.27857882093393216
priority,competitive,12,404,0.5,0.37890625,0.9868164062499998,0.9736328125,1.0,7.283203125,0.0,0.0,0.0,1024,,0.0,0.0,0.01318359375,0.37890625,0.37890625,0.3979697441913317
priority,scan,12,404,0.5,0.001953125,0.5340613162878787,0.9920360130321069,0.5362659801136362,1.984375,0.2615559895833333,0.2615559895833333,0.0,1024,0.5311686197916666,0.2615559895833333,0.168212890625,0.01318359375,0.37890625,0.37890625,0.3979697441913317
priority,competitive,12,404,0.75,0.0849609375,0.967388731060606,0.9347774621212122,1.0,3.7900390625,0.0,0.0,0.0,1024,,0.0,0.0,0.032611268939393936,0.0849609375,0.0849609375,0.5969546162869976
priority,scan,12,404,0.75,0.0,0.47662168560606055,0.9664830503697692,0.48518880208333326,1.3359375,0.29630533854166663,0.29630533854166663,0.0,1024,0.3909505208333333,0.2963053385416667,0.19938151041666663,0.032611268939393936,0.0849609375,0.0849609375,0.5969546162869976
priority,competitive,12,404,1.0,0.01953125,0.9460819128787878,0.8921638257575757,1.0,2.3193359375,0.0,0.0,0.0,1024,,0.0,0.0,0.05391808712121212,0.01953125,0.01953125,0.7959394883826634
priority,scan,12,404,1.0,0.0,0.43551728219696967,0.9315043571879511,0.45149739583333326,1.080078125,0.3199869791666667,0.3199869791666667,0.0,1024,0.3125,0.3199869791666667,0.20410156249999997,0.05391808712121212,0.01953125,0.01953125,0.7959394883826634
position,competitive,12,404,0.0,1.0,1.0,1.0,1.0,12.0,0.0,0.0,0.0,1024,,0.0,0.0,0.0,1.0,1.0,0.0
position,scan,12,404,0.0,1.0,1.0,1.0,1.0,12.0,0.0,0.0,0.0,1024,1.0,0.0,0.0,0.0,1.0,1.0,0.0
position,competitive,12,404,0.05,1.0,1.0,1.0,1.0,12.0,0.0,0.0,0.0,1024,,0.0,0.0,0.0,1.0,1.0,0.03979697441913317
position,scan,12,404,0.05,1.0,1.0,1.0,1.0,12.0,0.0,0.0,0.0,1024,1.0,0.0,0.0,0.0,1.0,1.0,0.03979697441913317
position,competitive,12,404,0.1,1.0,1.0,1.0,1.0,12.0,0.0,0.0,0.0,1024,,0.0,0.0,0.0,1.0,1.0,0.07959394883826636
position,scan,12,404,0.1,1.0,1.0,1.0,1.0,12.0,0.0,0.0,0.0,1024,1.0,0.0,0.0,0.0,1.0,1.0,0.07959394883826636
position,competitive,12,404,0.2,0.99609375,0.9999408143939394,0.9998816287878788,1.0,11.9638671875,0.0,0.0,0.0,1024,,0.0,0.0,5.918560606060606e-05,0.99609375,0.99609375,0.15918789767653269
position,scan,12,404,0.2,0.7431640625,0.9506392045454546,1.0,0.9506392045454546,10.2783203125,0.02506510416666667,0.025065104166666664,0.0,1024,0.9745279947916666,0.025065104166666668,0.006184895833333332,5.918560606060606e-05,0.99609375,0.99609375,0.15918789767653269
position,competitive,12,404,0.35,0.7890625,0.9964636600378787,0.9929273200757576,1.0,10.498046875,0.0,0.0,0.0,1024,,0.0,0.0,0.003536339962121212,0.7890625,0.7890625,0.2785788209339322
position,scan,12,404,0.35,0.076171875,0.6783706202651514,0.9987029897186146,0.6787997159090908,3.9306640625,0.1748046875,0.1748046875,0.0,1024,0.7835286458333334,0.1748046875,0.08536783854166666,0.003536339962121212,0.7890625,0.7890625,0.2785788209339322
position,competitive,12,404,0.5,0.38671875,0.9868755918560606,0.9737511837121212,1.0,7.2158203125,0.0,0.0,0.0,1024,,0.0,0.0,0.013124408143939394,0.38671875,0.38671875,0.3979697441913317
position,scan,12,404,0.5,0.0068359375,0.5079456676136362,0.9899797359758298,0.5106090198863635,1.7265625,0.28059895833333337,0.28059895833333337,0.0,1024,0.57373046875,0.2805989583333333,0.14998372395833334,0.013124408143939394,0.38671875,0.38671875,0.3979697441913317
position,competitive,12,404,0.75,0.0859375,0.966116240530303,0.932232481060606,1.0,3.775390625,0.0,0.0,0.0,1024,,0.0,0.0,0.03388375946969697,0.0859375,0.0859375,0.5969546162869976
position,scan,12,404,0.75,0.0,0.4090613162878788,0.9595484701930015,0.41787997159090906,0.7978515625,0.34602864583333337,0.34602864583333337,0.0,1024,0.375732421875,0.3460286458333333,0.1865234375,0.03388375946969697,0.0859375,0.0859375,0.5969546162869976
position,competitive,12,404,1.0,0.0244140625,0.944528290719697,0.8890565814393938,1.0,2.337890625,0.0,0.0,0.0,1024,,0.0,0.0,0.05547170928030303,0.0244140625,0.0244140625,0.7959394883826634
position,scan,12,404,1.0,0.0,0.3652047821969697,0.9180382226280664,0.3811257102272727,0.4697265625,0.37459309895833337,0.37459309895833337,0.0,1024,0.2744140625,0.3745930989583333,0.190185546875,0.05547170928030303,0.0244140625,0.0244140625,0.7959394883826634
phase,competitive,12,404,0.0,0.0,0.5308209043560606,0.061641808712121215,1.0,1.0,0.0,0.0,0.0,1024,,0.0,0.0,0.0,1.0,0.0,2.562113493401166e-16
phase,scan,12,404,0.0,1.0,1.0,1.0,1.0,12.0,0.0,0.0,0.0,1024,1.0,0.0,0.0,0.0,1.0,0.0,2.562113493401166e-16
phase,competitive,12,404,0.05,0.0,0.49927497632575757,-0.0014500473484848485,1.0,0.4775390625,0.0,0.0,0.0,1024,,0.0,0.0,0.0,1.0,0.0,0.039796974419133185
phase,scan,12,404,0.05,1.0,1.0,1.0,1.0,12.0,0.0,0.0,0.0,1024,1.0,0.0,0.0,0.0,1.0,0.0,0.039796974419133185
phase,competitive,12,404,0.1,0.0,0.49927497632575757,-0.0014500473484848485,1.0,0.4775390625,0.0,0.0,0.0,1024,,0.0,0.0,0.0,1.0,0.0,0.07959394883826637
phase,scan,12,404,0.1,1.0,1.0,1.0,1.0,12.0,0.0,0.0,0.0,1024,1.0,0.0,0.0,0.0,1.0,0.0,0.07959394883826637
phase,competitive,12,404,0.2,0.0,0.4992305871212121,-0.0015388257575757575,1.0,0.478515625,0.0,0.0,0.0,1024,,0.0,0.0,0.002012310606060606,0.984375,0.0,0.15918789767653274
phase,scan,12,404,0.2,0.7431640625,0.9506392045454546,1.0,0.9506392045454546,10.2783203125,0.02506510416666667,0.025065104166666664,0.0,1024,0.9745279947916666,0.025065104166666668,0.006429036458333332,0.002012310606060606,0.984375,0.0,0.15918789767653274
phase,competitive,12,404,0.35,0.0,0.4995857007575758,-0.0008285984848484849,1.0,0.486328125,0.0,0.0,0.0,1024,,0.0,0.0,0.028438683712121212,0.681640625,0.0,0.2785788209339322
phase,scan,12,404,0.35,0.076171875,0.6755297111742424,0.9809406847492785,0.6813299005681817,3.880859375,0.17317708333333331,0.17317708333333331,0.0,1024,0.7816569010416666,0.17317708333333334,0.09342447916666666,0.028438683712121212,0.681640625,0.0,0.2785788209339322
phase,competitive,12,404,0.5,0.0,0.49877189867424243,-0.002456202651515151,1.0,0.4970703125,0.0,0.0,0.0,1024,,0.0,0.0,0.06501538825757576,0.2724609375,0.0,0.3979697441913318
phase,scan,12,404,0.5,0.0068359375,0.49999999999999994,0.9268990124458873,0.5184955018939393,1.615234375,0.2750651041666667,0.27506510416666663,0.0,1024,0.5684407552083334,0.2750651041666667,0.16471354166666669,0.06501538825757576,0.2724609375,0.0,0.3979697441913318
phase,competitive,12,404,0.75,0.0,0.49967447916666663,-0.0006510416666666665,1.0,0.4853515625,0.0,0.0,0.0,1024,,0.0,0.0,0.11412464488636363,0.041015625,0.0,0.5969546162869976
phase,scan,12,404,0.75,0.0,0.39598129734848486,0.8123499222132036,0.4364050662878788,0.6953125,0.3318684895833333,0.3318684895833333,0.0,1024,0.3675130208333333,0.3318684895833333,0.20515950520833334,0.11412464488636363,0.041015625,0.0,0.5969546162869976
phase,competitive,12,404,1.0,0.0,0.5003403172348484,0.0006806344696969704,1.0,0.4306640625,0.0,0.0,0.0,1024,,0.0,0.0,0.16579367897727273,0.0087890625,0.0,0.7959394883826635
phase,scan,12,404,1.0,0.0,0.35387073863636365,0.7218015816648629,0.4102006392045454,0.41015625,0.3514811197916667,0.3514811197916667,0.0,1024,0.2679850260416667,0.3514811197916667,0.21427408854166669,0.16579367897727273,0.0087890625,0.0,0.7959394883826635
