arm,system,seed,n,step,exact,pairwise,no_match,interior_offset,offsets
X46-b2,priority_scan,11,4,900,0.2431640625,0.59326171875,0.210205078125,0.3374979231092665,0.000 0.393 0.282 0.000
X46-b2,priority_scan,11,6,900,0.0322265625,0.5006510416666667,0.27506510416666663,0.5314327279726663,0.000 0.570 0.866 0.457 0.233 -0.000
X46-b2,priority_scan,11,8,900,0.0048828125,0.45710100446428564,0.3094482421875,0.6797080569797092,0.000 0.858 1.465 1.045 0.514 0.112 0.085 0.000
X46-b2,priority_scan,11,4,1800,0.75,0.8709309895833334,0.065185546875,0.38005835480160177,0.000 0.356 0.404 0.000
X46-b2,priority_scan,11,6,1800,0.22265625,0.6552734375,0.18391927083333331,0.6510747969150541,0.000 0.613 0.717 0.754 0.521 -0.000
X46-b2,priority_scan,11,8,1800,0.0224609375,0.5708356584821428,0.234130859375,0.8746368796737105,0.000 0.709 1.022 1.059 1.091 1.052 0.316 0.000
X46-b2,priority_scan,11,4,3600,0.810546875,0.90234375,0.049560546875,0.3290671772427029,0.000 0.341 0.318 0.000
X46-b2,priority_scan,11,6,3600,0.28515625,0.6879557291666666,0.16617838541666666,0.707593907912572,0.000 0.707 0.766 0.790 0.567 -0.000
X46-b2,priority_scan,11,8,3600,0.0126953125,0.5682198660714286,0.235595703125,1.0942375439184684,0.000 0.964 1.178 1.288 1.331 1.203 0.601 0.000
X46-b2,priority_scan,11,4,7200,0.876953125,0.9388020833333334,0.030517578125,0.1966683069864909,0.000 0.184 0.209 0.000
X46-b2,priority_scan,11,6,7200,0.5927734375,0.8442057291666666,0.08040364583333333,0.46532104412714625,0.000 0.417 0.412 0.520 0.512 -0.000
X46-b2,priority_scan,11,8,7200,0.0859375,0.6359514508928572,0.196533203125,0.7333772050009834,0.000 0.492 0.702 0.729 0.838 0.995 0.644 0.000
X46-b2,priority_scan,11,4,14400,0.93359375,0.9677734375,0.015869140625,0.3395085202323066,0.000 0.323 0.356 0.000
X46-b2,priority_scan,11,6,14400,0.5810546875,0.8306640624999999,0.0888671875,0.7010343174139657,0.000 0.617 0.696 0.814 0.678 -0.000
X46-b2,priority_scan,11,8,14400,0.005859375,0.5320870535714285,0.260498046875,1.1039207599781178,0.000 0.875 1.273 1.174 1.283 1.279 0.739 0.000
X46-b2,priority_scan,11,4,28800,0.9501953125,0.97607421875,0.01171875,0.379814969168769,0.000 0.373 0.387 0.000
X46-b2,priority_scan,11,6,28800,0.462890625,0.7779947916666666,0.11702473958333333,0.7992800573507943,0.000 0.674 0.863 0.912 0.749 -0.000
X46-b2,priority_scan,11,8,28800,0.0,0.5812290736607142,0.2279052734375,1.3077615367041693,0.000 1.058 1.439 1.471 1.574 1.483 0.821 0.000
X46-b2,priority_scan,11,4,36000,0.962890625,0.9811197916666666,0.009521484375,0.3751446141137017,0.000 0.389 0.361 0.000
X46-b2,priority_scan,11,6,36000,0.658203125,0.8667317708333333,0.06966145833333334,0.7645560801029203,0.000 0.689 0.874 0.781 0.714 -0.000
X46-b2,priority_scan,11,8,36000,0.0029296875,0.5315987723214286,0.2606201171875,1.098320064721284,0.000 0.878 1.172 1.328 1.283 1.196 0.733 0.000
X46-b2,priority_scan,22,4,900,0.1845703125,0.5458984375,0.23828125,0.20355721314748126,0.000 -0.024 0.431 0.000
X46-b2,priority_scan,22,6,900,0.0224609375,0.46256510416666674,0.3030598958333333,0.40639385581016524,0.000 -0.064 0.459 0.577 0.653 -0.000
X46-b2,priority_scan,22,8,900,0.001953125,0.43268694196428564,0.32763671875,0.5886450961784081,0.000 -0.088 0.659 0.765 0.743 0.780 0.673 0.000
X46-b2,priority_scan,22,4,1800,0.744140625,0.87158203125,0.064208984375,0.21891964806450737,0.000 0.187 0.251 0.000
X46-b2,priority_scan,22,6,1800,0.3896484375,0.7458333333333332,0.13395182291666666,0.45365249117215456,0.000 0.318 0.448 0.589 0.459 -0.000
X46-b2,priority_scan,22,8,1800,0.07421875,0.5992257254464286,0.2191162109375,0.6915752976029008,0.000 0.510 0.561 0.728 0.882 0.916 0.552 0.000
X46-b2,priority_scan,22,4,3600,0.8623046875,0.9324544270833334,0.033447265625,0.22988114092085096,0.000 0.265 0.195 0.000
X46-b2,priority_scan,22,6,3600,0.4814453125,0.7949869791666666,0.10693359374999999,0.5599611004193622,0.000 0.509 0.617 0.580 0.533 -0.000
X46-b2,priority_scan,22,8,3600,0.0556640625,0.5786830357142857,0.2325439453125,0.8364801715921472,0.000 0.578 0.869 0.947 0.978 0.981 0.667 0.000
X46-b2,priority_scan,22,4,7200,0.8857421875,0.9422200520833334,0.029052734375,0.2938457330067953,0.000 0.259 0.328 0.000
X46-b2,priority_scan,22,6,7200,0.482421875,0.7918619791666666,0.10904947916666666,0.6509643793106078,0.000 0.473 0.608 0.751 0.772 -0.000
X46-b2,priority_scan,22,8,7200,0.0068359375,0.5484444754464286,0.2491455078125,0.9960216946072048,0.000 0.633 0.887 0.980 1.160 1.417 0.899 0.000
X46-b2,priority_scan,22,4,14400,0.9140625,0.9544270833333333,0.0234375,0.47639052073160804,0.000 0.525 0.428 0.000
X46-b2,priority_scan,22,6,14400,0.138671875,0.6106770833333333,0.2099609375,0.9086614350477853,0.000 0.781 1.070 0.993 0.790 -0.000
X46-b2,priority_scan,22,8,14400,0.0,0.6200474330357143,0.2032470703125,1.3652724027633667,0.000 0.931 1.629 1.695 1.628 1.477 0.832 0.000
X46-b2,priority_scan,22,4,28800,0.962890625,0.9807942708333333,0.009765625,0.273108548588223,0.000 0.275 0.271 0.000
X46-b2,priority_scan,22,6,28800,0.728515625,0.8992838541666666,0.0517578125,0.640168140331904,0.000 0.599 0.662 0.696 0.603 -0.000
X46-b2,priority_scan,22,8,28800,0.0166015625,0.5006626674107142,0.283447265625,1.0143308286313657,0.000 0.905 1.056 1.087 1.124 1.201 0.713 0.000
X46-b2,priority_scan,22,4,36000,0.9521484375,0.97705078125,0.01123046875,0.3257849481370714,0.000 0.333 0.319 0.000
X46-b2,priority_scan,22,6,36000,0.69921875,0.8863281249999999,0.05875651041666666,0.6703873475392659,0.000 0.554 0.715 0.742 0.671 -0.000
X46-b2,priority_scan,22,8,36000,0.0087890625,0.508510044642857,0.2767333984375,1.0859411734121818,0.000 0.726 1.132 1.180 1.244 1.324 0.910 0.000
X46-b2,priority_scan,33,4,900,0.1875,0.5392252604166667,0.2431640625,0.3455786572562324,0.000 0.112 0.579 0.000
X46-b2,priority_scan,33,6,900,0.025390625,0.4570963541666668,0.30550130208333326,0.593278408050537,0.000 0.050 0.706 0.786 0.831 -0.000
X46-b2,priority_scan,33,8,900,0.00390625,0.42145647321428564,0.3359375,0.9027260321157949,0.000 0.089 1.033 1.149 1.173 1.171 0.800 0.000
X46-b2,priority_scan,33,4,1800,0.615234375,0.7999674479166666,0.101806640625,0.4300803608364529,0.000 0.469 0.391 0.000
X46-b2,priority_scan,33,6,1800,0.11328125,0.5967447916666667,0.21647135416666663,0.7877898216247557,0.000 0.757 1.015 0.793 0.586 -0.000
X46-b2,priority_scan,33,8,1800,0.0068359375,0.5516880580357143,0.24609375,1.1647585144749395,0.000 1.160 1.395 1.481 1.264 1.175 0.514 0.000
X46-b2,priority_scan,33,4,3600,0.798828125,0.8972981770833333,0.0517578125,0.3387657801310221,0.000 0.351 0.326 0.000
X46-b2,priority_scan,33,6,3600,0.298828125,0.7035807291666667,0.15673828125,0.5808115998903909,0.000 0.590 0.655 0.698 0.380 -0.000
X46-b2,priority_scan,33,8,3600,0.0283203125,0.5856236049107142,0.2255859375,0.8323609166675143,0.000 0.813 1.056 1.067 1.025 0.776 0.256 0.000
X46-b2,priority_scan,33,4,7200,0.896484375,0.9485677083333334,0.025634765625,0.3643308083216349,0.000 0.346 0.383 0.000
X46-b2,priority_scan,33,6,7200,0.4375,0.7649739583333333,0.12434895833333333,0.718926986058553,0.000 0.632 0.744 0.823 0.677 -0.000
X46-b2,priority_scan,33,8,7200,0.0234375,0.5523856026785714,0.2476806640625,1.0194955048737704,0.000 0.897 1.085 1.150 1.193 1.210 0.581 0.000
X46-b2,priority_scan,33,4,14400,0.94140625,0.9720052083333333,0.013671875,0.3769369920094808,0.000 0.349 0.405 0.000
X46-b2,priority_scan,33,6,14400,0.48046875,0.7960286458333332,0.1064453125,0.7765668630599973,0.000 0.727 0.792 0.839 0.748 -0.000
X46-b2,priority_scan,33,8,14400,0.0009765625,0.48932756696428564,0.2884521484375,1.1426398268452396,0.000 1.058 1.177 1.197 1.247 1.421 0.756 0.000
X46-b2,priority_scan,33,4,28800,0.95703125,0.9788411458333333,0.010498046875,0.22896793153550887,0.000 0.191 0.266 0.000
X46-b2,priority_scan,33,6,28800,0.8388671875,0.9412760416666666,0.029947916666666664,0.6313780446847278,0.000 0.603 0.554 0.693 0.676 -0.000
X46-b2,priority_scan,33,8,28800,0.013671875,0.4872698102678571,0.291748046875,0.9745280389432552,0.000 1.016 1.014 0.915 1.114 1.217 0.571 0.000
X46-b2,priority_scan,33,4,36000,0.9794921875,0.99072265625,0.00439453125,0.3176588482326932,0.000 0.298 0.337 0.000
X46-b2,priority_scan,33,6,36000,0.7958984375,0.9241536458333333,0.0390625,0.6195408105850219,0.000 0.661 0.580 0.707 0.530 -0.000
X46-b2,priority_scan,33,8,36000,0.0419921875,0.5494559151785714,0.2506103515625,0.8431687399193092,0.000 1.068 1.012 0.848 1.080 0.616 0.435 0.000
X46-b2,priority_scan,44,4,900,0.376953125,0.65673828125,0.17919921875,0.15429536501566568,0.000 0.200 0.108 0.000
X46-b2,priority_scan,44,6,900,0.076171875,0.5392578125,0.25130208333333337,0.32926529645919783,0.000 0.253 0.427 0.206 0.431 -0.000
X46-b2,priority_scan,44,8,900,0.013671875,0.4870256696428571,0.289794921875,0.5038966514446117,0.000 0.321 0.805 0.445 0.384 0.444 0.624 0.000
X46-b2,priority_scan,44,4,1800,0.7705078125,0.8844401041666666,0.057861328125,0.2967642413245307,0.000 0.339 0.254 0.000
X46-b2,priority_scan,44,6,1800,0.2275390625,0.6643229166666667,0.17822265625,0.7032613456249237,0.000 0.786 0.779 0.716 0.532 -0.000
X46-b2,priority_scan,44,8,1800,0.02734375,0.5588030133928571,0.24267578125,1.020260210390444,0.000 1.056 1.255 1.135 1.076 1.015 0.585 0.000
X46-b2,priority_scan,44,4,3600,0.8701171875,0.9363606770833334,0.031494140625,0.23254288567437065,0.000 0.196 0.269 0.000
X46-b2,priority_scan,44,6,3600,0.5205078125,0.8156249999999999,0.09554036458333333,0.5063480635484058,0.000 0.268 0.484 0.637 0.637 -0.000
X46-b2,priority_scan,44,8,3600,0.06640625,0.5897042410714286,0.2242431640625,0.7525479793548584,0.000 0.313 0.565 0.755 0.989 1.143 0.750 0.000
X46-b2,priority_scan,44,4,7200,0.888671875,0.9454752604166666,0.02685546875,0.29833396275838214,0.000 0.352 0.244 0.000
X46-b2,priority_scan,44,6,7200,0.525390625,0.8094401041666666,0.09977213541666666,0.6489013135433196,0.000 0.690 0.719 0.652 0.535 -0.000
X46-b2,priority_scan,44,8,7200,0.044921875,0.5593959263392857,0.244140625,0.9792467179121794,0.000 0.966 1.154 1.114 1.016 0.986 0.639 0.000
X46-b2,priority_scan,44,4,14400,0.9384765625,0.9708658854166666,0.01416015625,0.2486032247543335,0.000 0.272 0.225 0.000
X46-b2,priority_scan,44,6,14400,0.7353515625,0.8992838541666666,0.05208333333333333,0.5830134451389312,0.000 0.547 0.622 0.564 0.599 -0.000
X46-b2,priority_scan,44,8,14400,0.119140625,0.6187918526785714,0.2099609375,0.8432614803314209,0.000 0.710 0.902 0.941 0.871 0.923 0.713 0.000
X46-b2,priority_scan,44,4,28800,0.974609375,0.98828125,0.005615234375,0.25397095415327287,0.000 0.228 0.280 0.000
X46-b2,priority_scan,44,6,28800,0.8544921875,0.9454427083333332,0.028157552083333332,0.5759045978387195,0.000 0.455 0.653 0.638 0.559 -0.000
X46-b2,priority_scan,44,8,28800,0.037109375,0.5003138950892857,0.2841796875,0.9366486469904581,0.000 0.626 0.923 1.128 1.077 1.138 0.727 0.000
X46-b2,priority_scan,44,4,36000,0.9755859375,0.9881184895833333,0.005859375,0.2614094813664754,0.000 0.269 0.254 0.000
X46-b2,priority_scan,44,6,36000,0.869140625,0.9516276041666667,0.02490234375,0.6300412615140278,0.000 0.555 0.651 0.640 0.675 -0.000
X46-b2,priority_scan,44,8,36000,0.052734375,0.5180315290178571,0.2745361328125,0.9792071360128896,0.000 0.774 1.014 1.070 1.051 1.136 0.831 0.000
X46-b2,priority_scan,55,4,900,0.1865234375,0.544921875,0.2392578125,0.30317889319525826,0.000 0.132 0.474 0.000
X46-b2,priority_scan,55,6,900,0.0302734375,0.46640625000000013,0.29996744791666663,0.5662778516610462,0.000 0.057 0.645 0.799 0.764 -0.000
X46-b2,priority_scan,55,8,900,0.0029296875,0.4332101004464285,0.3271484375,0.8020756200507835,0.000 0.002 0.885 0.993 1.077 1.050 0.805 0.000
X46-b2,priority_scan,55,4,1800,0.7333984375,0.8673502604166667,0.066162109375,0.33621125751071507,0.000 0.359 0.313 0.000
X46-b2,priority_scan,55,6,1800,0.24609375,0.6711588541666667,0.17464192708333331,0.6367771824200946,0.000 0.474 0.755 0.752 0.566 -0.000
X46-b2,priority_scan,55,8,1800,0.0390625,0.57177734375,0.23388671875,0.8650549694343849,0.000 0.456 0.885 1.048 1.160 1.058 0.584 0.000
X46-b2,priority_scan,55,4,3600,0.8447265625,0.9230143229166667,0.038330078125,0.35164402590857613,0.000 0.323 0.380 0.000
X46-b2,priority_scan,55,6,3600,0.328125,0.7190104166666667,0.14827473958333331,0.692957043647766,0.000 0.402 0.710 0.854 0.805 -0.000
X46-b2,priority_scan,55,8,3600,0.005859375,0.5482700892857142,0.2481689453125,0.9955716795391507,0.000 0.448 0.805 1.100 1.339 1.426 0.856 0.000
X46-b2,priority_scan,55,4,7200,0.9013671875,0.95068359375,0.024658203125,0.2639005581537882,0.000 0.289 0.239 0.000
X46-b2,priority_scan,55,6,7200,0.53125,0.8089192708333333,0.10026041666666666,0.6152336299419401,0.000 0.515 0.645 0.649 0.652 -0.000
X46-b2,priority_scan,55,8,7200,0.04296875,0.5818568638392857,0.2296142578125,0.9020618597666421,0.000 0.602 0.857 0.987 0.971 1.203 0.792 0.000
X46-b2,priority_scan,55,4,14400,0.9306640625,0.9661458333333334,0.0166015625,0.3041587273279826,0.000 0.294 0.314 0.000
X46-b2,priority_scan,55,6,14400,0.673828125,0.8758463541666666,0.06429036458333333,0.6308023134867349,0.000 0.563 0.682 0.664 0.614 -0.000
X46-b2,priority_scan,55,8,14400,0.0576171875,0.5679408482142858,0.2401123046875,0.9016381369696723,0.000 0.679 0.918 0.996 0.951 1.127 0.739 0.000
X46-b2,priority_scan,55,4,28800,0.974609375,0.9876302083333334,0.006103515625,0.2870366308424208,0.000 0.289 0.285 0.000
X46-b2,priority_scan,55,6,28800,0.84375,0.9388671875,0.03206380208333333,0.6337535381317136,0.000 0.569 0.664 0.681 0.621 -0.000
X46-b2,priority_scan,55,8,28800,0.0205078125,0.49891880580357134,0.2845458984375,1.020392974217733,0.000 0.799 1.036 1.105 1.094 1.296 0.793 0.000
X46-b2,priority_scan,55,4,36000,0.974609375,0.98828125,0.005615234375,0.2933129337098863,0.000 0.326 0.261 0.000
X46-b2,priority_scan,55,6,36000,0.826171875,0.9370442708333333,0.0322265625,0.686389406522115,0.000 0.663 0.730 0.687 0.666 -0.000
X46-b2,priority_scan,55,8,36000,0.0078125,0.4535435267857142,0.3145751953125,1.0918460289637248,0.000 0.831 1.205 1.168 1.137 1.349 0.861 0.000
X46-b2,priority_scan,66,4,900,0.18359375,0.5397135416666667,0.2421875,0.532520678308275,0.000 0.372 0.693 0.000
X46-b2,priority_scan,66,6,900,0.0205078125,0.4545572916666667,0.30712890625,0.8437513808409371,0.000 0.414 1.092 1.043 0.826 -0.000
X46-b2,priority_scan,66,8,900,0.0,0.42619977678571425,0.3310546875,1.2515173134980377,0.000 0.499 1.452 1.670 1.590 1.424 0.874 0.000
X46-b2,priority_scan,66,4,1800,0.7578125,0.8790690104166666,0.060302734375,0.17001695103115505,0.000 0.139 0.201 0.000
X46-b2,priority_scan,66,6,1800,0.41015625,0.7642578124999999,0.123046875,0.3866198658943175,0.000 0.317 0.317 0.483 0.428 -0.000
X46-b2,priority_scan,66,8,1800,0.0869140625,0.6067243303571429,0.2144775390625,0.6471362820378056,0.000 0.571 0.585 0.603 0.785 0.880 0.459 0.000
X46-b2,priority_scan,66,4,3600,0.859375,0.9296875,0.03515625,0.2087121539645725,0.000 0.204 0.213 0.000
X46-b2,priority_scan,66,6,3600,0.53125,0.8158854166666666,0.095703125,0.5064249038696287,0.000 0.459 0.470 0.535 0.562 -0.000
X46-b2,priority_scan,66,8,3600,0.0859375,0.605224609375,0.21630859375,0.7969804384090282,0.000 0.636 0.687 0.744 0.863 1.087 0.765 0.000
X46-b2,priority_scan,66,4,7200,0.912109375,0.9586588541666666,0.02001953125,0.2671904034084744,0.000 0.292 0.242 0.000
X46-b2,priority_scan,66,6,7200,0.541015625,0.8106770833333333,0.09977213541666667,0.6092828015486398,0.000 0.557 0.664 0.672 0.544 -0.000
X46-b2,priority_scan,66,8,7200,0.0283203125,0.5602678571428571,0.2425537109375,0.9731535779105293,0.000 0.865 1.092 1.150 1.113 1.016 0.602 0.000
X46-b2,priority_scan,66,4,14400,0.9404296875,0.9724934895833334,0.01318359375,0.3395523627599081,0.000 0.366 0.313 0.000
X46-b2,priority_scan,66,6,14400,0.564453125,0.8211588541666666,0.09423828125,0.7442550857861836,0.000 0.713 0.826 0.789 0.649 -0.000
X46-b2,priority_scan,66,8,14400,0.0029296875,0.5605119977678571,0.241455078125,1.1837768775445443,0.000 0.960 1.399 1.364 1.333 1.308 0.739 0.000
X46-b2,priority_scan,66,4,28800,0.966796875,0.984375,0.007568359375,0.04181139998965793,0.000 0.042 0.041 0.000
X46-b2,priority_scan,66,6,28800,0.8779296875,0.9594401041666667,0.020182291666666664,0.42197788755098964,0.000 0.464 0.308 0.349 0.567 -0.000
X46-b2,priority_scan,66,8,28800,0.1748046875,0.6475306919642857,0.194091796875,0.8508229917950101,0.000 0.902 0.911 0.695 0.738 1.050 0.809 0.000
X46-b2,priority_scan,66,4,36000,0.9658203125,0.98388671875,0.0078125,0.22312382857004803,0.000 0.236 0.210 0.000
X46-b2,priority_scan,66,6,36000,0.8359375,0.9427734374999999,0.028971354166666664,0.6373373667399087,0.000 0.684 0.638 0.609 0.617 -0.000
X46-b2,priority_scan,66,8,36000,0.017578125,0.43205915178571425,0.333740234375,1.1234450781786884,0.000 1.065 1.192 1.087 1.094 1.385 0.917 0.000
X46-b2,priority_scan,77,4,900,0.1826171875,0.5358072916666667,0.245849609375,0.18224027421739367,0.000 -0.081 0.446 0.000
X46-b2,priority_scan,77,6,900,0.029296875,0.4658854166666668,0.30029296875,0.30206779638926173,0.000 -0.293 0.382 0.498 0.620 -0.000
X46-b2,priority_scan,77,8,900,0.0009765625,0.43300083705357134,0.327392578125,0.503628342239945,0.000 -0.195 0.354 0.566 0.794 0.864 0.639 0.000
X46-b2,priority_scan,77,4,1800,0.7685546875,0.8844401041666667,0.057373046875,0.17566767003801131,0.000 0.209 0.143 0.000
X46-b2,priority_scan,77,6,1800,0.345703125,0.7266276041666667,0.14388020833333331,0.4571126401424407,0.000 0.506 0.461 0.476 0.386 -0.000
X46-b2,priority_scan,77,8,1800,0.0634765625,0.5977608816964286,0.21923828125,0.6782560878329807,0.000 0.676 0.925 0.754 0.652 0.703 0.358 0.000
X46-b2,priority_scan,77,4,3600,0.8408203125,0.9215494791666666,0.038818359375,0.3720774915483263,0.000 0.373 0.372 0.000
X46-b2,priority_scan,77,6,3600,0.3583984375,0.7257161458333333,0.14534505208333331,0.7284731666247048,0.000 0.538 0.788 0.849 0.739 -0.000
X46-b2,priority_scan,77,8,3600,0.015625,0.5501534598214286,0.24853515625,1.024125372921979,0.000 0.535 0.988 1.194 1.274 1.313 0.841 0.000
X46-b2,priority_scan,77,4,7200,0.9111328125,0.9532877604166667,0.02392578125,0.3018185165193346,0.000 0.332 0.272 0.000
X46-b2,priority_scan,77,6,7200,0.5625,0.8267578124999999,0.09016927083333333,0.5872236192226408,0.000 0.585 0.666 0.637 0.460 -0.000
X46-b2,priority_scan,77,8,7200,0.0517578125,0.5843680245535714,0.2279052734375,0.8741031311176441,0.000 0.826 1.009 1.049 1.004 0.902 0.455 0.000
X46-b2,priority_scan,77,4,14400,0.9423828125,0.9724934895833333,0.013427734375,0.26716311772664386,0.000 0.260 0.275 0.000
X46-b2,priority_scan,77,6,14400,0.681640625,0.8784505208333333,0.06315104166666666,0.635393311580022,0.000 0.545 0.629 0.668 0.699 -0.000
X46-b2,priority_scan,77,8,14400,0.005859375,0.4953264508928571,0.285400390625,1.0756750680782174,0.000 0.841 1.136 1.114 1.180 1.377 0.806 0.000
X46-b2,priority_scan,77,4,28800,0.95703125,0.978515625,0.0107421875,0.32995356453789604,0.000 0.315 0.345 0.000
X46-b2,priority_scan,77,6,28800,0.685546875,0.8797526041666666,0.06249999999999999,0.7450784742832183,0.000 0.643 0.745 0.857 0.736 -0.000
X46-b2,priority_scan,77,8,28800,0.0,0.5145786830357142,0.2713623046875,1.24563663094132,0.000 1.007 1.293 1.276 1.449 1.571 0.878 0.000
X46-b2,priority_scan,77,4,36000,0.9638671875,0.9825846354166666,0.008544921875,0.318384501669142,0.000 0.338 0.299 0.000
X46-b2,priority_scan,77,6,36000,0.8369140625,0.9341145833333333,0.03499348958333333,0.6890596946080525,0.000 0.663 0.728 0.750 0.615 -0.000
X46-b2,priority_scan,77,8,36000,0.0,0.4743303571428571,0.29833984375,1.1386664266939517,0.000 0.986 1.262 1.201 1.279 1.375 0.730 0.000
X46-b2,priority_scan,88,4,900,0.1953125,0.548828125,0.237548828125,0.33558984597524005,0.000 0.183 0.488 0.000
X46-b2,priority_scan,88,6,900,0.02734375,0.46998697916666676,0.29573567708333337,0.6237184007962543,0.000 0.228 0.797 0.750 0.719 -0.000
X46-b2,priority_scan,88,8,900,0.001953125,0.4332101004464285,0.326416015625,0.920451084772746,0.000 0.247 1.079 1.157 1.165 1.041 0.834 0.000
X46-b2,priority_scan,88,4,1800,0.7421875,0.8660481770833333,0.06787109375,0.32067305511898464,0.000 0.363 0.279 0.000
X46-b2,priority_scan,88,6,1800,0.2490234375,0.6563802083333333,0.18473307291666669,0.682070106267929,0.000 0.717 0.710 0.660 0.642 -0.000
X46-b2,priority_scan,88,8,1800,0.0283203125,0.5584542410714286,0.2427978515625,0.9611826472812228,0.000 0.856 1.226 1.063 0.968 1.005 0.649 0.000
X46-b2,priority_scan,88,4,3600,0.87890625,0.9423828125,0.028076171875,0.14605647987789577,0.000 0.179 0.113 0.000
X46-b2,priority_scan,88,6,3600,0.53515625,0.8175130208333332,0.0947265625,0.47307709852854396,0.000 0.599 0.412 0.361 0.520 -0.000
X46-b2,priority_scan,88,8,3600,0.107421875,0.6317661830357143,0.2000732421875,0.713575349913703,0.000 0.870 0.886 0.599 0.539 0.872 0.515 0.000
X46-b2,priority_scan,88,4,7200,0.9072265625,0.95556640625,0.021728515625,0.2600388394461738,0.000 0.221 0.299 0.000
X46-b2,priority_scan,88,6,7200,0.55078125,0.8264973958333333,0.08968098958333333,0.6245087087154387,0.000 0.545 0.558 0.678 0.717 -0.000
X46-b2,priority_scan,88,8,7200,0.0419921875,0.5696149553571428,0.2374267578125,0.8893730243047079,0.000 0.650 0.760 0.765 0.969 1.326 0.865 0.000
X46-b2,priority_scan,88,4,14400,0.9462890625,0.97314453125,0.013427734375,0.24473441971672905,0.000 0.284 0.205 0.000
X46-b2,priority_scan,88,6,14400,0.6982421875,0.8842447916666667,0.06005859374999999,0.6191148360570271,0.000 0.670 0.648 0.617 0.542 -0.000
X46-b2,priority_scan,88,8,14400,0.0263671875,0.533935546875,0.259765625,1.0267306477935227,0.000 1.004 1.173 1.059 1.013 1.192 0.720 0.000
X46-b2,priority_scan,88,4,28800,0.96484375,0.9833984375,0.008056640625,0.29859860738118493,0.000 0.315 0.282 0.000
X46-b2,priority_scan,88,6,28800,0.83203125,0.9360026041666667,0.033203125,0.6498788297176359,0.000 0.625 0.635 0.687 0.654 -0.000
X46-b2,priority_scan,88,8,28800,0.0078125,0.43809291294642855,0.3271484375,1.0792691177792018,0.000 1.005 1.151 1.038 1.134 1.344 0.804 0.000
X46-b2,priority_scan,88,4,36000,0.9716796875,0.9855143229166667,0.00732421875,0.22262460655636257,0.000 0.228 0.217 0.000
X46-b2,priority_scan,88,6,36000,0.8681640625,0.9527994791666667,0.024088541666666664,0.5851038297017415,0.000 0.533 0.588 0.617 0.603 -0.000
X46-b2,priority_scan,88,8,36000,0.029296875,0.4802594866071428,0.298583984375,0.9840087316654346,0.000 0.800 1.106 1.012 1.081 1.132 0.774 0.000
X46-b2,position_scan,11,4,900,0.7158203125,0.8536783854166666,0.07373046875,0.08104015279699255,0.207 0.280 -0.039 0.001
X46-b2,position_scan,11,6,900,0.26953125,0.6820312500000001,0.16813151041666666,0.1976660225126478,0.333 0.451 0.397 0.126 0.006 0.009
X46-b2,position_scan,11,8,900,0.037109375,0.5600237165178572,0.2430419921875,0.3476924744863359,0.547 0.523 0.841 0.573 0.289 0.114 0.159 -0.065
X46-b2,position_scan,11,4,1800,0.84765625,0.9205729166666666,0.040283203125,0.3192962540520562,0.032 0.343 0.305 0.310
X46-b2,position_scan,11,6,1800,0.3173828125,0.7134765625,0.15104166666666666,0.5658047331704034,0.143 0.625 0.596 0.569 0.637 0.402
X46-b2,position_scan,11,8,1800,0.0078125,0.4611467633928571,0.306884765625,0.8349466134631445,0.377 0.598 1.015 0.926 0.886 0.945 1.103 0.371
X46-b2,position_scan,11,4,3600,0.73046875,0.8623046875,0.069580078125,0.5306334848757144,0.410 0.667 0.497 0.428
X46-b2,position_scan,11,6,3600,0.0166015625,0.4725260416666668,0.2952473958333333,0.914520992173089,0.499 1.195 1.095 0.945 0.748 0.590
X46-b2,position_scan,11,8,3600,0.0,0.49114118303571425,0.2872314453125,1.3622933342343284,0.774 1.688 1.685 1.618 1.443 1.253 1.181 0.669
X46-b2,position_scan,11,4,7200,0.931640625,0.9664713541666667,0.0166015625,0.22454694465354638,-0.029 0.226 0.157 0.291
X46-b2,position_scan,11,6,7200,0.697265625,0.8895833333333333,0.05647786458333333,0.47819389237297905,0.129 0.554 0.487 0.502 0.333 0.515
X46-b2,position_scan,11,8,7200,0.04296875,0.5330636160714286,0.261474609375,0.8167795907883418,0.299 1.108 0.692 0.864 0.889 0.710 0.837 0.616
X46-b2,position_scan,11,4,14400,0.9345703125,0.96826171875,0.015625,0.2757635823002568,-0.097 0.255 0.256 0.316
X46-b2,position_scan,11,6,14400,0.7373046875,0.9092447916666666,0.04573567708333333,0.6439751121732924,-0.067 0.493 0.529 0.738 0.737 0.724
X46-b2,position_scan,11,8,14400,0.0,0.4599958147321428,0.30859375,0.9422199688260516,0.225 0.995 0.504 0.872 1.187 1.364 0.967 0.706
X46-b2,position_scan,11,4,28800,0.9736328125,0.9884440104166666,0.00537109375,0.32035686351634834,-0.079 0.259 0.269 0.434
X46-b2,position_scan,11,6,28800,0.8681640625,0.9555338541666667,0.02229817708333333,0.6834619575076634,0.015 0.590 0.539 0.697 0.782 0.810
X46-b2,position_scan,11,8,28800,0.0,0.3928571428571428,0.3546142578125,1.136564338018024,0.058 1.761 0.540 0.889 1.118 1.531 1.184 0.933
X46-b2,position_scan,11,4,36000,0.982421875,0.9921875,0.003662109375,0.272714650189435,-0.034 0.249 0.255 0.314
X46-b2,position_scan,11,6,36000,0.916015625,0.9720052083333333,0.013997395833333332,0.6495801342858208,-0.029 0.562 0.590 0.707 0.673 0.716
X46-b2,position_scan,11,8,36000,0.0,0.4242117745535714,0.3336181640625,0.9772275743030366,-0.030 1.596 0.853 0.953 1.100 1.175 0.250 0.914
X46-b2,position_scan,22,4,900,0.7392578125,0.86962890625,0.06494140625,0.30712330782854996,0.011 0.284 0.238 0.400
X46-b2,position_scan,22,6,900,0.2431640625,0.6624348958333334,0.1796875,0.4814820024702284,0.087 0.268 0.525 0.485 0.680 0.450
X46-b2,position_scan,22,8,900,0.0146484375,0.5021275111607142,0.2791748046875,0.6536940355149525,0.263 0.171 0.717 0.723 0.698 0.776 1.064 0.427
X46-b2,position_scan,22,4,1800,0.755859375,0.875,0.063232421875,0.35524858368767626,-0.351 0.085 0.422 0.559
X46-b2,position_scan,22,6,1800,0.23828125,0.6701171875,0.17513020833333331,0.5048244131935967,-0.326 -0.132 0.396 0.698 0.934 0.627
X46-b2,position_scan,22,8,1800,0.001953125,0.5049874441964285,0.2786865234375,0.6924353894733247,-0.211 -0.596 0.381 0.693 1.003 1.264 1.492 0.608
X46-b2,position_scan,22,4,3600,0.873046875,0.9384765625,0.0302734375,0.3304212181656449,0.051 0.275 0.298 0.418
X46-b2,position_scan,22,6,3600,0.4931640625,0.802734375,0.10237630208333333,0.5764077239566379,0.119 0.565 0.519 0.623 0.603 0.572
X46-b2,position_scan,22,8,3600,0.013671875,0.4884905133928571,0.2908935546875,0.8849489688873291,0.269 0.780 0.827 0.837 1.002 1.008 1.111 0.629
X46-b2,position_scan,22,4,7200,0.896484375,0.9475911458333333,0.0263671875,0.37301875926830147,0.017 0.308 0.350 0.461
X46-b2,position_scan,22,6,7200,0.466796875,0.7902343749999999,0.10921223958333334,0.672557446691725,0.101 0.596 0.611 0.730 0.753 0.673
X46-b2,position_scan,22,8,7200,0.0,0.4165387834821428,0.3409423828125,1.0540239773099385,0.309 0.987 0.858 1.015 1.139 1.230 1.387 0.762
X46-b2,position_scan,22,4,14400,0.9580078125,0.9793294270833334,0.01025390625,0.28825380184032295,-0.079 0.368 0.258 0.239
X46-b2,position_scan,22,6,14400,0.6171875,0.8606770833333334,0.07112630208333333,0.6686823500527277,-0.027 0.613 0.761 0.748 0.549 0.672
X46-b2,position_scan,22,8,14400,0.0,0.38703264508928564,0.3636474609375,1.0864781954931835,0.011 1.157 0.987 1.259 1.279 1.087 0.945 0.892
X46-b2,position_scan,22,4,28800,0.97265625,0.986328125,0.0068359375,0.24579758997316714,-0.089 0.204 0.259 0.275
X46-b2,position_scan,22,6,28800,0.861328125,0.9537760416666666,0.023111979166666664,0.6163243982526991,-0.111 0.490 0.511 0.696 0.707 0.677
X46-b2,position_scan,22,8,28800,0.0,0.42752511160714274,0.3291015625,0.998926768227229,-0.139 1.215 0.552 0.787 1.105 1.710 0.821 0.801
X46-b2,position_scan,22,4,36000,0.9775390625,0.98974609375,0.0048828125,0.25388360023498535,-0.024 0.248 0.183 0.330
X46-b2,position_scan,22,6,36000,0.8828125,0.9624348958333333,0.0185546875,0.6611166927549574,0.074 0.572 0.651 0.620 0.700 0.762
X46-b2,position_scan,22,8,36000,0.0,0.40544782366071425,0.3466796875,1.1147494921608578,0.099 1.571 0.984 1.010 1.025 1.707 0.555 0.952
X46-b2,position_scan,33,4,900,0.5634765625,0.7706705729166667,0.116943359375,0.5306264206215188,0.109 0.540 0.571 0.481
X46-b2,position_scan,33,6,900,0.0390625,0.5119791666666667,0.26871744791666663,0.7639290624194675,0.147 0.488 0.891 0.933 1.015 0.492
X46-b2,position_scan,33,8,900,0.0,0.4501953124999999,0.3140869140625,1.040915913052029,0.232 0.377 0.996 1.267 1.288 1.468 1.409 0.482
X46-b2,position_scan,33,4,1800,0.8193359375,0.9065755208333333,0.047607421875,0.22448548564204462,-0.161 0.161 0.192 0.320
X46-b2,position_scan,33,6,1800,0.4892578125,0.7959635416666666,0.10611979166666666,0.3075641923480563,-0.042 0.050 0.290 0.323 0.432 0.443
X46-b2,position_scan,33,8,1800,0.115234375,0.6387416294642857,0.1962890625,0.41591263952709373,0.143 -0.337 0.463 0.439 0.458 0.634 0.788 0.466
X46-b2,position_scan,33,4,3600,0.853515625,0.92578125,0.037353515625,0.3909516776049579,-0.218 0.313 0.475 0.386
X46-b2,position_scan,33,6,3600,0.3408203125,0.7279947916666667,0.14290364583333331,0.6412968768013848,-0.044 0.558 0.592 0.819 0.759 0.478
X46-b2,position_scan,33,8,3600,0.0029296875,0.4717145647321428,0.300537109375,0.9055922144935246,0.178 0.501 0.849 0.917 1.226 1.273 1.052 0.521
X46-b2,position_scan,33,4,7200,0.9267578125,0.96435546875,0.017578125,0.26990126680444787,-0.022 0.347 0.265 0.198
X46-b2,position_scan,33,6,7200,0.623046875,0.8637369791666667,0.06949869791666666,0.6003927919599745,0.097 0.705 0.660 0.636 0.529 0.472
X46-b2,position_scan,33,8,7200,0.0009765625,0.46139090401785704,0.3076171875,0.9664894664098345,0.199 1.194 0.961 1.063 1.074 1.004 0.816 0.652
X46-b2,position_scan,33,4,14400,0.96875,0.9847005208333334,0.007568359375,0.2293097531353986,-0.045 0.176 0.204 0.308
X46-b2,position_scan,33,6,14400,0.779296875,0.921875,0.03971354166666666,0.6029859913720024,0.044 0.561 0.496 0.560 0.664 0.734
X46-b2,position_scan,33,8,14400,0.021484375,0.47966657366071425,0.2972412109375,0.9583951556493366,0.147 1.435 0.630 0.859 0.959 1.104 1.004 0.718
X46-b2,position_scan,33,4,28800,0.9736328125,0.9890950520833333,0.0048828125,0.23973540023521137,-0.018 0.256 0.218 0.245
X46-b2,position_scan,33,6,28800,0.8466796875,0.9488281249999999,0.025553385416666664,0.6271385881635878,0.042 0.705 0.623 0.626 0.521 0.661
X46-b2,position_scan,33,8,28800,0.0009765625,0.49121093749999994,0.2880859375,1.0386713535066634,0.080 0.688 0.742 0.915 1.036 1.423 1.600 0.868
X46-b2,position_scan,33,4,36000,0.9814453125,0.9930013020833334,0.0029296875,0.24833758672078451,-0.087 0.235 0.223 0.287
X46-b2,position_scan,33,6,36000,0.91015625,0.9708333333333333,0.014485677083333332,0.6234695249133639,-0.102 0.532 0.616 0.626 0.620 0.724
X46-b2,position_scan,33,8,36000,0.03125,0.5461774553571428,0.251953125,0.8585503366258409,-0.152 1.122 0.689 0.859 1.049 0.895 0.477 0.919
X46-b2,position_scan,44,4,900,0.630859375,0.8045247395833334,0.100341796875,0.3135540750291612,-0.170 0.056 0.428 0.457
X46-b2,position_scan,44,6,900,0.12109375,0.5895833333333333,0.22119140625,0.4162302944395277,-0.094 -0.226 0.229 0.580 1.009 0.490
X46-b2,position_scan,44,8,900,0.00390625,0.4970005580357142,0.282470703125,0.5456872402675568,-0.001 -0.494 -0.014 0.292 0.739 1.379 1.427 0.491
X46-b2,position_scan,44,4,1800,0.826171875,0.9114583333333333,0.044677734375,0.30670519228334775,-0.050 0.247 0.264 0.410
X46-b2,position_scan,44,6,1800,0.4130859375,0.7626953124999999,0.12451171874999999,0.49848235978020555,0.102 0.487 0.427 0.488 0.567 0.524
X46-b2,position_scan,44,8,1800,0.03125,0.5582798549107142,0.2442626953125,0.6779809982057602,0.363 0.276 0.771 0.677 0.660 0.822 1.005 0.534
X46-b2,position_scan,44,4,3600,0.873046875,0.9392903645833333,0.029541015625,-0.012290301146330654,-0.044 0.186 -0.039 -0.184
X46-b2,position_scan,44,6,3600,0.658203125,0.87890625,0.0615234375,0.16592372788323292,0.027 0.621 0.316 0.156 -0.110 -0.153
X46-b2,position_scan,44,8,3600,0.2021484375,0.7141462053571428,0.1514892578125,0.34475523328024243,0.189 0.986 0.713 0.509 0.382 0.100 -0.136 -0.141
X46-b2,position_scan,44,4,7200,0.8671875,0.93359375,0.033203125,0.4502841719874629,0.026 0.420 0.425 0.506
X46-b2,position_scan,44,6,7200,0.29296875,0.6781901041666667,0.17317708333333331,0.8101908498340183,0.180 0.705 0.864 0.850 0.925 0.707
X46-b2,position_scan,44,8,7200,0.0,0.45643833705357134,0.3104248046875,1.198271986037966,0.335 1.292 0.917 1.376 1.360 1.359 1.289 0.795
X46-b2,position_scan,44,4,14400,0.9482421875,0.9783528645833334,0.009765625,0.27408277546917953,-0.139 0.280 0.234 0.309
X46-b2,position_scan,44,6,14400,0.76953125,0.9196614583333333,0.04052734375,0.6599119636747572,-0.014 0.651 0.605 0.674 0.647 0.722
X46-b2,position_scan,44,8,14400,0.0,0.3992745535714285,0.3529052734375,1.037504710848369,0.059 1.092 0.867 0.968 1.122 1.301 1.099 0.814
X46-b2,position_scan,44,4,28800,0.9794921875,0.9910481770833333,0.004150390625,0.28071195990950976,-0.034 0.315 0.289 0.238
X46-b2,position_scan,44,6,28800,0.822265625,0.9397786458333333,0.0302734375,0.6505498223834568,-0.001 0.530 0.644 0.761 0.608 0.710
X46-b2,position_scan,44,8,28800,0.0,0.3869977678571428,0.3592529296875,1.2532019236731151,-0.076 1.408 0.992 0.990 1.162 1.807 1.496 0.917
X46-b2,position_scan,44,4,36000,0.9765625,0.990234375,0.00439453125,0.27569329297101053,0.112 0.335 0.218 0.273
X46-b2,position_scan,44,6,36000,0.8896484375,0.9640625,0.017903645833333332,0.6544516219033134,0.095 0.654 0.661 0.613 0.622 0.722
X46-b2,position_scan,44,8,36000,0.0,0.5066964285714285,0.27734375,1.0014079109070793,0.052 1.741 1.170 0.992 0.961 1.047 0.174 0.924
X46-b2,position_scan,55,4,900,0.68359375,0.8317057291666666,0.0869140625,0.30762981485437463,0.078 0.383 0.262 0.277
X46-b2,position_scan,55,6,900,0.19140625,0.637890625,0.19384765625,0.4622479412290785,0.184 0.402 0.680 0.484 0.538 0.208
X46-b2,position_scan,55,8,900,0.009765625,0.49135044642857134,0.287353515625,0.6169166451408749,0.341 0.232 0.881 0.894 0.665 0.750 0.766 0.130
X46-b2,position_scan,55,4,1800,0.7021484375,0.8479817708333334,0.076171875,0.4559665697592276,-0.097 0.238 0.593 0.537
X46-b2,position_scan,55,6,1800,0.15234375,0.6225260416666667,0.20166015624999997,0.6605486207538181,-0.085 0.239 0.560 0.937 1.034 0.533
X46-b2,position_scan,55,8,1800,0.001953125,0.5337611607142856,0.25830078125,0.898249660219465,0.028 0.059 0.576 0.883 1.297 1.472 1.532 0.469
X46-b2,position_scan,55,4,3600,0.845703125,0.9205729166666667,0.040283203125,0.4139708148108588,-0.005 0.304 0.426 0.512
X46-b2,position_scan,55,6,3600,0.337890625,0.7307291666666667,0.14095052083333331,0.6885457568698459,0.030 0.570 0.582 0.794 0.864 0.633
X46-b2,position_scan,55,8,3600,0.0,0.4687151227678571,0.3031005859375,0.9991480812193856,0.187 0.708 0.829 0.945 1.210 1.354 1.263 0.685
X46-b2,position_scan,55,4,7200,0.9189453125,0.9601236979166667,0.019775390625,0.32407191064622665,-0.118 0.305 0.283 0.384
X46-b2,position_scan,55,6,7200,0.591796875,0.8490885416666666,0.0771484375,0.6079975896411473,0.044 0.643 0.598 0.631 0.606 0.563
X46-b2,position_scan,55,8,7200,0.0048828125,0.48413085937499994,0.2926025390625,0.9124072014339387,0.216 0.828 0.894 1.004 0.995 1.111 0.889 0.666
X46-b2,position_scan,55,4,14400,0.9521484375,0.97705078125,0.01123046875,0.24801678127712676,-0.133 0.231 0.255 0.259
X46-b2,position_scan,55,6,14400,0.74609375,0.9119140625,0.04443359375,0.6427697473102146,-0.090 0.559 0.548 0.635 0.730 0.742
X46-b2,position_scan,55,8,14400,0.0029296875,0.4354422433035714,0.3267822265625,0.9746526347266304,-0.042 1.031 0.717 0.976 1.074 1.239 0.876 0.910
X46-b2,position_scan,55,4,28800,0.984375,0.9931640625,0.003173828125,0.2517814106411404,-0.060 0.246 0.195 0.314
X46-b2,position_scan,55,6,28800,0.8798828125,0.9597005208333333,0.020182291666666664,0.5844533973269993,-0.009 0.517 0.534 0.589 0.615 0.666
X46-b2,position_scan,55,8,28800,0.0888671875,0.6326381138392857,0.198974609375,0.6643193865579271,0.066 0.226 0.812 0.853 1.012 0.823 0.146 0.779
X46-b2,position_scan,55,4,36000,0.9794921875,0.9920247395833333,0.00341796875,0.24280058013068304,0.089 0.276 0.195 0.257
X46-b2,position_scan,55,6,36000,0.888671875,0.9628255208333333,0.0185546875,0.6682628128263686,0.151 0.734 0.646 0.613 0.684 0.666
X46-b2,position_scan,55,8,36000,0.0185546875,0.4869210379464285,0.29248046875,0.8035453349824936,0.087 0.549 1.037 0.988 1.047 1.074 0.118 0.813
X46-b2,position_scan,66,4,900,0.732421875,0.8611653645833334,0.070068359375,0.23778831517254861,0.191 0.229 0.187 0.298
X46-b2,position_scan,66,6,900,0.25,0.6727864583333333,0.17350260416666666,0.42437813017103404,0.335 0.381 0.409 0.359 0.627 0.346
X46-b2,position_scan,66,8,900,0.0126953125,0.5033830915178571,0.278564453125,0.6488537409948923,0.511 0.393 0.635 0.661 0.579 0.922 1.038 0.314
X46-b2,position_scan,66,4,1800,0.791015625,0.8963216145833334,0.051513671875,0.3623070981767442,-0.089 0.240 0.354 0.494
X46-b2,position_scan,66,6,1800,0.3642578125,0.7400390625,0.13623046875,0.5393733713361952,-0.026 0.295 0.479 0.578 0.733 0.612
X46-b2,position_scan,66,8,1800,0.0166015625,0.5205078125,0.268310546875,0.7489264957488528,0.137 0.060 0.722 0.742 0.830 1.010 1.232 0.647
X46-b2,position_scan,66,4,3600,0.8896484375,0.9451497395833334,0.02734375,0.3426795977133292,-0.171 0.397 0.346 0.284
X46-b2,position_scan,66,6,3600,0.44140625,0.7709635416666667,0.12027994791666666,0.6008199585808647,-0.176 0.629 0.725 0.701 0.542 0.407
X46-b2,position_scan,66,8,3600,0.001953125,0.46114676339285704,0.30810546875,0.8697590941474551,-0.089 0.597 0.999 1.100 1.070 0.946 0.924 0.452
X46-b2,position_scan,66,4,7200,0.9033203125,0.95166015625,0.024169921875,0.3869745466444227,-0.017 0.293 0.410 0.458
X46-b2,position_scan,66,6,7200,0.4287109375,0.7704427083333333,0.12011718749999999,0.6938937240176731,0.082 0.553 0.607 0.812 0.828 0.669
X46-b2,position_scan,66,8,7200,0.0,0.41898018973214274,0.337158203125,1.0912341920156328,0.265 1.170 0.713 1.052 1.246 1.288 1.401 0.768
X46-b2,position_scan,66,4,14400,0.96484375,0.9853515625,0.006591796875,0.27748708371762876,-0.029 0.264 0.250 0.319
X46-b2,position_scan,66,6,14400,0.7734375,0.9220703124999999,0.039225260416666664,0.6718956364525688,0.093 0.608 0.590 0.771 0.711 0.680
X46-b2,position_scan,66,8,14400,0.0,0.42442103794642855,0.334716796875,1.0800916807992118,0.244 1.125 0.861 0.947 1.285 1.312 1.301 0.728
X46-b2,position_scan,66,4,28800,0.96875,0.986328125,0.00634765625,0.2755409258383292,-0.090 0.231 0.287 0.308
X46-b2,position_scan,66,6,28800,0.8603515625,0.9537109374999999,0.023111979166666664,0.6059961451424493,-0.074 0.377 0.512 0.786 0.682 0.674
X46-b2,position_scan,66,8,28800,0.0009765625,0.47126116071428564,0.2984619140625,0.9061864822629897,-0.079 1.327 0.782 0.857 1.247 1.109 0.141 0.881
X46-b2,position_scan,66,4,36000,0.9794921875,0.9910481770833334,0.004150390625,0.2921674869678638,0.077 0.346 0.235 0.295
X46-b2,position_scan,66,6,36000,0.9091796875,0.9686848958333333,0.015787760416666664,0.6825010908974543,0.151 0.679 0.686 0.646 0.697 0.705
X46-b2,position_scan,66,8,36000,0.0009765625,0.4515206473214285,0.313720703125,1.0625433921813967,0.177 1.868 1.158 0.992 1.030 0.678 0.803 0.909
X46-b2,position_scan,77,4,900,0.6806640625,0.8284505208333334,0.0888671875,0.3777556066159849,-0.020 0.320 0.400 0.413
X46-b2,position_scan,77,6,900,0.130859375,0.5886718750000001,0.22363281249999997,0.5995305114322239,0.005 0.351 0.691 0.727 0.792 0.436
X46-b2,position_scan,77,8,900,0.0,0.4630998883928571,0.3052978515625,0.8277861655704559,0.122 0.116 0.859 1.024 1.095 1.106 1.192 0.403
X46-b2,position_scan,77,4,1800,0.8349609375,0.9176432291666667,0.041015625,0.31491906554610644,0.145 0.318 0.250 0.377
X46-b2,position_scan,77,6,1800,0.3583984375,0.7409505208333333,0.13557942708333331,0.5264330042733086,0.272 0.557 0.562 0.540 0.500 0.472
X46-b2,position_scan,77,8,1800,0.00390625,0.4768066406249999,0.29638671875,0.815022862146771,0.453 0.673 0.964 0.937 0.945 0.781 0.953 0.453
X46-b2,position_scan,77,4,3600,0.8935546875,0.94580078125,0.02734375,0.27219617808306656,-0.075 0.333 0.197 0.286
X46-b2,position_scan,77,6,3600,0.5439453125,0.8259114583333333,0.08984375,0.5180910560819838,0.069 0.746 0.543 0.437 0.389 0.476
X46-b2,position_scan,77,8,3600,0.04296875,0.5723702566964286,0.236083984375,0.7610226055932422,0.303 0.885 1.012 0.821 0.721 0.703 0.633 0.551
X46-b2,position_scan,77,4,7200,0.9287109375,0.9646809895833334,0.017578125,0.3107870508123327,-0.055 0.302 0.296 0.335
X46-b2,position_scan,77,6,7200,0.6572265625,0.8708333333333333,0.06656901041666666,0.6181372536553276,0.090 0.657 0.591 0.671 0.605 0.567
X46-b2,position_scan,77,8,7200,0.0029296875,0.4545200892857142,0.313720703125,0.9903641352577814,0.239 1.221 0.816 1.012 1.092 1.084 1.020 0.687
X46-b2,position_scan,77,4,14400,0.9658203125,0.9845377604166667,0.00732421875,0.24907129782217519,0.000 0.251 0.202 0.294
X46-b2,position_scan,77,6,14400,0.810546875,0.9360677083333333,0.03206380208333333,0.6217038763893975,0.186 0.643 0.535 0.633 0.612 0.685
X46-b2,position_scan,77,8,14400,0.005859375,0.4356166294642856,0.3265380859375,1.0227180662609283,0.386 1.411 0.715 0.919 1.087 1.213 1.094 0.720
X46-b2,position_scan,77,4,28800,0.962890625,0.9820963541666667,0.0087890625,0.2802121639251709,-0.019 0.286 0.310 0.245
X46-b2,position_scan,77,6,28800,0.81640625,0.9368489583333333,0.03173828125,0.6927740706337824,-0.040 0.640 0.633 0.792 0.728 0.672
X46-b2,position_scan,77,8,28800,0.0,0.4867815290178571,0.2899169921875,1.1626854018559531,-0.011 0.899 0.625 1.063 1.269 1.881 1.535 0.867
X46-b2,position_scan,77,4,36000,0.96875,0.9850260416666667,0.00732421875,0.29437166673165777,-0.012 0.208 0.347 0.328
X46-b2,position_scan,77,6,36000,0.8427734375,0.9449869791666667,0.027832031249999997,0.7044801049762303,0.005 0.597 0.608 0.827 0.745 0.745
X46-b2,position_scan,77,8,36000,0.0,0.4742257254464285,0.297119140625,1.1670119421822684,-0.007 1.242 0.582 0.966 1.262 1.952 1.213 0.952
X46-b2,position_scan,88,4,900,0.603515625,0.7919921875,0.1064453125,0.33081120914883083,-0.091 0.053 0.439 0.500
X46-b2,position_scan,88,6,900,0.09765625,0.5749348958333333,0.2314453125,0.460170222653283,0.006 -0.192 0.263 0.658 1.055 0.517
X46-b2,position_scan,88,8,900,0.0029296875,0.4906180245535714,0.2890625,0.6381868748437791,0.156 -0.380 0.037 0.456 0.934 1.432 1.449 0.540
X46-b2,position_scan,88,4,1800,0.8115234375,0.9069010416666667,0.046142578125,0.31403334052474413,0.067 0.338 0.247 0.357
X46-b2,position_scan,88,6,1800,0.326171875,0.7177083333333334,0.1484375,0.5183651579750909,0.259 0.494 0.600 0.504 0.526 0.469
X46-b2,position_scan,88,8,1800,0.0146484375,0.4877232142857142,0.2900390625,0.7704057958390977,0.538 0.355 1.018 0.916 0.855 0.750 1.025 0.473
X46-b2,position_scan,88,4,3600,0.8212890625,0.9095052083333333,0.04541015625,0.48322399457295734,0.161 0.472 0.447 0.530
X46-b2,position_scan,88,6,3600,0.1708984375,0.6203125,0.20426432291666666,0.7739689085218642,0.236 0.760 0.851 0.863 0.754 0.641
X46-b2,position_scan,88,8,3600,0.0009765625,0.4354073660714285,0.3262939453125,1.149921530768985,0.414 0.975 1.187 1.301 1.355 1.228 1.313 0.690
X46-b2,position_scan,88,4,7200,0.9296875,0.9654947916666667,0.01708984375,0.28811238430164476,-0.079 0.272 0.285 0.307
X46-b2,position_scan,88,6,7200,0.650390625,0.8744140624999999,0.06380208333333333,0.5773220592074925,0.049 0.662 0.544 0.621 0.572 0.488
X46-b2,position_scan,88,8,7200,0.0234375,0.5331682477678572,0.2613525390625,0.7913917586916968,0.199 0.287 0.869 0.905 0.997 1.074 0.809 0.598
X46-b2,position_scan,88,4,14400,0.9716796875,0.9894205729166666,0.00439453125,0.19883787190472635,-0.119 0.207 0.188 0.202
X46-b2,position_scan,88,6,14400,0.8056640625,0.9337890625,0.033203125,0.562873019112481,-0.111 0.552 0.506 0.602 0.518 0.636
X46-b2,position_scan,88,8,14400,0.0283203125,0.5619070870535715,0.2418212890625,0.7157669370136563,-0.065 0.007 0.634 0.907 1.050 1.095 0.463 0.855
X46-b2,position_scan,88,4,28800,0.9677734375,0.9861653645833334,0.00634765625,0.3070519588611744,0.058 0.369 0.221 0.331
X46-b2,position_scan,88,6,28800,0.8505859375,0.9494140624999999,0.025390624999999997,0.6985892189873589,0.063 0.716 0.739 0.657 0.683 0.697
X46-b2,position_scan,88,8,28800,0.001953125,0.4528459821428571,0.313720703125,0.8607570330301921,0.050 0.664 1.036 1.197 1.102 1.106 0.153 0.768
X46-b2,position_scan,88,4,36000,0.974609375,0.9873046875,0.00634765625,0.2703778832047074,-0.086 0.249 0.224 0.338
X46-b2,position_scan,88,6,36000,0.89453125,0.965625,0.01708984375,0.6671067608727348,-0.127 0.637 0.621 0.635 0.698 0.745
X46-b2,position_scan,88,8,36000,0.0087890625,0.44733537946428564,0.3182373046875,0.8374277939872137,-0.173 0.448 0.836 1.002 1.034 1.478 0.216 0.847
X46-b2,phase_scan,11,4,900,0.7509765625,0.8761393229166666,0.061279296875,0.2225984908916332,-0.022 0.307 0.251 0.110
X46-b2,phase_scan,11,6,900,0.2607421875,0.6809895833333333,0.16910807291666666,0.38523043526543493,0.192 0.440 0.380 0.569 0.708 -0.170
X46-b2,phase_scan,11,8,900,0.0244140625,0.5156947544642856,0.271484375,0.42660541004604763,0.500 -0.185 0.929 0.446 0.865 0.595 0.857 -0.520
X46-b2,phase_scan,11,4,1800,0.8828125,0.939453125,0.03076171875,0.20331607924567327,-0.075 0.310 0.255 0.045
X46-b2,phase_scan,11,6,1800,0.4609375,0.7772135416666666,0.11735026041666666,0.3999664121203951,0.052 0.601 0.424 0.635 0.494 -0.154
X46-b2,phase_scan,11,8,1800,0.05078125,0.5621163504464286,0.242431640625,0.4950372567252508,0.260 0.016 1.023 0.641 0.971 0.604 0.621 -0.411
X46-b2,phase_scan,11,4,3600,0.912109375,0.9567057291666667,0.021484375,0.19948937274791576,-0.080 0.378 0.253 -0.032
X46-b2,phase_scan,11,6,3600,0.646484375,0.8666666666666666,0.06868489583333334,0.3943873776329887,0.086 0.501 0.505 0.719 0.392 -0.145
X46-b2,phase_scan,11,8,3600,0.0234375,0.5694405691964286,0.236572265625,0.5705175702534026,0.298 0.415 0.929 0.670 1.138 0.617 0.530 -0.304
X46-b2,phase_scan,11,4,7200,0.9375,0.970703125,0.01416015625,0.24564283865469475,-0.104 0.342 0.227 0.168
X46-b2,phase_scan,11,6,7200,0.6865234375,0.8848958333333332,0.05891927083333333,0.4734769794676038,0.079 0.404 0.504 0.653 0.689 0.117
X46-b2,phase_scan,11,8,7200,0.001953125,0.49623325892857134,0.2833251953125,0.7449188308110312,0.313 0.574 0.768 0.721 1.082 1.048 0.982 0.039
X46-b2,phase_scan,11,4,14400,0.9287109375,0.9666341145833333,0.01611328125,0.16225973765055338,-0.054 0.205 0.167 0.114
X46-b2,phase_scan,11,6,14400,0.8076171875,0.9317708333333332,0.03450520833333333,0.3707465463214449,0.005 0.416 0.323 0.537 0.502 0.076
X46-b2,phase_scan,11,8,14400,0.1689453125,0.6729213169642857,0.1763916015625,0.5288244807530963,0.303 0.656 0.180 0.487 0.747 0.982 0.674 -0.023
X46-b2,phase_scan,11,4,28800,0.9658203125,0.9847005208333333,0.007080078125,0.16962272149545177,-0.007 0.286 0.205 0.018
X46-b2,phase_scan,11,6,28800,0.9140625,0.9736328125,0.012858072916666666,0.4059582683775158,0.002 0.390 0.617 0.542 0.392 0.089
X46-b2,phase_scan,11,8,28800,0.048828125,0.6013532366071428,0.2142333984375,0.6651588091774592,0.328 1.497 -0.148 0.731 0.661 1.449 0.616 -0.150
X46-b2,phase_scan,11,4,36000,0.9521484375,0.9763997395833333,0.01171875,0.17219287377816658,-0.014 0.268 0.217 0.032
X46-b2,phase_scan,11,6,36000,0.8935546875,0.9660156249999999,0.016764322916666664,0.41933402750227167,-0.040 0.402 0.585 0.584 0.419 0.107
X46-b2,phase_scan,11,8,36000,0.0390625,0.5945172991071429,0.218505859375,0.5824187445262121,0.260 1.337 -0.410 0.812 0.713 1.472 0.306 -0.153
X46-b2,phase_scan,22,4,900,0.7041015625,0.8525390625,0.073486328125,0.3337935165122703,-0.073 0.307 0.479 0.215
X46-b2,phase_scan,22,6,900,0.0888671875,0.5747395833333334,0.2294921875,0.5266684426201713,0.180 0.357 0.438 0.867 1.021 -0.050
X46-b2,phase_scan,22,8,900,0.0009765625,0.4652971540178571,0.304931640625,0.6307257357097809,0.488 -0.385 0.857 0.697 1.263 1.205 1.138 -0.361
X46-b2,phase_scan,22,4,1800,0.853515625,0.9274088541666666,0.0361328125,0.1282391283247206,0.032 0.272 0.124 -0.011
X46-b2,phase_scan,22,6,1800,0.58203125,0.8385416666666666,0.08365885416666666,0.26772432857089556,0.226 0.504 0.373 0.462 0.221 -0.221
X46-b2,phase_scan,22,8,1800,0.1376953125,0.6508091517857143,0.189697265625,0.3547441202496725,0.465 0.265 0.871 0.546 0.743 0.160 0.401 -0.503
X46-b2,phase_scan,22,4,3600,0.8837890625,0.9436848958333334,0.027587890625,0.2584613694085015,-0.090 0.262 0.274 0.239
X46-b2,phase_scan,22,6,3600,0.470703125,0.7952473958333333,0.10579427083333331,0.46009752485487176,0.060 0.319 0.376 0.711 0.786 0.109
X46-b2,phase_scan,22,8,3600,0.0263671875,0.5574776785714285,0.2435302734375,0.6114960852123443,0.280 0.118 0.504 0.563 1.138 0.945 1.056 -0.043
X46-b2,phase_scan,22,4,7200,0.8916015625,0.9456380208333333,0.027099609375,0.22003504965040419,-0.215 0.225 0.263 0.173
X46-b2,phase_scan,22,6,7200,0.640625,0.8617838541666667,0.07145182291666666,0.3973363770378958,-0.011 0.194 0.325 0.767 0.663 0.038
X46-b2,phase_scan,22,8,7200,0.0283203125,0.5837053571428572,0.2276611328125,0.4759828628055632,0.214 -0.184 0.091 0.496 1.220 1.009 0.832 -0.131
X46-b2,phase_scan,22,4,14400,0.947265625,0.9739583333333334,0.012939453125,0.13239476415846083,-0.075 0.275 0.206 -0.084
X46-b2,phase_scan,22,6,14400,0.841796875,0.9431640625,0.028971354166666664,0.3402100139194063,0.047 0.414 0.459 0.652 0.320 -0.144
X46-b2,phase_scan,22,8,14400,0.0634765625,0.6086077008928572,0.2125244140625,0.44643258291577537,0.298 1.173 -0.194 0.747 0.987 0.680 0.035 -0.303
X46-b2,phase_scan,22,4,28800,0.9755859375,0.98779296875,0.006103515625,0.1628622743818495,0.026 0.229 0.219 0.041
X46-b2,phase_scan,22,6,28800,0.9091796875,0.9701822916666667,0.014811197916666666,0.4151760074827404,-0.005 0.392 0.563 0.553 0.471 0.096
X46-b2,phase_scan,22,8,28800,0.041015625,0.5846819196428572,0.2265625,0.652387331402491,0.335 1.565 0.225 0.961 0.622 0.901 0.441 -0.148
X46-b2,phase_scan,22,4,36000,0.9736328125,0.98779296875,0.005859375,0.16275754681339968,-0.028 0.256 0.206 0.026
X46-b2,phase_scan,22,6,36000,0.9013671875,0.9670572916666667,0.016438802083333332,0.42085168096754266,0.001 0.412 0.575 0.555 0.442 0.119
X46-b2,phase_scan,22,8,36000,0.017578125,0.56982421875,0.2330322265625,0.7431443910750132,0.324 1.322 0.533 0.839 0.638 1.616 0.306 -0.052
X46-b2,phase_scan,33,4,900,0.7158203125,0.8577473958333333,0.070556640625,0.23127829587018048,-0.185 0.169 0.326 0.199
X46-b2,phase_scan,33,6,900,0.1787109375,0.6333333333333333,0.1953125,0.2813470098707409,0.043 -0.241 0.193 0.669 0.867 -0.082
X46-b2,phase_scan,33,8,900,0.0146484375,0.5013950892857142,0.280029296875,0.33774449711754206,0.339 -0.862 0.382 0.310 0.974 0.846 1.087 -0.371
X46-b2,phase_scan,33,4,1800,0.78515625,0.8909505208333334,0.054931640625,0.29502356493914567,-0.096 0.298 0.386 0.201
X46-b2,phase_scan,33,6,1800,0.26953125,0.6908203125,0.16341145833333331,0.4748880598280163,0.067 0.333 0.382 0.788 0.879 -0.007
X46-b2,phase_scan,33,8,1800,0.015625,0.5193917410714286,0.2696533203125,0.6131220242333789,0.298 -0.201 0.778 0.607 1.173 1.135 1.055 -0.255
X46-b2,phase_scan,33,4,3600,0.8984375,0.9501953125,0.024658203125,0.24630056487189397,-0.260 0.261 0.257 0.221
X46-b2,phase_scan,33,6,3600,0.49609375,0.8085286458333333,0.09879557291666667,0.4467106792661877,-0.161 0.324 0.378 0.713 0.696 0.123
X46-b2,phase_scan,33,8,3600,0.021484375,0.5600934709821428,0.2425537109375,0.5422112866053506,-0.006 -0.257 0.541 0.547 1.157 0.894 0.926 -0.012
X46-b2,phase_scan,33,4,7200,0.923828125,0.9615885416666666,0.019287109375,0.09033410637466995,0.012 0.232 0.103 -0.064
X46-b2,phase_scan,33,6,7200,0.771484375,0.9211588541666667,0.03955078125,0.2732668850156994,0.154 0.421 0.227 0.501 0.299 -0.081
X46-b2,phase_scan,33,8,7200,0.146484375,0.671630859375,0.1767578125,0.41170888476901585,0.355 1.027 0.297 0.296 0.854 0.357 0.215 -0.164
X46-b2,phase_scan,33,4,14400,0.9619140625,0.9855143229166666,0.006103515625,0.17457728032712583,-0.057 0.259 0.197 0.068
X46-b2,phase_scan,33,6,14400,0.8271484375,0.9444661458333333,0.02734375,0.39350860648685015,0.000 0.381 0.477 0.619 0.414 0.077
X46-b2,phase_scan,33,8,14400,0.0888671875,0.6171526227678572,0.20751953125,0.5481580703977553,0.219 1.441 -0.464 0.758 0.932 0.744 0.614 -0.188
X46-b2,phase_scan,33,4,28800,0.951171875,0.9755859375,0.01220703125,0.19530645123234502,-0.051 0.216 0.222 0.148
X46-b2,phase_scan,33,6,28800,0.89453125,0.9674479166666667,0.015950520833333332,0.42800884776645215,-0.033 0.421 0.495 0.590 0.498 0.136
X46-b2,phase_scan,33,8,28800,0.0048828125,0.5860072544642856,0.2222900390625,0.7103273982093448,0.271 1.346 -0.488 0.780 0.833 1.779 0.833 -0.111
X46-b2,phase_scan,33,4,36000,0.9775390625,0.9903971354166667,0.00439453125,0.174440896069562,-0.043 0.238 0.259 0.026
X46-b2,phase_scan,33,6,36000,0.90625,0.9702473958333333,0.014648437499999998,0.44027758969200964,-0.039 0.458 0.604 0.595 0.443 0.102
X46-b2,phase_scan,33,8,36000,0.0,0.5497349330357142,0.243408203125,0.8885303754655143,0.282 1.592 1.176 0.814 0.821 1.597 0.365 -0.146
X46-b2,phase_scan,44,4,900,0.720703125,0.8518880208333333,0.075927734375,0.24667179142987286,-0.069 0.244 0.392 0.105
X46-b2,phase_scan,44,6,900,0.18359375,0.6335286458333333,0.19596354166666663,0.37479723824395056,0.181 0.131 0.360 0.808 0.800 -0.225
X46-b2,phase_scan,44,8,900,0.005859375,0.4868861607142857,0.2908935546875,0.4682556409684438,0.476 -0.418 0.687 0.465 1.199 1.002 0.927 -0.584
X46-b2,phase_scan,44,4,1800,0.841796875,0.9191080729166667,0.041015625,0.21956872057031698,0.068 0.266 0.235 0.157
X46-b2,phase_scan,44,6,1800,0.484375,0.7979817708333332,0.10498046875,0.3763924969567191,0.208 0.385 0.314 0.619 0.591 -0.027
X46-b2,phase_scan,44,8,1800,0.0654296875,0.589599609375,0.22509765625,0.5059446228875054,0.443 0.150 0.768 0.429 0.916 0.676 0.869 -0.266
X46-b2,phase_scan,44,4,3600,0.9052734375,0.9549153645833334,0.02197265625,0.27081970815305356,-0.152 0.337 0.238 0.238
X46-b2,phase_scan,44,6,3600,0.525390625,0.8175130208333333,0.09423828125,0.4903642468982271,0.023 0.408 0.454 0.691 0.776 0.124
X46-b2,phase_scan,44,8,3600,0.0166015625,0.5069754464285714,0.2779541015625,0.7115386970459469,0.240 0.423 0.784 0.633 1.127 0.993 1.071 -0.050
X46-b2,phase_scan,44,4,7200,0.92578125,0.9641927083333334,0.017578125,0.2300485858210811,-0.055 0.283 0.282 0.126
X46-b2,phase_scan,44,6,7200,0.587890625,0.8472005208333333,0.07845052083333333,0.4837010436587862,0.091 0.444 0.447 0.750 0.685 0.093
X46-b2,phase_scan,44,8,7200,0.0,0.47035435267857134,0.3004150390625,0.8378624159192283,0.315 0.614 1.009 0.806 1.239 1.210 0.979 0.008
X46-b2,phase_scan,44,4,14400,0.9501953125,0.97802734375,0.01025390625,0.11037694083319771,-0.018 0.094 0.143 0.094
X46-b2,phase_scan,44,6,14400,0.7587890625,0.9175130208333333,0.04134114583333333,0.34421639972262896,0.046 0.413 0.289 0.454 0.443 0.123
X46-b2,phase_scan,44,8,14400,0.1494140625,0.7106236049107143,0.15283203125,0.3260626300932869,0.362 -0.126 -0.474 0.762 0.613 0.527 1.079 -0.099
X46-b2,phase_scan,44,4,28800,0.9736328125,0.9881184895833333,0.005615234375,0.19530049076786746,0.004 0.316 0.214 0.056
X46-b2,phase_scan,44,6,28800,0.8515625,0.95390625,0.022623697916666664,0.43993359141879596,0.058 0.393 0.698 0.518 0.473 0.117
X46-b2,phase_scan,44,8,28800,0.001953125,0.4697614397321428,0.30126953125,0.9824864826505146,0.335 1.558 1.672 1.082 0.622 0.870 1.214 -0.139
X46-b2,phase_scan,44,4,36000,0.970703125,0.9856770833333333,0.007080078125,0.15273001458909777,-0.013 0.246 0.179 0.033
X46-b2,phase_scan,44,6,36000,0.91015625,0.9708333333333334,0.014485677083333332,0.4094027810626558,-0.021 0.340 0.635 0.520 0.483 0.068
X46-b2,phase_scan,44,8,36000,0.00390625,0.6538783482142858,0.182373046875,0.5930085976918538,0.292 0.606 -0.066 0.884 0.717 1.675 0.466 -0.131
X46-b2,phase_scan,55,4,900,0.7666015625,0.8771158854166667,0.06298828125,0.1459723048739963,0.088 0.256 0.225 -0.043
X46-b2,phase_scan,55,6,900,0.3916015625,0.7354166666666666,0.140625,0.22498875194125686,0.348 0.479 0.262 0.558 0.211 -0.384
X46-b2,phase_scan,55,8,900,0.0703125,0.5694405691964286,0.2401123046875,0.25781996666439,0.698 0.120 0.835 0.301 0.704 0.242 0.386 -0.782
X46-b2,phase_scan,55,4,1800,0.84375,0.9256184895833334,0.0361328125,0.2200913429260254,-0.083 0.336 0.249 0.075
X46-b2,phase_scan,55,6,1800,0.4970703125,0.7990234374999999,0.10498046875,0.35353733433617474,0.072 0.302 0.493 0.661 0.407 -0.096
X46-b2,phase_scan,55,8,1800,0.05078125,0.5825892857142858,0.2291259765625,0.4620615830497137,0.303 -0.047 0.781 0.733 1.018 0.395 0.700 -0.347
X46-b2,phase_scan,55,4,3600,0.88671875,0.9440104166666667,0.02783203125,0.20300591433489765,0.085 0.344 0.164 0.101
X46-b2,phase_scan,55,6,3600,0.5927734375,0.8461588541666666,0.0791015625,0.3810453944736055,0.181 0.524 0.421 0.586 0.409 -0.035
X46-b2,phase_scan,55,8,3600,0.0615234375,0.5807756696428571,0.23095703125,0.5635136271279955,0.375 0.875 0.791 0.575 0.966 0.302 0.662 -0.226
X46-b2,phase_scan,55,4,7200,0.9130859375,0.95654296875,0.021728515625,0.24687246040061664,-0.124 0.346 0.247 0.148
X46-b2,phase_scan,55,6,7200,0.685546875,0.884765625,0.05891927083333333,0.4433374139997692,0.003 0.394 0.450 0.737 0.606 0.030
X46-b2,phase_scan,55,8,7200,0.0,0.4856305803571428,0.2906494140625,0.7481432528722854,0.199 0.947 0.567 0.661 1.235 1.090 0.854 -0.117
X46-b2,phase_scan,55,4,14400,0.9462890625,0.97607421875,0.01123046875,0.1658559728551794,0.008 0.263 0.186 0.049
X46-b2,phase_scan,55,6,14400,0.8251953125,0.9406901041666667,0.029785156249999997,0.38606279426150836,0.094 0.385 0.437 0.644 0.446 0.018
X46-b2,phase_scan,55,8,14400,0.0166015625,0.5234026227678571,0.2655029296875,0.6642821478465246,0.315 1.219 0.450 0.777 1.038 0.885 0.572 -0.292
X46-b2,phase_scan,55,4,28800,0.9716796875,0.9861653645833334,0.0068359375,0.15759984652201334,-0.002 0.198 0.228 0.047
X46-b2,phase_scan,55,6,28800,0.8876953125,0.96328125,0.018229166666666664,0.4157812727822196,0.024 0.413 0.441 0.608 0.523 0.094
X46-b2,phase_scan,55,8,28800,0.0,0.4617396763392856,0.30322265625,0.8345841226123628,0.311 1.570 -0.034 1.012 0.756 1.777 0.947 -0.186
X46-b2,phase_scan,55,4,36000,0.9755859375,0.9890950520833334,0.005126953125,0.15688944745946812,0.010 0.227 0.207 0.037
X46-b2,phase_scan,55,6,36000,0.896484375,0.9657552083333334,0.01708984375,0.42144041591220416,0.026 0.410 0.529 0.556 0.484 0.128
X46-b2,phase_scan,55,8,36000,0.0,0.4732491629464285,0.2955322265625,0.9921358502100385,0.344 1.549 1.497 1.068 0.646 1.737 0.575 -0.127
X46-b2,phase_scan,66,4,900,0.759765625,0.87646484375,0.0625,0.10762236736438892,0.121 0.292 0.069 -0.038
X46-b2,phase_scan,66,6,900,0.2255859375,0.6710286458333333,0.17431640625,0.22217036618126745,0.378 0.846 0.302 0.224 0.089 -0.350
X46-b2,phase_scan,66,8,900,0.0341796875,0.54345703125,0.255126953125,0.27979758050706655,0.748 0.497 1.156 0.378 0.275 0.011 0.341 -0.698
X46-b2,phase_scan,66,4,1800,0.8251953125,0.9152018229166666,0.04150390625,0.2070054743025038,0.078 0.307 0.244 0.069
X46-b2,phase_scan,66,6,1800,0.4833984375,0.7988281249999999,0.10384114583333333,0.36236057016584594,0.267 0.617 0.380 0.581 0.356 -0.123
X46-b2,phase_scan,66,8,1800,0.0439453125,0.5796595982142857,0.23095703125,0.4717276020655557,0.569 0.247 1.019 0.584 0.874 0.327 0.610 -0.358
X46-b2,phase_scan,66,4,3600,0.892578125,0.9449869791666667,0.02783203125,0.2538760503133138,0.037 0.427 0.249 0.086
X46-b2,phase_scan,66,6,3600,0.5458984375,0.8233723958333332,0.09147135416666666,0.48495437039269323,0.167 0.624 0.645 0.679 0.501 -0.024
X46-b2,phase_scan,66,8,3600,0.0126953125,0.5280412946428571,0.2645263671875,0.7218806894998702,0.383 0.740 1.129 0.945 1.076 0.592 0.729 -0.158
X46-b2,phase_scan,66,4,7200,0.93359375,0.9684244791666667,0.015380859375,0.1887065392953378,-0.049 0.318 0.232 0.015
X46-b2,phase_scan,66,6,7200,0.7783203125,0.9152994791666667,0.04378255208333333,0.4132202201419405,0.152 0.421 0.566 0.715 0.422 -0.058
X46-b2,phase_scan,66,8,7200,0.0458984375,0.5874720982142857,0.2259521484375,0.5508716144259014,0.442 0.312 0.707 0.907 1.135 0.478 0.480 -0.163
X46-b2,phase_scan,66,4,14400,0.94140625,0.9723307291666666,0.013427734375,0.21148668395148382,-0.045 0.244 0.287 0.103
X46-b2,phase_scan,66,6,14400,0.822265625,0.9386718749999999,0.030924479166666664,0.44953601890140094,-0.015 0.311 0.493 0.746 0.583 0.115
X46-b2,phase_scan,66,8,14400,0.015625,0.537562779017857,0.256103515625,0.6245073439582945,0.187 0.118 -0.040 0.769 1.082 1.457 1.070 -0.084
X46-b2,phase_scan,66,4,28800,0.9697265625,0.98583984375,0.0068359375,0.15689509886282463,-0.042 0.221 0.239 0.010
X46-b2,phase_scan,66,6,28800,0.849609375,0.9479817708333333,0.026204427083333332,0.4126895798577201,-0.080 0.356 0.506 0.669 0.441 0.091
X46-b2,phase_scan,66,8,28800,0.001953125,0.5705915178571428,0.234130859375,0.6777313398936438,0.212 0.904 -0.061 0.786 0.894 1.606 0.748 -0.133
X46-b2,phase_scan,66,4,36000,0.974609375,0.9873046875,0.00634765625,0.1541985405815972,0.015 0.237 0.187 0.039
X46-b2,phase_scan,66,6,36000,0.888671875,0.9631510416666667,0.018391927083333332,0.4188699457380505,-0.007 0.417 0.542 0.517 0.506 0.112
X46-b2,phase_scan,66,8,36000,0.0009765625,0.5455845424107142,0.2459716796875,0.9057490787808858,0.298 1.481 0.753 0.728 0.598 1.914 1.010 -0.142
X46-b2,phase_scan,77,4,900,0.6982421875,0.84033203125,0.081787109375,0.320906330038,-0.040 0.277 0.521 0.165
X46-b2,phase_scan,77,6,900,0.07421875,0.546875,0.24755859374999997,0.5487084918551972,0.180 0.400 0.523 0.945 1.034 -0.158
X46-b2,phase_scan,77,8,900,0.0009765625,0.49128069196428564,0.286865234375,0.7122164113180978,0.454 -0.217 0.921 0.830 1.433 1.433 1.084 -0.499
X46-b2,phase_scan,77,4,1800,0.849609375,0.9254557291666667,0.037109375,0.2241546136361581,-0.025 0.341 0.270 0.061
X46-b2,phase_scan,77,6,1800,0.4560546875,0.7824869791666667,0.11393229166666666,0.41982008351220007,0.155 0.564 0.461 0.686 0.523 -0.134
X46-b2,phase_scan,77,8,1800,0.02734375,0.5403878348214285,0.25634765625,0.5665907973334903,0.381 0.285 1.017 0.755 1.047 0.551 0.708 -0.397
X46-b2,phase_scan,77,4,3600,0.9150390625,0.9568684895833334,0.021728515625,0.2001139411219844,-0.094 0.245 0.214 0.141
X46-b2,phase_scan,77,6,3600,0.6005859375,0.8493489583333332,0.07747395833333333,0.39632127020094116,0.085 0.407 0.302 0.641 0.589 0.043
X46-b2,phase_scan,77,8,3600,0.1162109375,0.6425083705357144,0.193603515625,0.5479083174750918,0.282 0.415 0.604 0.402 1.020 0.634 0.848 -0.087
X46-b2,phase_scan,77,4,7200,0.9140625,0.9580078125,0.020751953125,0.2604540630623146,-0.117 0.428 0.262 0.091
X46-b2,phase_scan,77,6,7200,0.689453125,0.8814453124999999,0.061197916666666664,0.491656356387668,0.033 0.484 0.626 0.738 0.598 0.012
X46-b2,phase_scan,77,8,7200,0.001953125,0.4700055803571428,0.3017578125,0.7742082504999069,0.233 0.964 0.762 0.836 1.194 1.160 0.572 -0.070
X46-b2,phase_scan,77,4,14400,0.9560546875,0.9786783854166667,0.010498046875,0.12511549172578035,-0.087 0.207 0.164 0.005
X46-b2,phase_scan,77,6,14400,0.8583984375,0.9520182291666666,0.024088541666666664,0.3705779049131604,0.028 0.412 0.403 0.583 0.434 0.021
X46-b2,phase_scan,77,8,14400,0.05859375,0.6128976004464286,0.208251953125,0.539220514751616,0.285 1.511 -0.249 0.743 0.855 1.162 -0.145 -0.101
X46-b2,phase_scan,77,4,28800,0.9765625,0.9889322916666666,0.00537109375,0.1687765121459961,-0.036 0.211 0.246 0.049
X46-b2,phase_scan,77,6,28800,0.9189453125,0.9736979166666666,0.013020833333333332,0.43481621477338994,0.009 0.431 0.506 0.648 0.454 0.135
X46-b2,phase_scan,77,8,28800,0.009765625,0.5779506138392858,0.2274169921875,0.6386765979585194,0.274 1.595 0.111 0.701 0.792 1.394 -0.011 -0.111
X46-b2,phase_scan,77,4,36000,0.9755859375,0.9890950520833333,0.005126953125,0.16875478956434461,-0.025 0.237 0.228 0.041
X46-b2,phase_scan,77,6,36000,0.9091796875,0.9720052083333333,0.013671874999999998,0.4178325070275199,-0.037 0.418 0.588 0.556 0.435 0.091
X46-b2,phase_scan,77,8,36000,0.001953125,0.5556989397321428,0.2398681640625,0.6158333732968285,0.232 1.496 0.055 0.726 0.575 1.733 -0.158 -0.117
X46-b2,phase_scan,88,4,900,0.765625,0.8785807291666667,0.061767578125,0.19458753091317638,0.089 0.288 0.215 0.081
X46-b2,phase_scan,88,6,900,0.3017578125,0.6899739583333333,0.166015625,0.3437495364083182,0.335 0.437 0.352 0.511 0.665 -0.246
X46-b2,phase_scan,88,8,900,0.0419921875,0.5276576450892857,0.265869140625,0.41140703927902944,0.675 0.048 0.886 0.434 0.741 0.565 0.790 -0.586
X46-b2,phase_scan,88,4,1800,0.8623046875,0.9353841145833333,0.03125,0.1523731372974537,-0.170 0.109 0.190 0.158
X46-b2,phase_scan,88,6,1800,0.537109375,0.8244791666666667,0.09033203125,0.2291371954811942,-0.005 0.053 0.120 0.481 0.497 -0.005
X46-b2,phase_scan,88,8,1800,0.1259765625,0.6568429129464286,0.1846923828125,0.24612101297529915,0.228 -0.614 0.458 0.184 0.732 0.378 0.816 -0.231
X46-b2,phase_scan,88,4,3600,0.9013671875,0.953125,0.022705078125,0.19052880781668202,-0.133 0.283 0.251 0.037
X46-b2,phase_scan,88,6,3600,0.61328125,0.8527994791666667,0.07600911458333333,0.3595501714282564,0.002 0.300 0.466 0.703 0.446 -0.118
X46-b2,phase_scan,88,8,3600,0.0419921875,0.5960867745535714,0.2193603515625,0.47046740849812824,0.208 -0.190 0.746 0.773 1.140 0.572 0.537 -0.285
X46-b2,phase_scan,88,4,7200,0.9345703125,0.96923828125,0.014892578125,0.15803743291784214,-0.038 0.342 0.128 0.004
X46-b2,phase_scan,88,6,7200,0.708984375,0.8930338541666667,0.0546875,0.3687568240695528,0.116 0.600 0.471 0.567 0.265 -0.059
X46-b2,phase_scan,88,8,7200,0.037109375,0.6245465959821428,0.2015380859375,0.5332676758841862,0.354 0.449 1.069 0.660 0.958 0.317 0.443 -0.163
X46-b2,phase_scan,88,4,14400,0.94921875,0.9759114583333333,0.01171875,0.16661034690009224,-0.081 0.232 0.217 0.051
X46-b2,phase_scan,88,6,14400,0.83203125,0.9409505208333333,0.029947916666666664,0.39690309100680865,0.083 0.365 0.472 0.680 0.438 0.029
X46-b2,phase_scan,88,8,14400,0.015625,0.5596400669642856,0.241455078125,0.4689164199526347,0.312 -0.400 0.135 0.816 1.034 1.466 0.314 -0.082
X46-b2,phase_scan,88,4,28800,0.974609375,0.9886067708333333,0.00537109375,0.167135132683648,-0.002 0.243 0.245 0.013
X46-b2,phase_scan,88,6,28800,0.8828125,0.9640624999999999,0.017578125,0.41118492020501013,0.085 0.404 0.621 0.562 0.438 0.031
X46-b2,phase_scan,88,8,28800,0.001953125,0.4876185825892856,0.2869873046875,0.5600711277553013,0.326 1.130 0.153 1.231 0.742 1.287 -0.383 -0.239
X46-b2,phase_scan,88,4,36000,0.9814453125,0.9900716145833333,0.005126953125,0.1318518320719401,-0.024 0.167 0.178 0.050
X46-b2,phase_scan,88,6,36000,0.9130859375,0.9715494791666667,0.01416015625,0.3905875020556978,-0.004 0.410 0.416 0.520 0.461 0.146
X46-b2,phase_scan,88,8,36000,0.2314453125,0.7549176897321428,0.1273193359375,0.29352290289742605,0.300 0.595 0.443 0.729 0.738 -0.077 -0.309 -0.064
N8-b2L,priority_scan,11,6,900,0.189453125,0.6285807291666667,0.20035807291666666,0.5172967414061227,0.000 0.472 0.557 0.464 0.577 -0.000
N8-b2L,priority_scan,11,8,900,0.021484375,0.5153111049107142,0.271484375,0.7351976191556012,0.000 0.414 0.831 0.765 0.755 0.809 0.837 0.000
N8-b2L,priority_scan,11,6,1800,0.2001953125,0.6372395833333334,0.19514973958333331,0.7669444878896076,0.000 0.777 0.803 0.753 0.735 -0.000
N8-b2L,priority_scan,11,8,1800,0.001953125,0.4793526785714285,0.29443359375,1.1767683205781159,0.000 1.043 1.294 1.257 1.170 1.267 1.030 0.000
N8-b2L,priority_scan,11,6,3600,0.58203125,0.8353515625,0.08577473958333333,0.42933439215024294,0.000 0.259 0.352 0.485 0.621 -0.000
N8-b2L,priority_scan,11,8,3600,0.115234375,0.6545758928571429,0.1859130859375,0.6765272882249619,0.000 0.408 0.471 0.568 0.707 0.952 0.954 0.000
N8-b2L,priority_scan,11,6,7200,0.6044921875,0.850390625,0.07731119791666666,0.6172367433706918,0.000 0.625 0.642 0.582 0.619 -0.000
N8-b2L,priority_scan,11,8,7200,0.0234375,0.48427036830357134,0.296630859375,0.9705404661319875,0.000 0.854 1.041 1.014 0.931 0.980 1.003 0.000
N8-b2L,priority_scan,11,6,14400,0.1904296875,0.6299479166666666,0.19970703125,0.8575791120529174,0.000 0.637 0.853 0.919 1.021 -0.000
N8-b2L,priority_scan,11,8,14400,0.0,0.4930943080357142,0.2861328125,1.2024053158583463,0.000 0.730 1.120 1.256 1.350 1.505 1.254 0.000
N8-b2L,priority_scan,11,6,28800,0.740234375,0.8997395833333333,0.05224609374999999,0.7762389878431954,0.000 0.812 0.847 0.751 0.695 -0.000
N8-b2L,priority_scan,11,8,28800,0.0009765625,0.3344029017857143,0.408203125,1.1056871325881394,0.000 0.997 1.229 1.197 1.145 1.070 0.996 0.000
N8-b2L,priority_scan,11,6,36000,0.8232421875,0.9345052083333332,0.033854166666666664,0.6317417820294696,0.000 0.685 0.731 0.638 0.473 -0.000
N8-b2L,priority_scan,11,8,36000,0.0302734375,0.4694475446428571,0.3092041015625,0.9713132072378089,0.000 0.802 1.005 1.059 1.025 0.955 0.983 0.000
N8-b2L,priority_scan,22,6,900,0.0283203125,0.5068359375,0.2718098958333333,1.1507973074913023,0.000 0.923 1.311 1.313 1.056 -0.000
N8-b2L,priority_scan,22,8,900,0.0,0.4991978236607142,0.2806396484375,1.5002029692685162,0.000 0.882 1.526 1.839 1.847 1.712 1.195 0.000
N8-b2L,priority_scan,22,6,1800,0.232421875,0.6532552083333334,0.18684895833333331,0.7532223562399545,0.000 0.553 0.804 0.865 0.790 -0.000
N8-b2L,priority_scan,22,8,1800,0.0029296875,0.506312779017857,0.27685546875,1.0304458053023726,0.000 0.480 0.984 1.137 1.249 1.295 1.038 0.000
N8-b2L,priority_scan,22,6,3600,0.5029296875,0.8061197916666667,0.1005859375,0.5956776936848958,0.000 0.548 0.645 0.640 0.550 -0.000
N8-b2L,priority_scan,22,8,3600,0.0380859375,0.5558384486607142,0.246826171875,0.8972825385906078,0.000 0.720 0.902 0.952 0.977 0.966 0.866 0.000
N8-b2L,priority_scan,22,6,7200,0.619140625,0.8494791666666666,0.07845052083333333,0.6492178142070768,0.000 0.630 0.671 0.625 0.671 -0.000
N8-b2L,priority_scan,22,8,7200,0.0576171875,0.5426897321428571,0.2578125,0.9110762896361176,0.000 0.658 0.996 0.930 0.930 0.993 0.959 0.000
N8-b2L,priority_scan,22,6,14400,0.400390625,0.7556640625,0.12858072916666666,0.7734709481398263,0.000 0.667 0.759 0.776 0.891 -0.000
N8-b2L,priority_scan,22,8,14400,0.0,0.41793387276785704,0.3414306640625,1.1479002458077892,0.000 0.935 1.109 1.134 1.203 1.358 1.148 0.000
N8-b2L,priority_scan,22,6,28800,0.69140625,0.8799479166666666,0.06266276041666666,0.7845443983872731,0.000 0.801 0.832 0.781 0.724 -0.000
N8-b2L,priority_scan,22,8,28800,0.0,0.36572265624999994,0.384521484375,1.1801924087383127,0.000 1.084 1.244 1.250 1.224 1.199 1.080 0.000
N8-b2L,priority_scan,22,6,36000,0.7802734375,0.9163411458333333,0.04345703125,0.7335057854652404,0.000 0.707 0.759 0.751 0.717 -0.000
N8-b2L,priority_scan,22,8,36000,0.0048828125,0.3410993303571428,0.4036865234375,1.0603690368157845,0.000 0.867 1.071 1.119 1.160 1.134 1.011 0.000
N8-b2L,priority_scan,33,6,900,0.1142578125,0.5706380208333335,0.23388671875,0.4750442008177438,0.000 0.391 0.577 0.470 0.462 -0.000
N8-b2L,priority_scan,33,8,900,0.0234375,0.516357421875,0.2713623046875,0.635221004486084,0.000 0.431 0.817 0.712 0.697 0.698 0.456 0.000
N8-b2L,priority_scan,33,6,1800,0.251953125,0.6645182291666667,0.18033854166666666,0.7219605644543964,0.000 0.630 0.735 0.757 0.767 -0.000
N8-b2L,priority_scan,33,8,1800,0.0068359375,0.5049176897321428,0.278076171875,1.0831562898777147,0.000 0.843 1.055 1.108 1.121 1.298 1.073 0.000
N8-b2L,priority_scan,33,6,3600,0.548828125,0.8133463541666667,0.0986328125,0.6355508665243783,0.000 0.687 0.710 0.604 0.541 -0.000
N8-b2L,priority_scan,33,8,3600,0.029296875,0.5249720982142856,0.26806640625,0.9764811065461899,0.000 0.923 1.139 1.064 0.946 0.942 0.845 0.000
N8-b2L,priority_scan,33,6,7200,0.5849609375,0.8345052083333333,0.08675130208333333,0.6667218605677285,0.000 0.719 0.768 0.658 0.522 -0.000
N8-b2L,priority_scan,33,8,7200,0.0146484375,0.5138113839285714,0.2744140625,0.9925477372275461,0.000 0.905 1.165 1.145 1.008 0.898 0.833 0.000
N8-b2L,priority_scan,33,6,14400,0.4775390625,0.7856770833333333,0.11344401041666666,0.7900992035865784,0.000 0.786 0.843 0.782 0.749 -0.000
N8-b2L,priority_scan,33,8,14400,0.0029296875,0.4105398995535714,0.3486328125,1.1563017191710296,0.000 1.031 1.266 1.226 1.180 1.191 1.043 0.000
N8-b2L,priority_scan,33,6,28800,0.869140625,0.9513020833333333,0.025065104166666664,0.5201689898967741,0.000 0.620 0.589 0.458 0.413 -0.000
N8-b2L,priority_scan,33,8,28800,0.2998046875,0.7456403459821429,0.1373291015625,0.8365793581362123,0.000 0.882 0.970 0.862 0.744 0.726 0.837 0.000
N8-b2L,priority_scan,33,6,36000,0.859375,0.9468098958333333,0.027506510416666664,0.582621097564697,0.000 0.581 0.630 0.582 0.537 -0.000
N8-b2L,priority_scan,33,8,36000,0.310546875,0.7116350446428571,0.159912109375,0.8818318004961366,0.000 0.764 0.921 0.927 0.918 0.899 0.861 0.000
N8-b2L,priority_scan,44,6,900,0.14453125,0.5955078125000001,0.21891276041666666,0.6190060079097747,0.000 0.480 0.689 0.566 0.741 -0.000
N8-b2L,priority_scan,44,8,900,0.0078125,0.4954659598214285,0.2838134765625,0.8453358323485762,0.000 0.162 0.859 0.948 0.945 1.063 1.094 0.000
N8-b2L,priority_scan,44,6,1800,0.3720703125,0.7310546874999999,0.14274088541666666,0.6721936166286467,0.000 0.647 0.741 0.685 0.616 -0.000
N8-b2L,priority_scan,44,8,1800,0.01171875,0.5113002232142856,0.275146484375,0.9476325467780785,0.000 0.564 1.015 1.035 1.030 1.095 0.946 0.000
N8-b2L,priority_scan,44,6,3600,0.224609375,0.6543619791666667,0.18619791666666666,0.8242111404736835,0.000 0.851 0.991 0.834 0.622 -0.000
N8-b2L,priority_scan,44,8,3600,0.001953125,0.5122767857142856,0.273681640625,1.074945992893643,0.000 0.730 1.290 1.314 1.189 1.088 0.839 0.000
N8-b2L,priority_scan,44,6,7200,0.5771484375,0.8309244791666666,0.08870442708333333,0.6984570125738779,0.000 0.732 0.695 0.647 0.720 -0.000
N8-b2L,priority_scan,44,8,7200,0.015625,0.4243512834821428,0.33935546875,1.0487517383363512,0.000 0.995 1.066 1.019 1.019 1.109 1.084 0.000
N8-b2L,priority_scan,44,6,14400,0.69140625,0.8843098958333333,0.0595703125,0.5644102891286213,0.000 0.507 0.518 0.540 0.693 -0.000
N8-b2L,priority_scan,44,8,14400,0.103515625,0.6089215959821429,0.2164306640625,0.8760993568985551,0.000 0.732 0.788 0.802 0.875 1.037 1.023 0.000
N8-b2L,priority_scan,44,6,28800,0.794921875,0.9177083333333332,0.04345703125,0.7158092657725015,0.000 0.744 0.812 0.702 0.606 -0.000
N8-b2L,priority_scan,44,8,28800,0.009765625,0.3806501116071428,0.3729248046875,1.0134150363780834,0.000 0.842 1.060 1.122 1.087 0.995 0.973 0.000
N8-b2L,priority_scan,44,6,36000,0.736328125,0.9035156249999999,0.04931640625,0.7031823198000589,0.000 0.604 0.703 0.717 0.789 -0.000
N8-b2L,priority_scan,44,8,36000,0.0107421875,0.4471609933035714,0.31884765625,0.957529412375556,0.000 0.638 0.851 0.965 1.039 1.141 1.112 0.000
N8-b2L,priority_scan,55,6,900,0.10546875,0.5703776041666667,0.23356119791666666,0.47227859497070296,0.000 0.397 0.392 0.555 0.545 -0.000
N8-b2L,priority_scan,55,8,900,0.015625,0.5027553013392856,0.2789306640625,0.6516122155719334,0.000 0.471 0.684 0.570 0.802 0.820 0.563 0.000
N8-b2L,priority_scan,55,6,1800,0.359375,0.7293619791666666,0.1435546875,0.5588902036348977,0.000 0.473 0.563 0.596 0.603 -0.000
N8-b2L,priority_scan,55,8,1800,0.0537109375,0.5668596540178572,0.24072265625,0.7884310130719784,0.000 0.468 0.807 0.844 0.854 0.944 0.814 0.000
N8-b2L,priority_scan,55,6,3600,0.521484375,0.8086588541666666,0.10042317708333334,0.5505552887916564,0.000 0.637 0.557 0.504 0.504 -0.000
N8-b2L,priority_scan,55,8,3600,0.072265625,0.577880859375,0.2347412109375,0.8533221483230591,0.000 0.873 0.938 0.801 0.786 0.887 0.833 0.000
N8-b2L,priority_scan,55,6,7200,0.6552734375,0.8662109375,0.06949869791666666,0.5490434169769286,0.000 0.650 0.567 0.461 0.518 -0.000
N8-b2L,priority_scan,55,8,7200,0.0400390625,0.54052734375,0.257568359375,0.9639847720110858,0.000 1.161 1.103 0.933 0.816 0.887 0.883 0.000
N8-b2L,priority_scan,55,6,14400,0.4462890625,0.7615234375,0.12744140625,0.7806725303332009,0.000 0.900 0.885 0.712 0.627 -0.000
N8-b2L,priority_scan,55,8,14400,0.0068359375,0.49257114955357134,0.2891845703125,1.1811003420088027,0.000 1.211 1.406 1.288 1.134 1.066 0.982 0.000
N8-b2L,priority_scan,55,6,28800,0.796875,0.9223958333333333,0.04036458333333333,0.7132379213968911,0.000 0.688 0.763 0.725 0.678 -0.000
N8-b2L,priority_scan,55,8,28800,0.00390625,0.3626883370535714,0.3873291015625,1.0354383345003482,0.000 0.828 1.048 1.116 1.113 1.093 1.014 0.000
N8-b2L,priority_scan,55,6,36000,0.75,0.9022135416666666,0.05126953125,0.7797513902187346,0.000 0.751 0.832 0.810 0.726 -0.000
N8-b2L,priority_scan,55,8,36000,0.0,0.34270368303571425,0.4000244140625,1.101503018979673,0.000 0.842 1.082 1.183 1.223 1.185 1.093 0.000
N8-b2L,priority_scan,66,6,900,0.015625,0.49680989583333346,0.27750651041666663,1.21538241704305,0.000 0.976 1.367 1.304 1.215 -0.000
N8-b2L,priority_scan,66,8,900,0.0009765625,0.5007672991071428,0.281005859375,1.6264903766137582,0.000 0.625 1.697 1.954 2.059 1.983 1.441 0.000
N8-b2L,priority_scan,66,6,1800,0.259765625,0.6815755208333333,0.16975911458333331,0.6829149524370828,0.000 0.866 0.740 0.581 0.546 -0.000
N8-b2L,priority_scan,66,8,1800,0.013671875,0.5184151785714286,0.2698974609375,1.002625955475701,0.000 1.002 1.207 1.074 0.908 1.001 0.823 0.000
N8-b2L,priority_scan,66,6,3600,0.478515625,0.7966145833333333,0.10546875,0.6372208893299102,0.000 0.628 0.658 0.604 0.658 -0.000
N8-b2L,priority_scan,66,8,3600,0.0341796875,0.5279017857142856,0.2646484375,0.8900069528155857,0.000 0.533 0.852 0.888 0.939 1.057 1.071 0.000
N8-b2L,priority_scan,66,6,7200,0.5693359375,0.8237630208333333,0.09342447916666666,0.6891934076944985,0.000 0.773 0.814 0.656 0.513 -0.000
N8-b2L,priority_scan,66,8,7200,0.017578125,0.5110212053571428,0.2757568359375,1.0280613325260304,0.000 0.941 1.245 1.188 1.031 0.939 0.824 0.000
N8-b2L,priority_scan,66,6,14400,0.4033203125,0.7520182291666666,0.13102213541666666,0.8031995097796121,0.000 0.692 0.853 0.861 0.807 -0.000
N8-b2L,priority_scan,66,8,14400,0.0,0.4892578124999999,0.2894287109375,1.1474494360111376,0.000 0.728 1.127 1.240 1.325 1.343 1.121 0.000
N8-b2L,priority_scan,66,6,28800,0.8095703125,0.9285807291666666,0.036946614583333336,0.7192049920558929,0.000 0.699 0.739 0.740 0.698 -0.000
N8-b2L,priority_scan,66,8,28800,0.0,0.3039202008928571,0.435546875,1.0719203065942835,0.000 0.858 1.025 1.091 1.152 1.172 1.134 0.000
N8-b2L,priority_scan,66,6,36000,0.8095703125,0.9287109374999999,0.03694661458333333,0.7185572385787962,0.000 0.644 0.776 0.761 0.693 -0.000
N8-b2L,priority_scan,66,8,36000,0.0078125,0.3668387276785714,0.3843994140625,1.0924385432843808,0.000 0.871 1.090 1.195 1.215 1.160 1.023 0.000
N8-b2L,priority_scan,77,6,900,0.119140625,0.5819010416666668,0.22721354166666669,0.5731290082136788,0.000 0.587 0.663 0.613 0.430 -0.000
N8-b2L,priority_scan,77,8,900,0.015625,0.5112304687499999,0.2740478515625,0.8201617002487183,0.000 0.874 1.035 0.992 0.874 0.672 0.474 0.000
N8-b2L,priority_scan,77,6,1800,0.4287109375,0.7654296875,0.12353515624999999,0.42489757140477485,0.000 0.510 0.391 0.334 0.464 -0.000
N8-b2L,priority_scan,77,8,1800,0.119140625,0.6361607142857142,0.1981201171875,0.6605640164128056,0.000 0.670 0.736 0.539 0.509 0.683 0.828 0.000
N8-b2L,priority_scan,77,6,3600,0.365234375,0.7292317708333332,0.14436848958333331,0.7393272221088409,0.000 0.738 0.775 0.727 0.717 -0.000
N8-b2L,priority_scan,77,8,3600,0.001953125,0.46069335937499994,0.3099365234375,1.1350507647902877,0.000 0.998 1.201 1.154 1.168 1.176 1.114 0.000
N8-b2L,priority_scan,77,6,7200,0.6279296875,0.8491536458333333,0.07958984375,0.6657501061757404,0.000 0.668 0.726 0.656 0.613 -0.000
N8-b2L,priority_scan,77,8,7200,0.0185546875,0.45581054687499994,0.31640625,1.0105841248123733,0.000 0.853 1.051 1.098 1.043 1.027 0.991 0.000
N8-b2L,priority_scan,77,6,14400,0.744140625,0.9049479166666666,0.048828125,0.5513894061247506,0.000 0.551 0.579 0.506 0.570 -0.000
N8-b2L,priority_scan,77,8,14400,0.1923828125,0.6715959821428572,0.1796875,0.8451572612479881,0.000 0.750 0.884 0.870 0.803 0.830 0.934 0.000
N8-b2L,priority_scan,77,6,28800,0.8486328125,0.9393880208333334,0.031901041666666664,0.6212800741195678,0.000 0.648 0.675 0.656 0.506 -0.000
N8-b2L,priority_scan,77,8,28800,0.0146484375,0.42177036830357134,0.343017578125,1.0015140418653135,0.000 0.890 1.024 1.062 1.080 1.013 0.939 0.000
N8-b2L,priority_scan,77,6,36000,0.8232421875,0.9315755208333333,0.03597005208333333,0.6216474374135333,0.000 0.739 0.719 0.568 0.461 -0.000
N8-b2L,priority_scan,77,8,36000,0.0048828125,0.3819056919642857,0.3731689453125,1.0255442063013713,0.000 0.928 1.152 1.112 0.996 0.959 1.006 0.000
N8-b2L,priority_scan,88,6,900,0.2255859375,0.6470703124999999,0.18977864583333331,0.2533476551373798,0.000 0.149 0.323 0.110 0.432 -0.000
N8-b2L,priority_scan,88,8,900,0.0537109375,0.5601283482142857,0.2440185546875,0.3126420356609203,0.000 -0.175 0.357 0.311 0.156 0.475 0.752 0.000
N8-b2L,priority_scan,88,6,1800,0.390625,0.7411458333333334,0.13704427083333331,0.6161994238694508,0.000 0.518 0.663 0.616 0.668 -0.000
N8-b2L,priority_scan,88,8,1800,0.0185546875,0.518798828125,0.2691650390625,0.912390218840705,0.000 0.500 0.919 0.989 0.963 1.114 0.989 0.000
N8-b2L,priority_scan,88,6,3600,0.5576171875,0.8233723958333332,0.09261067708333333,0.5072366694609323,0.000 0.556 0.509 0.465 0.498 -0.000
N8-b2L,priority_scan,88,8,3600,0.095703125,0.6045968191964286,0.2181396484375,0.846324430571662,0.000 0.895 0.890 0.835 0.772 0.862 0.825 0.000
N8-b2L,priority_scan,88,6,7200,0.560546875,0.8252604166666666,0.091796875,0.7364366451899209,0.000 0.741 0.797 0.714 0.693 -0.000
N8-b2L,priority_scan,88,8,7200,0.0029296875,0.4333844866071428,0.3319091796875,1.129675860758181,0.000 0.943 1.220 1.188 1.153 1.181 1.093 0.000
N8-b2L,priority_scan,88,6,14400,0.732421875,0.8996744791666665,0.05159505208333333,0.6304524342219033,0.000 0.616 0.665 0.606 0.635 -0.000
N8-b2L,priority_scan,88,8,14400,0.033203125,0.48451450892857134,0.2987060546875,0.9583237436082629,0.000 0.762 0.976 0.997 0.958 1.031 1.025 0.000
N8-b2L,priority_scan,88,6,28800,0.798828125,0.9223307291666666,0.04036458333333333,0.741589069366455,0.000 0.786 0.808 0.718 0.655 -0.000
N8-b2L,priority_scan,88,8,28800,0.001953125,0.2933523995535714,0.4490966796875,1.1167223144460607,0.000 1.016 1.204 1.205 1.168 1.081 1.027 0.000
N8-b2L,priority_scan,88,6,36000,0.8115234375,0.9290364583333333,0.036783854166666664,0.7790130376815794,0.000 0.771 0.828 0.808 0.710 -0.000
N8-b2L,priority_scan,88,8,36000,0.0,0.33653041294642855,0.406982421875,1.1323682467142742,0.000 0.944 1.143 1.220 1.236 1.180 1.071 0.000
N8-b2L,position_scan,11,6,900,0.19921875,0.6282552083333334,0.20182291666666666,0.4288058214717442,-0.186 -0.044 0.216 0.498 0.750 0.724
N8-b2L,position_scan,11,8,900,0.0068359375,0.4985002790178571,0.283203125,0.5047080630347842,-0.149 -0.364 0.035 0.268 0.642 0.995 1.179 0.778
N8-b2L,position_scan,11,6,1800,0.2275390625,0.6637369791666667,0.17968749999999997,0.6357335382037692,-0.171 0.416 0.527 0.665 0.796 0.774
N8-b2L,position_scan,11,8,1800,0.001953125,0.4718540736607142,0.3018798828125,0.8361245147765629,-0.230 0.452 0.630 0.727 0.884 1.095 1.110 0.953
N8-b2L,position_scan,11,6,3600,0.0068359375,0.47324218750000013,0.294921875,0.7778723769717747,-0.394 0.230 0.696 0.873 0.997 1.094
N8-b2L,position_scan,11,8,3600,0.0,0.43886021205357134,0.324951171875,0.9387276096949501,-0.322 0.074 0.628 0.961 1.150 1.384 1.264 1.109
N8-b2L,position_scan,11,6,7200,0.0849609375,0.5865885416666667,0.22249348958333331,0.7883283429675633,-0.351 0.744 0.798 0.722 0.602 1.075
N8-b2L,position_scan,11,8,7200,0.0,0.33025251116071425,0.408447265625,0.9947559000953797,-0.142 0.808 1.123 1.067 0.980 0.886 0.991 1.109
N8-b2L,position_scan,11,6,14400,0.0478515625,0.5279947916666667,0.25830078125,0.7848011387719047,0.056 0.919 0.752 0.558 0.593 1.102
N8-b2L,position_scan,11,8,14400,0.0,0.10902622767857145,0.6470947265625,1.0676250003633043,0.127 1.037 1.103 1.054 0.932 1.115 1.121 1.111
N8-b2L,position_scan,11,6,28800,0.0068359375,0.5780598958333334,0.22428385416666663,0.7579355372322929,-0.242 0.529 0.847 0.553 0.752 1.108
N8-b2L,position_scan,11,8,28800,0.0,0.13002232142857145,0.6064453125,1.0578083235120017,0.008 0.861 0.985 1.081 1.103 1.127 1.138 1.111
N8-b2L,position_scan,11,6,36000,0.0126953125,0.39414062500000013,0.3513997395833333,0.8670121166441176,-0.245 0.822 1.090 0.555 0.799 1.069
N8-b2L,position_scan,11,8,36000,0.0,0.11226981026785715,0.6357421875,1.0440655927809457,-0.038 0.857 1.076 1.149 1.053 1.011 1.053 1.109
N8-b2L,position_scan,22,6,900,0.07421875,0.5166015625,0.26953125,0.7460054688983494,0.274 0.818 0.862 0.676 0.654 0.720
N8-b2L,position_scan,22,8,900,0.0,0.41664341517857134,0.3388671875,0.9739708900451659,0.315 0.871 1.243 1.042 0.910 0.906 1.037 0.809
N8-b2L,position_scan,22,6,1800,0.001953125,0.34785156250000004,0.38883463541666663,1.0982092751397026,0.667 1.167 1.198 1.083 1.071 0.972
N8-b2L,position_scan,22,8,1800,0.0,0.4167829241071428,0.341064453125,1.4110940600198414,0.684 1.533 1.618 1.551 1.391 1.395 1.346 1.044
N8-b2L,position_scan,22,6,3600,0.0,0.33346354166666675,0.39778645833333326,1.2808058394326103,0.923 1.576 1.510 1.226 1.006 1.086
N8-b2L,position_scan,22,8,3600,0.0,0.4823172433035714,0.2938232421875,1.6097314017159596,0.847 2.034 2.069 1.905 1.610 1.401 1.144 1.105
N8-b2L,position_scan,22,6,7200,0.0205078125,0.40455729166666676,0.34651692708333326,0.8672429058286879,-0.344 0.459 0.980 1.047 0.789 1.062
N8-b2L,position_scan,22,8,7200,0.0,0.3644670758928571,0.379150390625,1.141459412044949,-0.097 0.692 1.107 1.342 1.414 1.236 1.092 1.106
N8-b2L,position_scan,22,6,14400,0.0263671875,0.590625,0.21695963541666663,0.585922810766432,-0.238 0.510 0.450 0.520 0.339 1.111
N8-b2L,position_scan,22,8,14400,0.0,0.4045061383928571,0.349365234375,0.9353905821603441,-0.009 0.747 0.906 0.636 0.814 1.162 1.171 1.111
N8-b2L,position_scan,22,6,28800,0.03515625,0.4583984375000001,0.30387369791666663,0.7322582138909234,-0.114 0.857 1.021 0.485 0.197 1.101
N8-b2L,position_scan,22,8,28800,0.0,0.18934849330357145,0.54150390625,1.0320091626000782,0.191 1.068 1.121 1.047 1.009 0.937 0.932 1.111
N8-b2L,position_scan,22,6,36000,0.0009765625,0.3261067708333334,0.4012044270833333,0.9295766486061945,-0.121 0.799 1.139 0.592 1.009 1.109
N8-b2L,position_scan,22,8,36000,0.0,0.0693359375,0.7001953125,1.0998355396210202,0.130 0.942 1.030 1.163 1.129 1.160 1.164 1.111
N8-b2L,position_scan,33,6,900,0.3310546875,0.7035807291666667,0.15901692708333331,0.33288436465793186,0.293 0.551 0.346 0.107 0.208 0.452
N8-b2L,position_scan,33,8,900,0.0732421875,0.5765555245535714,0.2353515625,0.4287384805225191,0.306 0.649 0.705 0.327 0.148 0.210 0.450 0.513
N8-b2L,position_scan,33,6,1800,0.001953125,0.3677083333333334,0.37125651041666663,1.0563395553165011,0.504 1.091 1.089 1.175 1.124 0.802
N8-b2L,position_scan,33,8,1800,0.0,0.4452776227678571,0.320068359375,1.3935850915454682,0.480 1.426 1.457 1.442 1.518 1.596 1.368 0.949
N8-b2L,position_scan,33,6,3600,0.0,0.3470052083333334,0.38834635416666663,0.9579287502500746,-0.156 0.696 0.949 1.020 1.022 1.102
N8-b2L,position_scan,33,8,3600,0.0,0.35979352678571425,0.3865966796875,1.1915643442244757,-0.048 0.877 1.171 1.272 1.351 1.401 1.159 1.110
N8-b2L,position_scan,33,6,7200,0.009765625,0.5239583333333335,0.25927734375,0.7867060237460667,-0.298 0.603 0.660 0.695 0.872 1.105
N8-b2L,position_scan,33,8,7200,0.0,0.3090122767857143,0.4290771484375,0.9768308155120364,-0.053 0.953 0.976 0.868 0.881 0.954 1.095 1.111
N8-b2L,position_scan,33,6,14400,0.0029296875,0.5136067708333334,0.26708984374999994,0.8094042274687026,-0.251 0.711 0.828 0.678 0.727 1.103
N8-b2L,position_scan,33,8,14400,0.0,0.2974330357142857,0.4354248046875,1.00929752228752,0.039 0.822 0.942 1.041 0.944 1.038 1.167 1.111
N8-b2L,position_scan,33,6,28800,0.041015625,0.4689453125000001,0.29654947916666663,0.7030860318077934,-0.207 0.782 1.089 0.558 -0.010 1.096
N8-b2L,position_scan,33,8,28800,0.0,0.16040039062500003,0.568603515625,1.0434713439335899,-0.034 0.888 1.137 1.114 1.111 0.930 1.013 1.111
N8-b2L,position_scan,33,6,36000,0.001953125,0.33658854166666674,0.39208984374999994,0.9021599027845596,-0.287 1.038 1.072 0.643 0.663 1.095
N8-b2L,position_scan,33,8,36000,0.0,0.07672991071428573,0.685791015625,1.0352325250232028,-0.053 0.818 1.070 1.063 1.097 1.035 1.053 1.111
N8-b2L,position_scan,44,6,900,0.046875,0.4832682291666668,0.2900390625,0.8124722772174412,0.342 0.898 0.939 0.769 0.783 0.673
N8-b2L,position_scan,44,8,900,0.0,0.4059709821428571,0.34716796875,1.0149217787243072,0.454 0.960 1.294 1.115 0.980 0.944 1.056 0.755
N8-b2L,position_scan,44,6,1800,0.4130859375,0.7583333333333333,0.126953125,0.5203628672493827,-0.041 0.310 0.384 0.514 0.533 0.861
N8-b2L,position_scan,44,8,1800,0.0703125,0.5943429129464286,0.2227783203125,0.599319442870125,-0.031 0.275 0.467 0.509 0.615 0.743 0.594 0.994
N8-b2L,position_scan,44,6,3600,0.0537109375,0.5547526041666668,0.24137369791666666,0.7700278891457452,-0.185 0.454 0.735 0.782 0.807 1.071
N8-b2L,position_scan,44,8,3600,0.0,0.37883649553571425,0.369384765625,0.9396050279102628,-0.194 0.478 0.796 0.973 1.040 1.105 1.078 1.107
N8-b2L,position_scan,44,6,7200,0.0,0.45872395833333346,0.30452473958333337,0.9503749741448297,-0.231 0.424 0.780 1.082 1.355 1.111
N8-b2L,position_scan,44,8,7200,0.0,0.5363769531249999,0.2576904296875,1.1617251426454573,0.053 0.768 0.799 1.047 1.373 1.556 1.479 1.111
N8-b2L,position_scan,44,6,14400,0.009765625,0.5117838541666668,0.2685546875,0.8017217053307426,-0.232 0.820 0.801 0.659 0.619 1.110
N8-b2L,position_scan,44,8,14400,0.0,0.20978655133928575,0.5211181640625,1.0375515430692643,0.070 0.941 1.103 1.075 0.913 1.013 1.106 1.111
N8-b2L,position_scan,44,6,28800,0.111328125,0.665234375,0.17252604166666663,0.6541978650622898,-0.251 0.488 0.834 0.504 0.358 1.087
N8-b2L,position_scan,44,8,28800,0.0,0.18443080357142858,0.547119140625,1.028245801017398,-0.023 0.931 1.035 1.015 0.975 1.063 1.068 1.111
N8-b2L,position_scan,44,6,36000,0.2265625,0.6866536458333333,0.16373697916666669,0.5695482624901665,-0.280 0.288 0.897 0.529 0.054 1.080
N8-b2L,position_scan,44,8,36000,0.0009765625,0.1561802455357143,0.5850830078125,1.0406800489577035,-0.055 0.833 1.070 1.117 1.095 1.010 1.048 1.111
N8-b2L,position_scan,55,6,900,0.0419921875,0.4892578125000001,0.28662109375,0.7696077161365086,0.092 0.394 0.723 0.880 0.969 0.881
N8-b2L,position_scan,55,8,900,0.0009765625,0.4346400669642856,0.3272705078125,0.9771576381865001,0.184 0.271 0.747 0.976 1.115 1.260 1.538 0.934
N8-b2L,position_scan,55,6,1800,0.0634765625,0.5121093750000001,0.27132161458333337,0.7912058565351698,-0.213 0.462 0.776 0.870 0.848 1.000
N8-b2L,position_scan,55,8,1800,0.0,0.3909040178571428,0.3597412109375,0.971100406041221,-0.243 0.338 0.848 1.072 1.166 1.200 1.115 1.059
N8-b2L,position_scan,55,6,3600,0.080078125,0.5397135416666667,0.2547200520833333,0.8309330277972752,-0.095 0.778 0.849 0.771 0.714 1.043
N8-b2L,position_scan,55,8,3600,0.0,0.31773158482142855,0.41943359375,1.0458206184326655,-0.084 1.033 1.116 1.137 1.057 1.028 0.854 1.097
N8-b2L,position_scan,55,6,7200,0.3291015625,0.7350911458333333,0.13785807291666666,0.6032337877485487,-0.257 0.476 0.602 0.547 0.407 0.984
N8-b2L,position_scan,55,8,7200,0.02734375,0.5491768973214286,0.2518310546875,0.8290990950569272,0.032 0.849 0.814 0.824 0.769 0.697 0.753 1.097
N8-b2L,position_scan,55,6,14400,0.2255859375,0.6725260416666666,0.17350260416666666,0.6371815337075128,-0.372 0.324 0.749 0.708 0.398 1.007
N8-b2L,position_scan,55,8,14400,0.0,0.3029087611607143,0.4305419921875,0.9651012647719609,-0.139 0.611 0.965 1.029 0.954 0.988 1.101 1.108
N8-b2L,position_scan,55,6,28800,0.009765625,0.5936848958333334,0.21484374999999997,0.7589680486255221,-0.276 0.419 0.827 0.805 0.645 1.100
N8-b2L,position_scan,55,8,28800,0.0,0.09528459821428573,0.6591796875,1.0734117787981792,-0.048 0.861 1.085 1.135 1.113 1.088 1.121 1.111
N8-b2L,position_scan,55,6,36000,0.0068359375,0.5046875000000002,0.27262369791666663,0.8637276225619847,-0.261 0.901 0.749 0.674 0.888 1.107
N8-b2L,position_scan,55,8,36000,0.0,0.13814871651785715,0.595947265625,1.0388860816047303,0.009 0.859 1.098 1.032 0.959 1.076 1.137 1.111
N8-b2L,position_scan,66,6,900,0.1669921875,0.6097656250000001,0.21272786458333331,0.6381226513120863,0.232 0.615 0.706 0.652 0.555 0.662
N8-b2L,position_scan,66,8,900,0.0068359375,0.45619419642857134,0.3126220703125,0.8246603844657777,0.251 0.629 0.967 0.887 0.912 0.807 0.883 0.688
N8-b2L,position_scan,66,6,1800,0.060546875,0.5081380208333335,0.27506510416666663,0.8594690296385024,0.357 0.854 0.818 0.809 0.897 0.920
N8-b2L,position_scan,66,8,1800,0.0,0.3351702008928571,0.403564453125,1.093347148289756,0.322 0.999 1.143 1.071 1.065 1.190 1.176 1.009
N8-b2L,position_scan,66,6,3600,0.2822265625,0.6802734374999999,0.17138671875,0.7272171311908298,-0.191 0.703 0.764 0.622 0.613 0.935
N8-b2L,position_scan,66,8,3600,0.0068359375,0.3984723772321428,0.3558349609375,0.9395638534000942,-0.034 0.799 1.058 1.018 0.908 0.885 0.829 1.080
N8-b2L,position_scan,66,6,7200,0.181640625,0.6161458333333334,0.20849609375,0.7684860361946954,-0.290 0.974 0.854 0.667 0.431 0.916
N8-b2L,position_scan,66,8,7200,0.0,0.2919224330357143,0.4410400390625,1.023324444180443,-0.084 0.999 1.268 1.098 0.903 0.760 1.037 1.099
N8-b2L,position_scan,66,6,14400,0.029296875,0.4866536458333335,0.28369140625,0.777575069003635,-0.148 1.128 0.680 0.570 0.406 1.104
N8-b2L,position_scan,66,8,14400,0.0,0.2969447544642857,0.4398193359375,0.9700634176768954,0.094 0.909 1.057 0.920 0.794 0.952 1.047 1.111
N8-b2L,position_scan,66,6,28800,0.0146484375,0.5041666666666669,0.271484375,0.7192000680499605,-0.106 0.902 0.919 0.512 0.159 1.103
N8-b2L,position_scan,66,8,28800,0.0,0.21044921875,0.5194091796875,1.0259856496538435,0.054 0.999 1.129 1.047 0.988 0.910 0.998 1.111
N8-b2L,position_scan,66,6,36000,0.1240234375,0.61796875,0.20442708333333331,0.7210818264219496,-0.195 0.733 0.969 0.409 0.418 1.077
N8-b2L,position_scan,66,8,36000,0.0,0.27162388392857145,0.4537353515625,1.0067953760661776,0.042 0.881 1.006 0.925 0.901 1.068 1.156 1.111
N8-b2L,position_scan,77,6,900,0.01953125,0.4521484375000001,0.3115234375,0.8735404544406468,0.236 0.593 0.908 1.038 1.050 0.778
N8-b2L,position_scan,77,8,900,0.0,0.42804827008928564,0.3309326171875,1.1194967277466303,0.286 0.566 0.975 1.177 1.367 1.446 1.465 0.839
N8-b2L,position_scan,77,6,1800,0.0927734375,0.5357421875,0.2581380208333333,0.8140196137958103,0.511 0.939 0.855 0.755 0.644 0.877
N8-b2L,position_scan,77,8,1800,0.0,0.3564801897321428,0.385986328125,1.0626729707869274,0.500 1.273 1.279 1.129 1.004 0.928 0.829 0.997
N8-b2L,position_scan,77,6,3600,0.060546875,0.5850260416666667,0.22167968749999997,0.7206665409935846,-0.093 0.541 0.643 0.662 0.712 1.045
N8-b2L,position_scan,77,8,3600,0.0,0.4464983258928571,0.3201904296875,0.8802948111579533,-0.013 0.802 0.771 0.793 0.844 0.924 0.926 1.101
N8-b2L,position_scan,77,6,7200,0.0634765625,0.528515625,0.26171875,0.8365606996748183,-0.214 0.793 0.822 0.773 0.733 1.061
N8-b2L,position_scan,77,8,7200,0.0,0.2950962611607143,0.4398193359375,1.0343436400095622,-0.067 0.873 1.112 1.087 1.006 0.953 1.102 1.107
N8-b2L,position_scan,77,6,14400,0.0166015625,0.5572916666666666,0.23811848958333331,0.7161406808429295,-0.298 0.530 0.657 0.680 0.622 1.092
N8-b2L,position_scan,77,8,14400,0.0,0.2670200892857143,0.4635009765625,0.9949897584461028,-0.045 0.857 1.022 0.946 0.908 1.013 1.108 1.111
N8-b2L,position_scan,77,6,28800,0.0341796875,0.5193359375000001,0.2644856770833333,0.8345406187905204,-0.226 0.862 0.942 0.645 0.627 1.097
N8-b2L,position_scan,77,8,28800,0.0,0.15059988839285715,0.585205078125,1.0487695156581818,-0.032 0.900 1.067 1.124 1.128 1.005 1.007 1.111
N8-b2L,position_scan,77,6,36000,0.0048828125,0.5255208333333334,0.25895182291666663,0.8273748689227635,-0.257 0.708 0.884 0.538 0.896 1.110
N8-b2L,position_scan,77,8,36000,0.0,0.19259207589285715,0.53564453125,1.0423623190985787,-0.024 0.822 0.962 1.014 1.062 1.127 1.197 1.111
N8-b2L,position_scan,88,6,900,0.2373046875,0.650390625,0.18929036458333331,0.5205275350146824,0.124 0.337 0.597 0.492 0.529 0.648
N8-b2L,position_scan,88,8,900,0.0126953125,0.48291015625,0.2945556640625,0.6774615106128511,0.188 0.187 0.658 0.774 0.771 0.743 0.892 0.718
N8-b2L,position_scan,88,6,1800,0.0361328125,0.4822916666666668,0.2916666666666667,0.8424480888578627,0.018 0.635 0.787 0.870 0.936 0.985
N8-b2L,position_scan,88,8,1800,0.0,0.38867187499999994,0.3614501953125,1.0902100517636253,-0.025 0.567 1.032 1.153 1.219 1.305 1.300 1.055
N8-b2L,position_scan,88,6,3600,0.0166015625,0.4873697916666668,0.28597005208333337,0.7656751208835179,-0.290 0.340 0.673 0.876 0.870 1.070
N8-b2L,position_scan,88,8,3600,0.0,0.4124581473214285,0.34423828125,0.962825370213342,-0.302 0.398 0.657 1.003 1.241 1.299 1.036 1.105
N8-b2L,position_scan,88,6,7200,0.0185546875,0.5012369791666668,0.2763671875,0.8543495866987442,-0.281 0.673 0.833 0.843 0.832 1.090
N8-b2L,position_scan,88,8,7200,0.0,0.30528041294642855,0.4317626953125,1.0977998990861195,-0.070 0.863 1.061 1.127 1.150 1.149 1.225 1.110
N8-b2L,position_scan,88,6,14400,0.0302734375,0.6175130208333334,0.19921874999999994,0.615595195028517,-0.284 0.415 0.555 0.520 0.482 1.106
N8-b2L,position_scan,88,8,14400,0.0009765625,0.4356166294642856,0.324951171875,0.8979517883724638,-0.015 0.773 0.809 0.772 0.787 0.950 1.083 1.111
N8-b2L,position_scan,88,6,28800,0.017578125,0.5960286458333334,0.21240234375,0.6997185680601332,-0.280 0.327 0.757 0.500 0.811 1.103
N8-b2L,position_scan,88,8,28800,0.0,0.2567661830357143,0.4703369140625,0.989267769313994,-0.125 0.763 0.964 0.897 1.016 1.063 1.111 1.111
N8-b2L,position_scan,88,6,36000,0.033203125,0.563671875,0.23453776041666663,0.7754395935270522,-0.259 0.755 0.935 0.473 0.622 1.093
N8-b2L,position_scan,88,8,36000,0.0,0.3379603794642857,0.40576171875,0.9755592497568282,-0.046 0.739 0.989 0.994 0.991 0.999 1.007 1.111
N8-b2L,phase_scan,11,6,900,0.1826171875,0.63515625,0.19580078125,0.5874373250537447,0.157 0.674 0.910 0.673 0.492 0.188
N8-b2L,phase_scan,11,8,900,0.009765625,0.4861537388392857,0.2919921875,0.7633383879585872,0.259 0.616 1.078 1.166 0.933 0.786 0.646 0.119
N8-b2L,phase_scan,11,6,1800,0.4140625,0.7668619791666667,0.12190755208333333,0.5278063747617932,-0.127 0.436 0.630 0.717 0.627 0.230
N8-b2L,phase_scan,11,8,1800,0.0615234375,0.6005161830357143,0.21826171875,0.6665000650617812,-0.087 0.356 0.745 0.802 0.897 0.977 0.672 0.217
N8-b2L,phase_scan,11,6,3600,0.470703125,0.7943359375,0.10677083333333333,0.5838000112109712,-0.121 0.418 0.658 0.770 0.758 0.315
N8-b2L,phase_scan,11,8,3600,0.0283203125,0.57763671875,0.23193359375,0.7482045983511304,-0.038 0.403 0.710 0.849 1.027 1.102 0.857 0.290
N8-b2L,phase_scan,11,6,7200,0.470703125,0.7847005208333333,0.11311848958333331,0.619829151365492,-0.237 0.592 0.838 0.587 0.604 0.477
N8-b2L,phase_scan,11,8,7200,0.2177734375,0.7175641741071429,0.1505126953125,0.7115993991730706,0.019 0.490 0.883 0.947 0.868 0.837 0.674 0.282
N8-b2L,phase_scan,11,6,14400,0.400390625,0.752734375,0.1298828125,0.5485511753294201,-0.242 0.046 0.983 0.413 0.807 0.494
N8-b2L,phase_scan,11,8,14400,0.61328125,0.8864048549107143,0.058349609375,0.6850838093530563,-0.009 0.478 0.782 0.949 0.870 0.790 0.616 0.310
N8-b2L,phase_scan,11,6,28800,0.5458984375,0.8322916666666667,0.0859375,0.6093187861972383,-0.275 0.638 0.935 0.414 0.633 0.427
N8-b2L,phase_scan,11,8,28800,0.828125,0.9551130022321428,0.0225830078125,0.6694311565823027,-0.032 0.473 0.738 0.883 0.911 0.880 0.596 0.206
N8-b2L,phase_scan,11,6,36000,0.7607421875,0.9126953124999999,0.044596354166666664,0.5356101327472261,-0.249 0.210 0.943 0.400 0.761 0.364
N8-b2L,phase_scan,11,8,36000,0.8388671875,0.9602748325892858,0.019775390625,0.6789635476611908,0.023 0.489 0.754 0.884 0.912 0.819 0.632 0.262
N8-b2L,phase_scan,22,6,900,0.138671875,0.6009114583333334,0.21614583333333331,0.6087404621971977,0.130 0.772 0.879 0.724 0.518 0.151
N8-b2L,phase_scan,22,8,900,0.0029296875,0.4858747209821428,0.2904052734375,0.7969390589093406,0.250 0.794 1.214 1.134 0.981 0.857 0.573 0.024
N8-b2L,phase_scan,22,6,1800,0.240234375,0.6706380208333333,0.17545572916666666,0.6736507548226249,0.020 0.619 0.865 0.842 0.706 0.336
N8-b2L,phase_scan,22,8,1800,0.0,0.47841099330357134,0.2958984375,0.8869765296814933,0.050 0.605 1.087 1.178 1.130 1.073 0.827 0.309
N8-b2L,phase_scan,22,6,3600,0.103515625,0.5885416666666667,0.22216796875,0.7913382980558606,-0.216 0.522 0.884 1.006 0.996 0.548
N8-b2L,phase_scan,22,8,3600,0.0,0.50537109375,0.2772216796875,0.9687427112034389,-0.088 0.408 0.929 1.160 1.287 1.386 1.109 0.501
N8-b2L,phase_scan,22,6,7200,0.36328125,0.7396484375,0.13671875,0.6084247562620374,-0.225 0.382 0.970 0.585 0.682 0.423
N8-b2L,phase_scan,22,8,7200,0.15625,0.6909528459821429,0.1644287109375,0.7002095381418864,0.038 0.468 0.785 1.025 0.964 0.827 0.568 0.264
N8-b2L,phase_scan,22,6,14400,0.1220703125,0.6019531250000001,0.21321614583333331,0.789737198087904,-0.191 1.214 0.931 0.418 0.924 0.462
N8-b2L,phase_scan,22,8,14400,0.455078125,0.8310895647321428,0.0875244140625,0.7274053777967181,0.072 0.590 0.866 0.918 0.908 0.869 0.700 0.241
N8-b2L,phase_scan,22,6,28800,0.8037109375,0.9286458333333333,0.03645833333333333,0.5117473734749687,-0.261 0.374 0.918 0.396 0.421 0.449
N8-b2L,phase_scan,22,8,28800,0.859375,0.9647391183035714,0.017578125,0.6769721091739714,0.022 0.493 0.809 0.855 0.890 0.863 0.588 0.240
N8-b2L,phase_scan,22,6,36000,0.88671875,0.9606770833333332,0.019856770833333332,0.3556524250242443,-0.267 0.170 0.947 0.419 -0.192 0.435
N8-b2L,phase_scan,22,8,36000,0.908203125,0.97802734375,0.0108642578125,0.661762725739252,-0.004 0.500 0.744 0.889 0.914 0.800 0.553 0.231
N8-b2L,phase_scan,33,6,900,0.1953125,0.6317057291666666,0.19889322916666666,0.5537295871310762,0.205 0.718 0.697 0.586 0.583 0.184
N8-b2L,phase_scan,33,8,900,0.0078125,0.49128069196428564,0.287109375,0.732203381402152,0.323 0.707 1.025 0.913 0.822 0.836 0.747 0.075
N8-b2L,phase_scan,33,6,1800,0.529296875,0.8238281249999999,0.09065755208333334,0.38897698455386676,-0.086 0.397 0.497 0.550 0.444 0.057
N8-b2L,phase_scan,33,8,1800,0.1962890625,0.7096121651785714,0.1546630859375,0.5086988872951932,-0.025 0.337 0.646 0.667 0.728 0.779 0.409 -0.005
N8-b2L,phase_scan,33,6,3600,0.404296875,0.7576822916666667,0.12744140625,0.6222092045678032,-0.121 0.711 0.867 0.822 0.523 0.187
N8-b2L,phase_scan,33,8,3600,0.0078125,0.5390625,0.2559814453125,0.7850893527742417,0.043 0.693 0.988 1.116 1.096 0.912 0.542 0.149
N8-b2L,phase_scan,33,6,7200,0.5166015625,0.8127604166666667,0.09716796875,0.47478275828891314,-0.220 0.180 0.638 0.473 0.641 0.440
N8-b2L,phase_scan,33,8,7200,0.4970703125,0.845947265625,0.07958984375,0.6512024099864656,0.009 0.526 0.685 0.760 0.740 0.861 0.725 0.261
N8-b2L,phase_scan,33,6,14400,0.5009765625,0.8119140624999999,0.0966796875,0.6214172972573173,-0.253 0.680 0.877 0.396 0.691 0.462
N8-b2L,phase_scan,33,8,14400,0.759765625,0.9351632254464286,0.0328369140625,0.67285798844837,-0.005 0.510 0.755 0.854 0.870 0.833 0.622 0.267
N8-b2L,phase_scan,33,6,28800,0.4541015625,0.8099609374999999,0.09619140625,0.5125304990344575,-0.309 0.956 0.937 0.408 -0.163 0.425
N8-b2L,phase_scan,33,8,28800,0.8037109375,0.9483119419642857,0.0260009765625,0.6696115410517132,-0.060 0.556 0.824 0.886 0.902 0.727 0.564 0.229
N8-b2L,phase_scan,33,6,36000,0.6201171875,0.8607421875,0.0712890625,0.672262324227227,-0.280 0.867 0.937 0.406 0.722 0.429
N8-b2L,phase_scan,33,8,36000,0.7978515625,0.9456961495535714,0.0274658203125,0.6768804883200025,-0.012 0.498 0.784 0.881 0.910 0.849 0.597 0.220
N8-b2L,phase_scan,44,6,900,0.3671875,0.7285807291666667,0.14469401041666666,0.37934336397382934,-0.065 0.334 0.578 0.575 0.370 0.040
N8-b2L,phase_scan,44,8,900,0.0712890625,0.5919363839285714,0.22509765625,0.4494353892311217,0.065 0.060 0.661 0.774 0.770 0.629 0.353 -0.100
N8-b2L,phase_scan,44,6,1800,0.646484375,0.8591145833333333,0.07356770833333333,0.21257075998518182,-0.032 0.325 0.345 0.235 0.107 0.051
N8-b2L,phase_scan,44,8,1800,0.4345703125,0.8061174665178572,0.1021728515625,0.29164700281052364,0.040 0.349 0.511 0.460 0.320 0.287 0.080 0.035
N8-b2L,phase_scan,44,6,3600,0.5478515625,0.8229817708333332,0.09228515625,0.5125403139326306,0.019 0.623 0.691 0.583 0.446 0.220
N8-b2L,phase_scan,44,8,3600,0.1484375,0.6607491629464286,0.1837158203125,0.6766492601424928,0.138 0.710 0.896 0.884 0.801 0.748 0.519 0.179
N8-b2L,phase_scan,44,6,7200,0.5205078125,0.8220703125,0.09130859375,0.5191559924019706,-0.247 0.074 0.697 0.439 0.907 0.478
N8-b2L,phase_scan,44,8,7200,0.3935546875,0.813720703125,0.09619140625,0.6880113813612196,0.005 0.441 0.695 0.830 0.906 0.972 0.702 0.270
N8-b2L,phase_scan,44,6,14400,0.1318359375,0.6300130208333334,0.19563802083333331,0.744051867061191,-0.218 0.827 0.919 0.405 1.074 0.495
N8-b2L,phase_scan,44,8,14400,0.5078125,0.8519810267857142,0.076171875,0.6777909066942003,0.014 0.491 0.724 0.913 0.856 0.839 0.632 0.291
N8-b2L,phase_scan,44,6,28800,0.845703125,0.9442057291666666,0.028483072916666664,0.4082775844468009,-0.264 -0.247 0.909 0.456 0.489 0.435
N8-b2L,phase_scan,44,8,28800,0.8173828125,0.9510323660714286,0.0247802734375,0.6638002395629883,0.017 0.456 0.743 0.870 0.975 0.850 0.538 0.213
N8-b2L,phase_scan,44,6,36000,0.083984375,0.5878255208333334,0.22021484375,0.7999850246641369,0.159 1.184 0.934 0.477 0.954 0.451
N8-b2L,phase_scan,44,8,36000,0.685546875,0.9113420758928571,0.0452880859375,0.6958966028122674,0.012 0.414 0.795 0.899 0.936 0.943 0.650 0.236
N8-b2L,phase_scan,55,6,900,0.1826171875,0.6361328125,0.1953125,0.5992876821094087,-0.031 0.574 0.775 0.787 0.637 0.223
N8-b2L,phase_scan,55,8,900,0.005859375,0.4872349330357142,0.2904052734375,0.7483539127168201,0.079 0.327 0.966 1.012 1.028 1.026 0.781 0.099
N8-b2L,phase_scan,55,6,1800,0.4267578125,0.7744791666666666,0.11735026041666667,0.46190946631961377,0.005 0.492 0.648 0.631 0.454 0.085
N8-b2L,phase_scan,55,8,1800,0.080078125,0.6180594308035714,0.208251953125,0.6204110667819069,0.010 0.477 0.815 0.888 0.830 0.809 0.491 0.034
N8-b2L,phase_scan,55,6,3600,0.6162109375,0.85703125,0.07340494791666666,0.4146349562538993,-0.289 0.230 0.560 0.564 0.486 0.234
N8-b2L,phase_scan,55,8,3600,0.2685546875,0.7535923549107143,0.1292724609375,0.5853566480061365,-0.084 0.353 0.596 0.751 0.801 0.828 0.531 0.238
N8-b2L,phase_scan,55,6,7200,0.5625,0.8341145833333332,0.08561197916666666,0.5231880479388764,-0.245 0.075 0.856 0.557 0.739 0.388
N8-b2L,phase_scan,55,8,7200,0.2900390625,0.7648228236607143,0.123046875,0.6860608524746363,0.013 0.445 0.740 0.866 0.943 0.930 0.682 0.196
N8-b2L,phase_scan,55,6,14400,0.3896484375,0.7470703125,0.13297526041666666,0.6385336849424572,-0.172 0.600 0.924 0.425 0.798 0.446
N8-b2L,phase_scan,55,8,14400,0.5048828125,0.8528878348214286,0.0755615234375,0.6754560319204179,-0.013 0.473 0.786 0.889 0.855 0.880 0.615 0.229
N8-b2L,phase_scan,55,6,28800,0.64453125,0.8716145833333333,0.0654296875,0.5120015276802908,-0.250 0.716 0.937 0.382 0.041 0.484
N8-b2L,phase_scan,55,8,28800,0.8359375,0.9566824776785714,0.0218505859375,0.6901963362618098,-0.081 0.518 0.801 0.880 0.884 0.839 0.630 0.279
N8-b2L,phase_scan,55,6,36000,0.46484375,0.8076822916666666,0.09798177083333333,0.6499421331617565,-0.229 0.933 0.930 0.447 0.614 0.325
N8-b2L,phase_scan,55,8,36000,0.728515625,0.9280831473214286,0.0362548828125,0.6686834494272869,0.024 0.536 0.784 0.865 0.937 0.847 0.534 0.178
N8-b2L,phase_scan,66,6,900,0.2392578125,0.6651692708333333,0.17903645833333331,0.5374401145511202,-0.076 0.374 0.619 0.715 0.681 0.298
N8-b2L,phase_scan,66,8,900,0.0205078125,0.5163922991071428,0.2720947265625,0.6652581880963038,0.050 0.202 0.699 0.774 0.922 1.014 0.881 0.165
N8-b2L,phase_scan,66,6,1800,0.134765625,0.5902994791666667,0.22363281249999997,0.7476447158389619,0.051 0.686 0.917 0.964 0.859 0.312
N8-b2L,phase_scan,66,8,1800,0.001953125,0.4858747209821428,0.291259765625,0.951957040362888,0.084 0.626 1.078 1.225 1.243 1.310 0.910 0.272
N8-b2L,phase_scan,66,6,3600,0.52734375,0.8163411458333334,0.09537760416666666,0.48065616024865027,-0.076 0.507 0.749 0.646 0.436 0.064
N8-b2L,phase_scan,66,8,3600,0.0908203125,0.641357421875,0.193115234375,0.6503560618748739,0.101 0.563 0.856 0.960 0.938 0.789 0.407 0.040
N8-b2L,phase_scan,66,6,7200,0.5302734375,0.8166666666666665,0.09505208333333333,0.5391326877805921,-0.278 0.274 0.886 0.568 0.644 0.324
N8-b2L,phase_scan,66,8,7200,0.1494140625,0.6960797991071429,0.160888671875,0.6995447476704915,-0.012 0.456 0.667 0.924 0.960 0.994 0.614 0.280
N8-b2L,phase_scan,66,6,14400,0.7412109375,0.9041015625,0.04931640625,0.32996147208743604,-0.268 0.128 0.921 0.453 -0.083 0.230
N8-b2L,phase_scan,66,8,14400,0.5908203125,0.8828822544642857,0.059814453125,0.6498184279789999,-0.009 0.420 0.734 0.880 0.980 0.810 0.519 0.206
N8-b2L,phase_scan,66,6,28800,0.4169921875,0.7896484374999999,0.10725911458333334,0.5571514500512016,-0.307 1.014 0.936 0.413 0.043 0.380
N8-b2L,phase_scan,66,8,28800,0.8056640625,0.9489397321428572,0.0257568359375,0.6682784216744558,-0.062 0.503 0.824 0.892 0.918 0.822 0.556 0.163
N8-b2L,phase_scan,66,6,36000,0.76953125,0.9192708333333333,0.04085286458333333,0.5073959165149263,-0.277 0.050 0.923 0.429 0.687 0.448
N8-b2L,phase_scan,66,8,36000,0.8603515625,0.9654366629464286,0.0172119140625,0.6741031200166734,-0.014 0.470 0.748 0.865 0.948 0.840 0.602 0.247
N8-b2L,phase_scan,77,6,900,0.3271484375,0.7088541666666667,0.15494791666666663,0.465179575814141,0.067 0.507 0.673 0.591 0.465 0.090
N8-b2L,phase_scan,77,8,900,0.0380859375,0.552978515625,0.248779296875,0.5820923002939374,0.165 0.332 0.863 0.878 0.763 0.768 0.520 -0.048
N8-b2L,phase_scan,77,6,1800,0.4248046875,0.7811848958333333,0.11279296875,0.5325950913959078,-0.025 0.405 0.607 0.699 0.633 0.319
N8-b2L,phase_scan,77,8,1800,0.0615234375,0.6053641183035715,0.2144775390625,0.699424384132264,0.004 0.429 0.702 0.829 0.915 0.920 0.799 0.301
N8-b2L,phase_scan,77,6,3600,0.482421875,0.7981770833333333,0.10498046874999999,0.4800407224231294,0.187 0.783 0.801 0.557 0.295 -0.035
N8-b2L,phase_scan,77,8,3600,0.0556640625,0.6163155691964286,0.208740234375,0.6552147297632126,0.219 0.861 1.054 1.019 0.767 0.586 0.335 -0.036
N8-b2L,phase_scan,77,6,7200,0.41796875,0.7767578125,0.11572265625,0.3771941396925183,-0.154 0.792 0.909 0.535 -0.079 -0.271
N8-b2L,phase_scan,77,8,7200,0.1416015625,0.6959402901785714,0.1610107421875,0.6000892510489811,0.060 0.564 0.865 1.002 0.876 0.697 0.189 0.006
N8-b2L,phase_scan,77,6,14400,0.2509765625,0.7159505208333333,0.146484375,0.6220745378070407,-0.271 0.225 0.949 0.398 1.077 0.461
N8-b2L,phase_scan,77,8,14400,0.654296875,0.9036342075892858,0.0491943359375,0.6860615904369051,-0.019 0.465 0.813 0.907 0.895 0.850 0.622 0.249
N8-b2L,phase_scan,77,6,28800,0.390625,0.7676432291666666,0.11995442708333333,0.5982103877597383,-0.249 0.188 0.947 0.432 0.968 0.457
N8-b2L,phase_scan,77,8,28800,0.7822265625,0.9411272321428571,0.02978515625,0.6789104332999577,0.012 0.516 0.729 0.886 0.930 0.834 0.608 0.248
N8-b2L,phase_scan,77,6,36000,0.3515625,0.7493489583333333,0.1298828125,0.7337189250522187,-0.233 1.013 0.937 0.421 0.830 0.467
N8-b2L,phase_scan,77,8,36000,0.7744140625,0.9387904575892857,0.031005859375,0.6794494295877124,0.018 0.495 0.756 0.869 0.880 0.853 0.651 0.252
N8-b2L,phase_scan,88,6,900,0.1162109375,0.5888020833333334,0.22233072916666666,0.6793677939309013,0.035 0.504 0.808 0.867 0.892 0.326
N8-b2L,phase_scan,88,8,900,0.0,0.4688546316964285,0.301513671875,0.8768711582062736,0.175 0.348 0.898 1.073 1.183 1.288 1.130 0.218
N8-b2L,phase_scan,88,6,1800,0.287109375,0.7085286458333333,0.15364583333333331,0.5300953520668876,-0.030 0.473 0.836 0.821 0.491 0.030
N8-b2L,phase_scan,88,8,1800,0.0078125,0.5359235491071428,0.2581787109375,0.6902170559716604,0.092 0.350 0.853 1.138 1.106 0.954 0.481 -0.051
N8-b2L,phase_scan,88,6,3600,0.3955078125,0.7544921874999999,0.12890625,0.6442064576678803,-0.212 0.764 0.860 0.717 0.615 0.264
N8-b2L,phase_scan,88,8,3600,0.013671875,0.5380859375,0.2564697265625,0.8028053669702437,0.042 0.627 1.105 1.101 0.977 0.941 0.644 0.225
N8-b2L,phase_scan,88,6,7200,0.1953125,0.63828125,0.193359375,0.7655762566460502,-0.099 1.013 0.919 0.486 0.934 0.476
N8-b2L,phase_scan,88,8,7200,0.3115234375,0.7655203683035715,0.1234130859375,0.7078742791735937,0.120 0.562 0.757 0.930 0.906 0.876 0.642 0.284
N8-b2L,phase_scan,88,6,14400,0.62109375,0.8623697916666666,0.0703125,0.5759831402036878,-0.125 0.523 0.869 0.421 0.632 0.434
N8-b2L,phase_scan,88,8,14400,0.7412109375,0.9285016741071429,0.036376953125,0.6639187298123799,0.111 0.567 0.702 0.816 0.912 0.847 0.577 0.226
N8-b2L,phase_scan,88,6,28800,0.283203125,0.704296875,0.15494791666666666,0.7273573610517712,-0.239 1.040 0.909 0.393 0.832 0.463
N8-b2L,phase_scan,88,8,28800,0.7568359375,0.9347446986607142,0.032958984375,0.6915445554824103,0.016 0.550 0.782 0.842 0.891 0.858 0.670 0.247
N8-b2L,phase_scan,88,6,36000,0.525390625,0.8225260416666667,0.09114583333333333,0.6555332475238373,-0.219 0.577 0.958 0.438 0.869 0.435
N8-b2L,phase_scan,88,8,36000,0.8310546875,0.9546247209821428,0.02294921875,0.6824655003017849,-0.030 0.476 0.774 0.904 0.940 0.865 0.597 0.222
N8-b4L,priority_scan,11,6,900,0.0478515625,0.5111979166666667,0.2693684895833333,0.5088158448537189,0.000 0.590 0.846 0.377 0.222 -0.000
N8-b4L,priority_scan,11,8,900,0.0029296875,0.46669224330357134,0.3035888671875,0.7117812721817582,0.000 0.657 1.512 1.196 0.620 0.156 0.130 0.000
N8-b4L,priority_scan,11,6,1800,0.4755859375,0.7878255208333332,0.11116536458333334,0.21819889545440657,0.000 0.263 0.257 0.217 0.135 -0.000
N8-b4L,priority_scan,11,8,1800,0.2138671875,0.7071010044642858,0.156005859375,0.3333639877813834,0.000 0.467 0.454 0.341 0.337 0.325 0.076 0.000
N8-b4L,priority_scan,11,6,3600,0.4853515625,0.7958333333333334,0.10660807291666666,0.5079277356465657,0.000 0.452 0.546 0.594 0.440 -0.000
N8-b4L,priority_scan,11,8,3600,0.0673828125,0.5950404575892858,0.22216796875,0.7973612017101712,0.000 0.693 0.859 0.915 0.959 0.919 0.440 0.000
N8-b4L,priority_scan,11,6,7200,0.671875,0.8714192708333333,0.06705729166666667,0.43512110908826174,0.000 0.523 0.482 0.413 0.322 -0.000
N8-b4L,priority_scan,11,8,7200,0.2470703125,0.7278878348214286,0.1448974609375,0.6453125785898278,0.000 0.678 0.778 0.720 0.680 0.641 0.375 0.000
N8-b4L,priority_scan,11,6,14400,0.8427734375,0.9420572916666665,0.029785156249999997,0.301579435666402,0.000 0.348 0.323 0.258 0.276 -0.000
N8-b4L,priority_scan,11,8,14400,0.6806640625,0.9019252232142857,0.05078125,0.4689902067184448,0.000 0.471 0.489 0.465 0.448 0.482 0.460 0.000
N8-b4L,priority_scan,11,6,28800,0.8740234375,0.955078125,0.02294921875,0.3327165047327676,0.000 0.439 0.367 0.275 0.251 -0.000
N8-b4L,priority_scan,11,8,28800,0.724609375,0.9182477678571428,0.0423583984375,0.6025341263523808,0.000 0.663 0.669 0.596 0.561 0.524 0.602 0.000
N8-b4L,priority_scan,11,6,36000,0.9111328125,0.9673828124999999,0.016764322916666664,0.32910342017809535,0.000 0.342 0.358 0.340 0.276 -0.000
N8-b4L,priority_scan,11,8,36000,0.783203125,0.9396275111607143,0.03076171875,0.5723602683455856,0.000 0.524 0.566 0.589 0.617 0.580 0.558 0.000
N8-b4L,priority_scan,22,6,900,0.0322265625,0.47421875000000013,0.2945963541666667,0.30656427145004256,0.000 -0.189 0.267 0.497 0.651 -0.000
N8-b4L,priority_scan,22,8,900,0.001953125,0.4280831473214285,0.3306884765625,0.43705611317246046,0.000 -0.331 0.342 0.528 0.626 0.814 0.643 0.000
N8-b4L,priority_scan,22,6,1800,0.4765625,0.7885416666666667,0.11100260416666667,0.38497000932693465,0.000 0.238 0.436 0.404 0.462 -0.000
N8-b4L,priority_scan,22,8,1800,0.142578125,0.6617606026785714,0.182861328125,0.5281691860269616,0.000 0.371 0.474 0.612 0.575 0.764 0.374 0.000
N8-b4L,priority_scan,22,6,3600,0.615234375,0.8534505208333333,0.07568359375,0.3920710086822508,0.000 0.354 0.424 0.371 0.419 -0.000
N8-b4L,priority_scan,22,8,3600,0.279296875,0.7426409040178572,0.136962890625,0.5946170400690148,0.000 0.526 0.598 0.631 0.595 0.693 0.524 0.000
N8-b4L,priority_scan,22,6,7200,0.7734375,0.916015625,0.043131510416666664,0.2178357541561125,0.000 0.301 0.236 0.150 0.184 -0.000
N8-b4L,priority_scan,22,8,7200,0.6181640625,0.8814522879464286,0.0616455078125,0.34189248526537863,0.000 0.454 0.418 0.347 0.250 0.267 0.315 0.000
N8-b4L,priority_scan,22,6,14400,0.833984375,0.9405598958333333,0.0302734375,0.348929315805435,0.000 0.376 0.365 0.304 0.351 -0.000
N8-b4L,priority_scan,22,8,14400,0.6650390625,0.9004952566964285,0.05126953125,0.5255615490454214,0.000 0.483 0.536 0.567 0.517 0.536 0.513 0.000
N8-b4L,priority_scan,22,6,28800,0.89453125,0.9633463541666667,0.0185546875,0.396880656480789,0.000 0.439 0.379 0.350 0.420 -0.000
N8-b4L,priority_scan,22,8,28800,0.765625,0.9360002790178571,0.0325927734375,0.6247103435021859,0.000 0.595 0.583 0.562 0.595 0.667 0.746 0.000
N8-b4L,priority_scan,22,6,36000,0.9169921875,0.9732421875,0.013183593749999998,0.2803994218508401,0.000 0.359 0.293 0.240 0.228 -0.000
N8-b4L,priority_scan,22,8,36000,0.853515625,0.9629255022321428,0.0185546875,0.5083607523529617,0.000 0.530 0.500 0.460 0.466 0.516 0.580 0.000
N8-b4L,priority_scan,33,6,900,0.03125,0.4677734375000001,0.29866536458333337,0.30491287509600307,0.000 -0.217 0.307 0.510 0.619 -0.000
N8-b4L,priority_scan,33,8,900,0.0048828125,0.4376395089285714,0.3248291015625,0.37610879650822393,0.000 -0.310 0.264 0.414 0.502 0.753 0.634 0.000
N8-b4L,priority_scan,33,6,1800,0.3720703125,0.7342447916666667,0.140625,0.5404778818289437,0.000 0.490 0.559 0.583 0.529 -0.000
N8-b4L,priority_scan,33,8,1800,0.05859375,0.5882045200892857,0.2264404296875,0.7969118489159478,0.000 0.641 0.873 0.884 0.892 0.904 0.588 0.000
N8-b4L,priority_scan,33,6,3600,0.607421875,0.8494140625,0.07796223958333333,0.4548298815886178,0.000 0.499 0.543 0.444 0.333 -0.000
N8-b4L,priority_scan,33,8,3600,0.169921875,0.6719098772321429,0.17822265625,0.7286832067701553,0.000 0.695 0.885 0.870 0.734 0.662 0.525 0.000
N8-b4L,priority_scan,33,6,7200,0.76953125,0.9162109374999999,0.04280598958333333,0.27357280254363997,0.000 0.240 0.254 0.259 0.342 -0.000
N8-b4L,priority_scan,33,8,7200,0.5673828125,0.8672223772321429,0.06884765625,0.45447040487218787,0.000 0.340 0.441 0.455 0.442 0.535 0.513 0.000
N8-b4L,priority_scan,33,6,14400,0.822265625,0.9349609375,0.033203125,0.30694072445233644,0.000 0.296 0.263 0.263 0.405 -0.000
N8-b4L,priority_scan,33,8,14400,0.6328125,0.8908342633928572,0.05615234375,0.527514241359852,0.000 0.535 0.474 0.419 0.456 0.631 0.650 0.000
N8-b4L,priority_scan,33,6,28800,0.892578125,0.9625651041666666,0.018880208333333332,0.35997221867243434,0.000 0.421 0.396 0.309 0.313 -0.000
N8-b4L,priority_scan,33,8,28800,0.72265625,0.9207240513392858,0.04052734375,0.6310961423096834,0.000 0.625 0.718 0.670 0.595 0.594 0.583 0.000
N8-b4L,priority_scan,33,6,36000,0.923828125,0.9751302083333333,0.012369791666666666,0.21812006831169112,0.000 0.311 0.229 0.180 0.153 -0.000
N8-b4L,priority_scan,33,8,36000,0.8486328125,0.9613211495535714,0.0194091796875,0.3933650255203247,0.000 0.482 0.445 0.378 0.345 0.339 0.371 0.000
N8-b4L,priority_scan,44,6,900,0.1142578125,0.5786458333333334,0.228515625,0.25353342294692977,0.000 -0.018 0.388 0.287 0.357 -0.000
N8-b4L,priority_scan,44,8,900,0.02734375,0.512451171875,0.273681640625,0.2529741437346847,0.000 -0.245 0.332 0.443 0.370 0.284 0.335 0.000
N8-b4L,priority_scan,44,6,1800,0.4736328125,0.7899739583333332,0.109375,0.3898509840170541,0.000 0.286 0.364 0.417 0.493 -0.000
N8-b4L,priority_scan,44,8,1800,0.1298828125,0.6550641741071428,0.1865234375,0.6010183581599483,0.000 0.385 0.496 0.554 0.633 0.841 0.698 0.000
N8-b4L,priority_scan,44,6,3600,0.5380859375,0.81171875,0.09912109375,0.5560810367266336,0.000 0.621 0.692 0.521 0.391 -0.000
N8-b4L,priority_scan,44,8,3600,0.09765625,0.61279296875,0.2125244140625,0.7967014003683021,0.000 0.762 1.007 0.972 0.839 0.699 0.502 0.000
N8-b4L,priority_scan,44,6,7200,0.7470703125,0.9069010416666666,0.04768880208333333,0.2449077367782591,0.000 0.330 0.245 0.152 0.252 -0.000
N8-b4L,priority_scan,44,8,7200,0.5908203125,0.8815569196428572,0.060791015625,0.4145565297868517,0.000 0.463 0.474 0.354 0.292 0.405 0.500 0.000
N8-b4L,priority_scan,44,6,14400,0.794921875,0.9241536458333333,0.03889973958333333,0.3598721822102863,0.000 0.343 0.341 0.357 0.399 -0.000
N8-b4L,priority_scan,44,8,14400,0.4423828125,0.7938058035714286,0.1109619140625,0.6454695374877365,0.000 0.626 0.674 0.629 0.618 0.703 0.623 0.000
N8-b4L,priority_scan,44,6,28800,0.9052734375,0.9662760416666667,0.017252604166666664,0.34027198950449605,0.000 0.433 0.396 0.317 0.215 -0.000
N8-b4L,priority_scan,44,8,28800,0.8154296875,0.9503696986607143,0.025146484375,0.5298514719362611,0.000 0.547 0.609 0.571 0.544 0.457 0.451 0.000
N8-b4L,priority_scan,44,6,36000,0.8818359375,0.9598307291666667,0.02001953125,0.5007306238015492,0.000 0.512 0.532 0.499 0.460 -0.000
N8-b4L,priority_scan,44,8,36000,0.6865234375,0.9031459263392857,0.0504150390625,0.7244937949710422,0.000 0.610 0.734 0.744 0.789 0.788 0.682 0.000
N8-b4L,priority_scan,55,6,900,0.0234375,0.45813802083333344,0.3050130208333333,0.594328741232554,0.000 -0.026 0.721 0.813 0.869 -0.000
N8-b4L,priority_scan,55,8,900,0.0009765625,0.4340820312499999,0.3271484375,0.9218878878487482,0.000 -0.076 0.882 1.135 1.393 1.353 0.844 0.000
N8-b4L,priority_scan,55,6,1800,0.484375,0.7912760416666667,0.109375,0.3047762314478555,0.000 0.217 0.338 0.282 0.382 -0.000
N8-b4L,priority_scan,55,8,1800,0.2177734375,0.7099609375,0.155029296875,0.4267062743504842,0.000 0.292 0.370 0.445 0.428 0.616 0.409 0.000
N8-b4L,priority_scan,55,6,3600,0.583984375,0.8400390625,0.08268229166666666,0.507239798704783,0.000 0.498 0.593 0.495 0.443 -0.000
N8-b4L,priority_scan,55,8,3600,0.142578125,0.6624232700892858,0.1820068359375,0.7258591387006971,0.000 0.573 0.805 0.870 0.770 0.777 0.560 0.000
N8-b4L,priority_scan,55,6,7200,0.759765625,0.9101562499999999,0.04622395833333333,0.33349220951398195,0.000 0.478 0.372 0.252 0.233 -0.000
N8-b4L,priority_scan,55,8,7200,0.4033203125,0.8003976004464287,0.105224609375,0.5482745170593262,0.000 0.730 0.704 0.584 0.437 0.437 0.398 0.000
N8-b4L,priority_scan,55,6,14400,0.8427734375,0.9439453124999999,0.028483072916666664,0.4049472014109292,0.000 0.467 0.446 0.366 0.341 -0.000
N8-b4L,priority_scan,55,8,14400,0.611328125,0.8799874441964286,0.0625,0.6310190536357738,0.000 0.650 0.685 0.677 0.604 0.579 0.591 0.000
N8-b4L,priority_scan,55,6,28800,0.896484375,0.9624999999999999,0.019205729166666664,0.407884766658147,0.000 0.502 0.430 0.383 0.316 -0.000
N8-b4L,priority_scan,55,8,28800,0.724609375,0.9219796316964286,0.0400390625,0.6274218691719903,0.000 0.666 0.640 0.573 0.573 0.672 0.640 0.000
N8-b4L,priority_scan,55,6,36000,0.8935546875,0.9603515625,0.0205078125,0.4682234426339466,0.000 0.604 0.627 0.482 0.160 -0.000
N8-b4L,priority_scan,55,8,36000,0.779296875,0.9338727678571428,0.034423828125,0.651810610735858,0.000 0.617 0.733 0.715 0.722 0.634 0.490 0.000
N8-b4L,priority_scan,66,6,900,0.03125,0.4671223958333334,0.29899088541666663,0.488050729036331,0.000 -0.008 0.442 0.760 0.758 -0.000
N8-b4L,priority_scan,66,8,900,0.0029296875,0.4287109374999999,0.3299560546875,0.7310987622649581,0.000 -0.177 0.584 0.868 1.101 1.160 0.851 0.000
N8-b4L,priority_scan,66,6,1800,0.3154296875,0.7058593750000001,0.15641276041666666,0.4275791347026824,0.000 0.483 0.576 0.375 0.275 -0.000
N8-b4L,priority_scan,66,8,1800,0.060546875,0.6035853794642858,0.216796875,0.6189288916411223,0.000 0.772 0.866 0.822 0.582 0.506 0.165 0.000
N8-b4L,priority_scan,66,6,3600,0.6748046875,0.8748046875,0.06494140625,0.21243030826250694,0.000 0.255 0.209 0.132 0.254 -0.000
N8-b4L,priority_scan,66,8,3600,0.45703125,0.8242536272321428,0.091796875,0.30435652644545946,0.000 0.339 0.335 0.191 0.171 0.376 0.414 0.000
N8-b4L,priority_scan,66,6,7200,0.748046875,0.9074218749999999,0.047526041666666664,0.34519304831822695,0.000 0.411 0.441 0.321 0.207 -0.000
N8-b4L,priority_scan,66,8,7200,0.5068359375,0.8453892299107143,0.0804443359375,0.5213816298378838,0.000 0.570 0.610 0.574 0.506 0.506 0.362 0.000
N8-b4L,priority_scan,66,6,14400,0.8466796875,0.9444661458333332,0.028483072916666664,0.288170278072357,0.000 0.348 0.356 0.265 0.184 -0.000
N8-b4L,priority_scan,66,8,14400,0.7158203125,0.9190499441964286,0.0413818359375,0.4622451685093067,0.000 0.529 0.511 0.477 0.437 0.428 0.393 0.000
N8-b4L,priority_scan,66,6,28800,0.875,0.9537109374999999,0.02376302083333333,0.36299491922060634,0.000 0.596 0.448 0.285 0.123 -0.000
N8-b4L,priority_scan,66,8,28800,0.76171875,0.9322684151785714,0.034912109375,0.5126937671943947,0.000 0.601 0.677 0.561 0.484 0.371 0.383 0.000
N8-b4L,priority_scan,66,6,36000,0.888671875,0.9612630208333333,0.019694010416666664,0.321347266435623,0.000 0.493 0.312 0.200 0.280 -0.000
N8-b4L,priority_scan,66,8,36000,0.791015625,0.9425571986607142,0.0291748046875,0.5706122186448839,0.000 0.717 0.596 0.466 0.440 0.549 0.656 0.000
N8-b4L,priority_scan,77,6,900,0.025390625,0.44993489583333346,0.31022135416666663,0.5325912435849507,0.000 -0.194 0.500 0.945 0.880 -0.000
N8-b4L,priority_scan,77,8,900,0.0029296875,0.4268624441964285,0.33154296875,0.7733571970904314,0.000 -0.283 0.407 0.796 1.349 1.380 0.990 0.000
N8-b4L,priority_scan,77,6,1800,0.4169921875,0.7670572916666667,0.12125651041666666,0.2990105748176573,0.000 0.269 0.374 0.243 0.310 -0.000
N8-b4L,priority_scan,77,8,1800,0.1162109375,0.6457170758928572,0.191650390625,0.5003753414860478,0.000 0.505 0.558 0.610 0.442 0.577 0.310 0.000
N8-b4L,priority_scan,77,6,3600,0.5361328125,0.8203125,0.09326171875,0.3610858817895252,0.000 0.402 0.429 0.260 0.353 -0.000
N8-b4L,priority_scan,77,8,3600,0.2041015625,0.6944754464285714,0.164306640625,0.5709419206336692,0.000 0.638 0.716 0.586 0.469 0.595 0.422 0.000
N8-b4L,priority_scan,77,6,7200,0.7001953125,0.8842447916666666,0.06022135416666666,0.4733202358086902,0.000 0.506 0.570 0.436 0.381 -0.000
N8-b4L,priority_scan,77,8,7200,0.349609375,0.7748674665178572,0.11962890625,0.6221476749137596,0.000 0.486 0.688 0.762 0.689 0.630 0.479 0.000
N8-b4L,priority_scan,77,6,14400,0.818359375,0.9326822916666666,0.03466796875,0.41069726149241115,0.000 0.441 0.461 0.370 0.371 -0.000
N8-b4L,priority_scan,77,8,14400,0.68359375,0.9058314732142857,0.048583984375,0.4839479923248291,0.000 0.383 0.482 0.545 0.493 0.531 0.469 0.000
N8-b4L,priority_scan,77,6,28800,0.87109375,0.9555989583333333,0.0224609375,0.4962409536043802,0.000 0.507 0.527 0.474 0.476 -0.000
N8-b4L,priority_scan,77,8,28800,0.7578125,0.9305943080357143,0.03564453125,0.625157532868562,0.000 0.564 0.609 0.602 0.644 0.685 0.647 0.000
N8-b4L,priority_scan,77,6,36000,0.890625,0.9615234374999999,0.01953125,0.4049506286780038,0.000 0.483 0.446 0.353 0.338 -0.000
N8-b4L,priority_scan,77,8,36000,0.8154296875,0.9504743303571428,0.0250244140625,0.5168011894932499,0.000 0.597 0.509 0.488 0.476 0.474 0.557 0.000
N8-b4L,priority_scan,88,6,900,0.16015625,0.6090494791666666,0.21077473958333331,0.464186519384384,0.000 0.244 0.486 0.469 0.658 -0.000
N8-b4L,priority_scan,88,8,900,0.0419921875,0.5442940848214286,0.2535400390625,0.5868373535297535,0.000 0.082 0.521 0.635 0.662 0.918 0.703 0.000
N8-b4L,priority_scan,88,6,1800,0.5234375,0.8042968749999999,0.10302734375,0.375225394964218,0.000 0.326 0.408 0.383 0.385 -0.000
N8-b4L,priority_scan,88,8,1800,0.1904296875,0.6832101004464287,0.1708984375,0.5920458943755539,0.000 0.415 0.633 0.611 0.609 0.692 0.593 0.000
N8-b4L,priority_scan,88,6,3600,0.732421875,0.9006510416666665,0.05094401041666666,0.08624707659085573,0.000 0.168 0.057 0.009 0.111 -0.000
N8-b4L,priority_scan,88,8,3600,0.591796875,0.8743373325892858,0.065185546875,0.18543208086932148,0.000 0.295 0.183 0.091 0.019 0.187 0.338 0.000
N8-b4L,priority_scan,88,6,7200,0.7646484375,0.9088541666666666,0.04736328125,0.4383044938246408,0.000 0.533 0.495 0.390 0.336 -0.000
N8-b4L,priority_scan,88,8,7200,0.373046875,0.7872140066964286,0.1126708984375,0.6885156587318138,0.000 0.670 0.818 0.754 0.655 0.649 0.585 0.000
N8-b4L,priority_scan,88,6,14400,0.8515625,0.9475260416666667,0.026529947916666664,0.20363594094912194,0.000 0.172 0.175 0.179 0.289 -0.000
N8-b4L,priority_scan,88,8,14400,0.744140625,0.9273507254464286,0.037109375,0.3416166261390403,0.000 0.207 0.245 0.268 0.315 0.463 0.551 0.000
N8-b4L,priority_scan,88,6,28800,0.9072265625,0.9677083333333333,0.016276041666666664,0.29347618420918764,0.000 0.324 0.296 0.271 0.284 -0.000
N8-b4L,priority_scan,88,8,28800,0.8486328125,0.9596121651785714,0.0203857421875,0.5059594136697275,0.000 0.505 0.493 0.478 0.498 0.522 0.540 0.000
N8-b4L,priority_scan,88,6,36000,0.921875,0.9720052083333333,0.014322916666666666,0.33706948161125166,0.000 0.380 0.365 0.313 0.289 -0.000
N8-b4L,priority_scan,88,8,36000,0.853515625,0.9610770089285714,0.0196533203125,0.5139983141863788,0.000 0.480 0.542 0.546 0.530 0.519 0.467 0.000
N8-b4L,position_scan,11,6,900,0.19921875,0.6484375,0.18815104166666666,0.2900461488299899,0.558 0.741 0.570 0.176 -0.052 0.015
N8-b4L,position_scan,11,8,900,0.01953125,0.5494907924107142,0.2498779296875,0.39446157122415215,0.739 0.906 0.973 0.655 0.294 0.045 -0.031 -0.081
N8-b4L,position_scan,11,6,1800,0.3955078125,0.7555989583333333,0.1279296875,0.47917268011305064,0.168 0.641 0.527 0.494 0.408 0.327
N8-b4L,position_scan,11,8,1800,0.0791015625,0.6115025111607144,0.2122802734375,0.6410973980313255,0.161 0.828 0.814 0.666 0.644 0.649 0.488 0.398
N8-b4L,position_scan,11,6,3600,0.5517578125,0.8332031249999999,0.08544921875,0.494335307015313,-0.173 0.223 0.316 0.494 0.710 0.729
N8-b4L,position_scan,11,8,3600,0.1943359375,0.7134835379464286,0.1512451171875,0.6107214518955776,-0.172 0.321 0.321 0.426 0.644 0.911 0.836 0.815
N8-b4L,position_scan,11,6,7200,0.771484375,0.9184895833333333,0.04150390625,0.34241240554385716,-0.265 0.294 0.319 0.303 0.143 0.653
N8-b4L,position_scan,11,8,7200,0.685546875,0.9115862165178572,0.044921875,0.49673602694556823,-0.028 0.494 0.514 0.432 0.394 0.404 0.576 0.663
N8-b4L,position_scan,11,6,14400,0.822265625,0.9347656249999999,0.033365885416666664,0.2691319518619113,-0.144 -0.029 0.205 0.224 0.195 0.750
N8-b4L,position_scan,11,8,14400,0.828125,0.9537527901785714,0.0234375,0.5127314158848354,0.195 0.606 0.508 0.314 0.344 0.506 0.665 0.646
N8-b4L,position_scan,11,6,28800,0.435546875,0.7811848958333333,0.11344401041666666,0.668482952647739,-0.091 0.924 0.718 0.271 0.702 0.728
N8-b4L,position_scan,11,8,28800,0.7734375,0.9393833705357142,0.0306396484375,0.5920275809272887,0.024 0.593 0.673 0.595 0.536 0.537 0.595 0.616
N8-b4L,position_scan,11,6,36000,0.6611328125,0.8782552083333333,0.06201171875,0.6157692008548313,-0.182 0.794 0.740 0.269 0.516 0.760
N8-b4L,position_scan,11,8,36000,0.828125,0.9561941964285714,0.02197265625,0.6403935144818017,0.072 0.633 0.606 0.634 0.739 0.571 0.628 0.672
N8-b4L,position_scan,22,6,900,0.3896484375,0.7356770833333333,0.14095052083333331,0.2586454682879978,0.084 0.315 0.404 0.189 0.166 0.219
N8-b4L,position_scan,22,8,900,0.1044921875,0.6173618861607142,0.210205078125,0.31774672250899055,0.100 0.208 0.582 0.385 0.259 0.257 0.373 0.159
N8-b4L,position_scan,22,6,1800,0.26953125,0.6846354166666667,0.16796875,0.6571660174263849,0.167 0.637 0.752 0.704 0.613 0.580
N8-b4L,position_scan,22,8,1800,0.0107421875,0.49560546874999994,0.2852783203125,0.8328386147816975,0.155 0.689 0.967 0.974 0.930 0.842 0.792 0.637
N8-b4L,position_scan,22,6,3600,0.7431640625,0.9030598958333333,0.0498046875,0.19800656371646452,0.029 0.313 0.142 0.102 0.154 0.279
N8-b4L,position_scan,22,8,3600,0.533203125,0.8593401227678572,0.0726318359375,0.28608863315885025,0.084 0.605 0.263 0.107 0.095 0.211 0.232 0.490
N8-b4L,position_scan,22,6,7200,0.7216796875,0.8983723958333334,0.051920572916666664,0.4337155156665379,-0.233 0.223 0.356 0.428 0.466 0.696
N8-b4L,position_scan,22,8,7200,0.5791015625,0.8755929129464286,0.0638427734375,0.5347601572672526,-0.127 0.373 0.399 0.472 0.570 0.645 0.647 0.638
N8-b4L,position_scan,22,6,14400,0.7294921875,0.9026041666666667,0.04964192708333333,0.42803078227572966,-0.251 0.261 0.341 0.332 0.437 0.769
N8-b4L,position_scan,22,8,14400,0.73046875,0.92724609375,0.036865234375,0.5846220917171902,0.057 0.521 0.536 0.518 0.483 0.677 0.726 0.631
N8-b4L,position_scan,22,6,28800,0.6396484375,0.8709635416666666,0.06559244791666666,0.4588074220551384,-0.236 -0.053 0.516 0.246 0.830 0.755
N8-b4L,position_scan,22,8,28800,0.841796875,0.9594377790178572,0.020263671875,0.5673384288000684,-0.100 0.357 0.454 0.554 0.623 0.721 0.593 0.670
N8-b4L,position_scan,22,6,36000,0.16015625,0.7014322916666667,0.15185546874999997,0.609095705880059,-0.087 1.279 0.744 0.222 0.090 0.711
N8-b4L,position_scan,22,8,36000,0.7939453125,0.943115234375,0.0289306640625,0.6407841992756678,0.093 0.624 0.768 0.664 0.626 0.618 0.598 0.588
N8-b4L,position_scan,33,6,900,0.248046875,0.6579427083333333,0.18473307291666666,0.3804796271853977,0.456 0.494 0.444 0.316 0.394 0.254
N8-b4L,position_scan,33,8,900,0.041015625,0.5431082589285715,0.255126953125,0.5189199674697149,0.609 0.588 0.684 0.507 0.481 0.526 0.618 0.229
N8-b4L,position_scan,33,6,1800,0.466796875,0.7850260416666666,0.11246744791666666,0.4666123920016819,0.148 0.414 0.446 0.465 0.508 0.501
N8-b4L,position_scan,33,8,1800,0.1005859375,0.6420200892857144,0.1934814453125,0.6027630018809484,0.167 0.469 0.586 0.572 0.585 0.676 0.768 0.563
N8-b4L,position_scan,33,6,3600,0.6630859375,0.873828125,0.06510416666666667,0.3480188979042901,0.083 0.513 0.457 0.279 0.116 0.375
N8-b4L,position_scan,33,8,3600,0.3681640625,0.7890276227678572,0.11083984375,0.4992483911060152,0.043 0.703 0.744 0.604 0.452 0.294 0.147 0.550
N8-b4L,position_scan,33,6,7200,0.677734375,0.8815104166666665,0.06070963541666666,0.45382636123233366,-0.263 0.186 0.392 0.465 0.525 0.701
N8-b4L,position_scan,33,8,7200,0.498046875,0.8534458705357143,0.0751953125,0.5953116833217561,-0.032 0.574 0.433 0.552 0.622 0.709 0.626 0.652
N8-b4L,position_scan,33,6,14400,0.572265625,0.8416666666666666,0.08121744791666666,0.5981389416588678,-0.195 0.743 0.534 0.471 0.525 0.717
N8-b4L,position_scan,33,8,14400,0.623046875,0.8939383370535714,0.0540771484375,0.6297620515974742,-0.003 0.588 0.710 0.726 0.625 0.556 0.575 0.628
N8-b4L,position_scan,33,6,28800,0.875,0.9567057291666666,0.02180989583333333,0.33935778670840794,-0.320 0.266 0.624 0.160 -0.098 0.744
N8-b4L,position_scan,33,8,28800,0.9013671875,0.973876953125,0.01318359375,0.5855268334585523,-0.149 0.441 0.580 0.639 0.544 0.578 0.630 0.686
N8-b4L,position_scan,33,6,36000,0.73046875,0.8987630208333333,0.05224609375,0.5593342118793064,-0.225 0.735 0.742 0.222 0.387 0.710
N8-b4L,position_scan,33,8,36000,0.857421875,0.9623325892857142,0.01904296875,0.5982393688625759,-0.011 0.590 0.642 0.660 0.641 0.546 0.491 0.617
N8-b4L,position_scan,44,6,900,0.33984375,0.7020182291666667,0.15983072916666669,0.34340220027499735,0.240 0.303 0.354 0.297 0.442 0.321
N8-b4L,position_scan,44,8,900,0.07421875,0.5822056361607142,0.2313232421875,0.43342879840305876,0.368 0.273 0.439 0.361 0.396 0.542 0.679 0.342
N8-b4L,position_scan,44,6,1800,0.4326171875,0.7734375,0.11832682291666666,0.41795056396060526,0.051 0.225 0.329 0.500 0.553 0.484
N8-b4L,position_scan,44,8,1800,0.1337890625,0.6671665736607143,0.1785888671875,0.5181287962292868,0.069 0.168 0.374 0.451 0.572 0.771 0.763 0.528
N8-b4L,position_scan,44,6,3600,0.6181640625,0.8524088541666666,0.07649739583333333,0.3021338913175794,0.176 0.527 0.425 0.304 0.129 0.126
N8-b4L,position_scan,44,8,3600,0.3603515625,0.7872488839285714,0.111572265625,0.4084252743493942,0.153 0.742 0.634 0.498 0.390 0.276 0.027 0.294
N8-b4L,position_scan,44,6,7200,0.701171875,0.8907552083333332,0.05582682291666666,0.40343603822920054,-0.271 0.176 0.344 0.439 0.336 0.722
N8-b4L,position_scan,44,8,7200,0.60546875,0.88818359375,0.0570068359375,0.5468062748984684,-0.046 0.516 0.372 0.438 0.538 0.605 0.721 0.637
N8-b4L,position_scan,44,6,14400,0.701171875,0.8884765625,0.057291666666666664,0.4730651113722059,-0.291 0.508 0.353 0.317 0.437 0.750
N8-b4L,position_scan,44,8,14400,0.7060546875,0.9192592075892858,0.041015625,0.5636757328396751,-0.095 0.533 0.584 0.494 0.448 0.592 0.651 0.644
N8-b4L,position_scan,44,6,28800,0.8857421875,0.9614583333333333,0.019368489583333332,0.30203105343712694,-0.227 0.279 0.636 0.157 -0.303 0.741
N8-b4L,position_scan,44,8,28800,0.896484375,0.9763881138392858,0.0115966796875,0.5914936746869769,0.030 0.598 0.626 0.576 0.612 0.486 0.585 0.658
N8-b4L,position_scan,44,6,36000,0.822265625,0.9388671875,0.030761718749999997,0.5015477074517143,-0.332 0.397 0.621 0.241 0.474 0.774
N8-b4L,position_scan,44,8,36000,0.89453125,0.9728655133928572,0.0135498046875,0.633989345459711,-0.131 0.423 0.494 0.608 0.717 0.699 0.769 0.727
N8-b4L,position_scan,55,6,900,0.4140625,0.7458984375,0.13525390625,0.2881783776813083,0.103 0.157 0.313 0.311 0.333 0.327
N8-b4L,position_scan,55,8,900,0.1240234375,0.627685546875,0.204345703125,0.3537045206342424,0.194 0.059 0.345 0.412 0.357 0.443 0.533 0.328
N8-b4L,position_scan,55,6,1800,0.3828125,0.7454427083333333,0.13444010416666669,0.4052391582065158,0.356 0.781 0.569 0.276 0.118 0.282
N8-b4L,position_scan,55,8,1800,0.0556640625,0.6015276227678571,0.217529296875,0.5510528882344563,0.331 0.997 1.033 0.721 0.377 0.227 0.145 0.357
N8-b4L,position_scan,55,6,3600,0.5224609375,0.8203776041666666,0.09244791666666666,0.5050269100401137,-0.053 0.331 0.389 0.500 0.609 0.697
N8-b4L,position_scan,55,8,3600,0.2109375,0.7171805245535714,0.150146484375,0.641924332058619,0.036 0.529 0.442 0.507 0.655 0.814 0.767 0.780
N8-b4L,position_scan,55,6,7200,0.5205078125,0.8104166666666666,0.09895833333333334,0.6188979281319511,-0.199 0.485 0.643 0.685 0.576 0.706
N8-b4L,position_scan,55,8,7200,0.1923828125,0.6993582589285714,0.1607666015625,0.7340395829034231,-0.078 0.575 0.763 0.885 0.940 0.829 0.569 0.576
N8-b4L,position_scan,55,6,14400,0.7705078125,0.9178385416666667,0.04182942708333333,0.29848167631361217,-0.281 0.585 0.421 0.254 -0.174 0.406
N8-b4L,position_scan,55,8,14400,0.72265625,0.9250139508928571,0.037841796875,0.5124475842430478,-0.059 0.541 0.528 0.583 0.403 0.451 0.482 0.598
N8-b4L,position_scan,55,6,28800,0.755859375,0.9119791666666666,0.044921875,0.4844432009590996,-0.168 0.757 0.595 0.183 0.192 0.695
N8-b4L,position_scan,55,8,28800,0.853515625,0.9636928013392858,0.01806640625,0.5683414709000361,0.043 0.522 0.614 0.630 0.642 0.527 0.483 0.560
N8-b4L,position_scan,55,6,36000,0.7099609375,0.8975911458333332,0.05192057291666666,0.5452884170744154,-0.203 0.189 0.680 0.375 0.800 0.682
N8-b4L,position_scan,55,8,36000,0.84765625,0.9606584821428572,0.019775390625,0.6024794351486932,-0.032 0.427 0.544 0.664 0.829 0.629 0.544 0.580
N8-b4L,position_scan,66,6,900,0.2265625,0.6551432291666667,0.18489583333333331,0.44252520137363005,0.343 0.440 0.515 0.441 0.472 0.345
N8-b4L,position_scan,66,8,900,0.029296875,0.5143694196428571,0.2740478515625,0.601699257653857,0.462 0.540 0.719 0.621 0.561 0.662 0.784 0.325
N8-b4L,position_scan,66,6,1800,0.3955078125,0.7511067708333333,0.13118489583333334,0.5247120194964938,0.132 0.379 0.470 0.580 0.632 0.562
N8-b4L,position_scan,66,8,1800,0.05859375,0.5854143415178572,0.2279052734375,0.6695150761377244,0.148 0.339 0.578 0.651 0.770 0.837 0.911 0.601
N8-b4L,position_scan,66,6,3600,0.3564453125,0.7361979166666666,0.13850911458333331,0.6841231319639418,0.037 0.746 0.769 0.747 0.599 0.560
N8-b4L,position_scan,66,8,3600,0.009765625,0.4886648995535714,0.2900390625,0.9196659307631235,-0.018 0.950 1.062 1.055 1.045 0.967 0.660 0.699
N8-b4L,position_scan,66,6,7200,0.703125,0.8893880208333333,0.05680338541666666,0.39400944444868297,-0.098 0.419 0.326 0.215 0.271 0.740
N8-b4L,position_scan,66,8,7200,0.5595703125,0.8703264508928572,0.066650390625,0.49698065197657026,0.037 0.615 0.589 0.417 0.275 0.328 0.581 0.675
N8-b4L,position_scan,66,6,14400,0.7392578125,0.8982421875,0.052897135416666664,0.33985914124382866,-0.277 0.447 0.464 0.294 0.047 0.448
N8-b4L,position_scan,66,8,14400,0.7177734375,0.9256068638392858,0.0374755859375,0.4847829871707492,0.038 0.519 0.597 0.607 0.403 0.348 0.342 0.578
N8-b4L,position_scan,66,6,28800,0.51171875,0.8139973958333333,0.09602864583333334,0.6439264747831557,-0.092 0.744 0.661 0.283 0.804 0.729
N8-b4L,position_scan,66,8,28800,0.7802734375,0.940673828125,0.030029296875,0.6149001348586308,-0.024 0.447 0.557 0.576 0.687 0.663 0.769 0.606
N8-b4L,position_scan,66,6,36000,0.734375,0.9088541666666665,0.0458984375,0.5107708904478285,-0.200 0.166 0.659 0.210 0.788 0.730
N8-b4L,position_scan,66,8,36000,0.8798828125,0.9701799665178572,0.014892578125,0.5975712480999175,0.053 0.603 0.593 0.545 0.605 0.586 0.611 0.641
N8-b4L,position_scan,77,6,900,0.3056640625,0.6810546874999999,0.17236328125,0.1270008219612969,0.179 -0.076 0.030 0.158 0.308 0.214
N8-b4L,position_scan,77,8,900,0.0751953125,0.5741489955357142,0.2364501953125,0.15684322705344547,0.247 -0.146 -0.089 -0.004 0.182 0.389 0.527 0.238
N8-b4L,position_scan,77,6,1800,0.6162109375,0.8457682291666666,0.08040364583333333,0.15386038356357148,0.011 0.102 0.039 0.066 0.139 0.423
N8-b4L,position_scan,77,8,1800,0.341796875,0.77490234375,0.11865234375,0.19176573980422248,0.055 0.128 0.122 0.011 0.076 0.203 0.336 0.467
N8-b4L,position_scan,77,6,3600,0.6064453125,0.8547526041666667,0.07421875,0.487741125954522,-0.068 0.395 0.481 0.498 0.472 0.593
N8-b4L,position_scan,77,8,3600,0.3623046875,0.7837262834821428,0.1136474609375,0.6014691837250241,-0.033 0.548 0.561 0.607 0.614 0.653 0.553 0.675
N8-b4L,position_scan,77,6,7200,0.6318359375,0.8624348958333333,0.07080078125,0.5125132931603326,-0.298 0.212 0.478 0.515 0.592 0.766
N8-b4L,position_scan,77,8,7200,0.43359375,0.8248814174107143,0.090576171875,0.6063924516950335,-0.062 0.437 0.478 0.632 0.655 0.713 0.665 0.666
N8-b4L,position_scan,77,6,14400,0.7744140625,0.9201822916666667,0.04036458333333333,0.40588916672600633,-0.295 0.468 0.259 0.285 0.314 0.704
N8-b4L,position_scan,77,8,14400,0.7841796875,0.9437779017857143,0.0281982421875,0.5053176766350156,-0.064 0.558 0.606 0.409 0.363 0.528 0.507 0.565
N8-b4L,position_scan,77,6,28800,0.8583984375,0.9501302083333333,0.02522786458333333,0.37673566076490606,-0.253 0.460 0.477 0.159 0.084 0.705
N8-b4L,position_scan,77,8,28800,0.8896484375,0.9730398995535714,0.013427734375,0.5127183974735321,-0.135 0.415 0.508 0.550 0.517 0.498 0.525 0.575
N8-b4L,position_scan,77,6,36000,0.759765625,0.9110677083333333,0.045572916666666664,0.592951907051934,-0.164 0.610 0.694 0.232 0.650 0.778
N8-b4L,position_scan,77,8,36000,0.8564453125,0.9624372209821429,0.0189208984375,0.6272815144251263,0.091 0.664 0.645 0.586 0.584 0.565 0.629 0.718
N8-b4L,position_scan,88,6,900,0.15625,0.6103515625,0.21077473958333331,0.5119600428475274,0.396 0.621 0.769 0.535 0.445 0.189
N8-b4L,position_scan,88,8,900,0.005859375,0.47938755580357134,0.2952880859375,0.7016356596871027,0.510 0.561 1.045 1.000 0.855 0.708 0.573 0.169
N8-b4L,position_scan,88,6,1800,0.572265625,0.8242838541666666,0.0927734375,0.11804069413079152,0.251 0.356 0.121 -0.089 -0.014 0.217
N8-b4L,position_scan,88,8,1800,0.283203125,0.7459891183035714,0.1348876953125,0.18162772769019717,0.312 0.387 0.494 0.123 -0.120 -0.019 0.127 0.279
N8-b4L,position_scan,88,6,3600,0.484375,0.8048177083333333,0.10074869791666666,0.6015224589241875,0.090 0.605 0.674 0.605 0.525 0.599
N8-b4L,position_scan,88,8,3600,0.068359375,0.6003069196428571,0.21875,0.7841886414421929,0.062 0.707 0.897 0.891 0.830 0.812 0.635 0.717
N8-b4L,position_scan,88,6,7200,0.5087890625,0.8070963541666667,0.10026041666666666,0.41815012031131316,0.153 0.815 0.725 0.416 0.093 0.042
N8-b4L,position_scan,88,8,7200,0.03515625,0.5923897879464286,0.2218017578125,0.6700703643617176,0.112 0.989 1.149 0.953 0.644 0.336 0.156 0.463
N8-b4L,position_scan,88,6,14400,0.7216796875,0.8952473958333333,0.053873697916666664,0.5000944270028008,-0.268 0.417 0.441 0.409 0.451 0.782
N8-b4L,position_scan,88,8,14400,0.615234375,0.890380859375,0.0560302734375,0.5995179357982817,-0.059 0.540 0.647 0.585 0.576 0.561 0.616 0.672
N8-b4L,position_scan,88,6,28800,0.806640625,0.9296875,0.03597005208333333,0.4143538607491387,-0.270 0.189 0.437 0.169 0.547 0.730
N8-b4L,position_scan,88,8,28800,0.814453125,0.9501953125,0.025146484375,0.5606001899355934,-0.009 0.501 0.547 0.658 0.571 0.547 0.517 0.584
N8-b4L,position_scan,88,6,36000,0.841796875,0.9384114583333333,0.03206380208333333,0.4600060913297865,-0.273 0.389 0.568 0.195 0.460 0.687
N8-b4L,position_scan,88,8,36000,0.81640625,0.9520786830357142,0.024169921875,0.5906229170541915,-0.062 0.541 0.631 0.728 0.571 0.574 0.492 0.597
N8-b4L,phase_scan,11,6,900,0.2314453125,0.6740885416666667,0.17236328125,0.45288615756564654,-0.112 0.190 0.470 0.578 0.785 0.242
N8-b4L,phase_scan,11,8,900,0.0166015625,0.538818359375,0.2562255859375,0.5662156854357038,0.012 -0.083 0.423 0.599 0.772 1.044 1.088 0.121
N8-b4L,phase_scan,11,6,1800,0.4765625,0.7810546875,0.11588541666666667,0.28070292207929803,0.242 0.701 0.581 0.313 0.048 -0.240
N8-b4L,phase_scan,11,8,1800,0.0947265625,0.6308942522321428,0.201171875,0.3994632713378422,0.253 0.874 0.923 0.746 0.394 0.259 -0.047 -0.352
N8-b4L,phase_scan,11,6,3600,0.6337890625,0.8641927083333333,0.06966145833333334,0.3218765391243827,-0.239 0.109 0.257 0.410 0.611 0.223
N8-b4L,phase_scan,11,8,3600,0.3388671875,0.78564453125,0.11181640625,0.43838567203945583,0.036 0.209 0.269 0.302 0.503 0.820 0.799 0.167
N8-b4L,phase_scan,11,6,7200,0.423828125,0.7757161458333333,0.11637369791666667,0.5769239001803925,-0.207 0.833 0.719 0.326 0.655 0.351
N8-b4L,phase_scan,11,8,7200,0.50390625,0.8529227120535714,0.07568359375,0.5355368341718401,0.022 0.467 0.693 0.675 0.615 0.654 0.530 0.114
N8-b4L,phase_scan,11,6,14400,0.69140625,0.8837890625,0.06005859375,0.24444259537590857,-0.307 0.236 0.639 0.140 -0.119 0.326
N8-b4L,phase_scan,11,8,14400,0.802734375,0.9465680803571428,0.027099609375,0.4237004499586802,-0.091 0.420 0.608 0.593 0.496 0.386 0.391 0.072
N8-b4L,phase_scan,11,6,28800,0.7646484375,0.9134114583333333,0.04427083333333333,0.4297957155439588,-0.278 0.461 0.702 0.139 0.510 0.338
N8-b4L,phase_scan,11,8,28800,0.8232421875,0.9538922991071428,0.023193359375,0.46987092684185694,-0.000 0.433 0.516 0.589 0.568 0.603 0.498 0.082
N8-b4L,phase_scan,11,6,36000,0.720703125,0.8981770833333333,0.05208333333333333,0.5181783172819349,-0.250 0.781 0.692 0.175 0.614 0.329
N8-b4L,phase_scan,11,8,36000,0.8896484375,0.9732142857142857,0.0133056640625,0.46710476042732363,0.004 0.419 0.553 0.597 0.608 0.553 0.456 0.083
N8-b4L,phase_scan,22,6,900,0.5205078125,0.799609375,0.10563151041666667,0.09149965975019647,-0.074 0.118 0.096 0.016 0.169 0.058
N8-b4L,phase_scan,22,8,900,0.2431640625,0.7129603794642858,0.154296875,0.10569757885403104,0.066 -0.006 0.285 0.016 0.013 0.152 0.375 -0.095
N8-b4L,phase_scan,22,6,1800,0.3896484375,0.7535807291666666,0.12906901041666669,0.489671124352349,0.176 0.750 0.694 0.466 0.371 0.167
N8-b4L,phase_scan,22,8,1800,0.04296875,0.582275390625,0.23046875,0.6563065733228411,0.185 0.847 1.065 0.890 0.631 0.562 0.472 0.127
N8-b4L,phase_scan,22,6,3600,0.654296875,0.8713541666666667,0.06608072916666666,0.40798828336927606,-0.095 0.529 0.569 0.423 0.369 0.150
N8-b4L,phase_scan,22,8,3600,0.4013671875,0.80810546875,0.0999755859375,0.5145285432300869,0.017 0.551 0.742 0.681 0.592 0.544 0.420 0.072
N8-b4L,phase_scan,22,6,7200,0.59765625,0.8454427083333333,0.08024088541666666,0.4776433441374035,-0.185 0.646 0.731 0.170 0.498 0.343
N8-b4L,phase_scan,22,8,7200,0.6474609375,0.90185546875,0.0498046875,0.46861688296000165,0.046 0.458 0.531 0.658 0.495 0.568 0.450 0.121
N8-b4L,phase_scan,22,6,14400,0.5908203125,0.8444010416666666,0.08072916666666666,0.4535836113823783,-0.228 0.726 0.668 0.210 0.405 0.259
N8-b4L,phase_scan,22,8,14400,0.755859375,0.9347446986607142,0.032958984375,0.4513425297207303,0.044 0.432 0.553 0.564 0.626 0.597 0.394 -0.006
N8-b4L,phase_scan,22,6,28800,0.806640625,0.9274739583333333,0.03743489583333333,0.3734712733162773,-0.218 0.275 0.689 0.188 0.455 0.260
N8-b4L,phase_scan,22,8,28800,0.8564453125,0.9647042410714286,0.017578125,0.4583629540034703,-0.022 0.430 0.540 0.551 0.618 0.577 0.457 0.036
N8-b4L,phase_scan,22,6,36000,0.8779296875,0.9556640624999999,0.022623697916666664,0.1594895654254488,-0.292 -0.107 0.724 0.200 -0.091 0.071
N8-b4L,phase_scan,22,8,36000,0.88671875,0.9742954799107142,0.0125732421875,0.4639624413989839,-0.011 0.406 0.523 0.611 0.616 0.599 0.438 0.056
N8-b4L,phase_scan,33,6,900,0.240234375,0.6676432291666666,0.17724609375,0.5019259585274589,0.261 0.529 0.610 0.582 0.616 0.172
N8-b4L,phase_scan,33,8,900,0.01953125,0.5161830357142857,0.2720947265625,0.6620415430220347,0.409 0.595 0.788 0.799 0.794 0.878 0.764 0.016
N8-b4L,phase_scan,33,6,1800,0.6142578125,0.8507161458333333,0.07747395833333333,0.25201512707604284,-0.090 0.336 0.335 0.326 0.302 -0.039
N8-b4L,phase_scan,33,8,1800,0.373046875,0.7877720424107143,0.112060546875,0.33095619035145596,-0.073 0.276 0.526 0.441 0.385 0.503 0.316 -0.132
N8-b4L,phase_scan,33,6,3600,0.7197265625,0.8962239583333332,0.053385416666666664,0.27208933565351684,-0.049 0.365 0.448 0.370 0.220 -0.043
N8-b4L,phase_scan,33,8,3600,0.517578125,0.8544921875,0.0751953125,0.3795076741112603,0.047 0.447 0.592 0.586 0.521 0.423 0.202 -0.114
N8-b4L,phase_scan,33,6,7200,0.783203125,0.9217447916666666,0.03987630208333333,0.28337185912662066,-0.288 0.201 0.513 0.190 0.213 0.300
N8-b4L,phase_scan,33,8,7200,0.7392578125,0.931884765625,0.0341796875,0.38188465057857446,-0.047 0.470 0.458 0.495 0.387 0.397 0.393 0.072
N8-b4L,phase_scan,33,6,14400,0.775390625,0.9108723958333332,0.04638671875,0.34723454051547564,-0.264 0.255 0.680 0.142 0.346 0.314
N8-b4L,phase_scan,33,8,14400,0.8095703125,0.9475795200892857,0.026611328125,0.4432001946464418,-0.008 0.393 0.529 0.553 0.552 0.588 0.440 0.047
N8-b4L,phase_scan,33,6,28800,0.7607421875,0.9138671875,0.0439453125,0.3458296590381197,-0.292 0.676 0.693 0.116 -0.087 0.332
N8-b4L,phase_scan,33,8,28800,0.892578125,0.9714006696428572,0.014404296875,0.4485484153505355,-0.034 0.449 0.588 0.561 0.509 0.478 0.477 0.079
N8-b4L,phase_scan,33,6,36000,0.6044921875,0.8510416666666666,0.07682291666666666,0.49884296788109656,-0.122 0.604 0.738 0.137 0.722 0.293
N8-b4L,phase_scan,33,8,36000,0.8662109375,0.9657854352678572,0.0172119140625,0.460889528668116,-0.005 0.462 0.604 0.609 0.566 0.544 0.408 0.032
N8-b4L,phase_scan,44,6,900,0.357421875,0.7279947916666667,0.14388020833333331,0.20552942487928583,0.078 0.040 0.113 0.294 0.504 0.077
N8-b4L,phase_scan,44,8,900,0.12109375,0.6420200892857144,0.1942138671875,0.22366107456267828,0.266 -0.101 0.074 0.103 0.355 0.623 0.641 -0.128
N8-b4L,phase_scan,44,6,1800,0.390625,0.7473958333333333,0.13313802083333331,0.4248266352547538,0.488 0.631 0.479 0.503 0.442 0.069
N8-b4L,phase_scan,44,8,1800,0.0615234375,0.5935756138392857,0.2230224609375,0.5849843744247679,0.587 0.896 0.791 0.621 0.633 0.658 0.532 -0.037
N8-b4L,phase_scan,44,6,3600,0.57421875,0.8343098958333333,0.08642578125,0.47372119956546344,-0.246 0.500 0.633 0.625 0.458 0.152
N8-b4L,phase_scan,44,8,3600,0.193359375,0.7169363839285714,0.149658203125,0.5731913400074793,-0.060 0.444 0.730 0.791 0.849 0.755 0.454 -0.010
N8-b4L,phase_scan,44,6,7200,0.7041015625,0.8772786458333333,0.06494140625,0.31051656934950067,-0.216 0.075 0.634 0.219 0.383 0.242
N8-b4L,phase_scan,44,8,7200,0.7138671875,0.9198869977678572,0.040771484375,0.4201261391715398,0.039 0.305 0.453 0.592 0.611 0.562 0.390 0.028
N8-b4L,phase_scan,44,6,14400,0.779296875,0.9166015624999999,0.04296875,0.2961808972888521,-0.290 -0.140 0.696 0.076 0.495 0.354
N8-b4L,phase_scan,44,8,14400,0.8056640625,0.9496372767857142,0.0252685546875,0.44394644479902956,-0.014 0.404 0.626 0.589 0.471 0.449 0.454 0.114
N8-b4L,phase_scan,44,6,28800,0.8759765625,0.9531901041666666,0.024088541666666664,0.06474373075697135,-0.225 0.013 0.687 0.170 -0.211 -0.335
N8-b4L,phase_scan,44,8,28800,0.8642578125,0.9659598214285714,0.01708984375,0.42158751260666616,0.033 0.464 0.539 0.552 0.607 0.552 0.347 -0.110
N8-b4L,phase_scan,44,6,36000,0.8994140625,0.9619140625,0.019694010416666664,0.3530002567503186,-0.286 0.206 0.634 0.147 0.487 0.292
N8-b4L,phase_scan,44,8,36000,0.9248046875,0.9831891741071428,0.0081787109375,0.44519299552554187,-0.006 0.386 0.539 0.555 0.583 0.539 0.445 0.069
N8-b4L,phase_scan,55,6,900,0.4296875,0.7619791666666667,0.12565104166666666,0.259996626112196,0.029 0.359 0.347 0.330 0.285 -0.020
N8-b4L,phase_scan,55,8,900,0.1376953125,0.6343122209821428,0.200439453125,0.32439487321036203,0.172 0.264 0.559 0.428 0.334 0.519 0.404 -0.238
N8-b4L,phase_scan,55,6,1800,0.169921875,0.6166015625000001,0.20817057291666666,0.5133439832263521,0.612 0.909 0.860 0.681 0.269 -0.153
N8-b4L,phase_scan,55,8,1800,0.001953125,0.4907575334821428,0.2882080078125,0.7133222383166116,0.674 1.111 1.237 1.133 0.886 0.656 0.248 -0.278
N8-b4L,phase_scan,55,6,3600,0.455078125,0.7922526041666667,0.107421875,0.5462710195117525,-0.188 0.436 0.650 0.685 0.675 0.286
N8-b4L,phase_scan,55,8,3600,0.126953125,0.6635044642857143,0.180908203125,0.6579277628944034,-0.049 0.478 0.712 0.825 0.895 0.930 0.667 0.098
N8-b4L,phase_scan,55,6,7200,0.619140625,0.8532552083333332,0.07600911458333333,0.43795781665378125,-0.244 0.353 0.666 0.247 0.637 0.288
N8-b4L,phase_scan,55,8,7200,0.638671875,0.8988560267857143,0.051513671875,0.49290672181144596,0.011 0.505 0.563 0.625 0.565 0.636 0.514 0.042
N8-b4L,phase_scan,55,6,14400,0.650390625,0.8671223958333332,0.06868489583333333,0.4121215475930106,-0.235 0.476 0.677 0.204 0.377 0.326
N8-b4L,phase_scan,55,8,14400,0.7490234375,0.930908203125,0.0350341796875,0.4572567485627674,0.020 0.404 0.509 0.564 0.607 0.580 0.471 0.067
N8-b4L,phase_scan,55,6,28800,0.865234375,0.9502604166666667,0.025553385416666664,0.30099460813734247,-0.290 0.230 0.689 0.112 0.142 0.332
N8-b4L,phase_scan,55,8,28800,0.8935546875,0.9730398995535714,0.013427734375,0.45055391296507824,-0.029 0.438 0.534 0.542 0.517 0.571 0.462 0.091
N8-b4L,phase_scan,55,6,36000,0.7333984375,0.905078125,0.04833984375,0.46961614820692255,-0.133 0.312 0.696 0.172 0.817 0.350
N8-b4L,phase_scan,55,8,36000,0.876953125,0.9686453683035714,0.0157470703125,0.4597480145711747,0.011 0.442 0.518 0.547 0.611 0.525 0.471 0.106
N8-b4L,phase_scan,66,6,900,0.466796875,0.7759114583333333,0.11832682291666666,0.2093836996290417,0.053 0.328 0.313 0.260 0.147 -0.001
N8-b4L,phase_scan,66,8,900,0.1708984375,0.6630161830357143,0.183349609375,0.26547420592535104,0.160 0.395 0.495 0.318 0.334 0.287 0.196 -0.167
N8-b4L,phase_scan,66,6,1800,0.486328125,0.7985677083333333,0.1044921875,0.4020306799146862,-0.067 0.396 0.516 0.514 0.467 0.118
N8-b4L,phase_scan,66,8,1800,0.18359375,0.6836983816964286,0.1702880859375,0.5248198244306777,-0.045 0.313 0.654 0.706 0.684 0.749 0.540 0.028
N8-b4L,phase_scan,66,6,3600,0.5556640625,0.8332682291666665,0.08577473958333333,0.4211073848936291,-0.205 0.154 0.518 0.598 0.636 0.200
N8-b4L,phase_scan,66,8,3600,0.189453125,0.7089146205357143,0.154296875,0.5536955121963743,-0.025 0.215 0.462 0.656 0.830 0.912 0.695 0.106
N8-b4L,phase_scan,66,6,7200,0.072265625,0.6479817708333333,0.18180338541666663,0.566009653939141,-0.003 1.174 0.714 0.288 0.343 0.311
N8-b4L,phase_scan,66,8,7200,0.3427734375,0.7949916294642858,0.106201171875,0.5622270372178819,0.097 0.675 0.774 0.699 0.581 0.628 0.487 0.092
N8-b4L,phase_scan,66,6,14400,0.724609375,0.8940104166666667,0.05517578125,0.16208085748884396,-0.295 0.324 0.627 0.145 -0.367 0.081
N8-b4L,phase_scan,66,8,14400,0.759765625,0.9385463169642857,0.03076171875,0.4260336974310497,-0.043 0.479 0.623 0.531 0.512 0.405 0.389 0.044
N8-b4L,phase_scan,66,6,28800,0.849609375,0.9483723958333333,0.026041666666666664,0.30522463056776244,-0.306 0.197 0.636 0.118 0.236 0.339
N8-b4L,phase_scan,66,8,28800,0.9013671875,0.97607421875,0.0118408203125,0.46591069963243276,-0.035 0.408 0.598 0.578 0.502 0.575 0.523 0.076
N8-b4L,phase_scan,66,6,36000,0.8837890625,0.9537760416666667,0.024251302083333332,0.20518572462929602,-0.286 -0.111 0.700 0.192 -0.023 0.268
N8-b4L,phase_scan,66,8,36000,0.8974609375,0.9737025669642857,0.01318359375,0.4632525784628732,-0.019 0.411 0.589 0.582 0.603 0.571 0.428 0.059
N8-b4L,phase_scan,77,6,900,0.328125,0.7072916666666667,0.15625,0.4243962499830457,0.115 0.509 0.634 0.464 0.444 0.071
N8-b4L,phase_scan,77,8,900,0.0458984375,0.5663364955357143,0.2398681640625,0.5248531462654235,0.238 0.375 0.841 0.759 0.636 0.667 0.515 -0.118
N8-b4L,phase_scan,77,6,1800,0.49609375,0.8063151041666666,0.09993489583333334,0.3500214152865938,0.289 0.506 0.319 0.330 0.413 0.183
N8-b4L,phase_scan,77,8,1800,0.18359375,0.6991838727678572,0.16015625,0.47673660611349433,0.362 0.685 0.625 0.432 0.391 0.498 0.616 0.090
N8-b4L,phase_scan,77,6,3600,0.5927734375,0.8444010416666666,0.08040364583333333,0.4349789751900565,-0.027 0.301 0.499 0.493 0.585 0.297
N8-b4L,phase_scan,77,8,3600,0.337890625,0.7707868303571429,0.1214599609375,0.5458656568375845,0.108 0.384 0.500 0.659 0.678 0.737 0.662 0.201
N8-b4L,phase_scan,77,6,7200,0.50390625,0.7998046874999999,0.10514322916666666,0.5107452207141451,-0.125 0.684 0.682 0.261 0.620 0.307
N8-b4L,phase_scan,77,8,7200,0.5888671875,0.8801967075892857,0.0615234375,0.4728083761911543,0.053 0.480 0.558 0.631 0.577 0.602 0.396 0.064
N8-b4L,phase_scan,77,6,14400,0.78515625,0.9186197916666666,0.04182942708333333,0.2936090363396537,-0.270 -0.123 0.666 0.130 0.467 0.328
N8-b4L,phase_scan,77,8,14400,0.80859375,0.9502999441964286,0.0250244140625,0.45814222759670675,0.011 0.441 0.507 0.550 0.535 0.570 0.516 0.088
N8-b4L,phase_scan,77,6,28800,0.4990234375,0.8136067708333332,0.09586588541666666,0.4300650093290539,-0.215 0.906 0.672 0.190 0.053 0.330
N8-b4L,phase_scan,77,8,28800,0.71484375,0.925048828125,0.0377197265625,0.4575646869719974,-0.009 0.460 0.553 0.589 0.613 0.495 0.420 0.074
N8-b4L,phase_scan,77,6,36000,0.806640625,0.9263020833333333,0.0380859375,0.42683511310153516,-0.240 0.596 0.712 0.140 0.342 0.344
N8-b4L,phase_scan,77,8,36000,0.8759765625,0.9666224888392857,0.016845703125,0.45396498271397184,0.001 0.432 0.564 0.587 0.505 0.516 0.478 0.096
N8-b4L,phase_scan,88,6,900,0.37890625,0.7384114583333332,0.13850911458333331,0.3778739107979667,0.051 0.384 0.500 0.356 0.476 0.173
N8-b4L,phase_scan,88,8,900,0.0654296875,0.5918666294642857,0.223876953125,0.4757167611803327,0.172 0.278 0.677 0.641 0.468 0.619 0.664 -0.018
N8-b4L,phase_scan,88,6,1800,0.466796875,0.7872395833333332,0.111328125,0.47406682703230096,0.160 0.634 0.567 0.555 0.505 0.110
N8-b4L,phase_scan,88,8,1800,0.0830078125,0.6165248325892858,0.2091064453125,0.6237346217745826,0.173 0.708 0.810 0.737 0.694 0.793 0.605 0.018
N8-b4L,phase_scan,88,6,3600,0.6025390625,0.8530598958333333,0.07552083333333333,0.43618485662672235,-0.209 0.430 0.483 0.431 0.536 0.301
N8-b4L,phase_scan,88,8,3600,0.3427734375,0.781982421875,0.1141357421875,0.546435761073279,0.033 0.511 0.594 0.555 0.522 0.685 0.691 0.266
N8-b4L,phase_scan,88,6,7200,0.748046875,0.9074218749999999,0.04736328124999999,0.17581305238935666,-0.251 0.445 0.571 0.189 -0.354 0.028
N8-b4L,phase_scan,88,8,7200,0.6630859375,0.9059709821428572,0.0478515625,0.3538291794913156,-0.013 0.414 0.515 0.586 0.499 0.457 0.037 -0.030
N8-b4L,phase_scan,88,6,14400,0.78125,0.9131510416666666,0.04541015625,0.31281246079338904,-0.251 0.354 0.663 0.171 0.035 0.342
N8-b4L,phase_scan,88,8,14400,0.8447265625,0.9625418526785714,0.0184326171875,0.4626106458996969,0.016 0.450 0.571 0.543 0.575 0.538 0.469 0.091
N8-b4L,phase_scan,88,6,28800,0.7275390625,0.8982421875,0.05224609375,0.3897889190249971,-0.268 0.200 0.690 0.126 0.585 0.348
N8-b4L,phase_scan,88,8,28800,0.8740234375,0.9686802455357142,0.015625,0.4705785380469428,-0.012 0.443 0.565 0.553 0.537 0.579 0.520 0.097
N8-b4L,phase_scan,88,6,36000,0.654296875,0.8687499999999999,0.06787109375,0.5301533275180391,-0.188 0.634 0.690 0.238 0.850 0.239
N8-b4L,phase_scan,88,8,36000,0.8505859375,0.9616001674107143,0.019287109375,0.44702613164508154,0.030 0.442 0.557 0.565 0.574 0.554 0.405 0.032
N8-b16L,priority_scan,11,6,900,0.0263671875,0.4643880208333334,0.30143229166666663,0.09483302632967612,0.000 -0.426 0.048 0.229 0.528 -0.000
N8-b16L,priority_scan,11,8,900,0.0029296875,0.42919921874999994,0.330810546875,0.1792213651869032,0.000 -0.418 0.107 0.182 0.308 0.461 0.435 0.000
N8-b16L,priority_scan,11,6,1800,0.31640625,0.7127604166666667,0.15152994791666666,0.27262315154075606,0.000 0.226 0.374 0.356 0.134 -0.000
N8-b16L,priority_scan,11,8,1800,0.0986328125,0.6261509486607143,0.203125,0.384386005225005,0.000 0.385 0.376 0.542 0.506 0.376 0.122 0.000
N8-b16L,priority_scan,11,6,3600,0.7119140625,0.8929036458333333,0.05501302083333333,0.02664213379224123,0.000 -0.085 0.020 0.075 0.096 -0.000
N8-b16L,priority_scan,11,8,3600,0.5859375,0.8720354352678571,0.06640625,0.012886568352028166,0.000 -0.153 -0.150 -0.016 0.073 0.186 0.138 0.000
N8-b16L,priority_scan,11,6,7200,0.767578125,0.9137369791666666,0.04410807291666666,-0.01077637076377887,0.000 -0.028 0.033 -0.012 -0.036 -0.000
N8-b16L,priority_scan,11,8,7200,0.642578125,0.8954031808035714,0.0535888671875,-0.022852729868005826,0.000 -0.094 -0.041 0.011 -0.043 -0.020 0.051 0.000
N8-b16L,priority_scan,11,6,14400,0.8857421875,0.95859375,0.021158854166666664,0.10781601071357709,0.000 0.098 0.087 0.094 0.152 -0.000
N8-b16L,priority_scan,11,8,14400,0.7998046875,0.9441266741071428,0.0284423828125,0.18160358623222064,0.000 0.122 0.112 0.142 0.184 0.243 0.286 0.000
N8-b16L,priority_scan,11,6,28800,0.900390625,0.9642578125,0.018229166666666664,0.21146570642789186,0.000 0.278 0.308 0.178 0.082 -0.000
N8-b16L,priority_scan,11,8,28800,0.84765625,0.9573102678571429,0.021728515625,0.28369554766902216,0.000 0.220 0.372 0.392 0.319 0.231 0.168 0.000
N8-b16L,priority_scan,11,6,36000,0.91796875,0.9714192708333333,0.0146484375,0.2519305050373076,0.000 0.347 0.316 0.219 0.126 -0.000
N8-b16L,priority_scan,11,8,36000,0.8505859375,0.9601353236607142,0.0201416015625,0.35489446587032747,0.000 0.343 0.471 0.429 0.373 0.311 0.203 0.000
N8-b16L,priority_scan,22,6,900,0.0234375,0.4661458333333335,0.30045572916666663,0.0973563889662423,0.000 -0.324 0.051 0.216 0.447 -0.000
N8-b16L,priority_scan,22,8,900,0.0,0.4315359933035714,0.3284912109375,0.1440242264005873,0.000 -0.467 0.003 0.142 0.237 0.452 0.499 0.000
N8-b16L,priority_scan,22,6,1800,0.0517578125,0.5064453125,0.2736002604166667,0.05256970723470034,0.000 -0.020 0.252 -0.105 0.083 -0.000
N8-b16L,priority_scan,22,8,1800,0.0048828125,0.46693638392857134,0.3037109375,0.004642451250994626,0.000 0.062 0.423 0.154 -0.241 -0.357 -0.013 0.000
N8-b16L,priority_scan,22,6,3600,0.595703125,0.8399739583333332,0.08317057291666666,0.08181090156237265,0.000 0.304 0.184 -0.075 -0.085 -0.000
N8-b16L,priority_scan,22,8,3600,0.3486328125,0.7651018415178572,0.1251220703125,0.0941238800684611,0.000 0.388 0.431 0.180 -0.061 -0.095 -0.278 0.000
N8-b16L,priority_scan,22,6,7200,0.8203125,0.9388671874999999,0.03076171875,-0.010449737310409732,0.000 0.002 0.024 -0.037 -0.031 -0.000
N8-b16L,priority_scan,22,8,7200,0.728515625,0.9287109375,0.035888671875,-0.06748254652376529,0.000 -0.005 -0.069 -0.027 -0.098 -0.080 -0.127 0.000
N8-b16L,priority_scan,22,6,14400,0.91015625,0.9665364583333333,0.01708984375,-0.00018929441769936339,0.000 0.074 -0.010 -0.056 -0.008 -0.000
N8-b16L,priority_scan,22,8,14400,0.8271484375,0.95458984375,0.0228271484375,0.011312122698183413,0.000 0.102 0.052 -0.011 -0.039 -0.037 0.001 0.000
N8-b16L,priority_scan,22,6,28800,0.91796875,0.9725260416666667,0.013671875,0.09233355522155744,0.000 0.097 0.144 0.098 0.030 -0.000
N8-b16L,priority_scan,22,8,28800,0.8466796875,0.9632393973214286,0.0181884765625,0.18599212169647217,0.000 0.127 0.221 0.219 0.224 0.205 0.121 0.000
N8-b16L,priority_scan,22,6,36000,0.93359375,0.9775390625,0.01123046875,-0.029131770133972355,0.000 -0.024 -0.010 -0.051 -0.031 -0.000
N8-b16L,priority_scan,22,8,36000,0.8994140625,0.9750627790178572,0.012451171875,-0.021497541003757056,0.000 -0.037 -0.039 -0.036 -0.028 -0.016 0.027 0.000
N8-b16L,priority_scan,33,6,900,0.0244140625,0.46679687500000006,0.298828125,0.11405467987060529,0.000 -0.351 0.078 0.309 0.420 -0.000
N8-b16L,priority_scan,33,8,900,0.0048828125,0.43104771205357134,0.328125,0.13705216072223805,0.000 -0.414 0.028 0.175 0.243 0.384 0.407 0.000
N8-b16L,priority_scan,33,6,1800,0.05859375,0.5106770833333335,0.271484375,0.13477245966593407,0.000 0.060 0.294 0.009 0.175 -0.000
N8-b16L,priority_scan,33,8,1800,0.0107421875,0.47021484374999994,0.3021240234375,0.19440127743615043,0.000 0.105 0.571 0.408 0.104 -0.143 0.121 0.000
N8-b16L,priority_scan,33,6,3600,0.1142578125,0.5751953125,0.23095703125,0.053882052501042506,0.000 0.136 0.122 -0.106 0.063 -0.000
N8-b16L,priority_scan,33,8,3600,0.021484375,0.5171595982142857,0.2711181640625,0.054650836520724826,0.000 0.279 0.403 0.133 -0.206 -0.346 0.065 0.000
N8-b16L,priority_scan,33,6,7200,0.4775390625,0.7819661458333333,0.11507161458333334,0.11689677834510785,0.000 0.220 0.175 0.018 0.054 -0.000
N8-b16L,priority_scan,33,8,7200,0.220703125,0.6941266741071429,0.1656494140625,0.11449425308792682,0.000 0.248 0.323 0.191 0.003 -0.095 0.017 0.000
N8-b16L,priority_scan,33,6,14400,0.8486328125,0.9446614583333333,0.0283203125,0.05360891421635927,0.000 0.030 0.003 0.061 0.120 -0.000
N8-b16L,priority_scan,33,8,14400,0.7734375,0.936279296875,0.0325927734375,0.0031901509673507114,0.000 -0.043 -0.028 -0.069 -0.032 0.091 0.101 0.000
N8-b16L,priority_scan,33,6,28800,0.9130859375,0.9682291666666667,0.016276041666666664,-0.0282443066438041,0.000 -0.064 -0.027 -0.013 -0.009 -0.000
N8-b16L,priority_scan,33,8,28800,0.84765625,0.9585309709821428,0.02099609375,-0.044827306712115246,0.000 -0.074 -0.110 -0.082 -0.042 0.018 0.020 0.000
N8-b16L,priority_scan,33,6,36000,0.91796875,0.9693359375,0.015787760416666664,0.11675541599591555,0.000 0.172 0.164 0.084 0.048 -0.000
N8-b16L,priority_scan,33,8,36000,0.8642578125,0.9640415736607143,0.0181884765625,0.1832584540049235,0.000 0.234 0.240 0.191 0.136 0.149 0.150 0.000
N8-b16L,priority_scan,44,6,900,0.021484375,0.4604817708333334,0.3033854166666667,0.17734552423159264,0.000 -0.225 0.161 0.278 0.495 -0.000
N8-b16L,priority_scan,44,8,900,0.001953125,0.4281877790178571,0.331298828125,0.22488170199924043,0.000 -0.319 0.116 0.263 0.343 0.495 0.451 0.000
N8-b16L,priority_scan,44,6,1800,0.0537109375,0.5089192708333334,0.2724609375,0.07805695136388124,0.000 -0.045 0.193 0.015 0.149 -0.000
N8-b16L,priority_scan,44,8,1800,0.009765625,0.46473911830357134,0.3055419921875,0.15261409459290678,0.000 0.074 0.534 0.291 -0.010 -0.078 0.104 0.000
N8-b16L,priority_scan,44,6,3600,0.296875,0.6804036458333333,0.17203776041666666,0.0884571174780526,0.000 0.018 0.160 0.100 0.076 -0.000
N8-b16L,priority_scan,44,8,3600,0.0703125,0.5763462611607142,0.234619140625,0.11617777524171052,0.000 0.072 0.230 0.161 0.164 0.052 0.017 0.000
N8-b16L,priority_scan,44,6,7200,0.7314453125,0.8985026041666666,0.05208333333333333,-0.10504489143689492,0.000 -0.114 -0.120 -0.147 -0.039 -0.000
N8-b16L,priority_scan,44,8,7200,0.5771484375,0.8713727678571429,0.0665283203125,-0.07730570104387072,0.000 0.057 -0.097 -0.161 -0.180 -0.093 0.010 0.000
N8-b16L,priority_scan,44,6,14400,0.849609375,0.9438802083333333,0.028808593749999997,0.1492638885974882,0.000 0.140 0.257 0.113 0.087 -0.000
N8-b16L,priority_scan,44,8,14400,0.7060546875,0.9185616629464285,0.04150390625,0.1641241709391276,0.000 0.135 0.210 0.247 0.160 0.150 0.083 0.000
N8-b16L,priority_scan,44,6,28800,0.9013671875,0.9655598958333333,0.017415364583333332,0.1499690612157184,0.000 0.277 0.219 0.046 0.058 -0.000
N8-b16L,priority_scan,44,8,28800,0.8466796875,0.9603794642857142,0.0198974609375,0.16105609911459465,0.000 0.236 0.232 0.167 0.082 0.097 0.152 0.000
N8-b16L,priority_scan,44,6,36000,0.8974609375,0.9664713541666667,0.0166015625,0.035760353008905864,0.000 0.053 0.123 -0.000 -0.032 -0.000
N8-b16L,priority_scan,44,8,36000,0.84765625,0.9622977120535714,0.018798828125,-0.004774155440153898,0.000 0.030 0.002 0.002 -0.026 -0.024 -0.013 0.000
N8-b16L,priority_scan,55,6,900,0.0166015625,0.4642578125000001,0.29931640625,0.1059822738170622,0.000 -0.377 0.037 0.257 0.507 -0.000
N8-b16L,priority_scan,55,8,900,0.0,0.43526785714285704,0.3255615234375,0.15463581791630499,0.000 -0.368 0.078 0.072 0.225 0.435 0.486 0.000
N8-b16L,priority_scan,55,6,1800,0.2373046875,0.6515625,0.18684895833333331,0.16378531853357933,0.000 0.347 0.236 0.071 0.001 -0.000
N8-b16L,priority_scan,55,8,1800,0.0634765625,0.5789271763392857,0.232421875,0.24368999180970366,0.000 0.639 0.553 0.210 0.110 0.036 -0.085 0.000
N8-b16L,priority_scan,55,6,3600,0.6669921875,0.8765624999999999,0.06331380208333333,0.09629895289738956,0.000 0.029 0.118 0.122 0.116 -0.000
N8-b16L,priority_scan,55,8,3600,0.5400390625,0.8568289620535714,0.0743408203125,0.10905482150890207,0.000 -0.078 0.054 0.111 0.164 0.215 0.189 0.000
N8-b16L,priority_scan,55,6,7200,0.8046875,0.9279947916666667,0.03694661458333333,0.017839968204498104,0.000 0.085 0.010 -0.010 -0.014 -0.000
N8-b16L,priority_scan,55,8,7200,0.71484375,0.91748046875,0.0423583984375,0.0841429277702614,0.000 0.079 0.092 0.052 0.035 0.088 0.159 0.000
N8-b16L,priority_scan,55,6,14400,0.8779296875,0.9559895833333333,0.0224609375,0.1642553011576333,0.000 0.160 0.193 0.187 0.116 -0.000
N8-b16L,priority_scan,55,8,14400,0.79296875,0.9441615513392857,0.0283203125,0.21601716677347818,0.000 0.096 0.216 0.236 0.265 0.276 0.208 0.000
N8-b16L,priority_scan,55,6,28800,0.912109375,0.9696614583333334,0.015299479166666664,0.24111350377400698,0.000 0.250 0.291 0.269 0.155 -0.000
N8-b16L,priority_scan,55,8,28800,0.841796875,0.9607631138392857,0.01953125,0.3044544988208347,0.000 0.224 0.328 0.369 0.384 0.324 0.198 0.000
N8-b16L,priority_scan,55,6,36000,0.92578125,0.9734375,0.013509114583333332,0.05554005503654462,0.000 0.080 0.039 0.048 0.054 -0.000
N8-b16L,priority_scan,55,8,36000,0.875,0.9690987723214285,0.015380859375,0.10643089259112322,0.000 0.091 0.053 0.057 0.102 0.159 0.178 0.000
N8-b16L,priority_scan,66,6,900,0.0234375,0.45768229166666674,0.30533854166666663,0.1326451698939004,0.000 -0.327 0.044 0.303 0.510 -0.000
N8-b16L,priority_scan,66,8,900,0.001953125,0.4301409040178571,0.3291015625,0.23506636972780579,0.000 -0.359 0.145 0.237 0.349 0.534 0.505 0.000
N8-b16L,priority_scan,66,6,1800,0.3818359375,0.7302734375,0.14371744791666666,-0.07454057534535745,0.000 0.048 0.003 -0.191 -0.158 -0.000
N8-b16L,priority_scan,66,8,1800,0.1650390625,0.6609584263392858,0.18408203125,-0.11713208975615325,0.000 0.057 0.077 -0.034 -0.242 -0.303 -0.258 0.000
N8-b16L,priority_scan,66,6,3600,0.6708984375,0.8711588541666666,0.06689453125,-0.04777784148852049,0.000 -0.153 -0.073 -0.034 0.069 -0.000
N8-b16L,priority_scan,66,8,3600,0.5009765625,0.8409946986607143,0.0828857421875,-0.11724335175973395,0.000 -0.248 -0.260 -0.211 -0.132 0.042 0.105 0.000
N8-b16L,priority_scan,66,6,7200,0.7861328125,0.9208333333333333,0.04052734375,0.18451457222302736,0.000 0.248 0.159 0.148 0.183 -0.000
N8-b16L,priority_scan,66,8,7200,0.6357421875,0.8905901227678572,0.0565185546875,0.24226727309050386,0.000 0.241 0.234 0.189 0.243 0.298 0.248 0.000
N8-b16L,priority_scan,66,6,14400,0.8662109375,0.9495442708333333,0.02587890625,0.13138413429260237,0.000 0.178 0.147 0.107 0.093 -0.000
N8-b16L,priority_scan,66,8,14400,0.7900390625,0.9414760044642857,0.0296630859375,0.1583248597604257,0.000 0.160 0.154 0.167 0.176 0.162 0.131 0.000
N8-b16L,priority_scan,66,6,28800,0.9169921875,0.9715494791666666,0.014322916666666666,0.12812132636706017,0.000 0.181 0.183 0.091 0.058 -0.000
N8-b16L,priority_scan,66,8,28800,0.853515625,0.9607282366071428,0.0198974609375,0.10489914152357312,0.000 0.173 0.170 0.144 0.070 0.045 0.027 0.000
N8-b16L,priority_scan,66,6,36000,0.9208984375,0.9725911458333333,0.013834635416666664,-0.06255577007929503,0.000 -0.066 -0.071 -0.096 -0.017 -0.000
N8-b16L,priority_scan,66,8,36000,0.8779296875,0.9686104910714286,0.0157470703125,-0.0698441708529437,0.000 -0.048 -0.169 -0.145 -0.110 0.003 0.050 0.000
N8-b16L,priority_scan,77,6,900,0.0224609375,0.46334635416666675,0.30110677083333337,0.08477513988812747,0.000 -0.351 0.031 0.250 0.409 -0.000
N8-b16L,priority_scan,77,8,900,0.00390625,0.4377441406249999,0.3243408203125,0.15059992119118018,0.000 -0.379 0.071 0.048 0.292 0.424 0.446 0.000
N8-b16L,priority_scan,77,6,1800,0.275390625,0.6739583333333333,0.17496744791666669,-0.027538388967514225,0.000 0.161 0.084 -0.136 -0.220 -0.000
N8-b16L,priority_scan,77,8,1800,0.0869140625,0.6085379464285714,0.2135009765625,-0.03234942754109699,0.000 0.343 0.244 0.010 -0.136 -0.264 -0.391 0.000
N8-b16L,priority_scan,77,6,3600,0.623046875,0.8554036458333333,0.07486979166666667,0.1934429009755451,0.000 0.168 0.262 0.197 0.146 -0.000
N8-b16L,priority_scan,77,8,3600,0.3681640625,0.7882603236607143,0.111083984375,0.35355459760736535,0.000 0.285 0.440 0.449 0.415 0.413 0.119 0.000
N8-b16L,priority_scan,77,6,7200,0.73828125,0.9006510416666667,0.05126953125,0.014259666204452329,0.000 0.010 0.035 -0.020 0.032 -0.000
N8-b16L,priority_scan,77,8,7200,0.5927734375,0.8744070870535714,0.065185546875,0.02348204453786214,0.000 -0.031 0.035 0.031 -0.016 0.057 0.065 0.000
N8-b16L,priority_scan,77,6,14400,0.865234375,0.9520182291666666,0.024251302083333332,0.04895870884259524,0.000 0.068 0.116 0.030 -0.018 -0.000
N8-b16L,priority_scan,77,8,14400,0.7734375,0.9384416852678571,0.03125,0.06676252241487857,0.000 0.073 0.113 0.126 0.050 0.042 -0.003 0.000
N8-b16L,priority_scan,77,6,28800,0.9169921875,0.9705078125,0.014973958333333332,0.176885277032852,0.000 0.108 0.215 0.205 0.180 -0.000
N8-b16L,priority_scan,77,8,28800,0.8603515625,0.9623674665178571,0.01904296875,0.2429809393706145,0.000 0.088 0.203 0.253 0.312 0.327 0.274 0.000
N8-b16L,priority_scan,77,6,36000,0.91796875,0.9723958333333333,0.013834635416666664,0.07547964652379335,0.000 0.183 0.154 0.040 -0.075 -0.000
N8-b16L,priority_scan,77,8,36000,0.8876953125,0.9708077566964286,0.0146484375,0.10926579987561262,0.000 0.246 0.260 0.187 0.074 -0.039 -0.072 0.000
N8-b16L,priority_scan,88,6,900,0.025390625,0.4640625000000001,0.30143229166666663,0.0753453870614368,0.000 -0.422 0.097 0.192 0.434 -0.000
N8-b16L,priority_scan,88,8,900,0.0068359375,0.4483468191964285,0.3160400390625,0.23920880423651802,0.000 -0.262 0.208 0.223 0.272 0.508 0.487 0.000
N8-b16L,priority_scan,88,6,1800,0.3818359375,0.7432291666666666,0.13525390625,0.39869104822476686,0.000 0.323 0.375 0.521 0.376 -0.000
N8-b16L,priority_scan,88,8,1800,0.12890625,0.6299525669642858,0.2017822265625,0.5173962866818463,0.000 0.333 0.557 0.542 0.681 0.706 0.285 0.000
N8-b16L,priority_scan,88,6,3600,0.685546875,0.8828125,0.06022135416666666,-0.07927949229876219,0.000 -0.164 -0.167 -0.062 0.076 -0.000
N8-b16L,priority_scan,88,8,3600,0.544921875,0.8578752790178572,0.0738525390625,-0.16052232848273382,0.000 -0.321 -0.359 -0.283 -0.173 0.063 0.111 0.000
N8-b16L,priority_scan,88,6,7200,0.806640625,0.9317057291666666,0.03466796875,0.06528203686078371,0.000 0.092 0.057 0.055 0.056 -0.000
N8-b16L,priority_scan,88,8,7200,0.6982421875,0.914306640625,0.043701171875,0.12793602766814052,0.000 0.115 0.178 0.099 0.104 0.167 0.104 0.000
N8-b16L,priority_scan,88,6,14400,0.865234375,0.9533203125,0.023437499999999997,-0.08802920579910298,0.000 -0.048 -0.102 -0.135 -0.067 -0.000
N8-b16L,priority_scan,88,8,14400,0.779296875,0.9406389508928572,0.030029296875,-0.06665929600044533,0.000 -0.002 -0.073 -0.112 -0.140 -0.079 0.006 0.000
N8-b16L,priority_scan,88,6,28800,0.9248046875,0.9759114583333333,0.011881510416666666,-0.09286279479662596,0.000 0.029 -0.071 -0.167 -0.163 -0.000
N8-b16L,priority_scan,88,8,28800,0.8603515625,0.9657505580357142,0.01708984375,-0.13930486308203804,0.000 0.037 -0.020 -0.133 -0.268 -0.261 -0.191 0.000
N8-b16L,priority_scan,88,6,36000,0.923828125,0.9723307291666666,0.01416015625,0.1512207587560016,0.000 0.130 0.180 0.182 0.112 -0.000
N8-b16L,priority_scan,88,8,36000,0.8720703125,0.96728515625,0.0164794921875,0.1984135751371031,0.000 0.099 0.216 0.272 0.270 0.219 0.115 0.000
N8-b16L,position_scan,11,6,900,0.2724609375,0.6699869791666667,0.17757161458333331,-0.023059235678778787,0.572 0.471 0.254 -0.124 -0.351 -0.366
N8-b16L,position_scan,11,8,900,0.068359375,0.5802525111607142,0.2322998046875,-0.00930326325552801,0.784 0.636 0.587 0.234 -0.138 -0.373 -0.423 -0.588
N8-b16L,position_scan,11,6,1800,0.69140625,0.8763671875,0.06461588541666666,-0.027141955163743813,0.090 0.138 -0.009 -0.066 -0.112 -0.087
N8-b16L,position_scan,11,8,1800,0.4609375,0.8190917968750001,0.0950927734375,-0.04082732730441623,0.160 0.096 0.164 -0.047 -0.128 -0.115 -0.112 -0.144
N8-b16L,position_scan,11,6,3600,0.775390625,0.9123697916666667,0.045572916666666664,0.044900013340844,-0.031 -0.035 -0.003 0.028 0.053 0.181
N8-b16L,position_scan,11,8,3600,0.61328125,0.8798130580357144,0.0623779296875,0.03894970530555362,-0.015 -0.097 -0.061 -0.021 0.017 0.080 0.174 0.182
N8-b16L,position_scan,11,6,7200,0.7412109375,0.9063802083333333,0.0478515625,0.13280804289711842,-0.171 -0.075 -0.099 0.044 0.413 0.381
N8-b16L,position_scan,11,8,7200,0.5869140625,0.8799176897321428,0.0615234375,0.08924671581813266,0.117 0.005 -0.204 -0.216 -0.037 0.383 0.523 0.170
N8-b16L,position_scan,11,6,14400,0.890625,0.9608723958333333,0.019856770833333332,-0.05815907981660636,-0.285 -0.251 -0.166 -0.066 -0.059 0.251
N8-b16L,position_scan,11,8,14400,0.794921875,0.9468470982142857,0.0267333984375,-0.08682243407718718,0.013 -0.131 -0.205 -0.222 -0.102 -0.026 0.005 0.074
N8-b16L,position_scan,11,6,28800,0.91015625,0.9675130208333333,0.0166015625,0.07496453656090626,-0.070 0.360 -0.018 -0.142 -0.058 0.233
N8-b16L,position_scan,11,8,28800,0.875,0.9693429129464286,0.0152587890625,0.026556158822680278,0.017 0.168 0.123 -0.005 -0.135 -0.008 0.022 0.022
N8-b16L,position_scan,11,6,36000,0.9228515625,0.97265625,0.013834635416666666,0.1615824037128024,-0.090 0.061 0.216 0.115 0.122 0.294
N8-b16L,position_scan,11,8,36000,0.9150390625,0.9808175223214286,0.0093994140625,0.1124551182701474,0.084 0.069 0.100 0.205 0.168 0.066 0.085 0.094
N8-b16L,position_scan,22,6,900,0.396484375,0.7220052083333334,0.15022786458333331,0.0723927153481377,0.257 0.172 0.246 0.054 0.026 -0.135
N8-b16L,position_scan,22,8,900,0.1376953125,0.6302315848214286,0.20361328125,0.10337318692888532,0.423 0.121 0.303 0.228 0.093 0.070 0.132 -0.223
N8-b16L,position_scan,22,6,1800,0.6328125,0.8501953125,0.07861328125,-0.007699754503038248,0.149 -0.057 -0.100 -0.092 0.108 0.101
N8-b16L,position_scan,22,8,1800,0.3701171875,0.7722516741071429,0.121337890625,-0.0327267911699083,0.279 -0.091 -0.089 -0.150 -0.216 -0.037 0.334 0.020
N8-b16L,position_scan,22,6,3600,0.642578125,0.8682942708333333,0.0673828125,0.2627837393018934,0.200 0.398 0.358 0.282 0.148 0.128
N8-b16L,position_scan,22,8,3600,0.431640625,0.8169991629464286,0.0955810546875,0.3116165645538814,0.205 0.458 0.459 0.415 0.334 0.258 0.144 0.113
N8-b16L,position_scan,22,6,7200,0.7763671875,0.9164713541666666,0.04296875,0.030780209435356948,0.034 0.273 0.104 -0.135 -0.232 0.144
N8-b16L,position_scan,22,8,7200,0.6298828125,0.8882533482142857,0.0576171875,-0.008725041434878424,0.041 0.441 0.264 0.056 -0.210 -0.323 -0.307 0.017
N8-b16L,position_scan,22,6,14400,0.8369140625,0.9412760416666667,0.02978515625,-0.3031411237186856,-0.283 -0.546 -0.169 -0.159 -0.438 -0.204
N8-b16L,position_scan,22,8,14400,0.654296875,0.9001116071428572,0.0511474609375,-0.219687336967105,-0.021 -0.287 -0.284 -0.234 -0.219 -0.271 -0.256 0.013
N8-b16L,position_scan,22,6,28800,0.9140625,0.9705078125,0.014811197916666664,0.109598073694441,-0.172 -0.090 -0.116 0.072 0.316 0.366
N8-b16L,position_scan,22,8,28800,0.884765625,0.9717145647321428,0.0140380859375,0.06572829352484809,-0.030 0.018 -0.024 -0.153 0.043 0.182 0.217 0.177
N8-b16L,position_scan,22,6,36000,0.9404296875,0.9785807291666666,0.010904947916666666,-0.006743040349748442,-0.240 -0.250 -0.004 0.002 -0.119 0.337
N8-b16L,position_scan,22,8,36000,0.908203125,0.9749581473214286,0.0126953125,0.08086424025278242,-0.005 0.072 0.017 -0.043 0.023 0.166 0.212 0.120
N8-b16L,position_scan,33,6,900,0.4482421875,0.7578125,0.12939453125,-0.07405321465598218,0.151 -0.058 -0.106 -0.168 0.009 -0.047
N8-b16L,position_scan,33,8,900,0.1845703125,0.6651436941964286,0.182373046875,-0.1082214287349156,0.269 -0.120 -0.070 -0.232 -0.247 -0.044 0.134 -0.178
N8-b16L,position_scan,33,6,1800,0.66015625,0.8612630208333333,0.07307942708333333,0.07867564095391164,0.067 0.187 0.139 0.029 0.028 0.010
N8-b16L,position_scan,33,8,1800,0.431640625,0.8042689732142858,0.1036376953125,0.08508975543673077,0.130 0.100 0.303 0.157 0.013 0.012 0.080 -0.070
N8-b16L,position_scan,33,6,3600,0.72265625,0.8947265624999999,0.05452473958333333,0.001323335700564865,-0.156 -0.175 -0.067 0.028 0.080 0.142
N8-b16L,position_scan,33,8,3600,0.5458984375,0.8589564732142856,0.0731201171875,-0.025238271743532215,-0.148 -0.257 -0.193 -0.092 -0.005 0.130 0.159 0.080
N8-b16L,position_scan,33,6,7200,0.7607421875,0.9139973958333333,0.04378255208333333,0.19955894682142467,-0.085 0.187 0.140 0.109 0.222 0.340
N8-b16L,position_scan,33,8,7200,0.619140625,0.8935546875,0.0540771484375,0.1860138537391784,0.025 0.276 0.214 0.163 0.135 0.198 0.243 0.072
N8-b16L,position_scan,33,6,14400,0.90625,0.9641276041666667,0.0185546875,0.03606831365161468,-0.276 -0.205 -0.032 0.063 0.085 0.269
N8-b16L,position_scan,33,8,14400,0.822265625,0.9513462611607143,0.024658203125,0.024991886956351145,-0.007 -0.013 -0.062 -0.021 0.082 0.102 0.065 0.022
N8-b16L,position_scan,33,6,28800,0.92578125,0.9757161458333333,0.012044270833333332,0.15196638637118864,-0.249 -0.007 0.058 0.056 0.294 0.358
N8-b16L,position_scan,33,8,28800,0.87890625,0.9675641741071428,0.016357421875,0.05057164600917271,-0.088 -0.003 0.067 0.054 0.051 0.055 0.000 0.130
N8-b16L,position_scan,33,6,36000,0.91796875,0.9708984375,0.014811197916666664,0.2635946803622775,-0.148 0.403 0.323 0.188 0.127 0.277
N8-b16L,position_scan,33,8,36000,0.8955078125,0.972412109375,0.013916015625,0.1683563656277127,-0.050 0.105 0.177 0.370 0.293 0.137 0.057 0.040
N8-b16L,position_scan,44,6,900,0.390625,0.7218749999999999,0.15006510416666666,0.07695704036288789,0.211 0.122 0.218 0.090 0.118 -0.163
N8-b16L,position_scan,44,8,900,0.1640625,0.6487513950892858,0.1922607421875,0.06333061626979283,0.349 0.015 0.188 0.176 0.108 0.102 0.110 -0.256
N8-b16L,position_scan,44,6,1800,0.560546875,0.8288411458333333,0.08870442708333334,-0.04634899563259555,0.296 0.314 0.057 -0.082 -0.261 -0.260
N8-b16L,position_scan,44,8,1800,0.2548828125,0.7370954241071429,0.1396484375,-0.06359887501550097,0.411 0.416 0.332 0.035 -0.150 -0.272 -0.435 -0.371
N8-b16L,position_scan,44,6,3600,0.708984375,0.8859374999999999,0.05940755208333333,0.18148745430840382,0.294 0.209 0.145 0.155 0.200 0.198
N8-b16L,position_scan,44,8,3600,0.4951171875,0.8362165178571428,0.0858154296875,0.2590422592465839,0.357 0.344 0.228 0.207 0.228 0.319 0.255 0.232
N8-b16L,position_scan,44,6,7200,0.7861328125,0.9229817708333333,0.03922526041666666,0.0919535292519463,-0.056 0.170 0.068 0.010 -0.032 0.244
N8-b16L,position_scan,44,8,7200,0.693359375,0.9128069196428571,0.0445556640625,0.05681872367858887,0.045 0.303 0.153 0.060 -0.009 -0.054 -0.123 0.067
N8-b16L,position_scan,44,6,14400,0.8515625,0.947265625,0.026692708333333332,0.20304418934716115,-0.302 0.256 0.022 0.061 0.274 0.401
N8-b16L,position_scan,44,8,14400,0.7802734375,0.9401157924107143,0.0303955078125,0.08638296808515276,-0.087 0.051 -0.025 -0.018 0.058 0.161 0.183 0.194
N8-b16L,position_scan,44,6,28800,0.9072265625,0.9684895833333333,0.015787760416666664,0.034952653778923835,-0.300 0.130 0.232 -0.097 -0.159 0.069
N8-b16L,position_scan,44,8,28800,0.876953125,0.9699009486607143,0.0150146484375,0.03128437768845332,-0.092 0.049 0.116 0.273 0.108 -0.081 -0.170 -0.076
N8-b16L,position_scan,44,6,36000,0.9384765625,0.978515625,0.010904947916666666,-0.025633162922329422,-0.207 -0.118 0.120 -0.164 -0.167 0.200
N8-b16L,position_scan,44,8,36000,0.919921875,0.9807477678571429,0.009521484375,0.07218516062176417,0.068 0.052 0.139 0.065 0.052 0.017 0.031 0.149
N8-b16L,position_scan,55,6,900,0.359375,0.7004557291666668,0.16276041666666666,0.10734249485863576,0.304 0.099 0.285 0.156 0.100 -0.104
N8-b16L,position_scan,55,8,900,0.13671875,0.6176409040178571,0.2117919921875,0.13781990323747909,0.460 0.085 0.271 0.296 0.216 0.185 0.135 -0.223
N8-b16L,position_scan,55,6,1800,0.5498046875,0.8190104166666665,0.0947265625,0.02837075127495654,0.050 -0.280 -0.105 0.075 0.258 0.193
N8-b16L,position_scan,55,8,1800,0.2841796875,0.7423967633928572,0.1365966796875,0.0055331654018825815,0.178 -0.364 -0.284 -0.139 0.056 0.249 0.379 0.141
N8-b16L,position_scan,55,6,3600,0.599609375,0.8489583333333333,0.07763671875,0.13669953081342906,-0.231 -0.232 -0.071 0.258 0.442 0.286
N8-b16L,position_scan,55,8,3600,0.2958984375,0.7542201450892858,0.1298828125,0.11340884935288202,-0.239 -0.377 -0.338 -0.109 0.255 0.614 0.485 0.263
N8-b16L,position_scan,55,6,7200,0.5625,0.8266276041666666,0.09049479166666667,0.03986208968692353,0.586 0.645 0.335 -0.072 -0.408 -0.299
N8-b16L,position_scan,55,8,7200,0.21875,0.7310267857142857,0.1419677734375,0.08634540769788954,0.345 0.872 0.687 0.314 -0.087 -0.452 -0.654 -0.076
N8-b16L,position_scan,55,6,14400,0.865234375,0.9520182291666666,0.0244140625,0.20455689562691579,-0.302 -0.040 0.136 0.252 0.345 0.330
N8-b16L,position_scan,55,8,14400,0.7412109375,0.9291294642857143,0.035888671875,0.16971673284258162,-0.039 -0.013 0.090 0.202 0.290 0.377 0.159 0.083
N8-b16L,position_scan,55,6,28800,0.9150390625,0.9698567708333333,0.015299479166666666,0.23066585593753386,-0.145 0.333 0.158 0.104 0.171 0.387
N8-b16L,position_scan,55,8,28800,0.8603515625,0.9640415736607143,0.01806640625,0.1461468991779146,0.047 0.132 0.251 0.161 0.096 0.104 0.107 0.172
N8-b16L,position_scan,55,6,36000,0.9296875,0.97578125,0.012207031249999998,0.0753898355695936,-0.169 -0.032 0.056 0.034 0.007 0.312
N8-b16L,position_scan,55,8,36000,0.908203125,0.9772600446428571,0.0113525390625,0.044658240817842025,0.024 -0.037 0.072 0.044 0.073 0.016 0.053 0.092
N8-b16L,position_scan,66,6,900,0.345703125,0.7076822916666667,0.15673828125,0.18558614783816865,0.242 0.121 0.310 0.282 0.278 -0.063
N8-b16L,position_scan,66,8,900,0.0908203125,0.5919015066964286,0.2257080078125,0.2623826170724536,0.352 0.074 0.283 0.284 0.443 0.518 0.400 -0.164
N8-b16L,position_scan,66,6,1800,0.6015625,0.8380859375,0.0849609375,0.16742091708713103,0.196 0.190 0.210 0.193 0.169 0.074
N8-b16L,position_scan,66,8,1800,0.3583984375,0.7734723772321428,0.1202392578125,0.21983967887030706,0.289 0.168 0.318 0.303 0.256 0.274 0.237 -0.018
N8-b16L,position_scan,66,6,3600,0.6806640625,0.8828776041666666,0.05973307291666666,-0.10180315044191154,-0.144 -0.227 -0.186 -0.070 0.004 -0.031
N8-b16L,position_scan,66,8,3600,0.45703125,0.8326939174107143,0.0867919921875,-0.1286953025394016,-0.139 -0.280 -0.329 -0.267 -0.052 0.100 -0.016 -0.057
N8-b16L,position_scan,66,6,7200,0.8095703125,0.9288411458333333,0.03662109375,0.12251664532555469,-0.117 0.010 -0.018 -0.000 0.244 0.377
N8-b16L,position_scan,66,8,7200,0.6640625,0.9027622767857143,0.0499267578125,0.09184549725244917,0.025 0.125 -0.014 -0.038 -0.053 0.150 0.339 0.133
N8-b16L,position_scan,66,6,14400,0.8505859375,0.9446614583333333,0.028483072916666664,-0.06962727175818555,-0.313 -0.092 -0.156 -0.185 -0.209 0.293
N8-b16L,position_scan,66,8,14400,0.79296875,0.9432198660714286,0.02880859375,-0.051802510306948706,-0.053 0.045 -0.026 -0.220 -0.238 -0.120 0.099 0.098
N8-b16L,position_scan,66,6,28800,0.9150390625,0.9695963541666667,0.015462239583333332,0.06741076045566129,-0.165 0.104 0.297 -0.098 -0.218 0.253
N8-b16L,position_scan,66,8,28800,0.908203125,0.9771902901785714,0.0113525390625,0.12205820234995042,0.032 0.128 0.129 0.166 0.136 0.105 0.125 0.065
N8-b16L,position_scan,66,6,36000,0.9111328125,0.9688151041666666,0.015787760416666664,0.18694211377037892,-0.148 0.220 0.354 -0.145 0.255 0.251
N8-b16L,position_scan,66,8,36000,0.880859375,0.9705984933035715,0.0146484375,0.07475438572111583,0.101 0.145 0.056 0.108 0.062 0.114 0.040 -0.001
N8-b16L,position_scan,77,6,900,0.314453125,0.6959635416666667,0.16341145833333334,0.21121713850233287,0.289 0.108 0.210 0.273 0.356 0.109
N8-b16L,position_scan,77,8,900,0.099609375,0.6112234933035714,0.2127685546875,0.258728719892956,0.412 0.075 0.202 0.238 0.338 0.447 0.474 0.037
N8-b16L,position_scan,77,6,1800,0.236328125,0.6622395833333333,0.18001302083333331,-0.19883130656348338,0.640 0.495 0.089 -0.394 -0.764 -0.421
N8-b16L,position_scan,77,8,1800,0.0244140625,0.50927734375,0.2763671875,-0.23639007220192557,0.797 0.802 0.547 0.050 -0.466 -0.982 -1.049 -0.558
N8-b16L,position_scan,77,6,3600,0.677734375,0.8809244791666666,0.06103515625,0.21318599912855354,0.350 0.324 0.271 0.205 0.087 0.179
N8-b16L,position_scan,77,8,3600,0.412109375,0.8108607700892858,0.0985107421875,0.2628557076529851,0.425 0.444 0.384 0.312 0.236 0.179 0.126 0.158
N8-b16L,position_scan,77,6,7200,0.638671875,0.8664062499999999,0.06868489583333333,0.39729954136742485,-0.028 0.175 0.381 0.508 0.558 0.364
N8-b16L,position_scan,77,8,7200,0.3486328125,0.7887834821428572,0.110107421875,0.4239947455269949,0.009 0.188 0.308 0.471 0.599 0.718 0.589 0.095
N8-b16L,position_scan,77,6,14400,0.8544921875,0.9462890625,0.027506510416666664,0.2615368896060519,-0.230 0.195 0.188 0.192 0.375 0.358
N8-b16L,position_scan,77,8,14400,0.7568359375,0.9301060267857143,0.0357666015625,0.18837109444633363,0.028 0.133 0.227 0.226 0.217 0.213 0.188 0.114
N8-b16L,position_scan,77,6,28800,0.927734375,0.9748697916666667,0.012695312499999998,0.132669899198744,-0.269 0.074 0.131 0.026 0.080 0.351
N8-b16L,position_scan,77,8,28800,0.90234375,0.9751674107142857,0.012451171875,0.10359652458675324,-0.055 0.053 0.088 0.176 0.078 0.060 0.116 0.155
N8-b16L,position_scan,77,6,36000,0.9208984375,0.9744791666666667,0.0126953125,0.2242345147662692,-0.245 0.083 0.261 0.195 0.229 0.353
N8-b16L,position_scan,77,8,36000,0.8896484375,0.970947265625,0.0146484375,0.1614798439873589,0.009 0.085 0.117 0.280 0.247 0.151 0.133 0.119
N8-b16L,position_scan,88,6,900,0.4306640625,0.7502604166666667,0.13330078125,0.11165838771396208,0.211 0.020 0.187 0.148 0.246 -0.043
N8-b16L,position_scan,88,8,900,0.1513671875,0.6470424107142858,0.191650390625,0.1612673108539884,0.336 -0.075 0.118 0.159 0.276 0.406 0.372 -0.127
N8-b16L,position_scan,88,6,1800,0.1884765625,0.642578125,0.19156901041666663,0.5505608055326674,0.560 0.851 0.806 0.576 0.389 0.130
N8-b16L,position_scan,88,8,1800,0.0009765625,0.48580496651785704,0.2906494140625,0.7562677065531414,0.678 0.990 1.220 1.079 0.804 0.640 0.466 0.094
N8-b16L,position_scan,88,6,3600,0.6748046875,0.8807942708333334,0.06087239583333333,0.05624665154351124,-0.107 0.028 0.219 0.157 -0.029 -0.094
N8-b16L,position_scan,88,8,3600,0.4921875,0.8424595424107143,0.0814208984375,0.053643555868239635,-0.063 -0.140 0.200 0.295 0.218 0.094 -0.174 -0.117
N8-b16L,position_scan,88,6,7200,0.7353515625,0.9034505208333333,0.04931640625,0.24296781751844615,-0.042 0.271 0.291 0.230 0.180 0.243
N8-b16L,position_scan,88,8,7200,0.587890625,0.8779994419642858,0.062744140625,0.24805604465424066,0.069 0.300 0.329 0.335 0.293 0.268 0.138 0.073
N8-b16L,position_scan,88,6,14400,0.8134765625,0.9331380208333332,0.03401692708333333,0.12232296996646452,0.252 0.301 0.140 -0.052 -0.072 0.295
N8-b16L,position_scan,88,8,14400,0.693359375,0.9132254464285714,0.044189453125,0.08944064851791142,0.136 0.360 0.336 0.139 -0.083 -0.138 -0.039 0.050
N8-b16L,position_scan,88,6,28800,0.9150390625,0.9696614583333334,0.015462239583333332,0.10081117682986784,-0.033 0.025 -0.001 0.099 0.118 0.263
N8-b16L,position_scan,88,8,28800,0.875,0.9682965959821429,0.015869140625,0.0786322828323122,0.078 -0.014 -0.025 -0.008 0.125 0.154 0.114 0.205
N8-b16L,position_scan,88,6,36000,0.9169921875,0.9716145833333333,0.014322916666666666,0.18837242656283903,0.012 0.356 0.169 0.033 0.018 0.365
N8-b16L,position_scan,88,8,36000,0.8720703125,0.9686802455357143,0.015625,0.16249546929011266,0.140 0.189 0.326 0.196 0.070 0.093 0.116 0.148
N8-b16L,phase_scan,11,6,900,0.396484375,0.7451171875,0.13460286458333331,0.20404491159650995,0.145 0.322 0.496 0.139 0.005 0.059
N8-b16L,phase_scan,11,8,900,0.103515625,0.6176060267857143,0.20947265625,0.24116005216326028,0.316 0.068 0.570 0.597 0.244 0.034 0.288 -0.113
N8-b16L,phase_scan,11,6,1800,0.576171875,0.8277994791666665,0.09049479166666666,-0.0712593065367805,-0.107 -0.127 -0.232 -0.240 0.107 0.135
N8-b16L,phase_scan,11,8,1800,0.3095703125,0.7555106026785715,0.129638671875,-0.11409464336576917,-0.050 -0.228 -0.224 -0.343 -0.373 0.007 0.299 0.062
N8-b16L,phase_scan,11,6,3600,0.7587890625,0.9083984374999999,0.04720052083333333,-0.07745089795854362,-0.097 -0.050 -0.002 -0.213 -0.163 0.041
N8-b16L,phase_scan,11,8,3600,0.6103515625,0.8792898995535714,0.0626220703125,-0.09705397817823623,-0.058 -0.050 -0.013 -0.038 -0.244 -0.222 -0.095 -0.016
N8-b16L,phase_scan,11,6,7200,0.791015625,0.9244140624999999,0.03857421875,0.2172263198428682,-0.288 0.078 0.320 0.143 0.261 0.284
N8-b16L,phase_scan,11,8,7200,0.6513671875,0.9044363839285714,0.0484619140625,0.17229581636095803,-0.061 -0.013 0.226 0.324 0.218 0.215 0.200 0.036
N8-b16L,phase_scan,11,6,14400,0.875,0.9546874999999999,0.023111979166666664,0.07432676686180943,-0.255 -0.284 0.355 -0.103 0.120 0.283
N8-b16L,phase_scan,11,8,14400,0.841796875,0.95751953125,0.021484375,0.08578374272301084,-0.003 0.008 0.051 0.211 0.107 0.154 0.066 0.004
N8-b16L,phase_scan,11,6,28800,0.921875,0.9721354166666667,0.014160156249999998,-3.173616197393869e-05,-0.251 -0.308 0.331 -0.196 -0.092 0.265
N8-b16L,phase_scan,11,8,28800,0.888671875,0.9725516183035714,0.013671875,0.06086311643085783,0.022 0.065 0.035 0.102 0.085 0.061 0.090 -0.012
N8-b16L,phase_scan,11,6,36000,0.9140625,0.9703125,0.014973958333333332,0.07312567366494054,-0.254 -0.309 0.337 -0.219 0.286 0.270
N8-b16L,phase_scan,11,8,36000,0.90625,0.9753069196428572,0.012451171875,0.052672529977465445,0.019 0.010 0.059 0.087 0.062 0.039 0.077 0.034
N8-b16L,phase_scan,22,6,900,0.4365234375,0.7603515625,0.12744140625,0.1914650731616548,0.298 0.437 0.341 0.153 0.043 -0.017
N8-b16L,phase_scan,22,8,900,0.126953125,0.6271623883928572,0.204833984375,0.25379521506173275,0.534 0.497 0.663 0.351 0.232 0.107 0.152 -0.225
N8-b16L,phase_scan,22,6,1800,0.6591796875,0.8620442708333333,0.07242838541666666,-0.08949161238140535,-0.243 -0.284 -0.091 0.027 -0.061 -0.038
N8-b16L,phase_scan,22,8,1800,0.4111328125,0.8028738839285715,0.103271484375,-0.1421368500543019,-0.191 -0.478 -0.194 -0.053 -0.032 -0.009 -0.102 -0.127
N8-b16L,phase_scan,22,6,3600,0.7685546875,0.9110026041666667,0.0458984375,0.13619197739495154,0.133 0.155 0.126 0.020 0.133 0.247
N8-b16L,phase_scan,22,8,3600,0.6015625,0.8767787388392857,0.0638427734375,0.1418350991748628,0.194 0.202 0.146 0.090 -0.006 0.112 0.290 0.158
N8-b16L,phase_scan,22,6,7200,0.8212890625,0.9354166666666666,0.032877604166666664,0.04503072632683628,-0.241 0.031 0.156 0.011 -0.192 0.219
N8-b16L,phase_scan,22,8,7200,0.74609375,0.9322335379464286,0.0341796875,-0.009488416096520806,-0.035 0.004 0.024 0.100 0.052 -0.061 -0.183 -0.002
N8-b16L,phase_scan,22,6,14400,0.8408203125,0.9408854166666666,0.0302734375,-0.08861139085557745,-0.263 -0.357 0.251 -0.145 -0.224 0.033
N8-b16L,phase_scan,22,8,14400,0.79296875,0.9444754464285714,0.028076171875,0.058167018587627094,0.035 -0.029 0.017 0.027 0.138 0.125 0.117 0.011
N8-b16L,phase_scan,22,6,28800,0.912109375,0.9689453125,0.015787760416666664,0.12240276071760373,-0.233 -0.009 0.327 -0.152 0.179 0.268
N8-b16L,phase_scan,22,8,28800,0.9052734375,0.97705078125,0.0113525390625,0.07447649562169634,0.032 0.044 0.103 0.066 0.106 0.115 0.089 -0.003
N8-b16L,phase_scan,22,6,36000,0.9296875,0.9765625,0.01171875,0.2180145714018078,-0.248 0.481 0.329 -0.189 0.188 0.280
N8-b16L,phase_scan,22,8,36000,0.896484375,0.9734584263392856,0.0133056640625,0.08098017601739792,0.026 0.106 0.078 0.089 0.099 0.086 0.109 0.000
N8-b16L,phase_scan,33,6,900,0.4638671875,0.7665364583333333,0.12483723958333331,-0.04413649108674796,0.177 -0.183 -0.156 -0.091 0.165 0.045
N8-b16L,phase_scan,33,8,900,0.1865234375,0.6710728236607142,0.1785888671875,-0.07839643766009617,0.435 -0.233 -0.231 -0.262 -0.132 0.090 0.389 -0.171
N8-b16L,phase_scan,33,6,1800,0.6064453125,0.8496744791666666,0.07763671875,0.04249997271431813,-0.076 -0.200 -0.192 0.125 0.344 0.135
N8-b16L,phase_scan,33,8,1800,0.3427734375,0.7836216517857143,0.1134033203125,0.03262663644457621,-0.011 -0.317 -0.227 -0.194 0.066 0.431 0.434 0.036
N8-b16L,phase_scan,33,6,3600,0.70703125,0.8898437499999999,0.05664062499999999,0.13404978646172397,0.260 0.244 0.222 0.115 0.027 0.061
N8-b16L,phase_scan,33,8,3600,0.5380859375,0.8606654575892858,0.0718994140625,0.1398932176922995,0.308 0.302 0.252 0.233 0.146 0.059 0.010 -0.023
N8-b16L,phase_scan,33,6,7200,0.796875,0.9280598958333333,0.03662109375,-0.002996769216325601,-0.261 -0.133 -0.048 -0.173 0.075 0.265
N8-b16L,phase_scan,33,8,7200,0.6787109375,0.9185616629464286,0.040771484375,0.0019419571710011286,-0.071 0.077 -0.035 -0.096 -0.113 0.015 0.165 0.001
N8-b16L,phase_scan,33,6,14400,0.86328125,0.9505208333333333,0.025227864583333332,0.16706324948204868,0.009 0.318 0.294 -0.177 0.142 0.258
N8-b16L,phase_scan,33,8,14400,0.82421875,0.9522181919642857,0.024169921875,0.07026795356992692,0.050 0.101 0.131 0.057 0.111 0.033 0.070 -0.011
N8-b16L,phase_scan,33,6,28800,0.9267578125,0.9740234375000001,0.01318359375,0.09251870049370642,-0.280 0.530 0.332 -0.222 -0.461 0.284
N8-b16L,phase_scan,33,8,28800,0.8662109375,0.9640764508928572,0.0181884765625,0.053260004709637356,-0.016 0.075 0.119 0.098 0.030 0.010 0.030 0.012
N8-b16L,phase_scan,33,6,36000,0.9375,0.9779296875,0.011230468749999998,0.11345813009473993,-0.273 0.051 0.323 -0.254 0.146 0.301
N8-b16L,phase_scan,33,8,36000,0.9033203125,0.9754464285714286,0.0123291015625,0.06598588020082503,-0.005 0.048 0.091 0.072 0.057 0.087 0.079 0.028
N8-b16L,phase_scan,44,6,900,0.345703125,0.7177734375,0.15006510416666669,0.2982884380552502,0.322 0.422 0.462 0.362 0.223 0.023
N8-b16L,phase_scan,44,8,900,0.0634765625,0.5860770089285714,0.2283935546875,0.3783052497439914,0.546 0.402 0.657 0.606 0.458 0.346 0.361 -0.182
N8-b16L,phase_scan,44,6,1800,0.3505859375,0.73203125,0.140625,0.5413185887866548,0.366 0.559 0.659 0.707 0.574 0.207
N8-b16L,phase_scan,44,8,1800,0.0244140625,0.5247977120535714,0.2659912109375,0.6977871675339956,0.482 0.676 0.782 0.904 0.911 0.776 0.791 0.044
N8-b16L,phase_scan,44,6,3600,0.69140625,0.8804687499999999,0.06201171874999999,0.0547456873787772,0.184 0.299 0.214 0.034 -0.174 -0.099
N8-b16L,phase_scan,44,8,3600,0.52734375,0.8552594866071429,0.0748291015625,0.08364319801330565,0.234 0.337 0.344 0.274 0.099 -0.064 -0.233 -0.170
N8-b16L,phase_scan,44,6,7200,0.7890625,0.9260416666666667,0.03743489583333333,0.12000053458743606,-0.247 -0.028 0.152 0.035 0.255 0.185
N8-b16L,phase_scan,44,8,7200,0.6923828125,0.9135393415178572,0.0440673828125,0.0814162738739498,0.008 -0.018 0.129 0.047 0.111 0.207 0.138 -0.045
N8-b16L,phase_scan,44,6,14400,0.85546875,0.9479817708333333,0.026529947916666664,0.24401487244500036,-0.281 0.457 0.312 -0.108 0.254 0.305
N8-b16L,phase_scan,44,8,14400,0.779296875,0.939208984375,0.0308837890625,0.09680874763973175,0.002 0.139 0.149 0.089 0.106 0.041 0.113 0.041
N8-b16L,phase_scan,44,6,28800,0.8974609375,0.96328125,0.018717447916666664,-0.06713675128089061,-0.296 -0.452 -0.097 -0.249 0.366 0.096
N8-b16L,phase_scan,44,8,28800,0.85546875,0.9617396763392857,0.019287109375,0.06842476981026786,-0.030 0.044 0.090 0.088 0.036 0.080 0.119 0.023
N8-b16L,phase_scan,44,6,36000,0.9072265625,0.9667317708333333,0.016927083333333332,0.20289275381300165,-0.158 0.328 0.343 -0.150 0.241 0.254
N8-b16L,phase_scan,44,8,36000,0.8896484375,0.9704938616071428,0.014892578125,0.07054351624988374,0.039 0.021 0.118 0.073 0.099 0.102 0.064 0.016
N8-b16L,phase_scan,55,6,900,0.4560546875,0.763671875,0.12613932291666669,-0.038568046357896645,0.002 -0.069 -0.015 -0.016 -0.037 -0.056
N8-b16L,phase_scan,55,8,900,0.2216796875,0.687255859375,0.169677734375,-0.0750011300283765,0.171 -0.369 0.031 -0.050 -0.037 0.046 0.133 -0.279
N8-b16L,phase_scan,55,6,1800,0.5908203125,0.8378255208333332,0.08447265625,0.17823121282789425,0.185 0.334 0.272 0.204 0.128 -0.047
N8-b16L,phase_scan,55,8,1800,0.3642578125,0.7746930803571429,0.119873046875,0.21570674956790983,0.236 0.290 0.428 0.333 0.209 0.290 0.133 -0.174
N8-b16L,phase_scan,55,6,3600,0.5390625,0.8194010416666666,0.09391276041666666,0.02520594331953241,0.528 0.606 0.375 0.068 -0.350 -0.573
N8-b16L,phase_scan,55,8,3600,0.1923828125,0.6944405691964286,0.1636962890625,0.054443071758936305,0.529 0.788 0.634 0.421 0.118 -0.199 -0.727 -0.653
N8-b16L,phase_scan,55,6,7200,0.814453125,0.9325520833333333,0.03450520833333333,0.156339022848341,-0.104 0.146 0.238 0.020 0.106 0.271
N8-b16L,phase_scan,55,8,7200,0.7265625,0.92529296875,0.0379638671875,0.12348165587773399,0.008 0.168 0.143 0.156 0.131 0.115 0.102 0.050
N8-b16L,phase_scan,55,6,14400,0.8486328125,0.9452473958333333,0.027832031249999997,0.10335313611560377,-0.131 -0.028 0.265 -0.162 0.215 0.227
N8-b16L,phase_scan,55,8,14400,0.8017578125,0.9474051339285714,0.0264892578125,0.037280434653872534,-0.040 0.043 0.006 0.016 0.101 0.028 0.114 -0.046
N8-b16L,phase_scan,55,6,28800,0.912109375,0.969140625,0.015625,0.05308031373553786,-0.184 -0.287 0.333 -0.215 0.206 0.228
N8-b16L,phase_scan,55,8,28800,0.9033203125,0.9768415178571428,0.011474609375,0.06450940692235552,0.021 0.056 0.091 0.068 0.089 0.126 0.048 -0.026
N8-b16L,phase_scan,55,6,36000,0.931640625,0.9766927083333332,0.01171875,0.05585759215884718,-0.177 -0.184 0.179 -0.188 0.225 0.247
N8-b16L,phase_scan,55,8,36000,0.91015625,0.9779227120535714,0.010986328125,0.07531764015318855,-0.041 0.058 0.099 0.043 0.112 0.140 0.095 -0.021
N8-b16L,phase_scan,66,6,900,0.3408203125,0.7223307291666666,0.14729817708333334,0.3810915284686617,0.135 0.351 0.579 0.529 0.354 0.093
N8-b16L,phase_scan,66,8,900,0.0693359375,0.5763113839285714,0.2357177734375,0.47854264577229805,0.316 0.210 0.637 0.743 0.690 0.579 0.584 -0.093
N8-b16L,phase_scan,66,6,1800,0.59375,0.83984375,0.08349609375,0.17142241530948196,0.049 0.182 0.160 0.170 0.262 0.084
N8-b16L,phase_scan,66,8,1800,0.375,0.78857421875,0.111083984375,0.19238668774801584,0.126 0.104 0.271 0.212 0.174 0.313 0.302 -0.030
N8-b16L,phase_scan,66,6,3600,0.708984375,0.8934895833333334,0.054361979166666664,0.21003521813286657,-0.072 0.221 0.338 0.298 0.170 0.023
N8-b16L,phase_scan,66,8,3600,0.4951171875,0.8482491629464286,0.0780029296875,0.24026036262512204,-0.061 0.178 0.319 0.420 0.408 0.341 0.071 -0.055
N8-b16L,phase_scan,66,6,7200,0.7646484375,0.9130859375,0.044596354166666664,-0.012761678960588285,-0.191 -0.007 -0.077 -0.274 -0.038 0.331
N8-b16L,phase_scan,66,8,7200,0.611328125,0.8867536272321429,0.0579833984375,-0.04593987313527909,0.088 0.112 -0.093 -0.130 -0.235 -0.158 0.104 0.077
N8-b16L,phase_scan,66,6,14400,0.8623046875,0.95,0.025553385416666664,-0.016217357582516335,-0.206 -0.047 0.237 -0.232 -0.328 0.289
N8-b16L,phase_scan,66,8,14400,0.8173828125,0.9521484375,0.024169921875,0.03690621209523034,-0.053 0.002 0.097 0.001 -0.009 0.024 0.109 0.035
N8-b16L,phase_scan,66,6,28800,0.9111328125,0.9690755208333333,0.015624999999999998,0.18937378459506546,-0.125 0.062 0.316 -0.163 0.450 0.282
N8-b16L,phase_scan,66,8,28800,0.87109375,0.9678431919642857,0.01611328125,0.07041041813199482,0.026 0.100 0.053 0.050 0.098 0.092 0.087 0.012
N8-b16L,phase_scan,66,6,36000,0.9345703125,0.9781901041666666,0.010904947916666666,0.13075913323296423,-0.217 0.014 0.331 -0.202 0.275 0.236
N8-b16L,phase_scan,66,8,36000,0.921875,0.9825265066964286,0.008544921875,0.06871567832099067,-0.003 0.108 0.096 0.080 0.081 0.029 0.077 0.010
N8-b16L,phase_scan,77,6,900,0.5302734375,0.8045572916666666,0.10302734375,-0.039346443282233544,0.035 -0.130 0.067 0.019 -0.028 -0.124
N8-b16L,phase_scan,77,8,900,0.2470703125,0.7124372209821429,0.1544189453125,-0.05685603807842921,0.254 -0.273 -0.001 0.076 -0.011 0.100 0.047 -0.336
N8-b16L,phase_scan,77,6,1800,0.5830078125,0.8341145833333332,0.08658854166666666,0.17079604996575232,0.167 0.350 0.340 0.241 -0.011 -0.066
N8-b16L,phase_scan,77,8,1800,0.349609375,0.7722865513392858,0.1202392578125,0.2174931480771019,0.222 0.341 0.493 0.480 0.304 0.127 -0.018 -0.205
N8-b16L,phase_scan,77,6,3600,0.7470703125,0.9039713541666665,0.04964192708333333,-0.0024807320700752033,-0.094 -0.180 -0.173 -0.094 0.191 0.244
N8-b16L,phase_scan,77,8,3600,0.5478515625,0.8561662946428572,0.0750732421875,-0.047786235809326165,-0.052 -0.265 -0.237 -0.247 -0.134 0.150 0.347 0.051
N8-b16L,phase_scan,77,6,7200,0.7490234375,0.9068359374999999,0.0478515625,0.09680884414248977,0.064 0.440 0.359 -0.004 -0.271 -0.041
N8-b16L,phase_scan,77,8,7200,0.6201171875,0.8935198102678571,0.05419921875,0.13414097210717577,0.064 0.331 0.401 0.381 0.126 -0.078 -0.200 -0.022
N8-b16L,phase_scan,77,6,14400,0.8818359375,0.9585286458333333,0.02099609375,-0.058828658527798304,-0.304 -0.629 0.173 -0.196 0.056 0.301
N8-b16L,phase_scan,77,8,14400,0.6982421875,0.9168875558035715,0.042236328125,0.030938670748756048,-0.030 -0.143 -0.003 0.081 0.036 0.109 0.112 0.024
N8-b16L,phase_scan,77,6,28800,0.91796875,0.9716145833333333,0.014322916666666664,0.06802945666842972,-0.286 0.161 0.334 -0.226 -0.200 0.271
N8-b16L,phase_scan,77,8,28800,0.8896484375,0.9723772321428572,0.0137939453125,0.0541932431478349,-0.023 0.043 0.069 0.071 0.066 0.057 0.072 0.001
N8-b16L,phase_scan,77,6,36000,0.935546875,0.977734375,0.01123046875,0.19231992297702347,-0.086 0.602 0.340 -0.223 -0.050 0.292
N8-b16L,phase_scan,77,8,36000,0.9013671875,0.975341796875,0.0123291015625,0.07776682339017352,0.026 0.121 0.085 0.070 0.082 0.096 0.068 0.022
N8-b16L,phase_scan,88,6,900,0.5029296875,0.7923177083333333,0.11002604166666666,0.13558544052971716,0.245 0.294 0.220 0.068 0.092 0.004
N8-b16L,phase_scan,88,8,900,0.1845703125,0.6824428013392858,0.1715087890625,0.15399671736217682,0.458 0.189 0.426 0.179 0.097 0.151 0.230 -0.195
N8-b16L,phase_scan,88,6,1800,0.5673828125,0.8233072916666666,0.0927734375,0.025240672959221694,-0.216 -0.273 -0.032 0.259 0.249 -0.077
N8-b16L,phase_scan,88,8,1800,0.3173828125,0.7574637276785715,0.128662109375,0.011799373323955238,-0.162 -0.494 -0.143 0.012 0.232 0.469 0.221 -0.215
N8-b16L,phase_scan,88,6,3600,0.732421875,0.9028645833333333,0.04947916666666666,0.15005875958336706,-0.059 0.328 0.321 0.082 -0.051 0.071
N8-b16L,phase_scan,88,8,3600,0.6005859375,0.8871372767857142,0.057373046875,0.16862757622249538,-0.028 0.322 0.423 0.365 0.074 0.031 -0.027 -0.008
N8-b16L,phase_scan,88,6,7200,0.8095703125,0.932421875,0.034342447916666664,0.21472511026594354,0.125 0.387 0.235 0.045 0.120 0.287
N8-b16L,phase_scan,88,8,7200,0.6904296875,0.9105398995535714,0.0457763671875,0.1829158692132859,0.023 0.398 0.332 0.198 0.084 0.168 0.088 0.012
N8-b16L,phase_scan,88,6,14400,0.869140625,0.9528645833333333,0.024088541666666664,0.08506732516818558,-0.134 0.132 0.226 -0.185 -0.023 0.275
N8-b16L,phase_scan,88,8,14400,0.8232421875,0.9535784040178571,0.0233154296875,0.04091826696244497,0.018 0.055 0.109 -0.020 0.062 0.028 0.061 -0.008
N8-b16L,phase_scan,88,6,28800,0.9248046875,0.9725911458333334,0.01416015625,0.10827089680565709,-0.104 0.118 0.340 -0.181 0.049 0.216
N8-b16L,phase_scan,88,8,28800,0.919921875,0.982177734375,0.0086669921875,0.0847491007002573,0.012 0.087 0.078 0.096 0.102 0.125 0.075 0.031
N8-b16L,phase_scan,88,6,36000,0.9306640625,0.9761067708333333,0.012044270833333332,0.10459917121463332,-0.102 0.102 0.294 -0.136 0.048 0.215
N8-b16L,phase_scan,88,8,36000,0.90625,0.9763532366071429,0.0118408203125,0.0626935466887459,0.060 0.072 0.080 0.052 0.087 0.078 0.067 0.002
D,priority_scan,11,4,900,0.1953125,0.5524088541666667,0.234375,-0.03321733739640978,0.000 -0.257 0.191 0.000
D,priority_scan,11,6,900,0.0234375,0.47597656250000014,0.29215494791666663,0.08639261126518231,0.000 -0.323 0.024 0.245 0.400 -0.000
D,priority_scan,11,8,900,0.005859375,0.4327915736607142,0.328369140625,0.06612106605812357,0.000 -0.455 -0.064 0.101 0.212 0.303 0.300 0.000
D,priority_scan,11,4,1800,0.1787109375,0.5315755208333334,0.24853515625,-0.02709262900882295,0.000 -0.280 0.226 0.000
D,priority_scan,11,6,1800,0.0224609375,0.4707031250000001,0.29622395833333337,0.06401116649309777,0.000 -0.389 0.074 0.174 0.397 -0.000
D,priority_scan,11,8,1800,0.005859375,0.4385811941964285,0.32421875,0.13115728342974628,0.000 -0.395 0.013 0.103 0.254 0.406 0.407 0.000
D,priority_scan,11,4,3600,0.1962890625,0.5486653645833333,0.23779296875,0.04871030648549396,0.000 -0.198 0.295 0.000
D,priority_scan,11,6,3600,0.0283203125,0.4666666666666668,0.30029296875,0.15158752600351952,0.000 -0.316 0.179 0.284 0.459 -0.000
D,priority_scan,11,8,3600,0.0029296875,0.4338727678571428,0.3275146484375,0.28256056485352693,0.000 -0.309 0.187 0.318 0.425 0.533 0.540 0.000
D,priority_scan,11,4,7200,0.619140625,0.7978515625,0.103759765625,-0.05962457921769884,0.000 0.052 -0.171 0.000
D,priority_scan,11,6,7200,0.2275390625,0.6508463541666667,0.18733723958333334,0.012636234362919926,0.000 0.214 0.198 -0.072 -0.290 -0.000
D,priority_scan,11,8,7200,0.0439453125,0.5719168526785714,0.2359619140625,0.06646834037922049,0.000 0.464 0.451 0.225 0.020 -0.237 -0.525 0.000
D,priority_scan,11,4,14400,0.8076171875,0.9007161458333333,0.05029296875,-0.01607722706264919,0.000 0.050 -0.082 0.000
D,priority_scan,11,6,14400,0.47265625,0.7804687499999999,0.11572265625,-0.05146826306978881,0.000 0.247 -0.073 -0.143 -0.236 -0.000
D,priority_scan,11,8,14400,0.1337890625,0.6451939174107143,0.19287109375,-0.10169444260773834,0.000 0.456 0.219 -0.099 -0.354 -0.295 -0.537 0.000
D,priority_scan,11,4,28800,0.8818359375,0.9401041666666666,0.030029296875,-0.03694335619608562,0.000 -0.019 -0.055 0.000
D,priority_scan,11,6,28800,0.654296875,0.862109375,0.07194010416666666,-0.0051066776116690926,0.000 0.038 -0.075 0.028 -0.012 -0.000
D,priority_scan,11,8,28800,0.349609375,0.7633231026785715,0.1259765625,-0.02642794891639992,0.000 0.079 -0.068 -0.122 -0.065 0.095 -0.078 0.000
D,priority_scan,11,4,36000,0.912109375,0.9537760416666666,0.023681640625,0.025940868589613177,0.000 0.085 -0.033 0.000
D,priority_scan,11,6,36000,0.7158203125,0.8922526041666667,0.0556640625,0.04796415567398053,0.000 0.153 0.031 0.056 -0.048 -0.000
D,priority_scan,11,8,36000,0.4267578125,0.8061174665178572,0.1019287109375,0.023463103506300168,0.000 0.202 0.102 -0.052 -0.040 0.047 -0.120 0.000
D,priority_scan,22,4,900,0.185546875,0.54736328125,0.2373046875,0.045007864634195954,0.000 -0.192 0.282 0.000
D,priority_scan,22,6,900,0.0283203125,0.4638671875000001,0.30159505208333326,0.09042546153068523,0.000 -0.366 0.084 0.223 0.421 -0.000
D,priority_scan,22,8,900,0.00390625,0.43136160714285704,0.3289794921875,0.12494144616303621,0.000 -0.401 -0.020 0.205 0.213 0.348 0.404 0.000
D,priority_scan,22,4,1800,0.2060546875,0.55078125,0.237548828125,-0.002793603473239467,0.000 -0.232 0.226 0.000
D,priority_scan,22,6,1800,0.021484375,0.4572265625000001,0.3056640625,0.10182057817776981,0.000 -0.345 0.018 0.274 0.460 -0.000
D,priority_scan,22,8,1800,0.001953125,0.43941824776785704,0.323486328125,0.13214248198050038,0.000 -0.422 -0.031 0.020 0.284 0.461 0.482 0.000
D,priority_scan,22,4,3600,0.1962890625,0.5504557291666666,0.236572265625,0.062330232726203055,0.000 -0.162 0.286 0.000
D,priority_scan,22,6,3600,0.0302734375,0.4623046875000001,0.30224609375,0.21240115165710433,0.000 -0.250 0.214 0.358 0.527 -0.000
D,priority_scan,22,8,3600,0.00390625,0.4354771205357142,0.325927734375,0.34533531577498827,0.000 -0.231 0.311 0.372 0.489 0.567 0.564 0.000
D,priority_scan,22,4,7200,0.64453125,0.8170572916666667,0.0927734375,-0.053280260827806264,0.000 0.065 -0.171 0.000
D,priority_scan,22,6,7200,0.2255859375,0.6595052083333333,0.18147786458333331,0.012169033288955508,0.000 0.269 0.171 -0.063 -0.328 -0.000
D,priority_scan,22,8,7200,0.048828125,0.566650390625,0.23974609375,0.08122698024467186,0.000 0.511 0.556 0.278 0.050 -0.266 -0.642 0.000
D,priority_scan,22,4,14400,0.7822265625,0.8875325520833333,0.05712890625,-0.07452156808641222,0.000 0.027 -0.176 0.000
D,priority_scan,22,6,14400,0.4033203125,0.744921875,0.1357421875,-0.17592504620552082,0.000 0.077 -0.059 -0.255 -0.467 -0.000
D,priority_scan,22,8,14400,0.103515625,0.6168736049107143,0.2095947265625,-0.30608998404608834,0.000 0.181 0.090 -0.197 -0.447 -0.598 -0.865 0.000
D,priority_scan,22,4,28800,0.91796875,0.9596354166666667,0.02001953125,-0.062343213293287486,0.000 -0.094 -0.030 0.000
D,priority_scan,22,6,28800,0.7412109375,0.90234375,0.05029296875,-0.020935883124669583,0.000 0.063 -0.105 -0.011 -0.030 -0.000
D,priority_scan,22,8,28800,0.390625,0.7937709263392858,0.108642578125,0.007289294843320508,0.000 0.374 0.001 -0.113 -0.053 0.078 -0.243 0.000
D,priority_scan,22,4,36000,0.943359375,0.9729817708333333,0.01318359375,0.0334297948413425,0.000 0.022 0.045 0.000
D,priority_scan,22,6,36000,0.8193359375,0.93359375,0.03401692708333333,0.04654864470163963,0.000 0.105 0.080 0.033 -0.031 -0.000
D,priority_scan,22,8,36000,0.6025390625,0.8762555803571429,0.0643310546875,0.01408967706892226,0.000 0.307 0.122 0.027 -0.039 -0.090 -0.241 0.000
D,priority_scan,33,4,900,0.189453125,0.5447591145833333,0.239501953125,0.06396909554799396,0.000 -0.158 0.286 0.000
D,priority_scan,33,6,900,0.0205078125,0.4665364583333334,0.2991536458333333,0.0717936952908832,0.000 -0.393 0.098 0.132 0.450 -0.000
D,priority_scan,33,8,900,0.0009765625,0.4305245535714285,0.328857421875,0.1358966032663981,0.000 -0.400 0.076 0.039 0.236 0.410 0.454 0.000
D,priority_scan,33,4,1800,0.2021484375,0.5470377604166667,0.239990234375,0.032111340098910895,0.000 -0.220 0.284 0.000
D,priority_scan,33,6,1800,0.01953125,0.4649088541666668,0.3001302083333333,0.10058258970578494,0.000 -0.342 0.025 0.254 0.466 -0.000
D,priority_scan,33,8,1800,0.0029296875,0.44105747767857134,0.3218994140625,0.1524861212129946,0.000 -0.432 0.023 0.113 0.230 0.480 0.501 0.000
D,priority_scan,33,4,3600,0.2109375,0.56494140625,0.22705078125,-0.08465601338280572,0.000 -0.154 -0.015 0.000
D,priority_scan,33,6,3600,0.0390625,0.49342447916666676,0.28190104166666663,-0.052748223145803,0.000 -0.107 -0.018 -0.117 0.031 -0.000
D,priority_scan,33,8,3600,0.0048828125,0.45033482142857134,0.3143310546875,-0.060996435306690355,0.000 -0.045 0.333 0.037 -0.201 -0.372 -0.118 0.000
D,priority_scan,33,4,7200,0.8603515625,0.92919921875,0.03564453125,-0.08084919717576769,0.000 -0.068 -0.094 0.000
D,priority_scan,33,6,7200,0.6650390625,0.8705729166666667,0.06689453125,-0.12610087792078672,0.000 -0.091 -0.160 -0.143 -0.111 -0.000
D,priority_scan,33,8,7200,0.3740234375,0.789794921875,0.1103515625,-0.1518783304426405,0.000 0.108 -0.134 -0.288 -0.242 -0.190 -0.164 0.000
D,priority_scan,33,4,14400,0.9404296875,0.9708658854166667,0.014404296875,0.03499574131435818,0.000 0.035 0.035 0.000
D,priority_scan,33,6,14400,0.8154296875,0.9348958333333333,0.03320312499999999,-0.00031242767969785756,0.000 -0.018 0.011 0.026 -0.020 -0.000
D,priority_scan,33,8,14400,0.6484375,0.9010532924107143,0.0504150390625,-0.02273349850266068,0.000 0.164 -0.059 -0.023 -0.060 -0.067 -0.091 0.000
D,priority_scan,33,4,28800,0.966796875,0.9850260416666667,0.007080078125,-0.021677480803595647,0.000 -0.024 -0.020 0.000
D,priority_scan,33,6,28800,0.919921875,0.97578125,0.01171875,-0.03297378619511941,0.000 -0.020 -0.058 -0.030 -0.024 -0.000
D,priority_scan,33,8,28800,0.8173828125,0.9547293526785714,0.0224609375,-0.008699408283940066,0.000 0.120 -0.068 -0.123 -0.079 0.045 0.052 0.000
D,priority_scan,33,4,36000,0.9794921875,0.99169921875,0.003662109375,0.03348343902164035,0.000 0.045 0.022 0.000
D,priority_scan,33,6,36000,0.9189453125,0.9777994791666667,0.010416666666666666,0.02138649423917116,0.000 0.010 -0.002 0.047 0.030 -0.000
D,priority_scan,33,8,36000,0.8076171875,0.960205078125,0.01904296875,0.02391044740323667,0.000 0.010 -0.121 -0.087 0.050 0.094 0.197 0.000
D,priority_scan,44,4,900,0.17578125,0.5361328125,0.24365234375,0.03370463848114014,0.000 -0.147 0.214 0.000
D,priority_scan,44,6,900,0.0302734375,0.4580078125000001,0.30436197916666663,0.05963295698165875,0.000 -0.304 -0.000 0.194 0.349 -0.000
D,priority_scan,44,8,900,0.00390625,0.42909458705357134,0.330078125,0.1485984855228,0.000 -0.318 0.101 0.032 0.251 0.367 0.458 0.000
D,priority_scan,44,4,1800,0.1826171875,0.541015625,0.24169921875,0.01930329534742567,0.000 -0.215 0.254 0.000
D,priority_scan,44,6,1800,0.0185546875,0.4597656250000001,0.30338541666666663,0.04259874423344912,0.000 -0.433 0.046 0.142 0.415 -0.000
D,priority_scan,44,8,1800,0.0009765625,0.43251255580357134,0.328125,0.14185285126721417,0.000 -0.337 0.024 0.110 0.195 0.357 0.502 0.000
D,priority_scan,44,4,3600,0.357421875,0.6559244791666666,0.177490234375,0.12361036406622991,0.000 0.096 0.151 0.000
D,priority_scan,44,6,3600,0.0830078125,0.52265625,0.2646484375,0.1084252198537189,0.000 -0.081 0.227 0.138 0.150 -0.000
D,priority_scan,44,8,3600,0.0107421875,0.4758649553571428,0.2982177734375,0.06498475869496663,0.000 -0.074 0.199 0.145 0.026 -0.078 0.172 0.000
D,priority_scan,44,4,7200,0.853515625,0.9295247395833334,0.0341796875,0.010825594266255699,0.000 0.059 -0.038 0.000
D,priority_scan,44,6,7200,0.6474609375,0.8682942708333333,0.06770833333333333,0.03913859526316306,0.000 0.103 0.059 0.053 -0.059 -0.000
D,priority_scan,44,8,7200,0.32421875,0.7614048549107143,0.126220703125,0.020488964186774355,0.000 0.189 0.080 0.046 0.045 0.038 -0.275 0.000
D,priority_scan,44,4,14400,0.9404296875,0.9715169270833333,0.013916015625,-0.016982687844170462,0.000 -0.032 -0.002 0.000
D,priority_scan,44,6,14400,0.8330078125,0.9440104166666666,0.02783203125,-0.0504919389883679,0.000 -0.085 -0.118 0.033 -0.031 -0.000
D,priority_scan,44,8,14400,0.6201171875,0.8886021205357143,0.057373046875,-0.07735707141734935,0.000 -0.055 -0.182 -0.152 -0.014 0.037 -0.100 0.000
D,priority_scan,44,4,28800,0.962890625,0.9817708333333333,0.009033203125,0.0008610222074720564,0.000 0.068 -0.066 0.000
D,priority_scan,44,6,28800,0.8916015625,0.965625,0.016927083333333332,-0.005648185809453511,0.000 0.087 0.022 -0.015 -0.117 -0.000
D,priority_scan,44,8,28800,0.693359375,0.9255022321428572,0.0367431640625,0.007487844537805636,0.000 0.215 0.132 0.046 -0.078 -0.099 -0.171 0.000
D,priority_scan,44,4,36000,0.9697265625,0.98583984375,0.0068359375,-0.0633818573421902,0.000 -0.013 -0.114 0.000
D,priority_scan,44,6,36000,0.8955078125,0.9663411458333333,0.0166015625,-0.09642119208971678,0.000 0.036 -0.074 -0.108 -0.240 -0.000
D,priority_scan,44,8,36000,0.751953125,0.9398018973214286,0.02978515625,-0.09216992943375198,0.000 0.148 -0.061 -0.068 -0.113 -0.200 -0.260 0.000
D,priority_scan,55,4,900,0.193359375,0.5467122395833333,0.23876953125,0.03688401646084255,0.000 -0.170 0.243 0.000
D,priority_scan,55,6,900,0.029296875,0.4677083333333334,0.29915364583333337,0.09341145555178305,0.000 -0.328 -0.022 0.246 0.478 -0.000
D,priority_scan,55,8,900,0.0029296875,0.4299665178571428,0.3292236328125,0.11865973472595215,0.000 -0.486 0.030 0.144 0.226 0.364 0.434 0.000
D,priority_scan,55,4,1800,0.1875,0.5403645833333333,0.2431640625,0.018890036476982966,0.000 -0.232 0.270 0.000
D,priority_scan,55,6,1800,0.0244140625,0.46927083333333347,0.29817708333333337,0.09010180830955489,0.000 -0.386 0.099 0.201 0.447 -0.000
D,priority_scan,55,8,1800,0.0048828125,0.4397321428571428,0.3233642578125,0.1521950077127527,0.000 -0.410 0.072 0.051 0.309 0.438 0.454 0.000
D,priority_scan,55,4,3600,0.1943359375,0.54638671875,0.239501953125,0.039245353804694294,0.000 -0.222 0.300 0.000
D,priority_scan,55,6,3600,0.0224609375,0.46302083333333344,0.30240885416666663,0.08297781149546288,0.000 -0.413 0.052 0.239 0.454 -0.000
D,priority_scan,55,8,3600,0.0078125,0.43823242187499994,0.3245849609375,0.17599752655735723,0.000 -0.451 0.100 0.118 0.253 0.534 0.503 0.000
D,priority_scan,55,4,7200,0.8486328125,0.9228515625,0.038818359375,-0.05875825881958007,0.000 -0.064 -0.054 0.000
D,priority_scan,55,6,7200,0.630859375,0.8582682291666666,0.07307942708333333,-0.08862460652987182,0.000 -0.101 -0.197 -0.112 0.055 -0.000
D,priority_scan,55,8,7200,0.388671875,0.80126953125,0.1038818359375,-0.1319425415109705,0.000 -0.047 -0.279 -0.330 -0.191 0.051 0.005 0.000
D,priority_scan,55,4,14400,0.9482421875,0.9759114583333334,0.011474609375,0.015236934026082356,0.000 0.027 0.003 0.000
D,priority_scan,55,6,14400,0.833984375,0.9399088541666666,0.030761718749999997,0.018990337848663143,0.000 0.105 0.006 -0.008 -0.027 -0.000
D,priority_scan,55,8,14400,0.6220703125,0.8921595982142858,0.054931640625,0.01830613171612776,0.000 0.136 0.131 0.043 -0.020 0.002 -0.181 0.000
D,priority_scan,55,4,28800,0.951171875,0.9772135416666667,0.010986328125,-0.0086110168033176,0.000 -0.000 -0.017 0.000
D,priority_scan,55,6,28800,0.87109375,0.9583333333333333,0.0205078125,0.0001795093218483687,0.000 -0.028 0.105 0.034 -0.111 -0.000
D,priority_scan,55,8,28800,0.7158203125,0.9279436383928572,0.035888671875,0.060121328742415804,0.000 0.025 0.152 0.262 0.161 -0.013 -0.226 0.000
D,priority_scan,55,4,36000,0.9755859375,0.9884440104166667,0.005615234375,0.00835100809733073,0.000 0.015 0.002 0.000
D,priority_scan,55,6,36000,0.9189453125,0.9724609375,0.013834635416666666,0.027197847763697124,0.000 0.092 0.099 -0.011 -0.071 -0.000
D,priority_scan,55,8,36000,0.7900390625,0.947998046875,0.02587890625,0.056006952568336744,0.000 0.226 0.196 0.177 0.093 -0.042 -0.314 0.000
D,priority_scan,66,4,900,0.1826171875,0.54345703125,0.239013671875,0.05453778637780082,0.000 -0.174 0.283 0.000
D,priority_scan,66,6,900,0.0224609375,0.45963541666666674,0.3037109375,0.07874975601832054,0.000 -0.327 0.086 0.169 0.386 -0.000
D,priority_scan,66,8,900,0.0048828125,0.4415108816964285,0.3197021484375,0.13203918933868408,0.000 -0.337 0.066 0.179 0.241 0.314 0.330 0.000
D,priority_scan,66,4,1800,0.201171875,0.5540364583333333,0.234375,0.004189014434814453,0.000 -0.202 0.210 0.000
D,priority_scan,66,6,1800,0.0283203125,0.47376302083333344,0.2947591145833333,0.03961821397145571,0.000 -0.380 -0.057 0.221 0.374 -0.000
D,priority_scan,66,8,1800,0.0078125,0.4379882812499999,0.32470703125,0.12462092770470512,0.000 -0.440 0.011 0.142 0.287 0.358 0.389 0.000
D,priority_scan,66,4,3600,0.19921875,0.5498046875,0.237548828125,0.07616327868567571,0.000 -0.084 0.236 0.000
D,priority_scan,66,6,3600,0.0302734375,0.47819010416666674,0.2913411458333333,0.20226324597994466,0.000 -0.106 0.338 0.250 0.328 -0.000
D,priority_scan,66,8,3600,0.00390625,0.4502999441964285,0.3157958984375,0.29674238628811306,0.000 -0.107 0.499 0.516 0.341 0.319 0.212 0.000
D,priority_scan,66,4,7200,0.85546875,0.92578125,0.03759765625,-0.004880759451124404,0.000 0.006 -0.016 0.000
D,priority_scan,66,6,7200,0.662109375,0.8705078124999999,0.06689453125,0.03447194894154848,0.000 0.120 0.036 0.024 -0.043 -0.000
D,priority_scan,66,8,7200,0.2548828125,0.7217494419642857,0.148681640625,0.11818656214961298,0.000 0.577 0.276 0.135 -0.026 -0.046 -0.208 0.000
D,priority_scan,66,4,14400,0.939453125,0.9723307291666667,0.01318359375,0.04359715514712863,0.000 0.030 0.057 0.000
D,priority_scan,66,6,14400,0.841796875,0.9458984374999999,0.02718098958333333,0.07357915242513002,0.000 0.068 0.095 0.128 0.003 -0.000
D,priority_scan,66,8,14400,0.6845703125,0.9141671316964286,0.0435791015625,0.12357804510328503,0.000 0.171 0.107 0.154 0.190 0.096 0.023 0.000
D,priority_scan,66,4,28800,0.9541015625,0.97802734375,0.0107421875,-0.11076384120517306,0.000 -0.096 -0.126 0.000
D,priority_scan,66,6,28800,0.873046875,0.9583333333333334,0.020670572916666664,-0.1260476311047874,0.000 -0.050 -0.248 -0.140 -0.066 -0.000
D,priority_scan,66,8,28800,0.685546875,0.9229213169642856,0.038330078125,-0.14787768876111065,0.000 0.129 -0.360 -0.383 -0.229 -0.085 0.042 0.000
D,priority_scan,66,4,36000,0.96875,0.9873046875,0.005615234375,0.042333404223124184,0.000 0.056 0.029 0.000
D,priority_scan,66,6,36000,0.921875,0.9751302083333333,0.01220703125,0.1038626333077747,0.000 0.153 0.106 0.068 0.088 -0.000
D,priority_scan,66,8,36000,0.7958984375,0.9507184709821428,0.0244140625,0.19029698990009447,0.000 0.423 0.073 0.135 0.129 0.223 0.159 0.000
D,priority_scan,77,4,900,0.177734375,0.5364583333333333,0.24462890625,0.012564394209120033,0.000 -0.273 0.298 0.000
D,priority_scan,77,6,900,0.0185546875,0.4582031250000001,0.3055013020833333,0.03615145881970705,0.000 -0.475 0.042 0.156 0.422 -0.000
D,priority_scan,77,8,900,0.0009765625,0.4376046316964285,0.3243408203125,0.15374960722746672,0.000 -0.399 0.047 0.098 0.286 0.461 0.429 0.000
D,priority_scan,77,4,1800,0.1806640625,0.5392252604166667,0.242919921875,-0.04716191026899551,0.000 -0.261 0.167 0.000
D,priority_scan,77,6,1800,0.01953125,0.46367187500000007,0.30078125,0.07740909854571004,0.000 -0.359 0.049 0.195 0.424 -0.000
D,priority_scan,77,8,1800,0.00390625,0.4325125558035714,0.327880859375,0.13731186036710386,0.000 -0.420 -0.029 0.096 0.211 0.473 0.492 0.000
D,priority_scan,77,4,3600,0.201171875,0.5498046875,0.23779296875,0.01381953557332359,0.000 -0.239 0.267 0.000
D,priority_scan,77,6,3600,0.0244140625,0.4598307291666668,0.30436197916666663,0.07216776410738608,0.000 -0.448 0.039 0.218 0.479 -0.000
D,priority_scan,77,8,3600,0.0009765625,0.4348144531249999,0.326904296875,0.1519955529106988,0.000 -0.440 0.008 0.136 0.351 0.418 0.441 0.000
D,priority_scan,77,4,7200,0.8359375,0.9189453125,0.040283203125,-0.019082095887925886,0.000 0.029 -0.067 0.000
D,priority_scan,77,6,7200,0.5517578125,0.8199869791666666,0.09423828125,0.1208712160587309,0.000 0.257 0.275 0.097 -0.145 -0.000
D,priority_scan,77,8,7200,0.1416015625,0.6504952566964286,0.1890869140625,0.3254803684022691,0.000 0.540 0.659 0.649 0.445 0.079 -0.419 0.000
D,priority_scan,77,4,14400,0.923828125,0.9622395833333334,0.018798828125,0.034089220894707575,0.000 0.052 0.016 0.000
D,priority_scan,77,6,14400,0.7666015625,0.9127604166666666,0.04459635416666666,0.089082618554433,0.000 0.058 0.149 0.137 0.013 -0.000
D,priority_scan,77,8,14400,0.3046875,0.7617885044642858,0.1256103515625,0.15889735133559613,0.000 0.079 0.233 0.419 0.304 0.156 -0.238 0.000
D,priority_scan,77,4,28800,0.943359375,0.9720052083333333,0.013916015625,0.004806054963005908,0.000 0.055 -0.045 0.000
D,priority_scan,77,6,28800,0.810546875,0.9333333333333333,0.03369140625,-0.07150436441103636,0.000 0.055 -0.009 -0.122 -0.210 -0.000
D,priority_scan,77,8,28800,0.60546875,0.8797781808035714,0.06201171875,-0.14692940093852855,0.000 0.136 0.006 -0.108 -0.240 -0.270 -0.407 0.000
D,priority_scan,77,4,36000,0.9501953125,0.9772135416666666,0.0107421875,0.0551658206515842,0.000 0.062 0.048 0.000
D,priority_scan,77,6,36000,0.8388671875,0.9430989583333333,0.028808593749999997,0.07442136605580629,0.000 0.089 0.127 0.101 -0.019 -0.000
D,priority_scan,77,8,36000,0.6552734375,0.8949148995535714,0.054443359375,0.12186116642422146,0.000 0.163 0.220 0.204 0.116 0.115 -0.087 0.000
D,priority_scan,88,4,900,0.2060546875,0.556640625,0.232666015625,0.00341051154666476,0.000 -0.199 0.206 0.000
D,priority_scan,88,6,900,0.01953125,0.45924479166666676,0.30338541666666663,0.09810691078503908,0.000 -0.299 0.057 0.228 0.406 -0.000
D,priority_scan,88,8,900,0.0009765625,0.43090820312499994,0.3275146484375,0.13151071689747,0.000 -0.369 0.066 0.109 0.123 0.446 0.415 0.000
D,priority_scan,88,4,1800,0.185546875,0.5457356770833333,0.238525390625,0.03352231449551055,0.000 -0.200 0.267 0.000
D,priority_scan,88,6,1800,0.02734375,0.4658854166666668,0.2999674479166667,0.1104863981405892,0.000 -0.326 0.047 0.258 0.462 -0.000
D,priority_scan,88,8,1800,0.0029296875,0.4372209821428571,0.3240966796875,0.19809162175213846,0.000 -0.354 0.079 0.216 0.324 0.504 0.419 0.000
D,priority_scan,88,4,3600,0.2744140625,0.6056315104166667,0.205078125,0.10498563448588052,0.000 0.066 0.144 0.000
D,priority_scan,88,6,3600,0.0556640625,0.5074869791666667,0.27311197916666663,0.1542487740516661,0.000 0.067 0.307 0.048 0.195 -0.000
D,priority_scan,88,8,3600,0.0078125,0.4584960937499999,0.3096923828125,0.2115382530071117,0.000 0.187 0.743 0.347 -0.036 -0.126 0.154 0.000
D,priority_scan,88,4,7200,0.720703125,0.853515625,0.074951171875,-0.10775102509392633,0.000 -0.037 -0.178 0.000
D,priority_scan,88,6,7200,0.3486328125,0.7164713541666666,0.1513671875,-0.0720172623793286,0.000 -0.057 0.016 -0.085 -0.161 -0.000
D,priority_scan,88,8,7200,0.1162109375,0.6247907366071429,0.2052001953125,-0.06155663066440158,0.000 -0.186 -0.008 0.040 0.001 -0.063 -0.154 0.000
D,priority_scan,88,4,14400,0.9287109375,0.9664713541666667,0.01611328125,0.13070609834459093,0.000 0.171 0.091 0.000
D,priority_scan,88,6,14400,0.787109375,0.9256510416666666,0.037272135416666664,0.1918798685073851,0.000 0.128 0.276 0.235 0.129 -0.000
D,priority_scan,88,8,14400,0.48046875,0.8412388392857143,0.081787109375,0.19818312591976592,0.000 0.271 0.242 0.321 0.249 0.152 -0.045 0.000
D,priority_scan,88,4,28800,0.9541015625,0.9777018229166666,0.010986328125,-0.05182180139753554,0.000 -0.012 -0.091 0.000
D,priority_scan,88,6,28800,0.8828125,0.9601562499999999,0.02001953125,-0.05411083499590575,0.000 -0.008 -0.121 -0.097 0.009 -0.000
D,priority_scan,88,8,28800,0.7646484375,0.9376743861607144,0.031494140625,-0.006964891045181841,0.000 0.142 -0.192 -0.158 -0.077 -0.118 0.361 0.000
D,priority_scan,88,4,36000,0.962890625,0.9817708333333334,0.009033203125,-0.029507080713907875,0.000 -0.054 -0.005 0.000
D,priority_scan,88,6,36000,0.8984375,0.9666015625,0.0166015625,-0.03158201773961404,0.000 -0.014 -0.112 -0.028 0.027 -0.000
D,priority_scan,88,8,36000,0.771484375,0.9413364955357143,0.0294189453125,-0.051012635231018066,0.000 0.128 -0.197 -0.164 -0.070 -0.059 0.055 0.000
D,position_scan,11,4,900,0.771484375,0.8893229166666667,0.05419921875,0.044493410322401256,0.041 0.111 0.045 -0.023
D,position_scan,11,6,900,0.4326171875,0.7695963541666666,0.12060546875,0.04161579741371997,0.223 -0.101 0.143 0.166 0.126 -0.126
D,position_scan,11,8,900,0.115234375,0.63623046875,0.197021484375,0.030077336326478004,0.435 -0.173 0.076 0.167 0.125 0.194 0.133 -0.311
D,position_scan,11,4,1800,0.8486328125,0.9226888020833334,0.038818359375,0.013402391363073281,0.025 0.113 -0.024 -0.049
D,position_scan,11,6,1800,0.5478515625,0.8236979166666667,0.09147135416666666,0.04368163479699024,0.114 0.186 0.213 0.020 -0.074 -0.128
D,position_scan,11,8,1800,0.2431640625,0.7213309151785715,0.1484375,0.04952890532357352,0.304 -0.004 0.427 0.276 0.028 -0.067 -0.061 -0.253
D,position_scan,11,4,3600,0.9150390625,0.9588216145833333,0.020263671875,0.0439302126566569,0.013 0.014 0.060 0.058
D,position_scan,11,6,3600,0.73828125,0.9041015625,0.048990885416666664,0.055673334333631676,0.106 0.060 0.015 0.100 0.119 -0.015
D,position_scan,11,8,3600,0.5185546875,0.8441336495535714,0.08154296875,0.06452251994420612,0.262 -0.103 0.053 0.033 0.145 0.229 0.238 -0.143
D,position_scan,11,4,7200,0.9365234375,0.9676106770833333,0.016357421875,0.0927354229821099,0.131 0.099 0.065 0.114
D,position_scan,11,6,7200,0.779296875,0.92109375,0.0400390625,0.1125289334191216,0.212 0.182 0.130 0.170 0.013 0.068
D,position_scan,11,8,7200,0.6005859375,0.8829171316964286,0.0601806640625,0.1276383324274941,0.374 0.146 0.143 0.227 0.225 0.125 0.047 -0.021
D,position_scan,11,4,14400,0.9462890625,0.9728190104166667,0.013671875,-0.0005951192643907331,-0.042 0.059 -0.037 -0.024
D,position_scan,11,6,14400,0.857421875,0.9551432291666666,0.02197265625,-0.019733177291022457,0.002 0.105 0.036 -0.014 -0.147 -0.079
D,position_scan,11,8,14400,0.66796875,0.9146902901785714,0.042724609375,-0.07052133953760541,0.194 -0.072 0.091 0.027 -0.004 0.022 -0.428 -0.130
D,position_scan,11,4,28800,0.978515625,0.990234375,0.004638671875,0.05759053760104709,-0.045 0.029 0.048 0.096
D,position_scan,11,6,28800,0.923828125,0.9764322916666667,0.011555989583333332,0.04941134982638884,-0.005 0.019 -0.036 0.119 0.057 0.088
D,position_scan,11,8,28800,0.609375,0.8889857700892858,0.0565185546875,-0.07672917275201707,-0.023 -0.634 -0.266 -0.086 0.238 0.219 -0.151 0.144
D,position_scan,11,4,36000,0.9873046875,0.9939778645833333,0.0029296875,0.005460756796377676,-0.055 0.000 -0.004 0.020
D,position_scan,11,6,36000,0.9423828125,0.9822916666666667,0.008626302083333332,-0.029749638504452225,-0.003 -0.079 -0.091 0.019 0.046 -0.044
D,position_scan,11,8,36000,0.5439453125,0.8556780133928571,0.0751953125,-0.15470434748937215,-0.017 -0.624 -0.742 -0.104 0.014 0.360 -0.002 0.014
D,position_scan,22,4,900,0.724609375,0.8587239583333333,0.0712890625,-0.06868742130420825,-0.053 -0.115 -0.106 0.014
D,position_scan,22,6,900,0.361328125,0.7227213541666666,0.14729817708333331,-0.11069797144995801,0.096 -0.272 -0.208 -0.108 0.144 -0.110
D,position_scan,22,8,900,0.10546875,0.6122698102678571,0.2125244140625,-0.17578062557038804,0.300 -0.364 -0.275 -0.321 -0.284 0.094 0.214 -0.295
D,position_scan,22,4,1800,0.8349609375,0.91796875,0.04052734375,0.04501161751923737,-0.028 0.121 0.029 -0.016
D,position_scan,22,6,1800,0.5859375,0.8459635416666665,0.07861328125,0.04111486011081267,0.045 0.106 0.198 0.066 -0.028 -0.135
D,position_scan,22,8,1800,0.30859375,0.7577776227678572,0.12841796875,0.02833243400331526,0.202 -0.099 0.253 0.256 0.024 0.017 0.093 -0.347
D,position_scan,22,4,3600,0.8857421875,0.9431966145833333,0.0283203125,-0.030880239274766713,0.151 0.072 -0.074 -0.091
D,position_scan,22,6,3600,0.6845703125,0.8821614583333333,0.06038411458333333,-0.053264843093024414,0.277 0.176 0.069 -0.049 -0.272 -0.189
D,position_scan,22,8,3600,0.45703125,0.8322405133928572,0.0869140625,-0.08741774256267244,0.461 0.262 0.142 0.032 -0.105 -0.285 -0.313 -0.345
D,position_scan,22,4,7200,0.9130859375,0.9549153645833333,0.02294921875,0.07373112219351309,0.167 0.174 0.063 -0.015
D,position_scan,22,6,7200,0.7724609375,0.9161458333333332,0.04296875,0.11528453561994763,0.267 0.311 0.210 0.130 0.030 -0.104
D,position_scan,22,8,7200,0.5810546875,0.8738490513392858,0.0650634765625,0.1479150189293755,0.433 0.413 0.312 0.230 0.132 0.055 0.142 -0.248
D,position_scan,22,4,14400,0.9658203125,0.9825846354166667,0.0087890625,0.06440705723232693,-0.046 0.023 0.050 0.121
D,position_scan,22,6,14400,0.8671875,0.95390625,0.023274739583333332,0.0407546891106499,0.089 0.060 -0.018 0.072 0.061 0.029
D,position_scan,22,8,14400,0.615234375,0.888671875,0.0570068359375,0.09325933834863087,0.227 0.299 -0.128 -0.060 0.037 0.147 0.458 -0.100
D,position_scan,22,4,28800,0.9775390625,0.9894205729166667,0.005126953125,0.013917640403464987,0.002 0.017 -0.019 0.043
D,position_scan,22,6,28800,0.9287109375,0.978515625,0.010416666666666666,0.017724566989474777,0.030 -0.032 0.038 0.042 -0.010 0.050
D,position_scan,22,8,28800,0.78125,0.94482421875,0.027587890625,0.006091689306592187,-0.054 0.299 -0.188 0.013 0.108 0.047 -0.270 0.034
D,position_scan,22,4,36000,0.958984375,0.9814453125,0.0087890625,-0.07664914484377261,-0.067 -0.053 -0.056 -0.121
D,position_scan,22,6,36000,0.8935546875,0.9669921875,0.01611328125,-0.09709462192323479,-0.069 -0.060 -0.101 -0.016 -0.183 -0.126
D,position_scan,22,8,36000,0.7197265625,0.9242815290178572,0.038330078125,-0.20249067790924555,-0.021 0.344 -0.537 -0.171 -0.033 -0.197 -0.703 -0.121
D,position_scan,33,4,900,0.7578125,0.8780924479166666,0.06103515625,-0.03841011612503617,0.065 0.062 -0.080 -0.097
D,position_scan,33,6,900,0.40625,0.7477213541666667,0.13297526041666669,-0.1056699222988553,0.202 -0.058 0.047 -0.094 -0.116 -0.308
D,position_scan,33,8,900,0.1376953125,0.6346609933035714,0.19970703125,-0.16860345053294348,0.407 -0.143 0.010 0.014 -0.222 -0.165 -0.141 -0.533
D,position_scan,33,4,1800,0.857421875,0.9296875,0.034912109375,-0.02443335674427174,-0.038 -0.090 -0.028 0.045
D,position_scan,33,6,1800,0.6279296875,0.8555338541666666,0.07454427083333333,-0.0375744567977058,0.048 -0.125 -0.074 -0.059 0.120 -0.050
D,position_scan,33,8,1800,0.3515625,0.7765415736607143,0.1177978515625,-0.06319874808901832,0.223 -0.354 -0.101 -0.113 -0.095 0.100 0.355 -0.234
D,position_scan,33,4,3600,0.91015625,0.9524739583333333,0.0244140625,-0.0031870824319345007,-0.054 -0.030 -0.018 0.038
D,position_scan,33,6,3600,0.7119140625,0.8955078125,0.05322265625,-0.029527571466234047,0.028 -0.027 -0.048 -0.033 -0.040 0.001
D,position_scan,33,8,3600,0.5361328125,0.8578055245535714,0.0736083984375,-0.08146777985587952,0.165 -0.224 0.010 -0.069 -0.096 -0.075 -0.020 -0.096
D,position_scan,33,4,7200,0.931640625,0.96875,0.014892578125,0.013096906520702223,-0.100 -0.077 0.033 0.083
D,position_scan,33,6,7200,0.787109375,0.9268880208333333,0.036783854166666664,-0.008655773268805657,-0.040 -0.086 -0.130 0.043 0.093 0.036
D,position_scan,33,8,7200,0.62109375,0.8995186941964286,0.050537109375,-0.046119689941406264,0.041 -0.239 -0.197 -0.188 0.000 0.171 0.206 -0.076
D,position_scan,33,4,14400,0.970703125,0.9876302083333334,0.005615234375,0.00623521981415925,-0.143 -0.050 0.037 0.031
D,position_scan,33,6,14400,0.8671875,0.9567057291666667,0.021484375,-0.008715675936804928,-0.085 -0.156 -0.021 0.087 0.061 -0.015
D,position_scan,33,8,14400,0.6640625,0.9072963169642857,0.047119140625,0.04141328826783195,-0.034 0.114 -0.260 -0.007 0.116 0.197 0.271 -0.141
D,position_scan,33,4,28800,0.9609375,0.98046875,0.009765625,-0.012227517587167244,0.037 0.064 -0.035 -0.066
D,position_scan,33,6,28800,0.921875,0.9770182291666667,0.011067708333333332,-0.004012293285793778,0.054 0.125 0.062 -0.034 -0.044 -0.129
D,position_scan,33,8,28800,0.7744140625,0.952392578125,0.02294921875,0.012245991873362703,0.117 0.557 0.046 0.059 -0.036 0.089 -0.544 -0.085
D,position_scan,33,4,36000,0.9794921875,0.99072265625,0.00439453125,-0.032915495060108324,0.014 -0.033 -0.066 -0.000
D,position_scan,33,6,36000,0.9423828125,0.9833333333333334,0.007975260416666666,-0.047581619686550614,0.071 0.003 -0.119 -0.126 0.017 -0.014
D,position_scan,33,8,36000,0.7333984375,0.9316057477678571,0.0343017578125,0.036646827818855414,0.076 0.547 -0.186 -0.231 -0.197 -0.030 0.339 0.013
D,position_scan,44,4,900,0.7236328125,0.84765625,0.07958984375,-0.10176389305679888,0.101 -0.209 -0.046 -0.050
D,position_scan,44,6,900,0.3603515625,0.7112630208333334,0.15478515625,-0.1465303368038602,0.378 -0.307 -0.305 -0.134 0.165 -0.151
D,position_scan,44,8,900,0.0966796875,0.5796944754464286,0.234375,-0.2133396882859487,0.646 -0.274 -0.492 -0.505 -0.249 0.203 0.184 -0.360
D,position_scan,44,4,1800,0.77734375,0.8834635416666666,0.059326171875,-0.2149517006344265,0.083 -0.114 -0.286 -0.245
D,position_scan,44,6,1800,0.4521484375,0.7822916666666666,0.11360677083333333,-0.29358121421602046,0.176 -0.014 -0.221 -0.394 -0.398 -0.442
D,position_scan,44,8,1800,0.154296875,0.6768973214285715,0.173095703125,-0.39588920653812465,0.265 -0.071 -0.131 -0.332 -0.528 -0.505 -0.454 -0.750
D,position_scan,44,4,3600,0.89453125,0.9505208333333334,0.023681640625,-0.033846916975798426,-0.028 -0.121 -0.079 0.099
D,position_scan,44,6,3600,0.6455078125,0.8711588541666666,0.0654296875,-0.07176246907975944,0.021 -0.085 -0.193 -0.127 0.027 0.019
D,position_scan,44,8,3600,0.43359375,0.8205217633928572,0.0931396484375,-0.09741416053166466,0.107 -0.121 -0.200 -0.299 -0.146 -0.009 0.221 -0.128
D,position_scan,44,4,7200,0.927734375,0.9632161458333333,0.0185546875,0.08057744414718061,0.058 0.137 0.056 0.049
D,position_scan,44,6,7200,0.78515625,0.9184244791666667,0.04215494791666666,0.11043804221683073,0.097 0.219 0.145 0.155 0.029 0.005
D,position_scan,44,8,7200,0.599609375,0.8774762834821428,0.0633544921875,0.16175071398417154,0.152 0.388 0.133 0.161 0.206 0.088 0.230 -0.074
D,position_scan,44,4,14400,0.958984375,0.9833984375,0.00732421875,-0.007200903362698023,-0.058 0.004 -0.051 0.026
D,position_scan,44,6,14400,0.8603515625,0.9579427083333334,0.020345052083333332,-0.023048983679877438,-0.082 0.012 -0.002 -0.055 -0.035 -0.036
D,position_scan,44,8,14400,0.650390625,0.9092843191964286,0.04541015625,0.013147346557132776,-0.076 0.340 -0.106 -0.010 -0.082 -0.028 0.125 -0.147
D,position_scan,44,4,28800,0.9814453125,0.99072265625,0.004638671875,0.04747284783257378,-0.004 0.007 -0.018 0.153
D,position_scan,44,6,28800,0.9248046875,0.9746744791666666,0.0126953125,-0.004648731814490473,0.009 -0.112 0.041 0.011 -0.007 0.044
D,position_scan,44,8,28800,0.837890625,0.9537876674107143,0.0235595703125,-0.00540010512821258,-0.055 0.292 -0.057 0.033 0.025 0.068 -0.554 0.156
D,position_scan,44,4,36000,0.98046875,0.9908854166666667,0.00439453125,0.007106507266009293,0.005 0.011 0.017 -0.006
D,position_scan,44,6,36000,0.935546875,0.980859375,0.00927734375,0.00628935628467131,0.009 -0.008 0.035 0.049 -0.002 -0.042
D,position_scan,44,8,36000,0.8125,0.9505789620535714,0.02490234375,-0.039222202603779135,-0.042 0.402 -0.144 -0.015 0.110 -0.043 -0.516 -0.068
D,position_scan,55,4,900,0.6904296875,0.8304036458333334,0.08837890625,0.1374023048966019,0.062 0.092 0.238 0.082
D,position_scan,55,6,900,0.306640625,0.6908203125000001,0.16536458333333331,0.15152266952726573,0.187 -0.096 0.219 0.345 0.356 -0.067
D,position_scan,55,8,900,0.10546875,0.59375,0.2249755859375,0.1525606427873884,0.437 -0.254 0.018 0.235 0.366 0.522 0.446 -0.265
D,position_scan,55,4,1800,0.8251953125,0.9163411458333334,0.041015625,0.08816966304072626,0.113 0.048 0.053 0.164
D,position_scan,55,6,1800,0.560546875,0.8327473958333333,0.08610026041666666,0.10458315743340381,0.243 0.091 0.056 0.049 0.204 0.123
D,position_scan,55,8,1800,0.2822265625,0.7455008370535714,0.1346435546875,0.13728196658785383,0.462 -0.000 0.181 0.063 0.021 0.227 0.475 -0.006
D,position_scan,55,4,3600,0.892578125,0.9485677083333333,0.025146484375,0.08557509492944787,-0.049 0.008 0.097 0.152
D,position_scan,55,6,3600,0.6650390625,0.8770833333333332,0.06282552083333333,0.09640780422422615,-0.009 -0.020 0.018 0.135 0.287 0.062
D,position_scan,55,8,3600,0.3857421875,0.8011648995535714,0.1036376953125,0.10631856464204334,0.117 -0.193 -0.002 0.013 0.141 0.349 0.509 -0.073
D,position_scan,55,4,7200,0.935546875,0.96533203125,0.017822265625,0.06970114178127712,0.006 0.032 0.043 0.135
D,position_scan,55,6,7200,0.810546875,0.9330078125,0.03385416666666667,0.08359151416354706,0.080 0.115 0.009 0.087 0.134 0.073
D,position_scan,55,8,7200,0.599609375,0.8876255580357143,0.0572509765625,0.10479938416253952,0.223 0.031 0.096 0.032 0.067 0.231 0.272 0.005
D,position_scan,55,4,14400,0.9619140625,0.9842122395833333,0.007080078125,0.08306719638683177,-0.037 0.041 0.100 0.109
D,position_scan,55,6,14400,0.8564453125,0.9567057291666666,0.02099609375,0.08152291509840219,0.036 0.026 0.052 0.156 0.114 0.059
D,position_scan,55,8,14400,0.697265625,0.9196428571428572,0.04052734375,0.07747127896263485,0.066 0.075 -0.001 0.102 0.168 0.278 -0.060 -0.021
D,position_scan,55,4,28800,0.978515625,0.9899088541666667,0.0048828125,0.02378627105995461,-0.011 0.068 0.030 -0.027
D,position_scan,55,6,28800,0.9140625,0.9729166666666667,0.013346354166666664,0.032251569959852386,0.060 0.051 0.118 0.085 -0.001 -0.092
D,position_scan,55,8,28800,0.7490234375,0.9316755022321428,0.03466796875,0.056500756551348945,0.096 0.123 0.048 0.180 0.212 0.290 -0.364 -0.094
D,position_scan,55,4,36000,0.974609375,0.990234375,0.004150390625,-0.015511247846815318,-0.020 -0.080 0.011 0.023
D,position_scan,55,6,36000,0.9169921875,0.9752604166666666,0.011881510416666666,-0.021187908119625568,-0.021 -0.055 -0.131 0.044 0.029 0.007
D,position_scan,55,8,36000,0.583984375,0.8907296316964286,0.0548095703125,-0.16737858454386395,-0.069 -0.731 -0.201 -0.186 0.120 0.413 -0.591 0.005
D,position_scan,66,4,900,0.6875,0.8346354166666667,0.084716796875,0.08736725206728334,0.251 0.132 0.151 -0.021
D,position_scan,66,6,900,0.3134765625,0.7029947916666667,0.15771484375,0.1024143430921766,0.450 0.151 0.135 0.146 0.282 -0.203
D,position_scan,66,8,900,0.09765625,0.6033761160714286,0.2178955078125,0.10668035537477526,0.678 0.179 0.111 0.093 0.090 0.390 0.319 -0.436
D,position_scan,66,4,1800,0.841796875,0.92138671875,0.0390625,0.014479425218370229,0.099 0.115 -0.009 -0.063
D,position_scan,66,6,1800,0.587890625,0.8379557291666667,0.08414713541666667,0.014472815725538424,0.180 0.144 0.209 0.032 -0.126 -0.186
D,position_scan,66,8,1800,0.29296875,0.7515345982142858,0.132080078125,0.006942938244532015,0.347 0.094 0.329 0.207 0.025 -0.117 -0.111 -0.379
D,position_scan,66,4,3600,0.90234375,0.947265625,0.02734375,-0.0651477884363245,-0.185 -0.085 -0.063 -0.047
D,position_scan,66,6,3600,0.6884765625,0.8821614583333333,0.06087239583333333,-0.13505914476182732,-0.095 -0.226 -0.136 -0.071 -0.103 -0.138
D,position_scan,66,8,3600,0.419921875,0.810546875,0.09912109375,-0.23644148357330805,0.066 -0.601 -0.233 -0.226 -0.134 -0.043 -0.162 -0.256
D,position_scan,66,4,7200,0.900390625,0.94677734375,0.027587890625,0.09154121081034343,-0.091 -0.108 0.099 0.284
D,position_scan,66,6,7200,0.6689453125,0.8739583333333333,0.06510416666666666,0.0478916896714104,-0.018 -0.251 -0.194 0.105 0.346 0.233
D,position_scan,66,8,7200,0.373046875,0.7887137276785714,0.111083984375,0.04896216922336154,0.091 -0.445 -0.384 -0.197 0.093 0.478 0.637 0.159
D,position_scan,66,4,14400,0.955078125,0.9775390625,0.01123046875,0.07053706381056042,-0.111 -0.039 0.131 0.119
D,position_scan,66,6,14400,0.818359375,0.9373697916666666,0.03157552083333333,0.04726574156019418,-0.099 -0.109 -0.050 0.189 0.150 0.056
D,position_scan,66,8,14400,0.3828125,0.8188127790178572,0.093017578125,-0.09075535668267143,-0.034 -0.863 -0.325 -0.019 0.219 0.444 -0.076 -0.014
D,position_scan,66,4,28800,0.970703125,0.986328125,0.006591796875,-0.02557202621742531,0.016 -0.037 -0.013 -0.027
D,position_scan,66,6,28800,0.9267578125,0.9771484374999999,0.01123046875,-0.03775946961508862,-0.017 -0.002 -0.099 -0.020 -0.009 -0.058
D,position_scan,66,8,28800,0.7685546875,0.9401157924107143,0.0301513671875,-0.07271089251079256,0.029 0.194 -0.314 -0.140 -0.023 0.282 -0.429 -0.078
D,position_scan,66,4,36000,0.978515625,0.9915364583333334,0.003662109375,0.0073202892586036955,-0.071 -0.027 0.045 0.005
D,position_scan,66,6,36000,0.9140625,0.9728515624999999,0.013346354166666666,-0.028200513786739823,-0.092 -0.041 -0.065 0.026 0.022 -0.084
D,position_scan,66,8,36000,0.7666015625,0.935546875,0.0328369140625,-0.05227249766153002,-0.122 0.265 -0.268 -0.083 0.033 0.309 -0.438 -0.184
D,position_scan,77,4,900,0.7333984375,0.8463541666666667,0.08203125,-0.055752904326827446,0.059 -0.069 -0.002 -0.097
D,position_scan,77,6,900,0.3955078125,0.7208984374999999,0.15104166666666666,-0.07060997353659741,0.202 -0.094 -0.025 -0.007 0.073 -0.300
D,position_scan,77,8,900,0.1513671875,0.631591796875,0.20263671875,-0.08374906721569242,0.376 -0.180 -0.037 -0.090 0.031 0.177 0.068 -0.555
D,position_scan,77,4,1800,0.857421875,0.9305013020833333,0.033935546875,0.041855176289876304,-0.000 0.069 0.062 -0.006
D,position_scan,77,6,1800,0.6005859375,0.8536458333333334,0.07470703125,0.007647686534457687,0.059 -0.057 0.072 0.074 0.093 -0.145
D,position_scan,77,8,1800,0.3359375,0.7840750558035714,0.1119384765625,-0.010494977708846815,0.255 -0.247 0.072 0.106 0.071 0.128 0.151 -0.354
D,position_scan,77,4,3600,0.9189453125,0.96142578125,0.018798828125,-0.02969097208093714,-0.051 0.023 -0.073 -0.039
D,position_scan,77,6,3600,0.748046875,0.906640625,0.0478515625,-0.06987812783983025,0.092 0.027 -0.024 -0.132 -0.139 -0.081
D,position_scan,77,8,3600,0.5341796875,0.857177734375,0.0738525390625,-0.12099882913014245,0.305 -0.130 0.073 -0.080 -0.172 -0.231 -0.120 -0.188
D,position_scan,77,4,7200,0.9140625,0.9599609375,0.019287109375,-0.11461699450457537,-0.087 -0.083 -0.176 -0.085
D,position_scan,77,6,7200,0.7568359375,0.9170572916666666,0.041666666666666664,-0.17252962456809157,-0.018 -0.070 -0.156 -0.201 -0.323 -0.112
D,position_scan,77,8,7200,0.5380859375,0.8661760602678571,0.0682373046875,-0.2218286953275166,0.070 0.058 -0.212 -0.214 -0.281 -0.354 -0.306 -0.245
D,position_scan,77,4,14400,0.9697265625,0.98681640625,0.006103515625,-0.014614926444159612,-0.020 -0.028 -0.052 0.036
D,position_scan,77,6,14400,0.876953125,0.9580078125,0.02099609375,-0.008107251591152664,0.060 0.031 -0.060 0.014 0.007 -0.032
D,position_scan,77,8,14400,0.62109375,0.8973214285714286,0.052001953125,0.03678348329332141,0.087 0.396 -0.226 -0.125 0.017 0.005 0.334 -0.143
D,position_scan,77,4,28800,0.9794921875,0.9913736979166666,0.00390625,-0.010258312578554507,-0.031 -0.009 -0.013 -0.008
D,position_scan,77,6,28800,0.92578125,0.9788411458333333,0.010091145833333332,0.0018754535251193087,-0.015 -0.062 -0.027 0.037 0.067 -0.006
D,position_scan,77,8,28800,0.7763671875,0.9454520089285714,0.0272216796875,-0.03952571323939732,0.138 0.212 -0.381 -0.057 0.050 -0.020 -0.085 0.004
D,position_scan,77,4,36000,0.98046875,0.9905598958333334,0.004638671875,-0.003882160893192999,0.016 0.051 -0.048 -0.015
D,position_scan,77,6,36000,0.927734375,0.9793619791666667,0.009928385416666666,0.020851267708672367,0.008 0.091 0.049 0.024 -0.003 -0.056
D,position_scan,77,8,36000,0.7548828125,0.9324776785714286,0.0343017578125,0.22413793064299084,0.033 0.648 0.276 0.015 0.045 0.367 0.249 -0.031
D,position_scan,88,4,900,0.7294921875,0.8518880208333333,0.07763671875,-0.04827636259573478,0.195 0.122 -0.117 -0.150
D,position_scan,88,6,900,0.3349609375,0.6965494791666667,0.16357421875,-0.04310451613532178,0.455 0.189 0.157 -0.085 -0.123 -0.353
D,position_scan,88,8,900,0.0869140625,0.5698939732142857,0.2396240234375,-0.0622607602013482,0.736 0.158 0.285 0.151 -0.039 -0.183 -0.231 -0.577
D,position_scan,88,4,1800,0.8486328125,0.9249674479166667,0.037353515625,-0.08061960891441063,-0.021 -0.112 -0.073 -0.057
D,position_scan,88,6,1800,0.58203125,0.8429036458333333,0.08040364583333333,-0.13909517394171828,0.095 -0.219 -0.142 -0.115 -0.033 -0.186
D,position_scan,88,8,1800,0.296875,0.7607770647321428,0.1258544921875,-0.19754387083507716,0.323 -0.406 -0.220 -0.234 -0.165 -0.058 0.078 -0.378
D,position_scan,88,4,3600,0.9091796875,0.9591471354166666,0.019287109375,0.030496782726711694,-0.005 0.019 0.007 0.065
D,position_scan,88,6,3600,0.7314453125,0.9108723958333333,0.04443359375,0.03207225932015308,0.079 -0.002 0.013 0.020 0.046 0.083
D,position_scan,88,8,3600,0.5009765625,0.8475864955357143,0.0784912109375,0.004873332523164295,0.243 -0.221 -0.004 -0.032 0.008 0.066 0.204 0.013
D,position_scan,88,4,7200,0.9208984375,0.9620768229166667,0.0185546875,-0.0653678399545175,-0.185 -0.088 -0.081 -0.027
D,position_scan,88,6,7200,0.759765625,0.9198567708333333,0.03987630208333333,-0.1260660158263313,-0.095 -0.200 -0.172 -0.115 -0.069 -0.073
D,position_scan,88,8,7200,0.5517578125,0.8743373325892857,0.063720703125,-0.19536710920787992,0.037 -0.551 -0.246 -0.247 -0.178 -0.037 0.072 -0.181
D,position_scan,88,4,14400,0.958984375,0.9814453125,0.0087890625,0.03497423949065032,-0.092 0.052 0.067 -0.014
D,position_scan,88,6,14400,0.8466796875,0.9489583333333332,0.025553385416666664,0.028924240006340817,-0.037 -0.016 0.028 0.124 0.107 -0.098
D,position_scan,88,8,14400,0.5986328125,0.8939034598214286,0.053466796875,0.016145762943086166,0.051 -0.110 -0.249 0.014 0.131 0.177 0.333 -0.183
D,position_scan,88,4,28800,0.98046875,0.9908854166666667,0.00439453125,0.002514300522980866,0.071 0.043 -0.062 0.026
D,position_scan,88,6,28800,0.916015625,0.9722656249999999,0.013834635416666664,0.003526581658257329,0.194 0.076 -0.028 -0.038 0.031 -0.023
D,position_scan,88,8,28800,0.7470703125,0.9312220982142857,0.034912109375,0.04335827297634548,0.217 0.310 -0.087 -0.127 -0.025 0.053 0.156 0.023
D,position_scan,88,4,36000,0.974609375,0.9876302083333333,0.006103515625,-0.02002592440004702,0.054 -0.002 -0.063 0.005
D,position_scan,88,6,36000,0.9228515625,0.97578125,0.011881510416666666,-0.02740910318162711,0.144 0.070 -0.068 -0.038 -0.089 -0.012
D,position_scan,88,8,36000,0.7490234375,0.9328962053571428,0.033935546875,-0.040452688459366094,0.141 0.489 -0.157 -0.172 -0.072 -0.067 -0.366 0.062
D,phase_scan,11,4,900,0.779296875,0.8909505208333334,0.05419921875,0.002377872113828306,-0.051 0.062 -0.033 -0.021
D,phase_scan,11,6,900,0.4248046875,0.7716145833333333,0.11848958333333333,-0.08509801493750684,0.232 -0.168 -0.029 0.103 -0.005 -0.326
D,phase_scan,11,8,900,0.134765625,0.65283203125,0.1873779296875,-0.1364226189870683,0.549 -0.551 0.239 -0.093 0.145 -0.282 0.273 -0.685
D,phase_scan,11,4,1800,0.88671875,0.9462890625,0.026123046875,0.03396184356124313,-0.154 0.023 0.027 0.052
D,phase_scan,11,6,1800,0.57421875,0.8334635416666667,0.08626302083333333,0.0031804574860466337,0.036 -0.131 -0.072 0.189 0.193 -0.163
D,phase_scan,11,8,1800,0.2890625,0.7515345982142858,0.1314697265625,-0.03544319243658156,0.296 -0.667 0.287 -0.093 0.238 -0.044 0.460 -0.430
D,phase_scan,11,4,3600,0.908203125,0.95703125,0.020751953125,-0.031153581760547777,-0.091 0.038 -0.081 -0.051
D,phase_scan,11,6,3600,0.7080078125,0.8932942708333333,0.05452473958333333,-0.11062763796912305,0.070 -0.094 -0.157 0.083 -0.193 -0.191
D,phase_scan,11,8,3600,0.4814453125,0.829833984375,0.08935546875,-0.19270974492269846,0.276 -0.440 0.131 -0.291 0.118 -0.398 -0.094 -0.376
D,phase_scan,11,4,7200,0.935546875,0.96826171875,0.015625,0.05146666809364601,0.083 0.028 -0.025 0.151
D,phase_scan,11,6,7200,0.765625,0.9159505208333333,0.04296875,0.026802831225924972,0.273 0.032 -0.205 0.151 0.176 -0.020
D,phase_scan,11,8,7200,0.53125,0.859130859375,0.072509765625,0.011822723207019619,0.527 0.162 -0.040 -0.402 0.238 0.193 0.152 -0.220
D,phase_scan,11,4,14400,0.9580078125,0.9822591145833334,0.008056640625,0.006086252353809497,-0.094 0.008 -0.039 0.049
D,phase_scan,11,6,14400,0.8154296875,0.9414713541666666,0.02880859375,-0.03647902276780875,-0.005 -0.036 -0.215 0.120 0.059 -0.111
D,phase_scan,11,8,14400,0.484375,0.8414132254464286,0.0821533203125,-0.38946808330596433,0.211 -0.636 -0.620 -0.327 0.146 -0.153 -0.849 -0.288
D,phase_scan,11,4,28800,0.974609375,0.9899088541666667,0.00439453125,0.0232474892227738,-0.017 -0.005 -0.030 0.105
D,phase_scan,11,6,28800,0.8974609375,0.9695963541666667,0.0146484375,0.010802321963840015,-0.018 0.022 -0.090 -0.006 0.059 0.069
D,phase_scan,11,8,28800,0.43359375,0.8085239955357143,0.1007080078125,-0.16469361290099127,0.308 0.232 -0.610 -0.016 -0.352 0.450 -0.751 -0.105
D,phase_scan,11,4,36000,0.986328125,0.994140625,0.002685546875,-0.011051628324720597,-0.017 -0.011 -0.039 0.017
D,phase_scan,11,6,36000,0.9091796875,0.9712890624999999,0.01416015625,-0.01296208964453823,-0.039 -0.012 0.010 -0.045 0.007 -0.024
D,phase_scan,11,8,36000,0.3125,0.7639857700892857,0.124267578125,-0.2470155178554474,0.265 -0.253 -0.395 0.078 -0.351 0.195 -0.837 -0.167
D,phase_scan,22,4,900,0.7734375,0.8914388020833334,0.052978515625,0.010917319191826716,-0.068 -0.056 -0.055 0.144
D,phase_scan,22,6,900,0.3984375,0.7494791666666666,0.13151041666666666,-0.04437904225455395,0.237 -0.169 -0.202 -0.035 0.277 -0.093
D,phase_scan,22,8,900,0.1201171875,0.6316266741071428,0.2001953125,-0.09690430429246691,0.572 -0.531 0.097 -0.318 -0.107 -0.096 0.670 -0.393
D,phase_scan,22,4,1800,0.841796875,0.9248046875,0.03662109375,0.04797304118121112,-0.040 0.099 0.004 0.040
D,phase_scan,22,6,1800,0.5751953125,0.8356770833333333,0.08479817708333333,0.04266064696841751,0.161 0.079 0.085 0.160 0.107 -0.218
D,phase_scan,22,8,1800,0.2978515625,0.7540806361607143,0.1298828125,0.05652622571067202,0.422 -0.335 0.511 0.170 0.258 -0.084 0.420 -0.543
D,phase_scan,22,4,3600,0.9150390625,0.9578450520833334,0.02099609375,0.002007219526502827,-0.085 -0.001 -0.169 0.176
D,phase_scan,22,6,3600,0.6748046875,0.8766927083333332,0.0634765625,-0.09442755248811517,0.040 -0.146 -0.183 -0.092 -0.084 0.032
D,phase_scan,22,8,3600,0.3876953125,0.7948521205357142,0.107666015625,-0.15436760962955534,0.235 -0.451 0.132 -0.349 -0.145 -0.528 0.422 -0.161
D,phase_scan,22,4,7200,0.9453125,0.9736328125,0.012939453125,0.027548604541354705,-0.014 0.019 -0.018 0.081
D,phase_scan,22,6,7200,0.8134765625,0.9348958333333333,0.032877604166666664,-0.027443097697364006,0.115 -0.070 -0.187 0.181 0.012 -0.073
D,phase_scan,22,8,7200,0.63671875,0.8892996651785714,0.057373046875,-0.05185235114324661,0.315 -0.194 -0.043 -0.302 0.330 -0.075 0.185 -0.264
D,phase_scan,22,4,14400,0.94140625,0.9710286458333333,0.014404296875,0.06589871865731699,-0.020 0.047 -0.055 0.205
D,phase_scan,22,6,14400,0.802734375,0.9314453125,0.03450520833333333,-0.002629008558061437,0.063 -0.014 -0.168 0.067 0.070 0.032
D,phase_scan,22,8,14400,0.333984375,0.7634974888392858,0.12548828125,0.0521793251945859,0.283 -0.388 -0.478 -0.312 0.066 0.819 0.883 -0.224
D,phase_scan,22,4,28800,0.9697265625,0.9860026041666667,0.006591796875,-0.0038611005853723596,0.010 0.042 -0.030 -0.024
D,phase_scan,22,6,28800,0.9013671875,0.9705078125,0.014322916666666666,-0.020611829227871564,0.025 0.055 0.031 -0.032 -0.044 -0.113
D,phase_scan,22,8,28800,0.0810546875,0.6122349330357143,0.2113037109375,-0.15293115661257786,0.334 -0.054 1.015 -0.115 -0.249 -0.360 -0.939 -0.368
D,phase_scan,22,4,36000,0.97265625,0.9866536458333333,0.006591796875,0.013754456131546584,-0.030 -0.001 0.033 0.010
D,phase_scan,22,6,36000,0.919921875,0.9754557291666667,0.012044270833333332,-0.004252182112799801,-0.006 0.013 -0.055 0.064 -0.017 -0.027
D,phase_scan,22,8,36000,0.30859375,0.7596261160714286,0.1270751953125,0.18440626916431244,0.241 0.232 0.085 -0.233 0.017 0.894 0.622 -0.327
D,phase_scan,33,4,900,0.7822265625,0.8917643229166667,0.053955078125,0.08510982548749006,-0.075 0.032 0.071 0.152
D,phase_scan,33,6,900,0.3857421875,0.7432942708333334,0.13525390625,0.035170687569512214,0.235 -0.209 -0.029 0.189 0.336 -0.111
D,phase_scan,33,8,900,0.12890625,0.6255231584821428,0.2047119140625,0.02106278661697631,0.584 -0.593 0.153 -0.055 0.252 0.073 0.746 -0.428
D,phase_scan,33,4,1800,0.84375,0.9205729166666666,0.0400390625,0.06092226063763653,-0.192 0.045 0.092 0.046
D,phase_scan,33,6,1800,0.5595703125,0.8224609374999999,0.09244791666666666,0.0334355168872409,-0.001 -0.149 -0.068 0.252 0.340 -0.209
D,phase_scan,33,8,1800,0.2490234375,0.7227260044642858,0.1478271484375,0.0016141505468459144,0.270 -0.710 0.261 -0.135 0.317 0.232 0.573 -0.527
D,phase_scan,33,4,3600,0.9267578125,0.96435546875,0.017578125,0.001703853960390446,-0.139 0.077 -0.097 0.025
D,phase_scan,33,6,3600,0.701171875,0.8948567708333333,0.05322265625,-0.02618923452165397,-0.003 0.060 -0.033 0.048 -0.112 -0.094
D,phase_scan,33,8,3600,0.50390625,0.8458775111607144,0.080078125,-0.08812465364970858,0.200 -0.417 0.377 -0.100 0.116 -0.338 0.010 -0.266
D,phase_scan,33,4,7200,0.9365234375,0.9690755208333334,0.01513671875,0.009543674963491934,-0.132 0.016 -0.046 0.058
D,phase_scan,33,6,7200,0.806640625,0.9352864583333333,0.032389322916666664,0.006618890497419519,-0.002 -0.074 -0.077 0.165 0.047 -0.028
D,phase_scan,33,8,7200,0.5859375,0.8782087053571429,0.0625,-0.06303444741264223,0.189 -0.306 -0.018 -0.150 0.311 -0.082 -0.028 -0.169
D,phase_scan,33,4,14400,0.9541015625,0.97900390625,0.010009765625,0.07272508409288193,-0.054 0.096 0.014 0.108
D,phase_scan,33,6,14400,0.8173828125,0.9402994791666666,0.029622395833333332,0.04944874180687779,0.009 0.011 0.010 0.154 0.090 -0.019
D,phase_scan,33,8,14400,0.4052734375,0.8080357142857144,0.1004638671875,0.1380945955004011,0.259 0.244 0.184 0.005 0.178 0.305 0.419 -0.369
D,phase_scan,33,4,28800,0.95703125,0.9765625,0.01220703125,-0.01015941301981608,0.016 -0.030 0.022 -0.022
D,phase_scan,33,6,28800,0.9169921875,0.9758463541666667,0.011555989583333332,-0.017452802922990635,0.003 -0.039 -0.023 0.071 -0.026 -0.070
D,phase_scan,33,8,28800,0.3486328125,0.7536969866071429,0.1326904296875,-0.10747364589146206,0.336 -0.120 -0.652 -0.196 0.053 0.577 0.001 -0.415
D,phase_scan,33,4,36000,0.9755859375,0.98974609375,0.004638671875,0.0047843544571488,-0.019 0.015 0.015 -0.015
D,phase_scan,33,6,36000,0.92578125,0.9782552083333333,0.010416666666666666,0.00812237792544875,-0.059 -0.017 0.034 0.055 -0.015 -0.017
D,phase_scan,33,8,36000,0.3134765625,0.7551967075892858,0.1300048828125,0.04236874126252675,0.260 0.227 -0.540 -0.068 0.005 0.593 0.428 -0.348
D,phase_scan,44,4,900,0.724609375,0.8541666666666667,0.07470703125,-0.0852221029776114,-0.024 -0.163 -0.029 -0.064
D,phase_scan,44,6,900,0.369140625,0.7186197916666667,0.15120442708333331,-0.24860782093471956,0.320 -0.323 -0.394 -0.051 -0.121 -0.354
D,phase_scan,44,8,900,0.1103515625,0.6020856584821428,0.219970703125,-0.3176846958342052,0.693 -0.530 -0.122 -0.640 -0.103 -0.228 0.132 -0.732
D,phase_scan,44,4,1800,0.84375,0.9231770833333333,0.0380859375,0.0353319556624801,-0.014 -0.048 0.019 0.135
D,phase_scan,44,6,1800,0.533203125,0.8189453124999999,0.09391276041666666,0.005640480253431479,0.192 -0.108 -0.187 0.151 0.255 -0.083
D,phase_scan,44,8,1800,0.2841796875,0.7473842075892858,0.1337890625,-0.004758077954489094,0.464 -0.408 0.148 -0.290 0.160 0.096 0.626 -0.365
D,phase_scan,44,4,3600,0.904296875,0.9537760416666667,0.022705078125,0.026571662337691693,0.097 0.085 0.022 -0.027
D,phase_scan,44,6,3600,0.7080078125,0.8927083333333333,0.055013020833333336,0.051876915825737654,0.229 0.192 0.003 0.184 0.058 -0.178
D,phase_scan,44,8,3600,0.517578125,0.8441336495535714,0.08154296875,0.0730767704191662,0.452 0.092 0.418 -0.004 0.318 0.018 0.066 -0.396
D,phase_scan,44,4,7200,0.927734375,0.9651692708333334,0.01708984375,0.047147538926866316,-0.017 0.109 -0.065 0.097
D,phase_scan,44,6,7200,0.7939453125,0.925,0.03841145833333333,0.03736143642001677,0.091 0.048 -0.040 0.125 0.094 -0.041
D,phase_scan,44,8,7200,0.5849609375,0.8709542410714285,0.0670166015625,0.00601333285134937,0.279 -0.145 0.134 -0.141 0.302 0.040 0.070 -0.217
D,phase_scan,44,4,14400,0.9560546875,0.9796549479166667,0.009765625,-0.02432430232012713,-0.107 0.022 -0.086 -0.008
D,phase_scan,44,6,14400,0.8115234375,0.9339192708333333,0.033365885416666664,-0.05030831363466056,-0.053 -0.084 -0.104 0.018 -0.051 -0.030
D,phase_scan,44,8,14400,0.224609375,0.7194475446428572,0.149169921875,-0.3514179540058923,0.142 -0.698 -0.188 -0.114 0.038 -0.832 -0.521 -0.145
D,phase_scan,44,4,28800,0.9677734375,0.98291015625,0.0087890625,-0.02281290513497812,-0.095 -0.074 0.006 0.000
D,phase_scan,44,6,28800,0.916015625,0.9742838541666666,0.012532552083333332,-0.013945228523678303,-0.000 -0.042 -0.147 0.119 0.014 -0.014
D,phase_scan,44,8,28800,0.1171875,0.6405552455357143,0.194580078125,-0.4099933495597234,0.326 -0.356 -0.283 -0.207 0.091 -0.805 -1.026 -0.285
D,phase_scan,44,4,36000,0.9765625,0.9899088541666667,0.004638671875,-0.00242330409862377,0.004 -0.014 -0.027 0.034
D,phase_scan,44,6,36000,0.9365234375,0.9831380208333332,0.007812499999999999,-0.014221694734361487,0.023 0.011 -0.026 -0.088 0.001 0.032
D,phase_scan,44,8,36000,0.408203125,0.8065011160714286,0.1014404296875,-0.18016529461694142,0.338 -0.033 -0.428 -0.048 -0.178 0.522 -0.814 -0.282
D,phase_scan,55,4,900,0.701171875,0.84228515625,0.080810546875,0.11055800649854873,-0.002 0.262 0.111 -0.041
D,phase_scan,55,6,900,0.330078125,0.7037109375,0.15852864583333331,0.12701902124616818,0.321 0.219 0.359 0.375 0.065 -0.383
D,phase_scan,55,8,900,0.0888671875,0.5742885044642857,0.2384033203125,0.1355847479805114,0.653 -0.241 0.684 0.430 0.583 0.006 0.253 -0.766
D,phase_scan,55,4,1800,0.8466796875,0.9313151041666666,0.0322265625,0.053625018508345994,-0.055 0.026 0.024 0.111
D,phase_scan,55,6,1800,0.583984375,0.8452473958333333,0.07877604166666666,-0.004370119836595368,0.161 -0.111 -0.106 0.165 0.102 -0.072
D,phase_scan,55,8,1800,0.28125,0.7476632254464286,0.1331787109375,-0.0178830964224679,0.448 -0.455 0.198 -0.158 0.213 -0.106 0.501 -0.319
D,phase_scan,55,4,3600,0.888671875,0.9454752604166666,0.02685546875,-0.04088812404208713,0.043 -0.045 -0.097 0.019
D,phase_scan,55,6,3600,0.6943359375,0.8893229166666666,0.056315104166666664,-0.0785103109147814,0.229 0.107 -0.290 0.024 -0.086 -0.148
D,phase_scan,55,8,3600,0.4580078125,0.8220912388392858,0.0928955078125,-0.11898481656634619,0.508 -0.051 0.167 -0.477 0.033 -0.343 0.197 -0.358
D,phase_scan,55,4,7200,0.931640625,0.9684244791666667,0.01513671875,-0.014268513079042784,-0.112 0.043 -0.100 0.014
D,phase_scan,55,6,7200,0.78125,0.9259114583333332,0.037109375,-0.05726810958650382,0.035 -0.052 -0.125 0.114 -0.097 -0.125
D,phase_scan,55,8,7200,0.5693359375,0.8782087053571428,0.0621337890625,-0.0812785019950261,0.224 0.049 -0.186 -0.256 0.284 -0.152 0.013 -0.322
D,phase_scan,55,4,14400,0.9482421875,0.9763997395833334,0.01123046875,-0.034547514385647245,-0.048 -0.010 -0.139 0.046
D,phase_scan,55,6,14400,0.845703125,0.9490234375,0.025390625,-0.06953027513292107,0.077 0.039 -0.200 -0.038 -0.103 -0.046
D,phase_scan,55,8,14400,0.37890625,0.7938755580357142,0.1080322265625,-0.21402943701971147,0.323 0.500 -0.914 -0.244 -0.024 -0.190 -0.399 -0.227
D,phase_scan,55,4,28800,0.9775390625,0.9900716145833334,0.004638671875,0.017556040375321002,0.004 0.020 0.018 0.015
D,phase_scan,55,6,28800,0.9287109375,0.9789062500000001,0.01025390625,0.0017953448825411833,-0.016 -0.007 -0.007 0.074 -0.014 -0.037
D,phase_scan,55,8,28800,0.107421875,0.6459263392857142,0.190673828125,0.01914115179152715,0.274 0.828 -0.934 0.207 -0.122 0.979 -0.543 -0.282
D,phase_scan,55,4,36000,0.9794921875,0.9923502604166667,0.003173828125,0.019756952921549473,-0.031 0.020 -0.027 0.067
D,phase_scan,55,6,36000,0.9091796875,0.9740234375,0.012369791666666664,0.005634638998243495,-0.050 0.027 -0.056 -0.027 0.041 0.044
D,phase_scan,55,8,36000,0.0390625,0.5649065290178572,0.239013671875,0.2385707885499984,0.246 1.047 -0.901 0.156 -0.123 1.175 0.579 -0.262
D,phase_scan,66,4,900,0.767578125,0.8846028645833333,0.057373046875,-0.018799834781222876,0.013 -0.074 -0.024 0.041
D,phase_scan,66,6,900,0.4052734375,0.7503906250000001,0.13151041666666666,-0.07931622531678946,0.315 -0.132 -0.216 0.011 0.191 -0.251
D,phase_scan,66,8,900,0.1376953125,0.639404296875,0.1968994140625,-0.11525000844682966,0.681 -0.363 0.088 -0.334 0.008 -0.090 0.471 -0.586
D,phase_scan,66,4,1800,0.8623046875,0.935546875,0.031005859375,-0.0018576780954996746,0.016 0.005 -0.013 0.002
D,phase_scan,66,6,1800,0.6240234375,0.8600260416666666,0.07177734375,-0.05034628179338248,0.216 0.061 -0.122 0.075 -0.086 -0.180
D,phase_scan,66,8,1800,0.36328125,0.7798549107142857,0.1162109375,-0.07538167257157584,0.512 -0.216 0.314 -0.228 0.102 -0.250 0.193 -0.443
D,phase_scan,66,4,3600,0.91015625,0.9537760416666667,0.0234375,-0.001318189832899306,-0.094 0.027 -0.004 -0.027
D,phase_scan,66,6,3600,0.7080078125,0.8922526041666666,0.05517578125,-0.06540356742011182,0.059 -0.071 -0.109 0.162 -0.090 -0.219
D,phase_scan,66,8,3600,0.4716796875,0.8289969308035714,0.0892333984375,-0.13031925473894393,0.266 -0.375 0.151 -0.189 0.194 -0.227 -0.012 -0.453
D,phase_scan,66,4,7200,0.9404296875,0.97021484375,0.014892578125,0.051614487612688977,0.090 0.004 0.001 0.150
D,phase_scan,66,6,7200,0.8115234375,0.9314453125,0.034830729166666664,0.0365564558241102,0.249 0.037 -0.215 0.122 0.221 0.018
D,phase_scan,66,8,7200,0.5537109375,0.86572265625,0.0693359375,0.06338617158314538,0.462 0.278 -0.041 -0.406 0.147 0.086 0.532 -0.153
D,phase_scan,66,4,14400,0.96484375,0.9847005208333333,0.007080078125,0.04673441251118978,-0.046 0.039 0.039 0.062
D,phase_scan,66,6,14400,0.8798828125,0.96015625,0.01985677083333333,0.003549271159701828,-0.001 0.011 -0.115 0.166 0.020 -0.065
D,phase_scan,66,8,14400,0.5859375,0.8704310825892858,0.067626953125,0.05288515772138323,0.174 0.150 -0.281 -0.194 0.173 0.243 0.515 -0.236
D,phase_scan,66,4,28800,0.97265625,0.98876953125,0.0048828125,0.009776883655124238,-0.016 -0.007 -0.021 0.058
D,phase_scan,66,6,28800,0.8974609375,0.9697916666666667,0.014485677083333332,0.009466184510125005,0.015 0.025 -0.045 -0.016 0.035 0.049
D,phase_scan,66,8,28800,0.3046875,0.7633579799107144,0.1243896484375,-0.12513779458545501,0.335 -0.020 0.107 0.017 0.088 -0.439 -0.367 -0.261
D,phase_scan,66,4,36000,0.9765625,0.9908854166666667,0.00390625,0.02157061188309281,-0.013 0.040 0.017 0.007
D,phase_scan,66,6,36000,0.9033203125,0.96953125,0.014973958333333332,0.011271311177147563,-0.025 -0.024 0.036 0.045 -0.010 0.009
D,phase_scan,66,8,36000,0.07421875,0.5973074776785714,0.221435546875,-0.18166606388394796,0.285 -1.015 -0.964 0.158 0.109 1.040 -0.321 -0.279
D,phase_scan,77,4,900,0.765625,0.8748372395833333,0.064208984375,-0.03524943634315773,0.048 -0.012 -0.058 -0.036
D,phase_scan,77,6,900,0.4072265625,0.7429036458333333,0.13671875,-0.10800344414181184,0.357 0.069 -0.143 0.013 -0.088 -0.391
D,phase_scan,77,8,900,0.1220703125,0.6204659598214286,0.209228515625,-0.16673820359366281,0.728 -0.267 0.348 -0.276 -0.069 -0.330 0.214 -0.787
D,phase_scan,77,4,1800,0.818359375,0.9083658854166667,0.0458984375,0.08942661462006746,-0.045 0.036 0.198 0.035
D,phase_scan,77,6,1800,0.4619140625,0.7843098958333333,0.11295572916666666,0.1106255782975089,0.164 -0.134 0.063 0.491 0.388 -0.254
D,phase_scan,77,8,1800,0.1748046875,0.681640625,0.1707763671875,0.1331601445637052,0.451 -0.522 0.270 0.190 0.733 0.384 0.466 -0.589
D,phase_scan,77,4,3600,0.8984375,0.9493815104166667,0.025146484375,-0.09209244339554397,-0.161 -0.075 -0.148 -0.053
D,phase_scan,77,6,3600,0.6708984375,0.8787109375,0.06184895833333333,-0.21810677316453728,-0.002 -0.230 -0.272 -0.079 -0.325 -0.184
D,phase_scan,77,8,3600,0.345703125,0.7835867745535715,0.1131591796875,-0.3561952568235851,0.206 -0.499 -0.150 -0.508 -0.172 -0.600 -0.210 -0.355
D,phase_scan,77,4,7200,0.9169921875,0.9601236979166666,0.01953125,-0.08483763094301577,-0.195 -0.046 -0.167 -0.041
D,phase_scan,77,6,7200,0.7333984375,0.9046874999999999,0.04850260416666666,-0.20451598034964671,-0.050 -0.257 -0.279 -0.055 -0.311 -0.120
D,phase_scan,77,8,7200,0.3720703125,0.801025390625,0.103271484375,-0.40288287495809894,0.118 -0.663 -0.376 -0.517 -0.041 -0.630 -0.303 -0.290
D,phase_scan,77,4,14400,0.9697265625,0.9871419270833334,0.005859375,-0.03823942608303493,-0.069 0.000 -0.091 -0.024
D,phase_scan,77,6,14400,0.888671875,0.9656901041666666,0.0166015625,-0.06665204630957715,-0.048 -0.037 -0.162 -0.075 0.011 -0.071
D,phase_scan,77,8,14400,0.6171875,0.8872767857142856,0.0577392578125,-0.27267732317485505,0.149 -0.456 -0.403 -0.223 -0.200 -0.219 -0.211 -0.197
D,phase_scan,77,4,28800,0.97265625,0.9873046875,0.006103515625,0.0029235857504385492,-0.062 -0.004 0.017 -0.004
D,phase_scan,77,6,28800,0.921875,0.9762369791666667,0.011555989583333332,0.0030193461312187546,-0.034 -0.002 -0.023 0.016 0.057 -0.033
D,phase_scan,77,8,28800,0.4140625,0.8179757254464286,0.094482421875,-0.24102390758574957,0.278 -0.788 -0.402 -0.156 -0.151 0.717 -0.579 -0.328
D,phase_scan,77,4,36000,0.9833984375,0.99169921875,0.004150390625,0.001515105918601707,-0.019 -0.005 0.001 0.009
D,phase_scan,77,6,36000,0.9130859375,0.9722005208333333,0.013671874999999998,0.012914472156100606,-0.048 -0.005 0.019 0.041 0.017 -0.006
D,phase_scan,77,8,36000,0.322265625,0.756591796875,0.1292724609375,-0.3560901445055765,0.281 -0.422 -0.762 -0.024 -0.009 -0.283 -0.670 -0.322
D,phase_scan,88,4,900,0.7431640625,0.8662109375,0.068115234375,-0.0107131180939851,-0.101 -0.067 0.013 0.021
D,phase_scan,88,6,900,0.341796875,0.7113932291666667,0.1533203125,-0.08133239216274689,0.191 -0.459 -0.114 0.149 0.310 -0.293
D,phase_scan,88,8,900,0.1240234375,0.6293247767857144,0.202880859375,-0.09187626460241892,0.521 -0.741 -0.088 -0.142 0.295 0.115 0.546 -0.628
D,phase_scan,88,4,1800,0.8603515625,0.9348958333333334,0.031005859375,-0.01625052204838505,-0.096 -0.044 -0.043 0.038
D,phase_scan,88,6,1800,0.576171875,0.8430989583333333,0.08024088541666667,-0.09958742724524608,0.117 -0.178 -0.197 0.035 -0.032 -0.125
D,phase_scan,88,8,1800,0.32421875,0.7727748325892857,0.11962890625,-0.16812063398815333,0.399 -0.574 0.096 -0.341 0.028 -0.236 0.202 -0.352
D,phase_scan,88,4,3600,0.9033203125,0.9549153645833334,0.021728515625,0.06663216484917535,0.012 0.073 0.025 0.102
D,phase_scan,88,6,3600,0.6884765625,0.8918619791666667,0.054361979166666664,0.06746833854251434,0.187 0.099 -0.070 0.211 0.119 -0.021
D,phase_scan,88,8,3600,0.4609375,0.8339494977678572,0.0858154296875,0.08090541476295109,0.436 -0.084 0.295 -0.192 0.355 0.081 0.310 -0.199
D,phase_scan,88,4,7200,0.9365234375,0.9695638020833334,0.014892578125,0.003456009758843316,-0.136 0.045 -0.058 0.023
D,phase_scan,88,6,7200,0.7802734375,0.9228515625,0.03889973958333333,-0.040866500801510344,0.028 -0.054 -0.162 0.152 -0.022 -0.118
D,phase_scan,88,8,7200,0.556640625,0.8612932477678572,0.0721435546875,-0.1336047573695107,0.250 -0.305 0.072 -0.328 0.279 0.005 -0.349 -0.308
D,phase_scan,88,4,14400,0.9462890625,0.9747721354166666,0.01220703125,0.03883260267752188,-0.013 0.033 -0.044 0.128
D,phase_scan,88,6,14400,0.8388671875,0.94609375,0.026855468749999997,0.00405678484174936,0.152 0.026 -0.181 0.160 0.020 -0.005
D,phase_scan,88,8,14400,0.3447265625,0.7783900669642858,0.1163330078125,-0.02457104032001801,0.402 0.252 -0.516 -0.303 0.238 0.950 -0.578 -0.216
D,phase_scan,88,4,28800,0.9736328125,0.98779296875,0.005859375,-0.011189204675179941,-0.038 0.014 -0.034 -0.013
D,phase_scan,88,6,28800,0.91015625,0.9710937499999999,0.014322916666666664,-0.03361468182669751,-0.012 -0.012 -0.082 -0.028 -0.013 -0.033
D,phase_scan,88,8,28800,0.400390625,0.79052734375,0.111083984375,-0.26506972691369435,0.312 -0.575 -0.853 -0.050 -0.016 0.535 -0.548 -0.350
D,phase_scan,88,4,36000,0.978515625,0.9886067708333334,0.005859375,-0.012917827676843713,-0.007 -0.022 -0.041 0.024
D,phase_scan,88,6,36000,0.935546875,0.981640625,0.0087890625,-0.017895327674018063,0.006 -0.011 -0.119 0.007 -0.002 0.035
D,phase_scan,88,8,36000,0.2841796875,0.7539760044642857,0.1302490234375,-0.4315580829741463,0.335 -0.404 -0.833 0.007 -0.152 -0.698 -0.680 -0.261
RL,priority_scan,11,4,900,0.1806640625,0.5411783854166667,0.2412109375,0.029251443015204534,0.000 -0.191 0.249 0.000
RL,priority_scan,11,6,900,0.0205078125,0.46744791666666674,0.29882812499999994,0.09933491547902407,0.000 -0.339 0.079 0.233 0.425 -0.000
RL,priority_scan,11,8,900,0.00390625,0.42902483258928564,0.3304443359375,0.0989209943347507,0.000 -0.423 -0.008 0.148 0.201 0.328 0.347 0.000
RL,priority_scan,11,4,1800,0.1953125,0.5457356770833335,0.239990234375,-0.006115370326571973,0.000 -0.278 0.265 0.000
RL,priority_scan,11,6,1800,0.025390625,0.4697265625000001,0.29768880208333337,0.08751044670740746,0.000 -0.374 0.044 0.231 0.449 -0.000
RL,priority_scan,11,8,1800,0.0068359375,0.4380929129464285,0.3253173828125,0.14816754394107393,0.000 -0.403 0.022 0.134 0.292 0.417 0.426 0.000
RL,priority_scan,11,4,3600,0.5673828125,0.77197265625,0.11669921875,-0.26683403386010063,0.000 -0.185 -0.348 0.000
RL,priority_scan,11,6,3600,0.1435546875,0.5907552083333334,0.22233072916666669,-0.3392361104488375,0.000 -0.238 -0.291 -0.483 -0.346 -0.000
RL,priority_scan,11,8,3600,0.0166015625,0.5176130022321428,0.2706298828125,-0.405992622728701,0.000 -0.179 -0.166 -0.452 -0.674 -0.700 -0.265 0.000
RL,priority_scan,11,4,7200,0.908203125,0.9576822916666667,0.020263671875,0.056459440125359424,0.000 0.067 0.046 0.000
RL,priority_scan,11,6,7200,0.6982421875,0.890625,0.05582682291666666,0.14350632826487206,0.000 0.343 0.254 0.040 -0.064 -0.000
RL,priority_scan,11,8,7200,0.310546875,0.7699497767857143,0.120361328125,0.2301598478246618,0.000 0.666 0.611 0.381 0.112 -0.111 -0.278 0.000
RL,priority_scan,11,4,14400,0.9443359375,0.9733072916666666,0.012939453125,-0.014850960837470159,0.000 0.015 -0.045 0.000
RL,priority_scan,11,6,14400,0.818359375,0.9408854166666666,0.029296874999999997,0.00014613072077414996,0.000 0.126 0.051 -0.062 -0.114 -0.000
RL,priority_scan,11,8,14400,0.541015625,0.8710239955357142,0.065673828125,0.04950772832941127,0.000 0.373 0.239 0.095 -0.028 -0.107 -0.274 0.000
RL,priority_scan,11,4,28800,0.9619140625,0.98193359375,0.0087890625,-0.0035311116112603084,0.000 -0.000 -0.007 0.000
RL,priority_scan,11,6,28800,0.8818359375,0.9634114583333333,0.017903645833333332,0.024375369151433127,0.000 0.088 -0.019 0.001 0.028 -0.000
RL,priority_scan,11,8,28800,0.7548828125,0.9396623883928571,0.030029296875,0.051373375786675356,0.000 0.245 0.003 0.018 -0.009 0.142 -0.090 0.000
RL,priority_scan,11,4,36000,0.970703125,0.9860026041666667,0.0068359375,0.012347234619988334,0.000 0.017 0.008 0.000
RL,priority_scan,11,6,36000,0.916015625,0.9743489583333333,0.012532552083333332,0.024414509534835628,0.000 -0.012 0.040 0.077 -0.007 -0.000
RL,priority_scan,11,8,36000,0.7998046875,0.9529854910714286,0.023193359375,0.08642638171160662,0.000 0.289 -0.083 0.106 0.107 0.200 -0.100 0.000
RL,priority_scan,22,4,900,0.189453125,0.5475260416666667,0.23779296875,-0.005224943161010742,0.000 -0.247 0.237 0.000
RL,priority_scan,22,6,900,0.0205078125,0.4652994791666668,0.3001302083333333,0.07643967866897566,0.000 -0.374 0.023 0.219 0.438 -0.000
RL,priority_scan,22,8,900,0.00390625,0.43178013392857134,0.3282470703125,0.11326666231508609,0.000 -0.439 0.026 0.180 0.110 0.286 0.515 0.000
RL,priority_scan,22,4,1800,0.2001953125,0.54833984375,0.238525390625,0.03214829497867161,0.000 -0.227 0.291 0.000
RL,priority_scan,22,6,1800,0.021484375,0.4617187500000001,0.30224609375,0.06132394075393659,0.000 -0.374 -0.050 0.222 0.447 -0.000
RL,priority_scan,22,8,1800,0.001953125,0.43376813616071425,0.3277587890625,0.13359643794872142,0.000 -0.440 -0.044 0.137 0.239 0.422 0.488 0.000
RL,priority_scan,22,4,3600,0.529296875,0.7464192708333333,0.13134765625,-0.06785710652669269,0.000 0.169 -0.305 0.000
RL,priority_scan,22,6,3600,0.125,0.576171875,0.23111979166666669,0.08855342864990215,0.000 0.542 0.314 -0.176 -0.325 -0.000
RL,priority_scan,22,8,3600,0.0166015625,0.5218331473214285,0.2669677734375,0.21198014418284095,0.000 0.714 0.899 0.494 -0.012 -0.455 -0.368 0.000
RL,priority_scan,22,4,7200,0.8232421875,0.9093424479166667,0.0458984375,-0.07982624901665582,0.000 -0.021 -0.139 0.000
RL,priority_scan,22,6,7200,0.5458984375,0.8231770833333333,0.091796875,-0.07651453216870645,0.000 0.147 -0.145 -0.143 -0.165 -0.000
RL,priority_scan,22,8,7200,0.197265625,0.6889648437500001,0.1671142578125,-0.1294875144958496,0.000 0.322 0.031 -0.231 -0.290 -0.259 -0.350 0.000
RL,priority_scan,22,4,14400,0.9501953125,0.97509765625,0.012451171875,-0.015609529283311632,0.000 -0.025 -0.007 0.000
RL,priority_scan,22,6,14400,0.8662109375,0.9535807291666667,0.023437499999999997,0.0017545620600380634,0.000 0.046 -0.018 0.004 -0.024 -0.000
RL,priority_scan,22,8,14400,0.7138671875,0.9205496651785714,0.0404052734375,-0.017773155812863952,0.000 0.123 0.042 0.034 -0.044 -0.080 -0.182 0.000
RL,priority_scan,22,4,28800,0.9677734375,0.98388671875,0.008056640625,-0.15877193874782985,0.000 -0.113 -0.204 0.000
RL,priority_scan,22,6,28800,0.888671875,0.9633463541666667,0.018229166666666664,-0.23898353179295878,0.000 -0.039 -0.201 -0.347 -0.369 -0.000
RL,priority_scan,22,8,28800,0.751953125,0.9301060267857143,0.0364990234375,-0.32021039062076145,0.000 0.057 -0.095 -0.254 -0.469 -0.593 -0.568 0.000
RL,priority_scan,22,4,36000,0.96875,0.986328125,0.00634765625,-0.04740522967444526,0.000 -0.064 -0.031 0.000
RL,priority_scan,22,6,36000,0.912109375,0.9701822916666667,0.014973958333333332,-0.03362586100896218,0.000 0.028 -0.072 -0.082 -0.008 -0.000
RL,priority_scan,22,8,36000,0.8203125,0.95361328125,0.0234375,-0.021375704694677283,0.000 0.137 0.085 -0.022 -0.073 -0.077 -0.178 0.000
RL,priority_scan,33,4,900,0.1845703125,0.5462239583333334,0.238037109375,0.04448718494839139,0.000 -0.176 0.265 0.000
RL,priority_scan,33,6,900,0.0283203125,0.4649088541666668,0.30013020833333337,0.07288475831349672,0.000 -0.400 0.079 0.184 0.429 -0.000
RL,priority_scan,33,8,900,0.001953125,0.4333844866071428,0.3262939453125,0.1424149230674461,0.000 -0.387 0.143 0.112 0.226 0.372 0.389 0.000
RL,priority_scan,33,4,1800,0.1826171875,0.53759765625,0.244384765625,0.027472972869873033,0.000 -0.244 0.299 0.000
RL,priority_scan,33,6,1800,0.0263671875,0.4692057291666668,0.2981770833333333,0.10177408655484499,0.000 -0.357 0.025 0.280 0.459 -0.000
RL,priority_scan,33,8,1800,0.00390625,0.43146623883928564,0.32861328125,0.14386887903566714,0.000 -0.448 -0.014 0.184 0.234 0.455 0.453 0.000
RL,priority_scan,33,4,3600,0.513671875,0.7408854166666666,0.133544921875,-0.10369340578715006,0.000 0.033 -0.240 0.000
RL,priority_scan,33,6,3600,0.1171875,0.58125,0.22705078125,-0.17045910159746824,0.000 0.111 -0.009 -0.389 -0.395 -0.000
RL,priority_scan,33,8,3600,0.0205078125,0.5328194754464286,0.2601318359375,-0.17994982224923595,0.000 0.307 0.302 -0.087 -0.446 -0.687 -0.469 0.000
RL,priority_scan,33,4,7200,0.8583984375,0.9278971354166667,0.036376953125,0.05336960156758626,0.000 0.023 0.084 0.000
RL,priority_scan,33,6,7200,0.609375,0.8466796875,0.07958984375,0.08115629355112693,0.000 0.150 0.187 0.073 -0.086 -0.000
RL,priority_scan,33,8,7200,0.2451171875,0.7225167410714286,0.147705078125,0.10308753561090539,0.000 0.262 0.315 0.304 0.128 -0.042 -0.348 0.000
RL,priority_scan,33,4,14400,0.9521484375,0.97802734375,0.010498046875,0.03425518671671549,0.000 0.058 0.010 0.000
RL,priority_scan,33,6,14400,0.837890625,0.9481119791666667,0.025553385416666664,0.020736257235208957,0.000 0.140 0.026 0.006 -0.088 -0.000
RL,priority_scan,33,8,14400,0.662109375,0.9192592075892858,0.039794921875,-0.007140481913531264,0.000 0.195 0.086 0.036 -0.037 -0.100 -0.223 0.000
RL,priority_scan,33,4,28800,0.9599609375,0.97998046875,0.010009765625,-0.014688637521531846,0.000 -0.023 -0.007 0.000
RL,priority_scan,33,6,28800,0.9013671875,0.9691406250000001,0.01513671875,0.02309585611025474,0.000 -0.009 0.001 0.038 0.062 -0.000
RL,priority_scan,33,8,28800,0.8115234375,0.9603445870535714,0.0191650390625,0.09054949990025273,0.000 0.102 -0.004 0.037 0.105 0.137 0.166 0.000
RL,priority_scan,33,4,36000,0.9794921875,0.9913736979166667,0.00390625,-0.03821604781680636,0.000 -0.053 -0.024 0.000
RL,priority_scan,33,6,36000,0.9345703125,0.9803385416666667,0.009440104166666666,-0.088606377442678,0.000 -0.075 -0.119 -0.125 -0.036 -0.000
RL,priority_scan,33,8,36000,0.78125,0.9556710379464286,0.021240234375,-0.15222386077598288,0.000 -0.023 -0.178 -0.231 -0.247 -0.206 -0.028 0.000
RL,priority_scan,44,4,900,0.1767578125,0.5390625,0.24267578125,0.020997126897176116,0.000 -0.223 0.265 0.000
RL,priority_scan,44,6,900,0.025390625,0.46315104166666676,0.3011067708333333,0.07456565896670006,0.000 -0.405 0.057 0.212 0.435 -0.000
RL,priority_scan,44,8,900,0.0048828125,0.4387207031249999,0.3228759765625,0.12918008698357475,0.000 -0.422 0.089 0.051 0.259 0.374 0.424 0.000
RL,priority_scan,44,4,1800,0.1884765625,0.5397135416666667,0.24365234375,0.029335882928636342,0.000 -0.200 0.259 0.000
RL,priority_scan,44,6,1800,0.0234375,0.4637369791666668,0.30094401041666663,0.08028114835421225,0.000 -0.401 0.090 0.218 0.414 -0.000
RL,priority_scan,44,8,1800,0.0009765625,0.4347795758928571,0.3260498046875,0.15996835849903246,0.000 -0.328 0.020 0.209 0.206 0.358 0.493 0.000
RL,priority_scan,44,4,3600,0.52734375,0.7506510416666666,0.1279296875,-0.06564855575561525,0.000 0.084 -0.215 0.000
RL,priority_scan,44,6,3600,0.146484375,0.6076822916666667,0.2109375,0.12148936589558901,0.000 0.385 0.318 -0.013 -0.204 -0.000
RL,priority_scan,44,8,3600,0.017578125,0.5308663504464286,0.2607421875,0.2888010387067441,0.000 0.743 0.844 0.499 0.222 -0.148 -0.427 0.000
RL,priority_scan,44,4,7200,0.6865234375,0.8370768229166667,0.082763671875,-0.07283926010131836,0.000 0.020 -0.165 0.000
RL,priority_scan,44,6,7200,0.2978515625,0.6904947916666666,0.16552734375,-0.07609407107035338,0.000 0.184 0.068 -0.146 -0.410 -0.000
RL,priority_scan,44,8,7200,0.056640625,0.5931222098214285,0.22265625,-0.09628532109437166,0.000 0.418 0.310 -0.016 -0.225 -0.354 -0.711 0.000
RL,priority_scan,44,4,14400,0.84375,0.91748046875,0.042236328125,-0.09649892648061117,0.000 -0.051 -0.142 0.000
RL,priority_scan,44,6,14400,0.560546875,0.8227213541666666,0.0927734375,-0.15402192870775877,0.000 0.051 -0.205 -0.187 -0.275 -0.000
RL,priority_scan,44,8,14400,0.2451171875,0.7107979910714286,0.1556396484375,-0.23996807910777904,0.000 0.151 -0.107 -0.317 -0.365 -0.259 -0.543 0.000
RL,priority_scan,44,4,28800,0.9580078125,0.9798177083333334,0.009765625,0.01667300860087077,0.000 -0.004 0.037 0.000
RL,priority_scan,44,6,28800,0.869140625,0.9547526041666666,0.022786458333333332,0.04459639390309633,0.000 0.021 -0.001 0.066 0.092 -0.000
RL,priority_scan,44,8,28800,0.6484375,0.9034249441964286,0.0489501953125,0.07113567105046024,0.000 0.225 0.072 -0.012 0.086 0.053 0.004 0.000
RL,priority_scan,44,4,36000,0.951171875,0.9757486979166666,0.011962890625,-0.03757258256276449,0.000 -0.011 -0.064 0.000
RL,priority_scan,44,6,36000,0.8662109375,0.9555989583333333,0.022135416666666664,-0.06807540853818277,0.000 -0.023 -0.105 -0.077 -0.067 -0.000
RL,priority_scan,44,8,36000,0.67578125,0.9139927455357142,0.0435791015625,-0.12909182795771845,0.000 0.082 -0.082 -0.179 -0.165 -0.211 -0.219 0.000
RL,priority_scan,55,4,900,0.18359375,0.5445963541666666,0.2392578125,0.010088019900851786,0.000 -0.203 0.223 0.000
RL,priority_scan,55,6,900,0.02734375,0.4680989583333334,0.29833984375,0.090322693188985,0.000 -0.305 0.011 0.195 0.461 -0.000
RL,priority_scan,55,8,900,0.0009765625,0.4319196428571428,0.3280029296875,0.08999533123440213,0.000 -0.555 0.020 0.160 0.147 0.376 0.392 0.000
RL,priority_scan,55,4,1800,0.185546875,0.53759765625,0.244873046875,0.0394623147116767,0.000 -0.203 0.281 0.000
RL,priority_scan,55,6,1800,0.021484375,0.4660156250000001,0.29996744791666663,0.10433390736579877,0.000 -0.386 0.172 0.201 0.430 -0.000
RL,priority_scan,55,8,1800,0.001953125,0.44008091517857134,0.3232421875,0.14791954446721958,0.000 -0.411 0.079 0.083 0.266 0.388 0.483 0.000
RL,priority_scan,55,4,3600,0.8154296875,0.9064127604166667,0.047119140625,-0.025412837664286293,0.000 -0.013 -0.038 0.000
RL,priority_scan,55,6,3600,0.62890625,0.8606119791666667,0.07161458333333334,-0.06868908802668272,0.000 -0.031 -0.057 -0.061 -0.125 -0.000
RL,priority_scan,55,8,3600,0.3642578125,0.7790178571428572,0.1165771484375,-0.11794432445808693,0.000 0.129 -0.057 -0.144 -0.126 -0.109 -0.400 0.000
RL,priority_scan,55,4,7200,0.9150390625,0.9568684895833334,0.021728515625,-0.02864334318372938,0.000 -0.027 -0.030 0.000
RL,priority_scan,55,6,7200,0.77734375,0.9178385416666666,0.0419921875,-0.008181432882944928,0.000 0.005 -0.089 0.026 0.025 -0.000
RL,priority_scan,55,8,7200,0.5771484375,0.8746861049107144,0.0643310546875,0.048419546197961884,0.000 0.227 -0.058 -0.071 0.076 0.110 0.007 0.000
RL,priority_scan,55,4,14400,0.9521484375,0.9786783854166666,0.010009765625,-0.012866920895046657,0.000 -0.021 -0.005 0.000
RL,priority_scan,55,6,14400,0.873046875,0.9575520833333333,0.021158854166666664,0.010026146968205585,0.000 0.018 0.017 -0.003 0.008 -0.000
RL,priority_scan,55,8,14400,0.693359375,0.9211774553571428,0.0394287109375,0.0016049544016520183,0.000 0.169 0.125 0.099 -0.054 -0.119 -0.210 0.000
RL,priority_scan,55,4,28800,0.9677734375,0.9861653645833334,0.00634765625,-0.02618624104393853,0.000 -0.034 -0.019 0.000
RL,priority_scan,55,6,28800,0.9072265625,0.9727213541666666,0.01318359375,-0.02469892303148924,0.000 -0.001 -0.002 -0.058 -0.037 -0.000
RL,priority_scan,55,8,28800,0.8017578125,0.9537876674107142,0.022705078125,-0.019513920501426415,0.000 0.142 0.019 0.036 -0.018 -0.156 -0.141 0.000
RL,priority_scan,55,4,36000,0.982421875,0.9918619791666667,0.00390625,-0.01822286181979709,0.000 -0.026 -0.010 0.000
RL,priority_scan,55,6,36000,0.9306640625,0.9789713541666667,0.010253906249999998,-0.0019579629103344542,0.000 -0.021 -0.005 -0.016 0.035 -0.000
RL,priority_scan,55,8,36000,0.8466796875,0.9647391183035714,0.017333984375,0.022159836910389086,0.000 0.144 0.010 0.015 0.012 -0.028 -0.021 0.000
RL,priority_scan,66,4,900,0.1875,0.5384114583333333,0.2431640625,0.06715072525872126,0.000 -0.189 0.323 0.000
RL,priority_scan,66,6,900,0.021484375,0.45787760416666673,0.30322265625,0.0800233085950214,0.000 -0.293 0.051 0.172 0.391 -0.000
RL,priority_scan,66,8,900,0.00390625,0.4388253348214285,0.3216552734375,0.15864460556595414,0.000 -0.331 0.067 0.221 0.242 0.432 0.321 0.000
RL,priority_scan,66,4,1800,0.19140625,0.54736328125,0.23828125,0.024605327182345926,0.000 -0.201 0.250 0.000
RL,priority_scan,66,6,1800,0.0224609375,0.4656901041666668,0.3006184895833333,0.048271069924036486,0.000 -0.430 -0.045 0.218 0.450 -0.000
RL,priority_scan,66,8,1800,0.005859375,0.4368722098214285,0.3258056640625,0.11360733597366897,0.000 -0.474 -0.044 0.068 0.297 0.375 0.460 0.000
RL,priority_scan,66,4,3600,0.6474609375,0.81201171875,0.0966796875,0.1394601000679864,0.000 0.445 -0.166 0.000
RL,priority_scan,66,6,3600,0.251953125,0.650390625,0.18880208333333331,0.254829426606496,0.000 0.362 0.529 -0.081 0.209 -0.000
RL,priority_scan,66,8,3600,0.041015625,0.548583984375,0.251220703125,0.3255989374937835,0.000 0.046 0.751 0.590 0.154 0.048 0.365 0.000
RL,priority_scan,66,4,7200,0.9150390625,0.95654296875,0.02197265625,-0.022358960575527616,0.000 -0.046 0.001 0.000
RL,priority_scan,66,6,7200,0.7568359375,0.9142578124999999,0.04329427083333333,0.01562863588333111,0.000 0.073 0.010 0.024 -0.045 -0.000
RL,priority_scan,66,8,7200,0.48046875,0.8310198102678572,0.08837890625,0.10556589674066615,0.000 0.447 0.278 0.120 0.055 -0.015 -0.252 0.000
RL,priority_scan,66,4,14400,0.9462890625,0.9749348958333334,0.011962890625,-0.0484005610148112,0.000 -0.038 -0.059 0.000
RL,priority_scan,66,6,14400,0.8349609375,0.9434244791666666,0.028320312499999997,-0.0403599441051485,0.000 -0.001 -0.071 -0.032 -0.058 -0.000
RL,priority_scan,66,8,14400,0.650390625,0.901611328125,0.0501708984375,-0.07744389551657217,0.000 0.213 0.004 -0.176 -0.140 -0.088 -0.278 0.000
RL,priority_scan,66,4,28800,0.95703125,0.9801432291666667,0.009521484375,-0.014833874172634548,0.000 0.011 -0.041 0.000
RL,priority_scan,66,6,28800,0.884765625,0.9605468749999999,0.019856770833333332,-0.0019969046115877083,0.000 0.048 0.041 0.002 -0.099 -0.000
RL,priority_scan,66,8,28800,0.755859375,0.9381975446428572,0.0308837890625,7.587450521963819e-05,0.000 0.213 0.157 -0.043 -0.106 0.012 -0.232 0.000
RL,priority_scan,66,4,36000,0.9638671875,0.9812825520833333,0.009521484375,-0.11582010322146945,0.000 -0.106 -0.126 0.000
RL,priority_scan,66,6,36000,0.8876953125,0.9615234374999999,0.019368489583333336,-0.10671118895212828,0.000 -0.013 -0.112 -0.187 -0.115 -0.000
RL,priority_scan,66,8,36000,0.6767578125,0.9129813058035714,0.0439453125,-0.11632753743065727,0.000 0.213 0.059 -0.219 -0.347 -0.131 -0.273 0.000
RL,priority_scan,77,4,900,0.173828125,0.5354817708333334,0.244873046875,0.006220274501376674,0.000 -0.227 0.239 0.000
RL,priority_scan,77,6,900,0.0263671875,0.46549479166666674,0.3006184895833333,0.013196766376495181,0.000 -0.479 0.037 0.135 0.361 -0.000
RL,priority_scan,77,8,900,0.00390625,0.4353027343749999,0.3260498046875,0.13345676439779777,0.000 -0.399 0.008 0.084 0.260 0.433 0.415 0.000
RL,priority_scan,77,4,1800,0.181640625,0.5419921875,0.240966796875,-0.009187261263529464,0.000 -0.230 0.211 0.000
RL,priority_scan,77,6,1800,0.025390625,0.4680989583333334,0.2985026041666667,0.0529417395591734,0.000 -0.399 -0.035 0.216 0.430 -0.000
RL,priority_scan,77,8,1800,0.0029296875,0.4413713727678571,0.3214111328125,0.12720655511926723,0.000 -0.427 -0.066 0.209 0.167 0.441 0.439 0.000
RL,priority_scan,77,4,3600,0.6748046875,0.8341471354166667,0.083740234375,0.14072583781348336,0.000 0.173 0.109 0.000
RL,priority_scan,77,6,3600,0.2158203125,0.6412109375,0.19287109374999997,-0.02252191305160542,0.000 0.220 0.079 -0.061 -0.328 -0.000
RL,priority_scan,77,8,3600,0.013671875,0.5181012834821428,0.2684326171875,-0.3703374995125664,0.000 0.415 0.047 -0.295 -0.522 -0.640 -1.227 0.000
RL,priority_scan,77,4,7200,0.9091796875,0.9521484375,0.0244140625,-0.019545223977830678,0.000 0.029 -0.068 0.000
RL,priority_scan,77,6,7200,0.548828125,0.8260416666666667,0.09000651041666667,-0.14821911851565062,0.000 0.130 -0.142 -0.234 -0.348 -0.000
RL,priority_scan,77,8,7200,0.10546875,0.6455775669642858,0.1910400390625,-0.40277851952446836,0.000 0.309 -0.192 -0.447 -0.631 -0.555 -0.901 0.000
RL,priority_scan,77,4,14400,0.939453125,0.9671223958333333,0.01708984375,-0.010919703377617732,0.000 -0.057 0.035 0.000
RL,priority_scan,77,6,14400,0.76171875,0.9098307291666666,0.04638671875,-0.02444689472516396,0.000 -0.047 -0.072 0.000 0.021 -0.000
RL,priority_scan,77,8,14400,0.435546875,0.8139997209821429,0.0975341796875,-0.14611403147379556,0.000 0.026 -0.234 -0.194 -0.179 -0.079 -0.218 0.000
RL,priority_scan,77,4,28800,0.9375,0.9690755208333334,0.015380859375,-0.10510497623019747,0.000 -0.136 -0.074 0.000
RL,priority_scan,77,6,28800,0.7802734375,0.9210937499999999,0.0400390625,-0.07752512892087321,0.000 0.020 -0.153 -0.059 -0.119 -0.000
RL,priority_scan,77,8,28800,0.5439453125,0.8470633370535715,0.080322265625,-0.05915376875135633,0.000 0.330 -0.029 -0.160 -0.086 0.064 -0.473 0.000
RL,priority_scan,77,4,36000,0.9580078125,0.97998046875,0.009765625,0.005868805779351128,0.000 0.023 -0.011 0.000
RL,priority_scan,77,6,36000,0.8427734375,0.9436197916666667,0.02864583333333333,-0.010160058736801335,0.000 0.080 -0.023 -0.066 -0.031 -0.000
RL,priority_scan,77,8,36000,0.5341796875,0.8547712053571428,0.0755615234375,-0.14640816935786494,0.000 0.316 0.009 -0.109 -0.274 -0.086 -0.734 0.000
RL,priority_scan,88,4,900,0.1943359375,0.5491536458333334,0.237060546875,0.027704305118984668,0.000 -0.222 0.277 0.000
RL,priority_scan,88,6,900,0.0322265625,0.4683593750000001,0.2976888020833333,0.10095303257306398,0.000 -0.352 0.059 0.255 0.442 -0.000
RL,priority_scan,88,8,900,0.0029296875,0.42867606026785704,0.330322265625,0.15722014285899974,0.000 -0.404 0.053 0.148 0.270 0.437 0.439 0.000
RL,priority_scan,88,4,1800,0.208984375,0.5556640625,0.234130859375,0.3508849938710531,0.000 0.072 0.629 0.000
RL,priority_scan,88,6,1800,0.03125,0.4642578125000001,0.30126953125,0.5995136499404906,0.000 -0.001 0.627 0.883 0.890 -0.000
RL,priority_scan,88,8,1800,0.00390625,0.4228515624999999,0.3350830078125,0.8259841910114994,0.000 -0.238 0.724 1.017 1.263 1.263 0.927 0.000
RL,priority_scan,88,4,3600,0.7998046875,0.8995768229166666,0.050048828125,-0.04717191060384115,0.000 -0.055 -0.040 0.000
RL,priority_scan,88,6,3600,0.505859375,0.8022135416666667,0.10319010416666666,-0.08600726723670979,0.000 0.127 -0.094 -0.190 -0.187 -0.000
RL,priority_scan,88,8,3600,0.2255859375,0.7104840959821428,0.1549072265625,-0.12689314506672045,0.000 0.340 0.066 -0.176 -0.274 -0.279 -0.437 0.000
RL,priority_scan,88,4,7200,0.90234375,0.9524739583333334,0.0234375,0.11927551693386501,0.000 0.157 0.081 0.000
RL,priority_scan,88,6,7200,0.75,0.9125651041666666,0.044108072916666664,0.1284904778003691,0.000 0.116 0.138 0.162 0.098 -0.000
RL,priority_scan,88,8,7200,0.4765625,0.8224400111607143,0.093505859375,0.20713417618362992,0.000 0.471 0.155 0.184 0.175 0.236 0.022 0.000
RL,priority_scan,88,4,14400,0.9443359375,0.9737955729166666,0.0126953125,-0.10222719775305854,0.000 -0.027 -0.178 0.000
RL,priority_scan,88,6,14400,0.83203125,0.9458984375,0.026692708333333332,-0.12273326516151446,0.000 -0.008 -0.130 -0.163 -0.189 -0.000
RL,priority_scan,88,8,14400,0.5751953125,0.8811383928571428,0.0604248046875,-0.09715952255107739,0.000 0.231 -0.007 -0.117 -0.180 -0.205 -0.304 0.000
RL,priority_scan,88,4,28800,0.9677734375,0.9861653645833334,0.00634765625,-0.01469201511806912,0.000 0.000 -0.030 0.000
RL,priority_scan,88,6,28800,0.900390625,0.9686197916666666,0.015462239583333332,-0.07499227921168028,0.000 -0.081 -0.035 -0.074 -0.109 -0.000
RL,priority_scan,88,8,28800,0.787109375,0.9491838727678571,0.025146484375,-0.1351271073023478,0.000 0.166 -0.191 -0.115 -0.160 -0.161 -0.350 0.000
RL,priority_scan,88,4,36000,0.9697265625,0.98681640625,0.006103515625,-0.044344862302144364,0.000 -0.046 -0.042 0.000
RL,priority_scan,88,6,36000,0.9208984375,0.9753906250000001,0.012044270833333332,-0.049001028140386135,0.000 0.024 -0.051 -0.084 -0.085 -0.000
RL,priority_scan,88,8,36000,0.75390625,0.9420340401785714,0.0286865234375,-0.02877023484971789,0.000 0.537 -0.114 -0.112 -0.133 -0.098 -0.253 0.000
RL,position_scan,11,4,900,0.7578125,0.87939453125,0.0595703125,-0.09550871672453703,0.184 0.061 -0.149 -0.198
RL,position_scan,11,6,900,0.3798828125,0.7458333333333333,0.13264973958333331,-0.1363986598120796,0.362 0.091 -0.013 -0.134 -0.249 -0.377
RL,position_scan,11,8,900,0.0927734375,0.6036551339285714,0.2164306640625,-0.18142972673688615,0.610 0.118 0.197 -0.045 -0.251 -0.384 -0.294 -0.611
RL,position_scan,11,4,1800,0.8251953125,0.9142252604166666,0.042236328125,0.15590235039039893,0.018 0.084 0.247 0.137
RL,position_scan,11,6,1800,0.533203125,0.8219401041666667,0.09130859375,0.1941073868009779,0.119 0.043 0.126 0.335 0.439 0.027
RL,position_scan,11,8,1800,0.23046875,0.7275390625,0.1434326171875,0.2251944655463809,0.332 -0.116 0.110 0.185 0.410 0.554 0.567 -0.134
RL,position_scan,11,4,3600,0.908203125,0.9541015625,0.02294921875,-0.024145223476268626,-0.038 -0.023 -0.046 -0.003
RL,position_scan,11,6,3600,0.728515625,0.8986328124999999,0.051920572916666664,-0.048320836491055015,0.096 0.009 -0.062 -0.049 -0.084 -0.056
RL,position_scan,11,8,3600,0.517578125,0.8533063616071428,0.0755615234375,-0.06636470083206418,0.293 -0.112 0.040 -0.085 -0.085 -0.051 -0.002 -0.171
RL,position_scan,11,4,7200,0.8681640625,0.93359375,0.033447265625,0.2599432733323839,0.086 0.301 0.320 0.159
RL,position_scan,11,6,7200,0.61328125,0.8540364583333333,0.0751953125,0.32693152957492405,0.252 0.374 0.399 0.480 0.375 0.007
RL,position_scan,11,8,7200,0.30078125,0.7598702566964286,0.12646484375,0.4257437350257995,0.430 0.293 0.414 0.503 0.599 0.595 0.745 -0.170
RL,position_scan,11,4,14400,0.9521484375,0.9801432291666667,0.0087890625,0.013315236126935035,-0.089 -0.070 -0.033 0.142
RL,position_scan,11,6,14400,0.8251953125,0.9498697916666667,0.02392578125,-0.013357129361894444,-0.078 -0.104 -0.191 0.031 0.121 0.077
RL,position_scan,11,8,14400,0.576171875,0.8897181919642857,0.0552978515625,0.007458944169301833,-0.110 -0.022 -0.285 -0.290 0.054 0.179 0.364 0.052
RL,position_scan,11,4,28800,0.974609375,0.9889322916666667,0.005126953125,0.024319666403311273,-0.094 0.066 0.015 -0.008
RL,position_scan,11,6,28800,0.919921875,0.975390625,0.012044270833333332,-0.008532828754848955,-0.120 -0.033 -0.006 0.054 -0.024 -0.033
RL,position_scan,11,8,28800,0.6484375,0.9011579241071428,0.05029296875,0.07615734660436237,-0.144 0.751 -0.374 -0.079 0.061 0.018 0.118 0.039
RL,position_scan,11,4,36000,0.9755859375,0.9890950520833334,0.005126953125,0.053810455180980536,0.006 0.058 0.041 0.062
RL,position_scan,11,6,36000,0.9248046875,0.9770182291666666,0.01123046875,0.10102968745761445,0.007 0.028 0.066 0.146 0.229 0.037
RL,position_scan,11,8,36000,0.2744140625,0.7545340401785715,0.129150390625,0.46845534491160556,-0.076 0.952 0.750 0.081 0.181 0.886 0.325 0.105
RL,position_scan,22,4,900,0.7392578125,0.8694661458333334,0.065185546875,0.12456787957085504,-0.072 0.021 0.244 0.109
RL,position_scan,22,6,900,0.3662109375,0.7400390625,0.13639322916666669,0.16493973467085093,0.045 -0.224 0.164 0.410 0.512 -0.038
RL,position_scan,22,8,900,0.1015625,0.6196637834821428,0.2073974609375,0.17198867268032497,0.268 -0.439 -0.132 0.256 0.480 0.735 0.601 -0.298
RL,position_scan,22,4,1800,0.849609375,0.9248046875,0.03759765625,0.0392886444374367,-0.008 0.026 0.061 0.031
RL,position_scan,22,6,1800,0.66796875,0.8669270833333333,0.06949869791666666,-0.00010395712322664453,0.153 -0.068 0.059 0.089 0.065 -0.146
RL,position_scan,22,8,1800,0.4228515625,0.8050362723214286,0.1024169921875,-0.0451320693606422,0.364 -0.289 0.060 0.041 0.013 0.081 0.152 -0.375
RL,position_scan,22,4,3600,0.8974609375,0.94873046875,0.025634765625,-0.11664037351255063,-0.005 -0.091 -0.169 -0.089
RL,position_scan,22,6,3600,0.6943359375,0.8873697916666666,0.05777994791666666,-0.16994824674394401,0.164 -0.051 -0.177 -0.217 -0.267 -0.138
RL,position_scan,22,8,3600,0.4296875,0.8126395089285714,0.097900390625,-0.26836626113407197,0.381 -0.278 -0.105 -0.272 -0.350 -0.344 -0.310 -0.220
RL,position_scan,22,4,7200,0.9091796875,0.9558919270833333,0.021728515625,-0.1277188460032145,-0.163 -0.099 -0.150 -0.133
RL,position_scan,22,6,7200,0.734375,0.9030598958333333,0.04947916666666666,-0.2149611181683011,-0.098 -0.168 -0.119 -0.155 -0.322 -0.312
RL,position_scan,22,8,7200,0.45703125,0.8313685825892858,0.0870361328125,-0.3234433370923239,0.056 -0.455 -0.212 -0.163 -0.171 -0.266 -0.466 -0.531
RL,position_scan,22,4,14400,0.955078125,0.9781901041666667,0.0107421875,0.052741147853710035,-0.113 -0.060 0.101 0.118
RL,position_scan,22,6,14400,0.8271484375,0.9410156249999999,0.029622395833333332,-0.006910509533352373,-0.079 -0.180 -0.081 0.127 0.062 0.037
RL,position_scan,22,8,14400,0.5166015625,0.861328125,0.0709228515625,-0.14512296706911118,-0.063 -0.557 -0.349 -0.135 0.110 0.322 -0.371 -0.036
RL,position_scan,22,4,28800,0.9716796875,0.9874674479166667,0.005859375,-0.04510685249611183,0.009 -0.143 -0.072 0.080
RL,position_scan,22,6,28800,0.8994140625,0.9701822916666667,0.014322916666666666,-0.09174987342622551,0.056 -0.093 -0.205 -0.086 -0.138 0.062
RL,position_scan,22,8,28800,0.23828125,0.7865862165178571,0.108642578125,-0.38383111121162533,0.134 -1.093 -0.697 -0.248 -0.092 -0.016 -0.613 0.072
RL,position_scan,22,4,36000,0.9765625,0.9886067708333333,0.005615234375,-0.010915332370334206,0.124 0.068 -0.155 0.055
RL,position_scan,22,6,36000,0.904296875,0.9695963541666666,0.014973958333333332,-0.02027816242641878,0.154 0.210 -0.011 -0.184 -0.132 0.015
RL,position_scan,22,8,36000,0.6337890625,0.9002859933035714,0.050537109375,0.015457168458000067,0.151 0.913 0.353 -0.055 -0.157 -0.064 -0.870 -0.011
RL,position_scan,33,4,900,0.7470703125,0.8728841145833333,0.063720703125,0.027079935427065254,0.139 0.161 -0.006 -0.073
RL,position_scan,33,6,900,0.4072265625,0.7434244791666667,0.13623046875,0.011172625753614596,0.307 0.065 0.215 0.025 -0.037 -0.213
RL,position_scan,33,8,900,0.158203125,0.6450544084821428,0.1944580078125,-0.0031147684369768414,0.546 -0.001 0.194 0.207 -0.036 -0.001 0.032 -0.417
RL,position_scan,33,4,1800,0.86328125,0.9309895833333333,0.03466796875,-0.05208841076603641,-0.115 -0.125 -0.087 0.056
RL,position_scan,33,6,1800,0.6162109375,0.8513671875,0.07666015625,-0.12857584820853346,0.071 -0.276 -0.167 -0.162 -0.018 -0.021
RL,position_scan,33,8,1800,0.3095703125,0.7606375558035715,0.126220703125,-0.21619743771023225,0.325 -0.550 -0.271 -0.264 -0.294 -0.145 0.211 -0.200
RL,position_scan,33,4,3600,0.87890625,0.9404296875,0.029296875,-0.0740483072068956,-0.237 -0.184 -0.083 0.045
RL,position_scan,33,6,3600,0.6416015625,0.8705729166666667,0.0654296875,-0.17294787036048048,-0.110 -0.372 -0.274 -0.125 -0.015 -0.078
RL,position_scan,33,8,3600,0.34375,0.7943289620535715,0.106201171875,-0.25977354201059494,0.059 -0.631 -0.372 -0.392 -0.249 -0.060 0.143 -0.257
RL,position_scan,33,4,7200,0.9033203125,0.95654296875,0.0205078125,0.05062465314511899,-0.192 0.003 0.166 -0.016
RL,position_scan,33,6,7200,0.67578125,0.8892578124999999,0.05533854166666666,0.010121597184075204,-0.067 -0.232 0.077 0.250 0.162 -0.206
RL,position_scan,33,8,7200,0.40625,0.8258579799107143,0.0887451171875,-0.05283427616906544,0.077 -0.600 -0.191 0.130 0.293 0.338 0.029 -0.367
RL,position_scan,33,4,14400,0.962890625,0.9827473958333334,0.00830078125,-0.04420364344561541,0.024 0.049 -0.178 -0.004
RL,position_scan,33,6,14400,0.8662109375,0.95859375,0.020182291666666664,-0.05332929558224153,0.090 0.108 0.072 -0.180 -0.191 -0.075
RL,position_scan,33,8,14400,0.685546875,0.9131208147321428,0.044189453125,-0.0667008710285974,0.180 0.635 0.102 0.065 -0.210 -0.216 -0.699 -0.144
RL,position_scan,33,4,28800,0.962890625,0.982421875,0.008544921875,0.06417985315676089,-0.034 0.072 0.081 0.039
RL,position_scan,33,6,28800,0.90625,0.9672526041666667,0.0166015625,0.06279243363274464,-0.008 -0.002 0.126 0.093 0.041 0.055
RL,position_scan,33,8,28800,0.4658203125,0.842041015625,0.0810546875,0.10334272233266681,0.066 -0.513 -0.156 0.183 0.107 0.381 0.643 0.078
RL,position_scan,33,4,36000,0.9794921875,0.99267578125,0.0029296875,-0.01484579510158963,-0.030 -0.025 -0.009 -0.010
RL,position_scan,33,6,36000,0.9423828125,0.9831380208333333,0.008138020833333332,-0.0018147693739997515,-0.011 -0.020 -0.015 0.037 0.036 -0.047
RL,position_scan,33,8,36000,0.669921875,0.9065638950892857,0.0477294921875,-0.03334170296078636,0.024 -0.525 -0.204 -0.000 0.063 0.165 0.252 0.016
RL,position_scan,44,4,900,0.7314453125,0.8619791666666667,0.0693359375,0.058964667496857824,-0.077 -0.069 0.150 0.096
RL,position_scan,44,6,900,0.3857421875,0.7447265625,0.13362630208333331,0.013604813151889331,0.097 -0.392 -0.098 0.126 0.444 -0.012
RL,position_scan,44,8,900,0.0986328125,0.6299525669642858,0.2003173828125,-0.06088987229362365,0.332 -0.620 -0.424 -0.258 0.021 0.528 0.569 -0.242
RL,position_scan,44,4,1800,0.7841796875,0.8916015625,0.05419921875,0.23423110997235333,0.194 0.254 0.254 0.195
RL,position_scan,44,6,1800,0.455078125,0.7878255208333332,0.11002604166666667,0.29872987005445684,0.386 0.378 0.355 0.352 0.294 0.115
RL,position_scan,44,8,1800,0.15625,0.6786063058035714,0.1719970703125,0.3689139608352903,0.639 0.304 0.553 0.446 0.447 0.403 0.447 -0.018
RL,position_scan,44,4,3600,0.89453125,0.9485677083333334,0.025390625,0.09903965172944246,-0.002 0.021 0.100 0.176
RL,position_scan,44,6,3600,0.6591796875,0.8729817708333333,0.06510416666666666,0.09137361579471161,0.074 0.064 -0.021 0.133 0.233 0.048
RL,position_scan,44,8,3600,0.4384765625,0.8216378348214286,0.0926513671875,0.09236352784293037,0.184 0.011 -0.045 -0.074 0.132 0.267 0.469 -0.113
RL,position_scan,44,4,7200,0.900390625,0.9501953125,0.02490234375,0.11287441960087526,0.195 0.282 0.102 -0.045
RL,position_scan,44,6,7200,0.7236328125,0.9016927083333333,0.05013020833333333,0.178083234363132,0.373 0.393 0.352 0.238 -0.051 -0.041
RL,position_scan,44,8,7200,0.408203125,0.8165108816964286,0.09521484375,0.2603690207950652,0.545 0.806 0.367 0.430 0.331 0.183 -0.133 -0.161
RL,position_scan,44,4,14400,0.9677734375,0.9881184895833334,0.0048828125,0.027968883514404297,-0.025 0.006 0.027 0.051
RL,position_scan,44,6,14400,0.892578125,0.9652994791666667,0.017252604166666664,0.028533114327324714,-0.041 0.017 0.072 0.097 -0.004 -0.039
RL,position_scan,44,8,14400,0.6650390625,0.9088309151785715,0.04638671875,-0.004324856258573984,0.005 0.385 -0.286 0.094 0.143 0.085 -0.331 -0.120
RL,position_scan,44,4,28800,0.98046875,0.9908854166666667,0.00439453125,0.01616884160924841,-0.091 -0.021 0.075 -0.006
RL,position_scan,44,6,28800,0.9287109375,0.9784505208333334,0.010416666666666668,0.004354688856336758,-0.048 -0.012 -0.033 0.086 0.012 -0.031
RL,position_scan,44,8,28800,0.6748046875,0.909912109375,0.0457763671875,0.021539037189786392,0.093 -0.091 -0.327 -0.098 0.144 0.363 0.219 -0.059
RL,position_scan,44,4,36000,0.984375,0.9931640625,0.003173828125,0.0018815199534098302,-0.015 -0.016 0.029 -0.007
RL,position_scan,44,6,36000,0.947265625,0.9840494791666666,0.007649739583333332,0.004153821203443692,-0.040 0.014 -0.064 0.092 0.010 -0.030
RL,position_scan,44,8,36000,0.5654296875,0.880615234375,0.0606689453125,0.1944807976011246,-0.043 0.293 -0.059 -0.177 0.126 0.525 0.648 0.005
RL,position_scan,55,4,900,0.7587890625,0.88427734375,0.056640625,-0.02528159706680864,0.009 -0.139 -0.029 0.091
RL,position_scan,55,6,900,0.41015625,0.7610026041666667,0.12483723958333333,-0.08052357700135979,0.188 -0.257 -0.167 -0.109 0.154 -0.025
RL,position_scan,55,8,900,0.1650390625,0.6697823660714286,0.177734375,-0.08943353380475727,0.417 -0.285 -0.217 -0.200 -0.150 0.060 0.365 -0.199
RL,position_scan,55,4,1800,0.82421875,0.9152018229166667,0.04150390625,0.17315339159082485,0.133 0.257 0.185 0.077
RL,position_scan,55,6,1800,0.515625,0.8216145833333333,0.09098307291666666,0.21803356541527638,0.246 0.343 0.343 0.272 0.211 -0.078
RL,position_scan,55,8,1800,0.2060546875,0.7101702008928572,0.15380859375,0.2618380576845199,0.457 0.187 0.562 0.443 0.318 0.274 0.327 -0.279
RL,position_scan,55,4,3600,0.8798828125,0.9402669270833334,0.02978515625,-0.04048886122526946,0.153 0.051 -0.087 -0.086
RL,position_scan,55,6,3600,0.6796875,0.8886067708333333,0.05598958333333333,-0.04998324977027051,0.195 0.168 0.068 -0.040 -0.234 -0.212
RL,position_scan,55,8,3600,0.4794921875,0.8353097098214286,0.08544921875,-0.06294085865929012,0.294 0.192 0.180 0.071 -0.049 -0.184 -0.274 -0.378
RL,position_scan,55,4,7200,0.9296875,0.9646809895833333,0.017578125,-0.06236027788232874,-0.135 -0.077 -0.095 -0.015
RL,position_scan,55,6,7200,0.7978515625,0.9312499999999999,0.0341796875,-0.13184595770306062,-0.006 -0.099 -0.131 -0.078 -0.190 -0.162
RL,position_scan,55,8,7200,0.580078125,0.8857421875,0.0576171875,-0.24276453351217603,0.150 -0.379 -0.198 -0.171 -0.133 -0.125 -0.363 -0.329
RL,position_scan,55,4,14400,0.947265625,0.9752604166666667,0.011962890625,-0.07562734462596753,-0.078 -0.049 -0.113 -0.065
RL,position_scan,55,6,14400,0.853515625,0.9563151041666667,0.02099609375,-0.07747416363822095,-0.014 -0.073 -0.043 -0.130 -0.065 -0.076
RL,position_scan,55,8,14400,0.6513671875,0.9130161830357142,0.043212890625,-0.06930343688480436,0.008 0.227 0.028 -0.061 -0.128 0.047 -0.473 -0.127
RL,position_scan,55,4,28800,0.9736328125,0.9890950520833334,0.0048828125,-0.022212531831529398,-0.011 -0.075 -0.072 0.081
RL,position_scan,55,6,28800,0.94140625,0.9820963541666667,0.0087890625,-0.03068263000912142,0.026 0.008 -0.160 -0.158 0.025 0.131
RL,position_scan,55,8,28800,0.79296875,0.944091796875,0.0283203125,-0.022109217113918746,0.096 0.613 -0.129 -0.217 -0.189 0.092 -0.453 0.128
RL,position_scan,55,4,36000,0.9765625,0.9899088541666667,0.004638671875,-0.0550489513962357,0.036 -0.082 -0.094 0.011
RL,position_scan,55,6,36000,0.9267578125,0.9818359375,0.00830078125,-0.05731855498419873,0.045 -0.008 -0.130 -0.123 -0.051 0.024
RL,position_scan,55,8,36000,0.724609375,0.9276297433035714,0.036376953125,-0.18058939585610043,-0.029 0.184 -0.163 -0.187 -0.091 -0.151 -0.892 0.035
RL,position_scan,66,4,900,0.7568359375,0.87353515625,0.064453125,-0.10925650596618652,0.037 -0.149 -0.153 -0.025
RL,position_scan,66,6,900,0.4345703125,0.7595052083333333,0.126953125,-0.15228780772950917,0.175 -0.212 -0.188 -0.231 0.091 -0.222
RL,position_scan,66,8,900,0.1708984375,0.6591448102678572,0.18603515625,-0.19240131453862266,0.399 -0.243 -0.253 -0.279 -0.374 0.025 0.235 -0.457
RL,position_scan,66,4,1800,0.84375,0.9251302083333334,0.036376953125,-0.05095865991380479,-0.032 -0.152 0.041 -0.042
RL,position_scan,66,6,1800,0.58984375,0.8467447916666666,0.07861328125,-0.12954915232128572,0.122 -0.220 -0.243 0.003 0.041 -0.230
RL,position_scan,66,8,1800,0.3291015625,0.7681361607142858,0.122314453125,-0.1764733639974443,0.328 -0.303 -0.289 -0.328 -0.050 0.114 0.061 -0.441
RL,position_scan,66,4,3600,0.9140625,0.95751953125,0.02099609375,0.04833314153883193,-0.127 -0.001 0.107 0.039
RL,position_scan,66,6,3600,0.705078125,0.8923828125,0.054850260416666664,0.03385821315977304,-0.018 -0.081 -0.001 0.150 0.203 -0.102
RL,position_scan,66,8,3600,0.470703125,0.8304617745535714,0.0885009765625,0.02166997818719773,0.139 -0.205 -0.099 -0.027 0.132 0.246 0.362 -0.259
RL,position_scan,66,4,7200,0.919921875,0.9612630208333334,0.01904296875,0.0693996305818911,0.120 -0.004 0.119 0.093
RL,position_scan,66,6,7200,0.74609375,0.90703125,0.047526041666666664,0.02014658186170785,0.173 -0.054 -0.068 0.096 0.170 -0.044
RL,position_scan,66,8,7200,0.5498046875,0.8600376674107143,0.072509765625,0.030026852138458737,0.282 0.208 -0.265 -0.132 0.043 0.292 0.257 -0.193
RL,position_scan,66,4,14400,0.9609375,0.9814453125,0.009033203125,0.0335089365641276,-0.062 0.048 0.057 -0.005
RL,position_scan,66,6,14400,0.8623046875,0.9570963541666667,0.02099609375,0.03148783577813038,-0.019 0.016 0.103 0.157 0.030 -0.149
RL,position_scan,66,8,14400,0.595703125,0.8879045758928572,0.0570068359375,0.11675497842213463,0.138 0.426 -0.143 0.134 0.212 0.221 0.218 -0.251
RL,position_scan,66,4,28800,0.9755859375,0.98876953125,0.00537109375,0.01609594733626754,-0.048 -0.002 0.024 0.027
RL,position_scan,66,6,28800,0.884765625,0.9643880208333333,0.017415364583333332,-0.0015827880965339318,-0.046 -0.100 -0.067 0.086 0.053 0.020
RL,position_scan,66,8,28800,0.185546875,0.7604282924107143,0.122802734375,0.28523484865824383,-0.075 0.516 -0.260 -0.170 0.173 0.289 1.355 0.093
RL,position_scan,66,4,36000,0.984375,0.9934895833333334,0.0029296875,-0.020197365019056533,-0.047 0.029 -0.017 -0.073
RL,position_scan,66,6,36000,0.935546875,0.9802734375,0.009602864583333332,-0.031302001741197426,-0.042 0.006 0.000 0.053 -0.075 -0.141
RL,position_scan,66,8,36000,0.5966796875,0.8796037946428571,0.06201171875,-0.07404414434281607,-0.039 0.160 -0.563 -0.091 0.141 -0.217 0.121 -0.070
RL,position_scan,77,4,900,0.7783203125,0.8829752604166666,0.0595703125,-0.02743937351085522,0.028 0.030 -0.103 -0.009
RL,position_scan,77,6,900,0.4423828125,0.7723958333333334,0.11946614583333333,-0.02051340209113232,0.209 -0.042 0.088 -0.060 0.043 -0.131
RL,position_scan,77,8,900,0.1884765625,0.66650390625,0.18115234375,-0.054508125971234035,0.489 -0.184 0.159 0.078 -0.114 -0.102 0.138 -0.357
RL,position_scan,77,4,1800,0.865234375,0.9296875,0.035888671875,-0.07623707806622541,-0.060 -0.084 -0.092 -0.053
RL,position_scan,77,6,1800,0.5986328125,0.8412109375000001,0.08251953125,-0.13682554827796095,0.069 -0.180 -0.132 -0.139 -0.075 -0.159
RL,position_scan,77,8,1800,0.3525390625,0.7765415736607144,0.117431640625,-0.21536571638924734,0.270 -0.365 -0.178 -0.230 -0.220 -0.124 -0.042 -0.349
RL,position_scan,77,4,3600,0.8837890625,0.9412434895833334,0.029541015625,-0.14473751739219384,0.041 0.031 -0.229 -0.236
RL,position_scan,77,6,3600,0.6484375,0.8682291666666666,0.06770833333333333,-0.20182767179277214,0.134 0.231 -0.033 -0.292 -0.545 -0.370
RL,position_scan,77,8,3600,0.2431640625,0.7424665178571429,0.135009765625,-0.2707845067221021,0.271 0.278 0.241 -0.118 -0.377 -0.631 -0.704 -0.584
RL,position_scan,77,4,7200,0.9072265625,0.9539388020833334,0.02294921875,0.06717761357625325,-0.175 -0.150 0.146 0.206
RL,position_scan,77,6,7200,0.6845703125,0.8880859374999999,0.056803385416666664,-0.003891057438320622,-0.074 -0.310 -0.177 0.161 0.217 0.089
RL,position_scan,77,8,7200,0.3583984375,0.8029436383928572,0.1016845703125,-0.07061462553720628,0.004 -0.742 -0.454 -0.180 0.158 0.385 0.386 -0.047
RL,position_scan,77,4,14400,0.9560546875,0.97900390625,0.01025390625,-0.046307599103009266,-0.008 0.025 -0.107 -0.057
RL,position_scan,77,6,14400,0.8857421875,0.9631510416666667,0.018229166666666664,-0.047949618763393875,0.084 0.065 0.018 -0.033 -0.176 -0.114
RL,position_scan,77,8,14400,0.6630859375,0.912353515625,0.0440673828125,-0.01892534513322134,0.154 0.261 -0.061 0.020 0.027 -0.203 0.014 -0.191
RL,position_scan,77,4,28800,0.9755859375,0.9890950520833333,0.005126953125,-0.016522981502391672,-0.068 0.044 -0.030 -0.064
RL,position_scan,77,6,28800,0.9248046875,0.9798177083333333,0.009440104166666666,-0.006773776478237627,-0.086 -0.001 0.045 0.032 -0.063 -0.047
RL,position_scan,77,8,28800,0.541015625,0.8683733258928571,0.0672607421875,0.028098102599855453,-0.074 -0.380 -0.292 0.006 0.061 0.154 0.649 -0.002
RL,position_scan,77,4,36000,0.9765625,0.9886067708333333,0.005615234375,0.0013589417492901855,-0.021 -0.063 0.030 0.037
RL,position_scan,77,6,36000,0.9267578125,0.9768880208333334,0.011393229166666664,0.013832224739922369,-0.037 0.038 -0.142 0.097 0.051 0.025
RL,position_scan,77,8,36000,0.263671875,0.794677734375,0.1046142578125,0.367313339596703,-0.101 0.762 -0.176 -0.280 0.111 0.738 1.322 0.093
RL,position_scan,88,4,900,0.703125,0.8427734375,0.08056640625,0.14556107697663487,0.020 0.081 0.240 0.115
RL,position_scan,88,6,900,0.2890625,0.688671875,0.166015625,0.16566546095742113,0.159 -0.150 0.199 0.381 0.484 -0.085
RL,position_scan,88,8,900,0.0849609375,0.5954241071428572,0.22265625,0.20047980641561838,0.391 -0.334 -0.047 0.310 0.539 0.680 0.586 -0.331
RL,position_scan,88,4,1800,0.8466796875,0.9256184895833333,0.036376953125,-0.03278648411786115,-0.103 -0.157 -0.017 0.076
RL,position_scan,88,6,1800,0.5419921875,0.8298177083333333,0.08707682291666666,-0.11593719985749992,0.045 -0.306 -0.195 -0.106 0.068 -0.039
RL,position_scan,88,8,1800,0.26953125,0.74755859375,0.13330078125,-0.167763422405909,0.258 -0.562 -0.312 -0.292 -0.122 0.049 0.259 -0.195
RL,position_scan,88,4,3600,0.88671875,0.9449869791666667,0.027099609375,-0.10664683801156503,-0.045 -0.063 -0.122 -0.135
RL,position_scan,88,6,3600,0.7080078125,0.8990885416666667,0.05078125,-0.14000046915478184,0.059 -0.059 -0.122 -0.116 -0.231 -0.172
RL,position_scan,88,8,3600,0.4775390625,0.8432965959821428,0.0806884765625,-0.2213273729596819,0.224 -0.266 -0.143 -0.214 -0.172 -0.186 -0.294 -0.274
RL,position_scan,88,4,7200,0.9169921875,0.9568684895833333,0.02197265625,0.1557236689108389,-0.109 0.238 0.202 0.027
RL,position_scan,88,6,7200,0.7265625,0.9090494791666667,0.04524739583333333,0.19089219305250377,-0.027 0.160 0.363 0.352 0.145 -0.066
RL,position_scan,88,8,7200,0.4755859375,0.8415178571428572,0.08154296875,0.19312669360448442,0.081 -0.204 0.273 0.497 0.492 0.392 0.079 -0.177
RL,position_scan,88,4,14400,0.9677734375,0.98681640625,0.005859375,-0.025760023682205768,-0.051 -0.051 -0.039 0.013
RL,position_scan,88,6,14400,0.8828125,0.96484375,0.016927083333333332,-0.07028614150153271,-0.013 0.001 -0.107 -0.060 -0.073 -0.112
RL,position_scan,88,8,14400,0.6318359375,0.8980887276785714,0.0517578125,-0.2432098842802502,0.080 -0.538 -0.275 -0.147 -0.110 0.040 -0.463 -0.210
RL,position_scan,88,4,28800,0.96875,0.9856770833333334,0.0068359375,-0.02758449978298611,-0.153 0.015 -0.023 -0.074
RL,position_scan,88,6,28800,0.9169921875,0.9732421874999999,0.013346354166666666,-0.024501429663764156,-0.081 0.013 0.064 -0.023 -0.031 -0.145
RL,position_scan,88,8,28800,0.73828125,0.9314662388392857,0.034423828125,-0.09428347860063824,-0.039 -0.037 -0.122 0.125 0.029 0.117 -0.581 -0.191
RL,position_scan,88,4,36000,0.9873046875,0.9947916666666667,0.002197265625,0.05700526414094148,-0.069 0.124 0.034 0.013
RL,position_scan,88,6,36000,0.9306640625,0.9789713541666667,0.010253906249999998,0.05958463086022268,-0.046 0.097 0.177 0.056 -0.000 -0.032
RL,position_scan,88,8,36000,0.6982421875,0.9203055245535714,0.0401611328125,0.06723428529406349,-0.063 0.280 0.189 0.228 0.111 0.365 -0.657 -0.045
RL,phase_scan,11,4,900,0.7646484375,0.884765625,0.056640625,-0.13231140595895274,-0.131 -0.142 -0.182 -0.073
RL,phase_scan,11,6,900,0.3564453125,0.7337890625,0.13948567708333331,-0.3831961221165129,0.154 -0.585 -0.434 -0.262 -0.292 -0.343
RL,phase_scan,11,8,900,0.060546875,0.5684988839285714,0.23876953125,-0.5144195329575313,0.465 -0.884 -0.244 -0.744 -0.472 -0.634 0.104 -0.727
RL,phase_scan,11,4,1800,0.8798828125,0.9430338541666667,0.027587890625,0.08424829553674769,-0.089 0.138 0.078 0.037
RL,phase_scan,11,6,1800,0.609375,0.8538411458333333,0.07486979166666667,0.10074795616997594,0.077 0.117 0.084 0.299 0.173 -0.171
RL,phase_scan,11,8,1800,0.28125,0.7489188058035715,0.1329345703125,0.10913430698334221,0.321 -0.417 0.616 0.131 0.431 0.049 0.390 -0.436
RL,phase_scan,11,4,3600,0.912109375,0.9573567708333334,0.02099609375,-0.002592846199318206,-0.030 0.008 -0.130 0.115
RL,phase_scan,11,6,3600,0.7138671875,0.8924479166666666,0.05533854166666666,-0.04947186178631257,0.167 -0.026 -0.221 0.019 -0.026 0.006
RL,phase_scan,11,8,3600,0.4521484375,0.8220563616071429,0.0931396484375,-0.10085372697739377,0.401 -0.132 0.137 -0.461 0.004 -0.394 0.309 -0.170
RL,phase_scan,11,4,7200,0.935546875,0.9700520833333334,0.014404296875,0.07707304424709743,0.105 0.161 -0.005 0.074
RL,phase_scan,11,6,7200,0.79296875,0.9298828124999999,0.03499348958333333,0.07900247308942987,0.244 0.163 0.011 0.150 0.144 -0.073
RL,phase_scan,11,8,7200,0.552734375,0.8638392857142857,0.0704345703125,0.18349293678525896,0.438 0.455 0.337 -0.129 0.205 0.229 0.460 -0.272
RL,phase_scan,11,4,14400,0.9375,0.9713541666666667,0.013671875,-0.01495303931059661,-0.043 -0.053 -0.066 0.074
RL,phase_scan,11,6,14400,0.83984375,0.9507161458333333,0.024088541666666664,-0.0076644884215461406,0.021 -0.018 -0.112 -0.005 0.064 0.032
RL,phase_scan,11,8,14400,0.21484375,0.7310267857142858,0.1417236328125,-0.07736417982313368,0.257 -0.523 -0.692 -0.250 -0.055 1.035 0.091 -0.147
RL,phase_scan,11,4,28800,0.966796875,0.9856770833333334,0.006591796875,0.025429725646972656,-0.029 0.075 -0.033 0.034
RL,phase_scan,11,6,28800,0.923828125,0.9764322916666667,0.011555989583333332,0.01427306069268101,-0.003 0.003 0.040 0.009 0.005 0.015
RL,phase_scan,11,8,28800,0.2587890625,0.7303641183035715,0.1436767578125,0.30256857947697713,0.336 0.627 0.506 0.018 -0.043 0.740 0.577 -0.307
RL,phase_scan,11,4,36000,0.974609375,0.9876302083333334,0.006103515625,0.01389326872649016,0.006 0.051 -0.021 0.012
RL,phase_scan,11,6,36000,0.9111328125,0.9723958333333333,0.013509114583333332,0.03012424045138884,0.020 0.053 -0.015 0.059 0.088 -0.034
RL,phase_scan,11,8,36000,0.0625,0.61181640625,0.2110595703125,0.14798279792543442,0.356 1.037 0.250 -0.144 -0.017 0.377 -0.106 -0.362
RL,phase_scan,22,4,900,0.763671875,0.8885091145833334,0.0537109375,-0.03857073960480867,-0.170 -0.186 -0.053 0.123
RL,phase_scan,22,6,900,0.29296875,0.6958333333333333,0.16064453125,-0.21033293671078157,0.155 -0.738 -0.449 -0.012 0.290 -0.143
RL,phase_scan,22,8,900,0.0458984375,0.5533621651785714,0.2484130859375,-0.3049969105493456,0.481 -1.010 -0.395 -0.711 -0.149 -0.089 0.699 -0.479
RL,phase_scan,22,4,1800,0.830078125,0.9156901041666667,0.0419921875,0.12628091706169975,-0.070 0.025 0.188 0.166
RL,phase_scan,22,6,1800,0.4892578125,0.7973958333333333,0.10530598958333334,0.1782634788089328,0.157 -0.046 -0.067 0.413 0.683 -0.092
RL,phase_scan,22,8,1800,0.130859375,0.6803850446428572,0.17041015625,0.2156100386664981,0.426 -0.506 0.403 -0.057 0.590 0.555 0.896 -0.372
RL,phase_scan,22,4,3600,0.90625,0.9554036458333333,0.021728515625,0.055717759662204325,0.012 0.102 -0.020 0.084
RL,phase_scan,22,6,3600,0.673828125,0.87890625,0.06184895833333333,0.04606526427798797,0.190 0.190 -0.070 0.225 -0.025 -0.090
RL,phase_scan,22,8,3600,0.4140625,0.8058384486607144,0.1016845703125,0.04827654550945947,0.419 -0.121 0.575 -0.177 0.380 -0.306 0.288 -0.301
RL,phase_scan,22,4,7200,0.9208984375,0.96142578125,0.01904296875,0.06983611318800183,-0.072 0.126 0.013 0.071
RL,phase_scan,22,6,7200,0.697265625,0.8873046875,0.057779947916666664,0.1074650420082938,0.085 0.202 0.098 0.261 0.114 -0.138
RL,phase_scan,22,8,7200,0.2138671875,0.7184709821428572,0.1492919921875,0.34879154629177517,0.313 0.214 1.009 0.302 0.493 0.446 0.371 -0.395
RL,phase_scan,22,4,14400,0.9580078125,0.9786783854166667,0.0107421875,0.06737183641504359,-0.035 0.021 -0.035 0.216
RL,phase_scan,22,6,14400,0.84375,0.94765625,0.02620442708333333,0.013085120254092697,-0.003 -0.164 -0.067 0.068 0.079 0.151
RL,phase_scan,22,8,14400,0.1875,0.7031947544642858,0.157958984375,0.16449279255337185,0.264 -0.009 -0.112 -0.220 0.038 0.682 0.839 -0.066
RL,phase_scan,22,4,28800,0.9736328125,0.9861653645833334,0.007080078125,0.013358063167995872,-0.025 -0.026 0.091 -0.025
RL,phase_scan,22,6,28800,0.9453125,0.9836588541666667,0.007975260416666666,-0.004711912737952388,0.000 -0.081 -0.093 0.238 -0.040 -0.048
RL,phase_scan,22,8,28800,0.3310546875,0.7663225446428572,0.1243896484375,-0.08345087369283041,0.317 0.788 -0.613 -0.245 0.129 0.496 -0.756 -0.383
RL,phase_scan,22,4,36000,0.9814453125,0.9910481770833333,0.00439453125,0.03176243216903121,0.008 0.026 0.011 0.057
RL,phase_scan,22,6,36000,0.939453125,0.9826822916666667,0.00830078125,0.019023590617709495,-0.025 0.019 0.036 0.001 -0.009 0.048
RL,phase_scan,22,8,36000,0.3388671875,0.7797154017857142,0.1158447265625,-0.13954654572502015,0.316 0.165 -0.805 -0.085 -0.175 0.634 -0.444 -0.266
RL,phase_scan,33,4,900,0.7939453125,0.9010416666666667,0.048095703125,-0.01843161053127713,-0.114 -0.106 -0.089 0.139
RL,phase_scan,33,6,900,0.388671875,0.7493489583333334,0.13118489583333331,-0.17330142524507317,0.144 -0.463 -0.323 -0.035 0.086 -0.132
RL,phase_scan,33,8,900,0.1298828125,0.6391950334821428,0.196044921875,-0.23306231650095136,0.484 -0.808 -0.138 -0.527 -0.056 -0.333 0.683 -0.453
RL,phase_scan,33,4,1800,0.8544921875,0.93115234375,0.033447265625,-0.006565517849392355,-0.006 -0.064 -0.093 0.137
RL,phase_scan,33,6,1800,0.58984375,0.8486328124999999,0.0771484375,-0.09797816144095534,0.179 -0.208 -0.302 -0.020 0.058 -0.019
RL,phase_scan,33,8,1800,0.2783203125,0.7442452566964286,0.1357421875,-0.17150358548240055,0.443 -0.532 -0.002 -0.538 -0.076 -0.280 0.439 -0.211
RL,phase_scan,33,4,3600,0.9130859375,0.95849609375,0.020263671875,0.018827120463053387,-0.177 0.059 -0.130 0.127
RL,phase_scan,33,6,3600,0.65625,0.8701171875,0.06689453125,-0.07718424664603345,-0.013 -0.285 -0.097 0.010 -0.050 0.036
RL,phase_scan,33,8,3600,0.32421875,0.7782156808035714,0.1160888671875,-0.20173880789015028,0.205 -0.794 -0.001 -0.272 0.039 -0.350 0.076 -0.111
RL,phase_scan,33,4,7200,0.943359375,0.9747721354166666,0.01171875,0.003272604059290002,-0.149 -0.013 -0.022 0.045
RL,phase_scan,33,6,7200,0.8017578125,0.9337890625,0.03304036458333333,-0.05594748920864534,0.052 -0.172 -0.226 0.164 0.042 -0.087
RL,phase_scan,33,8,7200,0.44140625,0.8351004464285715,0.0849609375,-0.2420129284026131,0.293 -0.688 -0.588 -0.369 0.265 0.203 -0.267 -0.250
RL,phase_scan,33,4,14400,0.9580078125,0.9812825520833333,0.0087890625,-0.017064412434895832,0.009 0.030 -0.015 -0.065
RL,phase_scan,33,6,14400,0.869140625,0.9612630208333333,0.018717447916666664,-0.025728530353970054,0.011 0.062 -0.058 -0.009 0.023 -0.147
RL,phase_scan,33,8,14400,0.279296875,0.7361886160714286,0.1407470703125,-0.14832674510895258,0.244 0.448 -0.181 -0.006 0.024 -0.254 -0.737 -0.332
RL,phase_scan,33,4,28800,0.9697265625,0.9822591145833334,0.009521484375,-0.0008746871241816755,-0.034 -0.044 -0.004 0.046
RL,phase_scan,33,6,28800,0.9306640625,0.9802083333333333,0.009440104166666666,0.018737210167778816,-0.015 0.005 -0.023 0.029 0.082 0.001
RL,phase_scan,33,8,28800,0.2861328125,0.7694614955357144,0.1201171875,-0.16644937651497976,0.327 0.763 -0.075 0.012 0.030 -0.748 -0.865 -0.282
RL,phase_scan,33,4,36000,0.978515625,0.9912109375,0.00390625,-0.006997850206163194,-0.035 0.013 -0.014 -0.020
RL,phase_scan,33,6,36000,0.9345703125,0.9828776041666667,0.007975260416666666,0.009879403644137716,-0.032 -0.021 0.031 0.019 0.029 -0.008
RL,phase_scan,33,8,36000,0.0966796875,0.6467982700892858,0.1893310546875,-0.2166773780943855,0.294 0.977 -0.925 0.116 -0.002 -0.867 -0.498 -0.317
RL,phase_scan,44,4,900,0.7685546875,0.8798828125,0.06103515625,-0.05634188652038574,0.052 -0.114 -0.021 -0.035
RL,phase_scan,44,6,900,0.43359375,0.7554687499999999,0.1298828125,-0.18134350246853306,0.388 -0.160 -0.386 0.024 -0.051 -0.333
RL,phase_scan,44,8,900,0.126953125,0.6211286272321429,0.20849609375,-0.2613400656079489,0.768 -0.365 0.042 -0.717 -0.064 -0.284 0.272 -0.714
RL,phase_scan,44,4,1800,0.859375,0.9319661458333333,0.033447265625,0.10546763737996419,-0.028 0.045 0.086 0.185
RL,phase_scan,44,6,1800,0.4990234375,0.8035807291666666,0.10188802083333333,0.12603564394844896,0.182 -0.026 -0.098 0.306 0.511 -0.063
RL,phase_scan,44,8,1800,0.197265625,0.7099260602678571,0.154052734375,0.13889473582070974,0.455 -0.399 0.350 -0.148 0.433 0.245 0.838 -0.346
RL,phase_scan,44,4,3600,0.900390625,0.951171875,0.024169921875,-0.09849914798030146,0.092 -0.052 -0.181 -0.062
RL,phase_scan,44,6,3600,0.6376953125,0.8647786458333333,0.06949869791666666,-0.27184568511115187,0.275 0.030 -0.384 -0.140 -0.594 -0.271
RL,phase_scan,44,8,3600,0.1787109375,0.7056361607142857,0.1561279296875,-0.4322917877681672,0.523 -0.009 0.002 -0.686 -0.300 -0.901 -0.594 -0.538
RL,phase_scan,44,4,7200,0.921875,0.9619140625,0.018798828125,0.06105890980473271,0.031 0.103 -0.037 0.116
RL,phase_scan,44,6,7200,0.796875,0.9264973958333333,0.03743489583333333,0.03066100014580616,0.154 0.103 -0.064 0.153 0.028 -0.066
RL,phase_scan,44,8,7200,0.53125,0.851806640625,0.076904296875,0.08111847771538629,0.372 0.140 0.231 -0.209 0.260 0.095 0.338 -0.286
RL,phase_scan,44,4,14400,0.953125,0.9778645833333334,0.0107421875,0.0417874919043647,-0.029 0.017 0.034 0.074
RL,phase_scan,44,6,14400,0.861328125,0.9559244791666666,0.021647135416666664,0.02675618065728077,-0.012 -0.043 -0.105 0.166 0.077 0.038
RL,phase_scan,44,8,14400,0.3310546875,0.7698800223214286,0.1214599609375,0.059924579802013586,0.187 0.326 -0.633 -0.179 0.203 0.393 0.546 -0.237
RL,phase_scan,44,4,28800,0.974609375,0.986328125,0.007080078125,0.013633878142745408,-0.029 0.045 -0.007 0.004
RL,phase_scan,44,6,28800,0.9482421875,0.983203125,0.00830078125,0.019633226924472186,-0.043 0.006 0.061 0.039 -0.019 0.011
RL,phase_scan,44,8,28800,0.203125,0.6851632254464287,0.17041015625,0.13978670513819133,0.284 0.997 0.279 0.122 0.053 0.507 -0.665 -0.314
RL,phase_scan,44,4,36000,0.98046875,0.9908854166666666,0.00439453125,-0.005603543034306278,-0.001 0.025 -0.037 -0.005
RL,phase_scan,44,6,36000,0.923828125,0.976953125,0.01123046875,-0.005181339051988589,0.001 0.027 0.026 -0.050 -0.027 -0.003
RL,phase_scan,44,8,36000,0.0693359375,0.5450613839285714,0.256103515625,-0.06212989489237467,0.335 1.030 0.406 0.025 -0.142 -0.389 -1.052 -0.314
RL,phase_scan,55,4,900,0.76171875,0.8780924479166667,0.0615234375,0.0030950705210367885,-0.089 -0.121 0.060 0.071
RL,phase_scan,55,6,900,0.369140625,0.7319661458333333,0.14225260416666666,-0.0747995840178596,0.174 -0.387 -0.224 0.245 0.213 -0.221
RL,phase_scan,55,8,900,0.142578125,0.6395438058035714,0.1968994140625,-0.07493331318809872,0.516 -0.686 -0.012 -0.298 0.432 0.018 0.582 -0.560
RL,phase_scan,55,4,1800,0.8212890625,0.9108072916666667,0.044677734375,-0.050519395757604536,0.054 0.098 -0.158 -0.091
RL,phase_scan,55,6,1800,0.484375,0.8065755208333333,0.09912109375,-0.09098202652401398,0.261 0.397 -0.034 -0.011 -0.559 -0.247
RL,phase_scan,55,8,1800,0.130859375,0.6423688616071428,0.194580078125,-0.1202353220137339,0.553 0.062 0.731 -0.071 -0.020 -0.780 -0.269 -0.495
RL,phase_scan,55,4,3600,0.8974609375,0.95166015625,0.023193359375,0.003043413162231436,-0.043 -0.050 -0.087 0.146
RL,phase_scan,55,6,3600,0.63671875,0.8729817708333334,0.06380208333333333,-0.0066367851363288485,0.174 -0.093 -0.305 0.103 0.279 -0.018
RL,phase_scan,55,8,3600,0.3642578125,0.7962472098214286,0.1058349609375,-0.006734435520474884,0.430 -0.280 0.110 -0.507 0.212 -0.023 0.652 -0.212
RL,phase_scan,55,4,7200,0.91796875,0.9607747395833334,0.01904296875,0.13389185622886376,-0.082 0.207 0.024 0.171
RL,phase_scan,55,6,7200,0.73046875,0.9063802083333332,0.04720052083333333,0.15025307072533484,0.002 0.180 0.088 0.209 0.208 0.067
RL,phase_scan,55,8,7200,0.3125,0.779541015625,0.1146240234375,0.23194229792034812,0.175 0.271 0.454 0.040 0.353 0.481 0.120 -0.095
RL,phase_scan,55,4,14400,0.9609375,0.9837239583333333,0.00732421875,0.03312759929233127,0.040 0.077 -0.052 0.075
RL,phase_scan,55,6,14400,0.8671875,0.9587890625,0.020182291666666664,0.03172673119439014,0.053 0.127 -0.015 0.047 0.031 -0.032
RL,phase_scan,55,8,14400,0.29296875,0.7610909598214286,0.12548828125,0.11934562334938656,0.353 0.742 -0.060 0.114 0.062 0.895 -0.606 -0.310
RL,phase_scan,55,4,28800,0.9794921875,0.9923502604166667,0.003173828125,0.006310498272931134,0.061 0.025 -0.022 0.017
RL,phase_scan,55,6,28800,0.9365234375,0.9809244791666667,0.00927734375,-0.0070537196265328585,0.101 -0.020 0.012 -0.022 0.020 -0.026
RL,phase_scan,55,8,28800,0.22265625,0.7277483258928572,0.1439208984375,0.09814415659223283,0.452 0.466 -0.355 0.340 -0.017 1.016 -0.429 -0.333
RL,phase_scan,55,4,36000,0.978515625,0.9912109375,0.00390625,-0.013179779052734375,-0.021 -0.011 -0.018 -0.010
RL,phase_scan,55,6,36000,0.9306640625,0.9809895833333334,0.008951822916666666,-0.015526201989915684,-0.025 -0.011 -0.064 -0.017 0.017 -0.003
RL,phase_scan,55,8,36000,0.0224609375,0.6170479910714286,0.205322265625,-0.07015705108642575,0.279 -0.199 -0.968 0.138 -0.057 1.262 -0.362 -0.305
RL,phase_scan,66,4,900,0.7958984375,0.9021809895833334,0.0478515625,0.02335777989140263,-0.062 -0.025 -0.012 0.107
RL,phase_scan,66,6,900,0.4326171875,0.7777994791666667,0.11474609375,-0.024384167459276036,0.236 -0.164 -0.167 0.098 0.246 -0.135
RL,phase_scan,66,8,900,0.1572265625,0.6723284040178572,0.17578125,-0.04963078196086579,0.586 -0.501 0.215 -0.286 0.131 -0.062 0.619 -0.464
RL,phase_scan,66,4,1800,0.8603515625,0.93505859375,0.03125,-0.015642687126442244,-0.088 0.064 -0.041 -0.070
RL,phase_scan,66,6,1800,0.63671875,0.8687499999999999,0.06689453125,-0.07512675391303174,0.119 0.068 -0.057 0.114 -0.231 -0.270
RL,phase_scan,66,8,1800,0.337890625,0.7725306919642858,0.1192626953125,-0.11282892454238166,0.402 -0.438 0.464 -0.106 0.187 -0.322 -0.053 -0.523
RL,phase_scan,66,4,3600,0.888671875,0.9443359375,0.02783203125,-0.04684042047571254,0.048 0.136 -0.043 -0.233
RL,phase_scan,66,6,3600,0.66015625,0.8729166666666666,0.06526692708333334,-0.08327188756730841,0.233 0.129 0.013 0.162 -0.291 -0.428
RL,phase_scan,66,8,3600,0.3623046875,0.7884695870535714,0.1107177734375,-0.10925682764204721,0.510 0.110 0.463 -0.047 0.346 -0.344 -0.621 -0.671
RL,phase_scan,66,4,7200,0.921875,0.9615885416666667,0.01904296875,-0.07341278923882379,-0.208 -0.130 -0.089 -0.002
RL,phase_scan,66,6,7200,0.7216796875,0.9007161458333333,0.05045572916666666,-0.15014839834637123,-0.029 -0.338 -0.411 0.068 0.055 -0.125
RL,phase_scan,66,8,7200,0.240234375,0.7279924665178572,0.14453125,-0.4040468117547414,0.208 -0.719 -0.905 -0.674 0.139 0.076 -0.427 -0.318
RL,phase_scan,66,4,14400,0.9619140625,0.9825846354166667,0.00830078125,0.07412738270229764,-0.060 0.098 0.032 0.093
RL,phase_scan,66,6,14400,0.845703125,0.9495442708333333,0.025065104166666664,0.05139596594704503,-0.037 -0.005 0.024 0.196 0.015 0.028
RL,phase_scan,66,8,14400,0.083984375,0.6399274553571429,0.1937255859375,0.03942714797125923,0.213 0.089 -0.240 0.044 0.240 1.137 -0.792 -0.201
RL,phase_scan,66,4,28800,0.974609375,0.9889322916666667,0.005126953125,0.006560307961923104,0.003 0.001 -0.002 0.021
RL,phase_scan,66,6,28800,0.8701171875,0.9559244791666666,0.022135416666666664,-0.026721623208787754,-0.023 0.011 -0.043 0.087 -0.188 -0.001
RL,phase_scan,66,8,28800,0.0107421875,0.4748883928571428,0.296875,-0.11318290044390965,0.284 0.495 1.294 0.181 0.094 -1.518 -1.029 -0.309
RL,phase_scan,66,4,36000,0.9814453125,0.9913736979166666,0.004150390625,-0.04685318028485334,-0.008 -0.025 -0.060 -0.055
RL,phase_scan,66,6,36000,0.9248046875,0.9751302083333333,0.012369791666666664,-0.0488079256481595,0.007 -0.037 -0.080 -0.100 0.039 -0.065
RL,phase_scan,66,8,36000,0.0048828125,0.5293666294642857,0.2589111328125,-0.29966106490483363,0.340 -0.778 -1.195 0.090 -0.267 1.371 -1.017 -0.302
RL,phase_scan,77,4,900,0.79296875,0.888671875,0.05712890625,0.0010704994201660202,-0.110 -0.078 -0.025 0.107
RL,phase_scan,77,6,900,0.359375,0.7333333333333334,0.140625,-0.06939787334865999,0.149 -0.268 -0.253 0.058 0.289 -0.173
RL,phase_scan,77,8,900,0.1201171875,0.635009765625,0.1983642578125,-0.06496582712445942,0.459 -0.696 0.200 -0.364 0.214 0.002 0.703 -0.514
RL,phase_scan,77,4,1800,0.8720703125,0.9383138020833333,0.0302734375,-0.021925634808010522,-0.021 0.060 -0.008 -0.118
RL,phase_scan,77,6,1800,0.6064453125,0.8608723958333333,0.0703125,-0.10828680462307405,0.185 0.025 -0.085 0.190 -0.270 -0.402
RL,phase_scan,77,8,1800,0.3193359375,0.7632533482142858,0.124755859375,-0.15471464111691427,0.457 -0.385 0.407 -0.145 0.287 -0.293 -0.239 -0.716
RL,phase_scan,77,4,3600,0.919921875,0.9612630208333334,0.01904296875,-0.03796303713763203,-0.117 -0.036 -0.139 0.061
RL,phase_scan,77,6,3600,0.7138671875,0.8987630208333333,0.05110677083333333,-0.15798998541302156,0.062 -0.210 -0.245 0.040 -0.252 -0.123
RL,phase_scan,77,8,3600,0.412109375,0.81396484375,0.09619140625,-0.2755266711825416,0.286 -0.502 -0.002 -0.476 0.097 -0.476 -0.235 -0.336
RL,phase_scan,77,4,7200,0.94921875,0.9759114583333333,0.01171875,0.024226020883630822,-0.034 0.033 -0.057 0.097
RL,phase_scan,77,6,7200,0.8447265625,0.9515624999999999,0.023925781249999997,-0.005294428931342282,0.112 0.017 -0.194 0.115 0.116 -0.081
RL,phase_scan,77,8,7200,0.6044921875,0.8860212053571429,0.058349609375,-0.04477103551228841,0.312 -0.341 0.065 -0.353 0.260 0.394 -0.045 -0.294
RL,phase_scan,77,4,14400,0.9560546875,0.9806315104166667,0.009033203125,0.05122851442407678,0.013 0.083 0.019 0.052
RL,phase_scan,77,6,14400,0.8291015625,0.9444661458333332,0.027506510416666664,0.06368662251366489,0.073 0.059 0.038 0.212 0.059 -0.050
RL,phase_scan,77,8,14400,0.0654296875,0.5889369419642858,0.22509765625,0.3055904214344327,0.340 0.758 1.159 0.054 0.163 1.157 -0.857 -0.295
RL,phase_scan,77,4,28800,0.9814453125,0.99169921875,0.00390625,-0.006989064040007415,0.028 -0.002 -0.009 -0.010
RL,phase_scan,77,6,28800,0.9208984375,0.9782552083333333,0.01025390625,-0.019773628976610023,0.053 0.006 -0.010 0.018 -0.033 -0.080
RL,phase_scan,77,8,28800,0.2177734375,0.6944405691964286,0.16455078125,-0.09070385070074172,0.392 0.282 -0.346 0.048 -0.185 0.959 -1.002 -0.392
RL,phase_scan,77,4,36000,0.9814453125,0.99365234375,0.00244140625,-0.0012747005180076337,-0.011 -0.035 0.034 -0.002
RL,phase_scan,77,6,36000,0.9267578125,0.9796874999999999,0.009602864583333332,0.005447321467929367,-0.004 0.026 -0.074 0.080 -0.021 0.017
RL,phase_scan,77,8,36000,0.291015625,0.7381068638392858,0.140625,-0.022642896288917184,0.330 0.768 -0.700 -0.053 -0.210 0.896 -0.564 -0.296
RL,phase_scan,88,4,900,0.7373046875,0.8655598958333333,0.067626953125,0.18342291867291483,0.123 0.295 0.166 0.090
RL,phase_scan,88,6,900,0.314453125,0.7106119791666667,0.15218098958333331,0.348707252078586,0.396 0.555 0.436 0.441 0.490 -0.178
RL,phase_scan,88,8,900,0.044921875,0.5592215401785714,0.2447509765625,0.4106809790172274,0.752 0.191 0.917 0.591 0.668 0.328 0.675 -0.494
RL,phase_scan,88,4,1800,0.8505859375,0.9261067708333333,0.03662109375,-0.13544113547713668,0.040 -0.045 -0.208 -0.153
RL,phase_scan,88,6,1800,0.55859375,0.8318359375,0.08675130208333333,-0.2501441505220202,0.306 0.081 -0.322 -0.209 -0.482 -0.319
RL,phase_scan,88,8,1800,0.1611328125,0.6816057477678572,0.170654296875,-0.3314349954090421,0.644 -0.149 0.301 -0.549 -0.395 -0.731 -0.222 -0.574
RL,phase_scan,88,4,3600,0.8857421875,0.9484049479166667,0.0244140625,0.1310626224235252,-0.142 0.111 0.129 0.153
RL,phase_scan,88,6,3600,0.6376953125,0.8663411458333333,0.068359375,0.1576485368940565,0.022 0.012 -0.025 0.388 0.447 -0.034
RL,phase_scan,88,8,3600,0.27734375,0.7533830915178572,0.1297607421875,0.17692263164217506,0.243 -0.485 0.377 -0.134 0.604 0.454 0.673 -0.250
RL,phase_scan,88,4,7200,0.9384765625,0.9728190104166667,0.0126953125,0.009779002931382919,0.038 0.050 -0.062 0.041
RL,phase_scan,88,6,7200,0.810546875,0.9410807291666666,0.02880859375,-0.039405451880561035,0.222 0.031 -0.215 0.100 0.037 -0.150
RL,phase_scan,88,8,7200,0.59375,0.886474609375,0.0574951171875,-0.07692618975563656,0.450 0.162 -0.150 -0.451 0.136 -0.088 0.251 -0.398
RL,phase_scan,88,4,14400,0.9501953125,0.9737955729166666,0.013427734375,0.02898180926287616,-0.046 -0.003 0.070 0.019
RL,phase_scan,88,6,14400,0.8837890625,0.9662109375,0.016276041666666664,0.013577096992068771,0.030 -0.047 -0.051 0.138 0.068 -0.040
RL,phase_scan,88,8,14400,0.28515625,0.7434779575892858,0.1361083984375,0.005656991686139764,0.282 0.797 -0.912 -0.095 0.103 0.561 -0.069 -0.346
RL,phase_scan,88,4,28800,0.9814453125,0.99169921875,0.00390625,0.004014792265715422,-0.027 -0.003 -0.014 0.029
RL,phase_scan,88,6,28800,0.9248046875,0.9754557291666667,0.01220703125,0.004494958453708101,-0.011 0.017 0.000 -0.001 0.017 -0.011
RL,phase_scan,88,8,28800,0.0830078125,0.6334054129464286,0.197265625,0.14184970704336014,0.319 1.035 -0.394 0.068 -0.183 1.076 -0.261 -0.349
RL,phase_scan,88,4,36000,0.9833984375,0.99169921875,0.004150390625,0.0009062996617069949,0.001 0.001 -0.006 0.008
RL,phase_scan,88,6,36000,0.939453125,0.9821614583333333,0.008626302083333332,0.006310019228193446,-0.025 -0.013 -0.037 0.023 0.024 0.034
RL,phase_scan,88,8,36000,0.353515625,0.7807965959821429,0.1156005859375,-0.23201160960727266,0.306 0.062 -0.573 -0.044 -0.104 0.255 -0.971 -0.248
