arm,system,seed,n,step,exact,pairwise,no_match,interior_offset,offsets
B-b1,priority_scan,11,4,900,0.3681640625,0.65869140625,0.176513671875,0.6269009908040364,0.000 0.670 0.583 0.000
B-b1,priority_scan,11,6,900,0.0478515625,0.5368489583333333,0.2526041666666667,0.9944991270701089,0.000 0.889 1.185 1.083 0.820 -0.000
B-b1,priority_scan,11,8,900,0.0048828125,0.4756208147321428,0.297607421875,1.330924078270241,0.000 0.858 1.620 1.626 1.655 1.328 0.899 0.000
B-b1,priority_scan,11,4,1800,0.65625,0.818359375,0.09326171875,0.6789634625116985,0.000 0.667 0.691 0.000
B-b1,priority_scan,11,6,1800,0.0029296875,0.5095052083333333,0.26822916666666663,1.255951126416524,0.000 0.987 1.377 1.459 1.201 -0.000
B-b1,priority_scan,11,8,1800,0.0,0.5965750558035714,0.217529296875,1.7805180505469995,0.000 1.098 1.821 2.086 2.157 2.133 1.389 0.000
B-b1,priority_scan,11,4,3600,0.8076171875,0.90185546875,0.049560546875,0.536235769589742,0.000 0.534 0.538 0.000
B-b1,priority_scan,11,6,3600,0.052734375,0.5173828125000001,0.26774088541666663,1.0230634113152821,0.000 0.786 1.082 1.154 1.071 -0.000
B-b1,priority_scan,11,8,3600,0.0009765625,0.5878557477678571,0.2230224609375,1.4608191340057937,0.000 0.828 1.372 1.657 1.760 1.886 1.262 0.000
B-b1,priority_scan,11,4,7200,0.84765625,0.923828125,0.0380859375,0.5576442347632514,0.000 0.523 0.593 0.000
B-b1,priority_scan,11,6,7200,0.009765625,0.47233072916666674,0.294921875,1.0883439083894093,0.000 0.758 1.100 1.245 1.251 -0.000
B-b1,priority_scan,11,8,7200,0.0,0.6115025111607143,0.208251953125,1.5096886290444267,0.000 0.776 1.286 1.650 1.855 2.151 1.340 0.000
B-b1,priority_scan,11,4,14400,0.873046875,0.9327799479166666,0.034423828125,0.6510053740607368,0.000 0.636 0.666 0.000
B-b1,priority_scan,11,6,14400,0.0048828125,0.5014973958333334,0.2747395833333333,1.1773957808812456,0.000 0.880 1.291 1.332 1.206 -0.000
B-b1,priority_scan,11,8,14400,0.0,0.6427525111607144,0.18896484375,1.6133840216530693,0.000 0.806 1.585 1.906 1.999 2.054 1.331 0.000
B-b1,priority_scan,11,4,28800,0.9365234375,0.9679361979166666,0.01611328125,0.4741623666551378,0.000 0.519 0.429 0.000
B-b1,priority_scan,11,6,28800,0.095703125,0.4917317708333334,0.2928059895833333,1.0013728837172189,0.000 0.951 1.043 1.007 1.005 -0.000
B-b1,priority_scan,11,8,28800,0.0,0.5813337053571428,0.228515625,1.4406124309257224,0.000 1.201 1.494 1.526 1.526 1.783 1.114 0.000
B-b1,priority_scan,11,4,36000,0.94921875,0.97265625,0.01416015625,0.5913430452346802,0.000 0.578 0.605 0.000
B-b1,priority_scan,11,6,36000,0.0078125,0.4212239583333334,0.33251953125,1.0727225244045255,0.000 0.860 1.120 1.208 1.103 -0.000
B-b1,priority_scan,11,8,36000,0.0,0.634765625,0.1939697265625,1.5552208158704968,0.000 1.162 1.451 1.676 1.865 2.004 1.173 0.000
B-b1,priority_scan,22,4,900,0.201171875,0.5558268229166667,0.233154296875,0.5276393228107028,0.000 0.372 0.683 0.000
B-b1,priority_scan,22,6,900,0.025390625,0.4681640625000001,0.29833984375,0.9062279760837553,0.000 0.400 1.196 1.113 0.917 -0.000
B-b1,priority_scan,22,8,900,0.0,0.4391392299107142,0.3232421875,1.2625006834665935,0.000 0.413 1.514 1.654 1.636 1.403 0.956 0.000
B-b1,priority_scan,22,4,1800,0.6953125,0.8435872395833333,0.0791015625,0.44549458556705046,0.000 0.424 0.467 0.000
B-b1,priority_scan,22,6,1800,0.111328125,0.5719401041666667,0.23307291666666666,0.890571375687917,0.000 0.737 0.931 1.060 0.834 -0.000
B-b1,priority_scan,22,8,1800,0.0048828125,0.5568150111607142,0.2427978515625,1.3056677579879759,0.000 0.970 1.284 1.499 1.562 1.528 0.991 0.000
B-b1,priority_scan,22,4,3600,0.796875,0.8981119791666667,0.051025390625,0.4145497745937771,0.000 0.499 0.330 0.000
B-b1,priority_scan,22,6,3600,0.2041015625,0.6324218750000001,0.19840494791666663,0.822797268629074,0.000 0.774 0.882 0.820 0.815 -0.000
B-b1,priority_scan,22,8,3600,0.0068359375,0.5252511160714285,0.263916015625,1.1558907561832001,0.000 0.891 1.170 1.263 1.264 1.293 1.054 0.000
B-b1,priority_scan,22,4,7200,0.8310546875,0.9129231770833333,0.044189453125,0.6185474660661485,0.000 0.626 0.611 0.000
B-b1,priority_scan,22,6,7200,0.03125,0.5037109375000002,0.2740885416666667,1.1505939066410062,0.000 0.849 1.255 1.296 1.203 -0.000
B-b1,priority_scan,22,8,7200,0.0009765625,0.6312779017857144,0.196044921875,1.5417085974304763,0.000 0.831 1.420 1.830 1.941 1.952 1.277 0.000
B-b1,priority_scan,22,4,14400,0.9111328125,0.9558919270833333,0.02197265625,0.5753463506698608,0.000 0.578 0.573 0.000
B-b1,priority_scan,22,6,14400,0.0126953125,0.4238932291666667,0.32975260416666663,1.1234175165494282,0.000 0.928 1.184 1.193 1.190 -0.000
B-b1,priority_scan,22,8,14400,0.0,0.6150251116071428,0.2060546875,1.6591896834196869,0.000 1.185 1.560 1.829 1.781 2.198 1.402 0.000
B-b1,priority_scan,22,4,28800,0.96484375,0.9833984375,0.008056640625,0.42752868599361843,0.000 0.456 0.399 0.000
B-b1,priority_scan,22,6,28800,0.333984375,0.6913411458333334,0.16845703125,0.9151751299699147,0.000 0.853 0.927 0.923 0.957 -0.000
B-b1,priority_scan,22,8,28800,0.0,0.5113002232142856,0.2738037109375,1.301736964119805,0.000 1.160 1.352 1.369 1.422 1.482 1.025 0.000
B-b1,priority_scan,22,4,36000,0.9501953125,0.9754231770833334,0.01220703125,0.6038022041320801,0.000 0.610 0.598 0.000
B-b1,priority_scan,22,6,36000,0.0,0.38886718750000004,0.3572591145833333,1.1264176666736603,0.000 0.949 1.210 1.243 1.104 -0.000
B-b1,priority_scan,22,8,36000,0.0,0.6453683035714286,0.186767578125,1.6582787036895752,0.000 1.186 1.715 1.820 1.878 2.133 1.218 0.000
B-b1,priority_scan,33,4,900,0.1708984375,0.53515625,0.244140625,0.7033687829971313,0.000 0.610 0.797 0.000
B-b1,priority_scan,33,6,900,0.0166015625,0.4541015625000001,0.3074544270833333,1.1672217150529225,0.000 0.755 1.506 1.393 1.014 -0.000
B-b1,priority_scan,33,8,900,0.001953125,0.41437639508928564,0.340576171875,1.7174696922302246,0.000 0.942 2.267 2.333 2.032 1.715 1.016 0.000
B-b1,priority_scan,33,4,1800,0.708984375,0.8531901041666667,0.073486328125,0.4310344325171576,0.000 0.425 0.437 0.000
B-b1,priority_scan,33,6,1800,0.10546875,0.5807291666666667,0.2265625,0.8752219378948211,0.000 0.681 0.908 1.064 0.849 -0.000
B-b1,priority_scan,33,8,1800,0.001953125,0.5606515066964286,0.23974609375,1.2886755554764358,0.000 0.826 1.321 1.500 1.625 1.527 0.933 0.000
B-b1,priority_scan,33,4,3600,0.810546875,0.90283203125,0.049072265625,0.5317798588011,0.000 0.514 0.550 0.000
B-b1,priority_scan,33,6,3600,0.0576171875,0.5272786458333334,0.26025390625,1.0079431037108102,0.000 0.749 1.086 1.192 1.004 -0.000
B-b1,priority_scan,33,8,3600,0.0,0.5875418526785714,0.22314453125,1.440850363837348,0.000 0.824 1.342 1.666 1.832 1.815 1.167 0.000
B-b1,priority_scan,33,4,7200,0.8642578125,0.9295247395833333,0.035888671875,0.6301755375332303,0.000 0.644 0.617 0.000
B-b1,priority_scan,33,6,7200,0.0029296875,0.4575520833333334,0.30615234375,1.170588880777359,0.000 0.994 1.265 1.275 1.149 -0.000
B-b1,priority_scan,33,8,7200,0.0,0.6373116629464286,0.192626953125,1.6341799718362315,0.000 1.105 1.691 1.887 1.896 1.987 1.240 0.000
B-b1,priority_scan,33,4,14400,0.92578125,0.962890625,0.0185546875,0.5405314101113213,0.000 0.566 0.515 0.000
B-b1,priority_scan,33,6,14400,0.0302734375,0.43717447916666674,0.32503255208333326,1.0372879107793171,0.000 0.893 1.082 1.130 1.044 -0.000
B-b1,priority_scan,33,8,14400,0.0,0.6208844866071428,0.20263671875,1.5512209468417695,0.000 1.227 1.567 1.655 1.776 1.926 1.156 0.000
B-b1,priority_scan,33,4,28800,0.9375,0.9694010416666667,0.01513671875,0.5328848626878526,0.000 0.529 0.537 0.000
B-b1,priority_scan,33,6,28800,0.0009765625,0.34941406250000007,0.38525390625,1.059897243976593,0.000 0.845 1.076 1.168 1.150 -0.000
B-b1,priority_scan,33,8,28800,0.0,0.6148856026785715,0.2056884765625,1.6107949945661757,0.000 1.187 1.626 1.670 1.817 2.084 1.281 0.000
B-b1,priority_scan,33,4,36000,0.9638671875,0.98193359375,0.009033203125,0.5472794506284926,0.000 0.571 0.524 0.000
B-b1,priority_scan,33,6,36000,0.0126953125,0.3700520833333334,0.37353515624999994,1.025706281264623,0.000 0.880 1.065 1.095 1.064 -0.000
B-b1,priority_scan,33,8,36000,0.0,0.6138392857142858,0.2064208984375,1.4973030708454271,0.000 1.233 1.548 1.578 1.656 1.851 1.118 0.000
B-b1,priority_scan,44,4,900,0.427734375,0.6954752604166667,0.15576171875,0.2597901556226942,0.000 0.226 0.294 0.000
B-b1,priority_scan,44,6,900,0.0615234375,0.5304036458333334,0.25634765625,0.4971118768056232,0.000 0.044 0.590 0.547 0.807 -0.000
B-b1,priority_scan,44,8,900,0.01171875,0.4839215959821428,0.291259765625,0.7651721327393143,0.000 -0.011 0.602 0.724 0.960 1.234 1.083 0.000
B-b1,priority_scan,44,4,1800,0.671875,0.82568359375,0.089599609375,0.5421010653177897,0.000 0.528 0.556 0.000
B-b1,priority_scan,44,6,1800,0.021484375,0.5114583333333333,0.2677408854166667,1.0399242242177325,0.000 0.676 1.127 1.249 1.108 -0.000
B-b1,priority_scan,44,8,1800,0.0,0.5584193638392858,0.2410888671875,1.4547674081943651,0.000 0.556 1.322 1.676 1.887 1.946 1.343 0.000
B-b1,priority_scan,44,4,3600,0.4814453125,0.7332356770833333,0.13525390625,0.643439491589864,0.000 0.463 0.824 0.000
B-b1,priority_scan,44,6,3600,0.0078125,0.5157552083333334,0.26464843749999994,1.2994062403837838,0.000 0.857 1.192 1.634 1.515 -0.000
B-b1,priority_scan,44,8,3600,0.0,0.5503278459821429,0.247314453125,1.958340185659903,0.000 1.162 1.558 1.940 2.536 2.831 1.722 0.000
B-b1,priority_scan,44,4,7200,0.8525390625,0.921875,0.0400390625,0.5507401625315349,0.000 0.562 0.540 0.000
B-b1,priority_scan,44,6,7200,0.07421875,0.5470703125,0.24739583333333331,0.9924525022506713,0.000 0.704 1.078 1.173 1.015 -0.000
B-b1,priority_scan,44,8,7200,0.0048828125,0.5929827008928572,0.220703125,1.3308382475817646,0.000 0.747 1.201 1.595 1.693 1.748 1.001 0.000
B-b1,priority_scan,44,4,14400,0.8955078125,0.9461263020833334,0.02734375,0.6014347738689847,0.000 0.640 0.563 0.000
B-b1,priority_scan,44,6,14400,0.01171875,0.44544270833333344,0.31575520833333326,1.1751184364159901,0.000 1.081 1.304 1.205 1.110 -0.000
B-b1,priority_scan,44,8,14400,0.0,0.6333356584821429,0.1959228515625,1.5857961001219572,0.000 1.273 1.699 1.842 1.747 1.815 1.139 0.000
B-b1,priority_scan,44,4,28800,0.953125,0.9768880208333334,0.011474609375,0.5810785293579102,0.000 0.602 0.560 0.000
B-b1,priority_scan,44,6,28800,0.0068359375,0.40084635416666675,0.35026041666666663,1.116522302230199,0.000 1.001 1.239 1.175 1.051 -0.000
B-b1,priority_scan,44,8,28800,0.0,0.6707938058035715,0.1717529296875,1.6051655787008778,0.000 1.333 1.734 1.837 1.779 1.848 1.100 0.000
B-b1,priority_scan,44,4,36000,0.9462890625,0.97314453125,0.013427734375,0.5862089660432603,0.000 0.578 0.594 0.000
B-b1,priority_scan,44,6,36000,0.001953125,0.4580078125000001,0.3025716145833333,1.0931266844272614,0.000 0.822 1.116 1.283 1.151 -0.000
B-b1,priority_scan,44,8,36000,0.0,0.6507393973214286,0.184326171875,1.605206109859325,0.000 0.978 1.640 1.784 2.062 1.950 1.217 0.000
B-b1,priority_scan,55,4,900,0.189453125,0.55615234375,0.231201171875,0.7993961705101861,0.000 0.937 0.661 0.000
B-b1,priority_scan,55,6,900,0.0126953125,0.47304687500000014,0.29150390625,1.2905838588873544,0.000 1.463 1.776 1.162 0.762 -0.000
B-b1,priority_scan,55,8,900,0.0009765625,0.43788364955357134,0.3212890625,1.7117186828895852,0.000 1.506 2.754 2.322 1.718 1.234 0.735 0.000
B-b1,priority_scan,55,4,1800,0.6767578125,0.8367513020833333,0.081787109375,0.49885544512006974,0.000 0.532 0.465 0.000
B-b1,priority_scan,55,6,1800,0.0888671875,0.5698567708333333,0.23160807291666669,0.9647353986899058,0.000 0.971 1.023 1.020 0.845 -0.000
B-b1,priority_scan,55,8,1800,0.005859375,0.5345284598214285,0.2564697265625,1.277602138342681,0.000 0.849 1.509 1.481 1.461 1.436 0.931 0.000
B-b1,priority_scan,55,4,3600,0.8037109375,0.8986002604166666,0.051513671875,0.5431316296259562,0.000 0.542 0.544 0.000
B-b1,priority_scan,55,6,3600,0.046875,0.5113932291666667,0.2708333333333333,1.0509991645812986,0.000 0.818 1.105 1.200 1.082 -0.000
B-b1,priority_scan,55,8,3600,0.0,0.594482421875,0.2193603515625,1.5272395699112502,0.000 0.985 1.406 1.688 1.851 1.969 1.265 0.000
B-b1,priority_scan,55,4,7200,0.8427734375,0.9171549479166667,0.04248046875,0.6204885906643337,0.000 0.658 0.583 0.000
B-b1,priority_scan,55,6,7200,0.0107421875,0.49427083333333344,0.28092447916666663,1.2355221807956696,0.000 1.164 1.333 1.316 1.129 -0.000
B-b1,priority_scan,55,8,7200,0.0,0.6576102120535714,0.18017578125,1.7644422142593947,0.000 1.457 1.901 1.996 1.995 2.034 1.204 0.000
B-b1,priority_scan,55,4,14400,0.9228515625,0.9619140625,0.018798828125,0.5799922678205702,0.000 0.590 0.570 0.000
B-b1,priority_scan,55,6,14400,0.041015625,0.4677734375000001,0.3025716145833333,1.0719796021779378,0.000 0.875 1.174 1.176 1.063 -0.000
B-b1,priority_scan,55,8,14400,0.0,0.6178501674107142,0.2049560546875,1.4306960944776186,0.000 0.840 1.439 1.655 1.691 1.840 1.119 0.000
B-b1,priority_scan,55,4,28800,0.9443359375,0.9737955729166667,0.0126953125,0.4891694916619195,0.000 0.472 0.506 0.000
B-b1,priority_scan,55,6,28800,0.0673828125,0.49993489583333345,0.2810872395833333,0.9444037576516467,0.000 0.709 0.974 1.044 1.051 -0.000
B-b1,priority_scan,55,8,28800,0.0,0.5684640066964286,0.2352294921875,1.3824537286051999,0.000 0.960 1.231 1.498 1.580 1.836 1.189 0.000
B-b1,priority_scan,55,4,36000,0.9609375,0.9814453125,0.009033203125,0.5197746886147393,0.000 0.562 0.478 0.000
B-b1,priority_scan,55,6,36000,0.0224609375,0.3880208333333334,0.3614908854166667,1.0317894319693246,0.000 0.953 1.137 1.046 0.991 -0.000
B-b1,priority_scan,55,8,36000,0.0,0.6479143415178572,0.1856689453125,1.4885488704398826,0.000 1.224 1.589 1.697 1.612 1.669 1.141 0.000
B-b1,priority_scan,66,4,900,0.3203125,0.6306966145833334,0.191650390625,0.4703586631351047,0.000 0.427 0.513 0.000
B-b1,priority_scan,66,6,900,0.03515625,0.5089192708333334,0.26904296875,0.7699827353159585,0.000 0.504 0.884 0.858 0.834 -0.000
B-b1,priority_scan,66,8,900,0.01171875,0.46826171874999994,0.3017578125,1.0186122081897875,0.000 0.367 1.114 1.170 1.210 1.226 1.025 0.000
B-b1,priority_scan,66,4,1800,0.7001953125,0.84619140625,0.07763671875,0.5049127340316772,0.000 0.503 0.507 0.000
B-b1,priority_scan,66,6,1800,0.0537109375,0.5342447916666667,0.2548828125,1.0465942819913228,0.000 0.879 1.065 1.199 1.044 -0.000
B-b1,priority_scan,66,8,1800,0.0,0.5701381138392858,0.234375,1.5456678469975789,0.000 0.951 1.550 1.708 1.861 1.905 1.300 0.000
B-b1,priority_scan,66,4,3600,0.8251953125,0.9090169270833334,0.04638671875,0.44978664980994326,0.000 0.433 0.467 0.000
B-b1,priority_scan,66,6,3600,0.0537109375,0.5192057291666667,0.26546223958333337,0.9361571570237477,0.000 0.658 0.886 1.059 1.141 -0.000
B-b1,priority_scan,66,8,3600,0.0,0.5495954241071428,0.2470703125,1.3937297132280138,0.000 0.789 1.118 1.380 1.636 2.007 1.434 0.000
B-b1,priority_scan,66,4,7200,0.8662109375,0.9306640625,0.03515625,0.502394437789917,0.000 0.548 0.457 0.000
B-b1,priority_scan,66,6,7200,0.0595703125,0.5050781250000002,0.2771809895833333,1.0188509027163186,0.000 0.960 1.055 1.018 1.042 -0.000
B-b1,priority_scan,66,8,7200,0.0,0.5765206473214286,0.2313232421875,1.4292691372059008,0.000 1.167 1.512 1.563 1.516 1.704 1.113 0.000
B-b1,priority_scan,66,4,14400,0.8876953125,0.9441731770833334,0.02783203125,0.6190792057249281,0.000 0.616 0.622 0.000
B-b1,priority_scan,66,6,14400,0.0087890625,0.48300781250000013,0.2884114583333333,1.118209362030029,0.000 0.867 1.220 1.269 1.116 -0.000
B-b1,priority_scan,66,8,14400,0.0,0.6414620535714286,0.189697265625,1.5472235282262166,0.000 0.958 1.531 1.819 1.862 1.946 1.167 0.000
B-b1,priority_scan,66,4,28800,0.9453125,0.97265625,0.013671875,0.5024493402904934,0.000 0.454 0.551 0.000
B-b1,priority_scan,66,6,28800,0.0419921875,0.4803385416666668,0.291015625,0.9573822220166522,0.000 0.637 0.972 1.137 1.084 -0.000
B-b1,priority_scan,66,8,28800,0.0,0.6082589285714286,0.20947265625,1.4105755973745275,0.000 0.734 1.230 1.540 1.719 2.001 1.239 0.000
B-b1,priority_scan,66,4,36000,0.96484375,0.9801432291666666,0.010498046875,0.5077099800109863,0.000 0.524 0.491 0.000
B-b1,priority_scan,66,6,36000,0.173828125,0.5559244791666667,0.25,0.965669850508372,0.000 0.844 1.061 1.043 0.915 -0.000
B-b1,priority_scan,66,8,36000,0.0,0.6018415178571428,0.2149658203125,1.3024036751853096,0.000 0.968 1.402 1.540 1.555 1.371 0.977 0.000
B-b1,priority_scan,77,4,900,0.388671875,0.6725260416666667,0.16796875,0.451959768931071,0.000 0.598 0.306 0.000
B-b1,priority_scan,77,6,900,0.05859375,0.5332682291666668,0.25455729166666663,0.6409204502900441,0.000 1.020 0.909 0.379 0.256 -0.000
B-b1,priority_scan,77,8,900,0.001953125,0.4814453124999999,0.292724609375,0.8387079945317022,0.000 1.406 1.601 1.068 0.560 0.179 0.220 0.000
B-b1,priority_scan,77,4,1800,0.5537109375,0.765625,0.119873046875,0.5981977118386163,0.000 0.618 0.578 0.000
B-b1,priority_scan,77,6,1800,0.05859375,0.5376953125000001,0.2522786458333333,1.0678521792093911,0.000 0.995 1.177 1.188 0.911 -0.000
B-b1,priority_scan,77,8,1800,0.0029296875,0.5494907924107142,0.248046875,1.4596085195188169,0.000 1.304 1.520 1.678 1.699 1.622 0.935 0.000
B-b1,priority_scan,77,4,3600,0.7646484375,0.8776041666666666,0.06201171875,0.5580171611573961,0.000 0.565 0.551 0.000
B-b1,priority_scan,77,6,3600,0.0625,0.5247395833333335,0.26204427083333337,1.0151511430740354,0.000 0.926 0.973 1.184 0.978 -0.000
B-b1,priority_scan,77,8,3600,0.0009765625,0.5782993861607143,0.2291259765625,1.467856345353303,0.000 1.128 1.469 1.540 1.780 1.846 1.044 0.000
B-b1,priority_scan,77,4,7200,0.8203125,0.9083658854166667,0.046142578125,0.503612756729126,0.000 0.480 0.527 0.000
B-b1,priority_scan,77,6,7200,0.0380859375,0.5069010416666667,0.27262369791666663,1.0760903358459473,0.000 0.920 1.023 1.270 1.091 -0.000
B-b1,priority_scan,77,8,7200,0.0,0.6193150111607143,0.203857421875,1.633840666876899,0.000 1.262 1.587 1.699 1.974 2.099 1.182 0.000
B-b1,priority_scan,77,4,14400,0.8994140625,0.94677734375,0.02734375,0.5734396643108792,0.000 0.610 0.537 0.000
B-b1,priority_scan,77,6,14400,0.0263671875,0.44850260416666676,0.31461588541666663,1.0683157046635945,0.000 1.065 1.099 1.132 0.977 -0.000
B-b1,priority_scan,77,8,14400,0.0,0.6397530691964286,0.1912841796875,1.571989545115718,0.000 1.489 1.619 1.656 1.747 1.833 1.088 0.000
B-b1,priority_scan,77,4,28800,0.9482421875,0.9737955729166666,0.01318359375,0.5526461866166856,0.000 0.553 0.552 0.000
B-b1,priority_scan,77,6,28800,0.00390625,0.41399739583333345,0.33610026041666663,1.0639421145121255,0.000 0.783 1.109 1.220 1.144 -0.000
B-b1,priority_scan,77,8,28800,0.0,0.6512625558035714,0.18359375,1.5312248909914932,0.000 0.756 1.385 1.681 1.880 2.143 1.343 0.000
B-b1,priority_scan,77,4,36000,0.951171875,0.9752604166666667,0.012451171875,0.5550298425886366,0.000 0.551 0.559 0.000
B-b1,priority_scan,77,6,36000,0.0068359375,0.36002604166666674,0.37630208333333326,1.0565248628457384,0.000 0.879 1.100 1.152 1.096 -0.000
B-b1,priority_scan,77,8,36000,0.0,0.5961565290178571,0.217041015625,1.5105800496207342,0.000 1.101 1.475 1.642 1.700 1.943 1.203 0.000
B-b1,priority_scan,88,4,900,0.16796875,0.5338541666666666,0.244873046875,0.7023232513003879,0.000 0.554 0.851 0.000
B-b1,priority_scan,88,6,900,0.021484375,0.4552734375000001,0.3055013020833333,1.2111890316009521,0.000 0.639 1.584 1.502 1.120 -0.000
B-b1,priority_scan,88,8,900,0.0,0.4229910714285714,0.33349609375,1.736385160022312,0.000 0.724 2.005 2.294 2.332 1.869 1.195 0.000
B-b1,priority_scan,88,4,1800,0.6611328125,0.8204752604166667,0.09228515625,0.5602511432435777,0.000 0.592 0.529 0.000
B-b1,priority_scan,88,6,1800,0.037109375,0.5151041666666667,0.26692708333333337,1.0840089122454324,0.000 0.825 1.192 1.214 1.104 -0.000
B-b1,priority_scan,88,8,1800,0.0,0.5667201450892856,0.2369384765625,1.5779924613458138,0.000 0.866 1.546 1.808 1.898 1.945 1.404 0.000
B-b1,priority_scan,88,4,3600,0.8115234375,0.9055989583333334,0.047119140625,0.48580129941304523,0.000 0.474 0.498 0.000
B-b1,priority_scan,88,6,3600,0.046875,0.5162760416666667,0.26708984375,1.0025345782438913,0.000 0.769 1.004 1.146 1.091 -0.000
B-b1,priority_scan,88,8,3600,0.0009765625,0.5712193080357143,0.234130859375,1.4552617956090854,0.000 0.929 1.236 1.556 1.775 1.892 1.345 0.000
B-b1,priority_scan,88,4,7200,0.8525390625,0.9246419270833333,0.0380859375,0.6001022126939561,0.000 0.657 0.543 0.000
B-b1,priority_scan,88,6,7200,0.0146484375,0.46250000000000013,0.30289713541666663,1.2017770608266192,0.000 1.131 1.317 1.223 1.137 -0.000
B-b1,priority_scan,88,8,7200,0.0,0.6382533482142858,0.1922607421875,1.689663551471851,0.000 1.368 1.765 1.882 1.852 1.991 1.281 0.000
B-b1,priority_scan,88,4,14400,0.9326171875,0.96630859375,0.016845703125,0.47336320082346595,0.000 0.499 0.447 0.000
B-b1,priority_scan,88,6,14400,0.0654296875,0.4893229166666667,0.2908528645833333,1.1200063427289326,0.000 1.117 1.179 1.083 1.101 -0.000
B-b1,priority_scan,88,8,14400,0.0,0.6412876674107143,0.1910400390625,1.6365316179063585,0.000 1.493 1.812 1.761 1.635 1.899 1.220 0.000
B-b1,priority_scan,88,4,28800,0.9462890625,0.97314453125,0.013427734375,0.5665387709935505,0.000 0.517 0.616 0.000
B-b1,priority_scan,88,6,28800,0.0009765625,0.4152343750000001,0.33251953125,1.0469693938891091,0.000 0.705 1.072 1.238 1.172 -0.000
B-b1,priority_scan,88,8,28800,0.0,0.6270577566964286,0.1983642578125,1.4507784666838468,0.000 0.820 1.269 1.577 1.796 1.928 1.314 0.000
B-b1,priority_scan,88,4,36000,0.962890625,0.9820963541666667,0.0087890625,0.5017619000540839,0.000 0.482 0.522 0.000
B-b1,priority_scan,88,6,36000,0.0771484375,0.47480468750000016,0.30192057291666663,0.9790135423342385,0.000 0.818 1.014 1.062 1.022 -0.000
B-b1,priority_scan,88,8,36000,0.0,0.6186174665178572,0.2034912109375,1.4103765620125666,0.000 0.955 1.397 1.519 1.570 1.898 1.122 0.000
B-b1,position_scan,11,4,900,0.509765625,0.7376302083333333,0.134765625,0.6376164047806351,0.134 0.602 0.651 0.660
B-b1,position_scan,11,6,900,0.0068359375,0.4242838541666668,0.3294270833333333,0.9673308663898045,0.215 0.715 1.089 1.147 1.086 0.800
B-b1,position_scan,11,8,900,0.0,0.4470563616071428,0.3160400390625,1.3292939133114283,0.364 0.722 1.416 1.539 1.627 1.557 1.594 0.850
B-b1,position_scan,11,4,1800,0.6318359375,0.8082682291666666,0.097412109375,0.723042753007677,-0.056 0.733 0.713 0.722
B-b1,position_scan,11,6,1800,0.0048828125,0.4417968750000001,0.3167317708333333,1.1167724662356908,-0.021 1.008 1.281 1.240 1.146 0.908
B-b1,position_scan,11,8,1800,0.0,0.5538853236607142,0.2451171875,1.5236430887192014,0.123 0.712 1.900 1.879 1.824 1.798 1.591 0.960
B-b1,position_scan,11,4,3600,0.818359375,0.9078776041666666,0.04638671875,0.5815149678124322,-0.240 0.386 0.572 0.787
B-b1,position_scan,11,6,3600,0.0478515625,0.5194661458333334,0.26611328125,0.8762620819939506,-0.176 0.520 0.845 1.081 0.989 0.945
B-b1,position_scan,11,8,3600,0.0,0.49895368303571425,0.2825927734375,1.2192517613607738,-0.040 0.295 1.021 1.424 1.669 1.649 1.474 1.002
B-b1,position_scan,11,4,7200,0.8603515625,0.9300130208333333,0.034912109375,0.6459019360718904,0.077 0.618 0.566 0.754
B-b1,position_scan,11,6,7200,0.001953125,0.2767578125000001,0.4557291666666667,1.082275284661187,0.252 1.041 1.138 1.168 1.058 1.006
B-b1,position_scan,11,8,7200,0.0,0.5932268415178572,0.2203369140625,1.5711555026826403,0.439 1.598 1.516 1.787 1.827 1.766 1.430 1.075
B-b1,position_scan,11,4,14400,0.900390625,0.9503580729166666,0.024658203125,0.6817135987458406,-0.038 0.671 0.616 0.759
B-b1,position_scan,11,6,14400,0.0,0.3675130208333334,0.37418619791666663,1.1542720927132502,-0.030 0.952 1.186 1.289 1.282 1.062
B-b1,position_scan,11,8,14400,0.0,0.5054408482142856,0.2760009765625,1.5901954590328153,0.030 1.151 1.432 1.831 1.986 2.533 1.092 1.106
B-b1,position_scan,11,4,28800,0.96875,0.9869791666666667,0.005859375,0.5824284641831009,0.014 0.557 0.566 0.624
B-b1,position_scan,11,6,28800,0.0009765625,0.2533854166666667,0.4705403645833333,1.0618252886666193,0.028 0.863 0.983 1.178 1.195 1.090
B-b1,position_scan,11,8,28800,0.0,0.4509974888392856,0.31298828125,1.1939846523224362,0.073 0.087 1.169 1.525 1.773 1.890 0.804 1.111
B-b1,position_scan,11,4,36000,0.978515625,0.990234375,0.004638671875,0.5916759702894422,0.014 0.552 0.569 0.654
B-b1,position_scan,11,6,36000,0.0,0.16875,0.5555013020833334,1.0997478697035048,-0.005 0.921 1.119 1.166 1.182 1.111
B-b1,position_scan,11,8,36000,0.0,0.508021763392857,0.2723388671875,1.3086748501611132,0.039 0.686 1.609 1.659 1.772 1.659 0.665 1.111
B-b1,position_scan,22,4,900,0.5458984375,0.7607421875,0.122314453125,0.5914487220622875,-0.130 0.463 0.526 0.786
B-b1,position_scan,22,6,900,0.01171875,0.4535156250000001,0.30729166666666663,0.8884927166832819,-0.092 0.339 0.885 0.991 1.336 0.892
B-b1,position_scan,22,8,900,0.0,0.44757952008928564,0.315185546875,1.2072422390892392,0.038 0.070 1.050 1.388 1.391 1.585 2.043 0.923
B-b1,position_scan,22,4,1800,0.626953125,0.8074544270833334,0.09765625,0.705540312661065,-0.146 0.571 0.742 0.804
B-b1,position_scan,22,6,1800,0.0068359375,0.4457031250000001,0.314453125,1.0325285328759086,-0.113 0.650 1.081 1.277 1.226 0.929
B-b1,position_scan,22,8,1800,0.0,0.5320521763392856,0.2587890625,1.433707456740122,0.038 0.267 1.392 1.649 1.882 1.875 2.008 0.963
B-b1,position_scan,22,4,3600,0.75390625,0.8743489583333333,0.0634765625,0.7461896207597521,0.023 0.697 0.696 0.845
B-b1,position_scan,22,6,3600,0.001953125,0.4012369791666668,0.3484700520833333,1.1780388487709894,0.102 1.123 1.285 1.343 1.160 0.979
B-b1,position_scan,22,8,3600,0.0,0.6190011160714286,0.2039794921875,1.7181625063457184,0.317 1.494 1.744 1.979 2.026 1.915 1.840 1.029
B-b1,position_scan,22,4,7200,0.8662109375,0.9332682291666666,0.033203125,0.5928353910092955,-0.146 0.422 0.496 0.860
B-b1,position_scan,22,6,7200,0.00390625,0.3716796875000001,0.3704427083333333,1.0003974570168388,-0.021 0.835 0.883 1.022 1.215 1.047
B-b1,position_scan,22,8,7200,0.0,0.5303083147321428,0.260498046875,1.4568383542318195,0.117 1.075 1.247 1.458 1.634 1.964 1.731 1.088
B-b1,position_scan,22,4,14400,0.806640625,0.9013671875,0.0498046875,0.7190339653580277,-0.098 0.677 0.705 0.775
B-b1,position_scan,22,6,14400,0.0,0.45761718750000013,0.30582682291666663,1.2155112160576715,-0.049 0.895 1.242 1.399 1.431 1.110
B-b1,position_scan,22,8,14400,0.0,0.5600934709821428,0.2412109375,1.6276598733568945,0.116 0.757 1.320 1.897 2.123 2.785 1.401 1.111
B-b1,position_scan,22,4,28800,0.3251953125,0.6575520833333333,0.172607421875,0.6783586078219944,-0.079 0.443 0.561 1.031
B-b1,position_scan,22,6,28800,0.0,0.3262369791666667,0.40104166666666663,1.0328761869006686,-0.001 0.862 0.820 1.213 1.160 1.111
B-b1,position_scan,22,8,28800,0.0,0.4019949776785714,0.3499755859375,1.3936564468202135,0.182 0.800 1.111 1.269 1.880 2.571 1.014 1.111
B-b1,position_scan,22,4,36000,0.9765625,0.9889322916666667,0.00537109375,0.6114418418319137,0.013 0.609 0.553 0.672
B-b1,position_scan,22,6,36000,0.0009765625,0.2744140625,0.44873046875,1.1368955903583102,0.080 0.953 1.206 1.155 1.259 1.111
B-b1,position_scan,22,8,36000,0.0,0.5412946428571428,0.2513427734375,1.6533193134126205,0.090 2.228 1.744 1.771 1.792 1.770 1.158 1.111
B-b1,position_scan,33,4,900,0.375,0.6569010416666666,0.17919921875,0.771398279401991,0.024 0.805 0.772 0.738
B-b1,position_scan,33,6,900,0.0,0.4361328125000001,0.3181966145833333,1.1082933876249526,0.045 0.791 1.360 1.291 1.288 0.811
B-b1,position_scan,33,8,900,0.0,0.5031389508928572,0.279052734375,1.5088435960194422,0.112 0.549 1.724 1.929 1.821 1.823 1.856 0.861
B-b1,position_scan,33,4,1800,0.619140625,0.8046875,0.098388671875,0.7235133206402814,-0.191 0.614 0.749 0.807
B-b1,position_scan,33,6,1800,0.00390625,0.4226562500000001,0.33040364583333337,1.1127548350228205,-0.152 0.779 1.179 1.316 1.335 0.955
B-b1,position_scan,33,8,1800,0.0,0.5430036272321428,0.251953125,1.5198284482199047,-0.045 0.276 1.546 1.792 1.963 2.001 2.066 0.995
B-b1,position_scan,33,4,3600,0.72265625,0.8570963541666667,0.072265625,0.6725516584184433,-0.187 0.495 0.653 0.870
B-b1,position_scan,33,6,3600,0.0,0.3696614583333334,0.3728841145833333,1.0489700370364718,-0.077 0.817 0.963 1.163 1.283 1.019
B-b1,position_scan,33,8,3600,0.0,0.5305873325892856,0.2608642578125,1.4864963387686108,0.096 0.703 1.384 1.547 1.748 1.913 2.050 1.060
B-b1,position_scan,33,4,7200,0.8564453125,0.9269205729166666,0.036865234375,0.678369336658054,0.076 0.722 0.694 0.620
B-b1,position_scan,33,6,7200,0.0,0.3451171875000001,0.39111328124999994,1.2114397817187839,0.100 1.115 1.363 1.365 1.145 1.070
B-b1,position_scan,33,8,7200,0.0,0.6422293526785715,0.1888427734375,1.751559953840952,0.250 1.558 1.768 2.109 2.134 1.934 1.651 1.107
B-b1,position_scan,33,4,14400,0.916015625,0.9596354166666667,0.019775390625,0.5964910984039307,-0.033 0.557 0.583 0.650
B-b1,position_scan,33,6,14400,0.0,0.3307942708333334,0.4051106770833333,1.134055985344781,0.078 0.935 1.093 1.265 1.266 1.111
B-b1,position_scan,33,8,14400,0.0,0.5877859933035714,0.2230224609375,1.7077231028723339,0.178 1.691 1.275 1.722 1.990 2.047 2.118 1.111
B-b1,position_scan,33,4,28800,0.9267578125,0.9637044270833333,0.01806640625,0.5903384862122713,-0.070 0.538 0.626 0.607
B-b1,position_scan,33,6,28800,0.0,0.4912109375000001,0.28076171875,1.1105453305774264,-0.105 0.859 0.966 1.312 1.304 1.111
B-b1,position_scan,33,8,28800,0.0,0.55859375,0.2420654296875,1.7138608296712234,-0.122 1.807 1.288 1.378 1.977 2.470 1.967 1.111
B-b1,position_scan,33,4,36000,0.9755859375,0.98974609375,0.004638671875,0.5532033796663638,-0.082 0.526 0.554 0.580
B-b1,position_scan,33,6,36000,0.0,0.2204427083333334,0.5048828125,1.0513198110792374,-0.065 0.829 1.015 1.202 1.108 1.102
B-b1,position_scan,33,8,36000,0.0,0.5477120535714285,0.2491455078125,1.5275776575482083,-0.044 1.823 1.533 1.466 1.813 1.759 1.187 1.111
B-b1,position_scan,44,4,900,0.48046875,0.7102864583333333,0.152587890625,0.6300460850750959,0.135 0.487 0.669 0.735
B-b1,position_scan,44,6,900,0.0087890625,0.4472005208333334,0.3128255208333333,0.9792894654803806,0.205 0.632 0.888 1.100 1.398 0.879
B-b1,position_scan,44,8,900,0.0,0.4612165178571428,0.306640625,1.3352165714142816,0.324 0.548 1.171 1.244 1.535 1.938 1.992 0.918
B-b1,position_scan,44,4,1800,0.66796875,0.8277994791666667,0.08740234375,0.7368999940377695,0.020 0.670 0.708 0.832
B-b1,position_scan,44,6,1800,0.0009765625,0.39563802083333344,0.35074869791666663,1.1346939139895968,0.081 0.991 1.208 1.308 1.196 0.972
B-b1,position_scan,44,8,1800,0.0,0.552978515625,0.2449951171875,1.5781029254671126,0.252 0.933 1.609 1.833 1.871 1.801 1.991 1.008
B-b1,position_scan,44,4,3600,0.712890625,0.8528645833333333,0.074462890625,0.7311817451759621,-0.079 0.714 0.721 0.759
B-b1,position_scan,44,6,3600,0.001953125,0.4341796875000001,0.3209635416666667,1.201822731229994,-0.042 1.083 1.352 1.384 1.212 0.978
B-b1,position_scan,44,8,3600,0.0,0.5976911272321428,0.217529296875,1.7006762444026886,0.100 1.135 1.859 2.073 2.128 1.971 1.695 1.043
B-b1,position_scan,44,4,7200,0.59765625,0.7869466145833334,0.109375,0.7524866086465342,-0.036 0.735 0.809 0.714
B-b1,position_scan,44,6,7200,0.0,0.4666666666666668,0.2991536458333333,1.2936564021640353,0.166 0.973 1.429 1.495 1.506 1.065
B-b1,position_scan,44,8,7200,0.0,0.6261858258928572,0.2001953125,1.7108519872029624,0.387 0.597 1.657 2.227 2.245 2.352 1.788 1.109
B-b1,position_scan,44,4,14400,0.876953125,0.9391276041666667,0.0302734375,0.6667838714740895,0.004 0.648 0.639 0.713
B-b1,position_scan,44,6,14400,0.0,0.3178385416666667,0.41145833333333326,1.199116720093621,0.036 1.049 1.131 1.294 1.411 1.111
B-b1,position_scan,44,8,14400,0.0,0.6304757254464286,0.1964111328125,1.7276304865640308,0.070 1.539 1.635 1.674 1.929 2.316 1.889 1.111
B-b1,position_scan,44,4,28800,0.955078125,0.9781901041666667,0.0107421875,0.6358238502785011,0.035 0.613 0.633 0.662
B-b1,position_scan,44,6,28800,0.0,0.4505208333333335,0.31217447916666663,1.1433959537082248,0.011 0.882 1.229 1.283 1.254 1.069
B-b1,position_scan,44,8,28800,0.0,0.6745954241071429,0.169921875,1.8436064417400055,-0.032 1.879 2.067 1.959 1.963 2.234 1.695 1.108
B-b1,position_scan,44,4,36000,0.9658203125,0.9845377604166667,0.00732421875,0.5854661817903871,0.097 0.593 0.545 0.618
B-b1,position_scan,44,6,36000,0.0,0.22910156250000002,0.48974609375,1.1200347873899672,0.121 0.989 1.135 1.099 1.267 1.111
B-b1,position_scan,44,8,36000,0.0,0.5435267857142856,0.2490234375,1.5997633101448179,0.102 2.246 2.262 1.789 1.653 1.344 0.793 1.111
B-b1,position_scan,55,4,900,0.5556640625,0.7596028645833334,0.124755859375,0.5750838473991112,0.294 0.627 0.483 0.615
B-b1,position_scan,55,6,900,0.0185546875,0.45527343750000016,0.3076171875,0.8957743777169123,0.435 0.933 1.163 0.958 0.697 0.729
B-b1,position_scan,55,8,900,0.0,0.4349190848214285,0.325439453125,1.2688811241634306,0.658 0.973 1.618 1.619 1.413 1.120 1.374 0.766
B-b1,position_scan,55,4,1800,0.6171875,0.7978515625,0.103271484375,0.7669541129359493,0.099 0.715 0.766 0.820
B-b1,position_scan,55,6,1800,0.0009765625,0.40898437500000007,0.3388671875,1.1997968488269382,0.130 1.105 1.247 1.352 1.349 0.946
B-b1,position_scan,55,8,1800,0.0,0.5719168526785714,0.23291015625,1.6905669560508123,0.256 1.166 1.732 1.882 2.007 1.917 2.163 0.967
B-b1,position_scan,55,4,3600,0.814453125,0.9039713541666667,0.048828125,0.596619756133468,0.029 0.410 0.544 0.836
B-b1,position_scan,55,6,3600,0.01953125,0.43229166666666674,0.3294270833333333,0.9541922145419649,0.084 0.797 0.833 1.043 1.112 0.986
B-b1,position_scan,55,8,3600,0.0,0.47387695312499994,0.2987060546875,1.4251329028417192,0.248 1.199 1.197 1.375 1.590 1.766 1.818 1.031
B-b1,position_scan,55,4,7200,0.876953125,0.9384765625,0.03076171875,0.6014509112746627,-0.005 0.601 0.510 0.694
B-b1,position_scan,55,6,7200,0.0087890625,0.32838541666666676,0.40885416666666663,1.1080515914493136,0.159 1.110 1.170 1.110 1.123 1.028
B-b1,position_scan,55,8,7200,0.0,0.5907156808035714,0.222412109375,1.6321583778139146,0.331 1.560 1.694 1.868 1.796 1.839 1.573 1.093
B-b1,position_scan,55,4,14400,0.9208984375,0.9622395833333334,0.018310546875,0.5245371218080873,-0.169 0.442 0.551 0.580
B-b1,position_scan,55,6,14400,0.0,0.27089843750000003,0.45263671874999994,1.0499080154630875,-0.032 0.866 0.914 1.200 1.158 1.110
B-b1,position_scan,55,8,14400,0.0,0.42665318080357134,0.33251953125,1.3118740679725769,0.116 0.360 1.214 1.456 1.848 2.289 0.904 1.111
B-b1,position_scan,55,4,28800,0.94140625,0.9710286458333334,0.014404296875,0.7265798250834147,0.078 0.735 0.640 0.805
B-b1,position_scan,55,6,28800,0.0,0.3958984375000001,0.34521484374999994,1.2416444751951432,0.070 1.121 1.353 1.307 1.316 1.111
B-b1,position_scan,55,8,28800,0.0,0.5288434709821428,0.25830078125,1.573347534452166,0.046 0.950 1.768 2.077 1.988 2.142 0.977 1.111
B-b1,position_scan,55,4,36000,0.9619140625,0.9832356770833334,0.0078125,0.6158633585329408,0.056 0.614 0.559 0.674
B-b1,position_scan,55,6,36000,0.0,0.12024739583333333,0.6201171875,1.1212355428271823,0.084 0.996 1.168 1.175 1.157 1.110
B-b1,position_scan,55,8,36000,0.0,0.517822265625,0.2659912109375,1.4339866146208746,0.093 0.984 1.598 1.738 1.810 2.021 0.776 1.111
B-b1,position_scan,66,4,900,0.5029296875,0.73388671875,0.137451171875,0.6215370584417272,0.190 0.593 0.583 0.688
B-b1,position_scan,66,6,900,0.0068359375,0.4199218750000001,0.3313802083333333,0.9545623593860203,0.267 0.758 1.053 0.995 1.139 0.828
B-b1,position_scan,66,8,900,0.0,0.4448242187499999,0.318359375,1.3336072460053454,0.431 0.772 1.373 1.570 1.505 1.505 1.733 0.876
B-b1,position_scan,66,4,1800,0.7236328125,0.8577473958333334,0.07177734375,0.6198703359674523,0.088 0.570 0.593 0.697
B-b1,position_scan,66,6,1800,0.021484375,0.4401041666666668,0.3212890625,0.9693877829445732,0.161 0.861 1.035 1.047 1.006 0.898
B-b1,position_scan,66,8,1800,0.0,0.48175920758928564,0.2930908203125,1.362631907538762,0.320 0.819 1.591 1.561 1.562 1.543 1.495 0.968
B-b1,position_scan,66,4,3600,0.7890625,0.8932291666666666,0.053466796875,0.7593109431090177,-0.083 0.654 0.785 0.839
B-b1,position_scan,66,6,3600,0.0,0.4295572916666668,0.3245442708333333,1.1689530346128676,0.022 0.902 1.245 1.426 1.304 0.968
B-b1,position_scan,66,8,3600,0.0,0.6112583705357142,0.2088623046875,1.6349133234175424,0.228 0.755 1.634 1.973 2.135 2.086 1.847 1.015
B-b1,position_scan,66,4,7200,0.87109375,0.9352213541666667,0.032470703125,0.6674757710209599,-0.060 0.563 0.629 0.811
B-b1,position_scan,66,6,7200,0.0,0.3340494791666668,0.40299479166666663,1.086335195435418,0.118 0.858 1.075 1.240 1.209 1.050
B-b1,position_scan,66,8,7200,0.0,0.5780552455357142,0.2301025390625,1.5191736297001912,0.368 0.908 1.407 1.760 1.895 1.888 1.680 1.094
B-b1,position_scan,66,4,14400,0.9462890625,0.9737955729166667,0.012939453125,0.6208477196870027,-0.033 0.587 0.573 0.702
B-b1,position_scan,66,6,14400,0.0,0.38834635416666674,0.3577473958333333,1.1059615744484794,0.105 0.869 1.116 1.258 1.245 1.042
B-b1,position_scan,66,8,14400,0.0,0.45448521205357134,0.3128662109375,1.4330501215798512,0.209 0.980 1.427 1.746 1.946 1.745 1.089 1.098
B-b1,position_scan,66,4,28800,0.970703125,0.9860026041666667,0.0068359375,0.5455477149398238,-0.079 0.516 0.534 0.587
B-b1,position_scan,66,6,28800,0.0009765625,0.2258463541666667,0.49869791666666674,1.0423822932773166,-0.103 0.866 0.982 1.126 1.130 1.108
B-b1,position_scan,66,8,28800,0.0,0.4536132812499999,0.3095703125,1.0479020315503316,-0.083 -0.390 1.868 1.556 1.721 0.897 0.572 1.111
B-b1,position_scan,66,4,36000,0.96484375,0.9833984375,0.008056640625,0.6332144030818233,-0.034 0.622 0.643 0.635
B-b1,position_scan,66,6,36000,0.0009765625,0.2616536458333334,0.455078125,1.1227200163735283,-0.053 0.898 1.142 1.314 1.150 1.109
B-b1,position_scan,66,8,36000,0.0,0.5104631696428571,0.26806640625,1.6736898724994962,-0.134 2.050 2.183 1.886 1.981 1.703 0.801 1.111
B-b1,position_scan,77,4,900,0.373046875,0.6520182291666666,0.1826171875,0.7333929450423629,0.087 0.723 0.688 0.789
B-b1,position_scan,77,6,900,0.0,0.41744791666666675,0.33317057291666663,1.1070207092497084,0.165 0.859 1.309 1.235 1.248 0.884
B-b1,position_scan,77,8,900,0.0,0.4827008928571428,0.2930908203125,1.5204173610323954,0.304 0.664 1.782 1.847 1.817 1.712 1.889 0.932
B-b1,position_scan,77,4,1800,0.7265625,0.85888671875,0.071533203125,0.6157826494287562,0.175 0.654 0.626 0.567
B-b1,position_scan,77,6,1800,0.01171875,0.4481770833333334,0.3133138020833333,0.9886014991336397,0.257 0.932 1.148 1.158 0.900 0.805
B-b1,position_scan,77,8,1800,0.0,0.5238560267857142,0.2650146484375,1.4219988716973202,0.457 1.135 1.610 1.767 1.758 1.563 1.233 0.888
B-b1,position_scan,77,4,3600,0.7880859375,0.8907877604166667,0.055419921875,0.5550780561235216,0.125 0.566 0.447 0.652
B-b1,position_scan,77,6,3600,0.037109375,0.46946614583333346,0.3011067708333333,0.9434700144661796,0.346 1.148 0.943 0.862 0.838 0.927
B-b1,position_scan,77,8,3600,0.0,0.44060407366071425,0.3250732421875,1.3877324830918085,0.666 1.559 1.633 1.473 1.348 1.379 1.311 1.011
B-b1,position_scan,77,4,7200,0.75390625,0.8746744791666667,0.063232421875,0.7201980219946967,-0.024 0.617 0.676 0.868
B-b1,position_scan,77,6,7200,0.0,0.35338541666666673,0.3857421875,1.1662449174457126,0.137 0.941 1.194 1.320 1.285 1.091
B-b1,position_scan,77,8,7200,0.0,0.6295340401785714,0.19775390625,1.6601090393369162,0.319 0.870 1.530 1.898 2.073 2.080 2.063 1.107
B-b1,position_scan,77,4,14400,0.595703125,0.7919921875,0.10546875,0.7561699549357096,0.014 0.697 0.682 0.889
B-b1,position_scan,77,6,14400,0.0,0.4014322916666668,0.34684244791666663,1.229781362745497,0.147 1.012 1.281 1.430 1.315 1.111
B-b1,position_scan,77,8,14400,0.0,0.6439383370535714,0.1885986328125,1.915156803433857,0.334 1.576 1.606 1.992 2.208 2.783 2.129 1.111
B-b1,position_scan,77,4,28800,0.9677734375,0.9842122395833333,0.0078125,0.5686014228396945,-0.055 0.538 0.569 0.599
B-b1,position_scan,77,6,28800,0.0,0.18326822916666669,0.5392252604166666,1.1047315729988945,-0.096 0.907 1.111 1.215 1.180 1.110
B-b1,position_scan,77,8,28800,0.0,0.5007672991071428,0.2781982421875,1.3384590640900627,-0.070 0.440 1.507 1.755 1.876 1.813 0.868 1.111
B-b1,position_scan,77,4,36000,0.9638671875,0.9832356770833333,0.008056640625,0.5911499482614023,-0.007 0.517 0.608 0.648
B-b1,position_scan,77,6,36000,0.0,0.2397135416666667,0.48404947916666663,1.1122383409076266,0.042 0.879 1.129 1.241 1.201 1.111
B-b1,position_scan,77,8,36000,0.0,0.4892578124999999,0.286376953125,1.4290666958642382,0.070 0.958 1.347 1.844 1.906 1.900 0.937 1.111
B-b1,position_scan,88,4,900,0.5634765625,0.7630208333333334,0.122802734375,0.5728465097921865,0.208 0.604 0.477 0.638
B-b1,position_scan,88,6,900,0.01953125,0.4548828125000001,0.3074544270833333,0.853826774491204,0.313 0.725 1.017 0.843 0.912 0.771
B-b1,position_scan,88,8,900,0.0,0.4075404575892857,0.3458251953125,1.180631300759694,0.532 0.703 1.358 1.341 1.260 1.290 1.483 0.829
B-b1,position_scan,88,4,1800,0.650390625,0.8191731770833334,0.09130859375,0.6372353765699598,-0.161 0.382 0.716 0.814
B-b1,position_scan,88,6,1800,0.00390625,0.4818359375000001,0.287109375,0.9462134175830418,-0.054 0.320 0.893 1.183 1.400 0.935
B-b1,position_scan,88,8,1800,0.0,0.5212751116071428,0.266357421875,1.3172662068927097,0.149 -0.026 0.997 1.419 1.763 1.948 2.158 0.962
B-b1,position_scan,88,4,3600,0.541015625,0.7513020833333334,0.129150390625,0.8019081751505533,-0.005 0.744 0.738 0.923
B-b1,position_scan,88,6,3600,0.0,0.38359375000000007,0.3597005208333333,1.215382867389255,-0.159 1.016 1.394 1.377 1.257 1.033
B-b1,position_scan,88,8,3600,0.0,0.5918666294642858,0.220947265625,1.7463367515140111,-0.145 0.866 1.935 2.168 2.121 1.900 2.171 1.063
B-b1,position_scan,88,4,7200,0.8564453125,0.9280598958333334,0.035888671875,0.5703122969026918,-0.084 0.456 0.531 0.724
B-b1,position_scan,88,6,7200,0.0029296875,0.3643229166666668,0.37499999999999994,0.9999370707405937,0.029 0.775 0.916 1.016 1.183 1.109
B-b1,position_scan,88,8,7200,0.0,0.48385184151785704,0.29248046875,1.3890191676124692,0.195 1.057 1.267 1.477 1.555 1.484 1.771 1.111
B-b1,position_scan,88,4,14400,0.9365234375,0.9685872395833334,0.015625,0.5618635371879295,-0.016 0.552 0.526 0.608
B-b1,position_scan,88,6,14400,0.0,0.20507812500000003,0.5196940104166666,1.0502017868889704,0.027 0.954 0.967 1.102 1.119 1.109
B-b1,position_scan,88,8,14400,0.0,0.46571568080357134,0.303955078125,1.1679142240494016,0.085 0.221 1.352 1.474 1.663 1.555 0.799 1.111
B-b1,position_scan,88,4,28800,0.9755859375,0.99072265625,0.00390625,0.5464857595938224,0.032 0.520 0.510 0.609
B-b1,position_scan,88,6,28800,0.0,0.16250000000000003,0.5618489583333333,1.0573609007729425,0.116 0.937 1.034 1.105 1.099 1.111
B-b1,position_scan,88,8,28800,0.0,0.5611397879464286,0.24072265625,1.3247227857983301,0.224 -0.155 1.264 1.591 1.717 2.033 1.712 1.111
B-b1,position_scan,88,4,36000,0.9697265625,0.98583984375,0.0068359375,0.5975031411206281,-0.011 0.594 0.585 0.614
B-b1,position_scan,88,6,36000,0.0,0.2016276041666667,0.5193684895833334,1.11602959367964,0.020 0.945 1.122 1.245 1.158 1.109
B-b1,position_scan,88,8,36000,0.0,0.6035505022321428,0.2137451171875,1.3485685227409243,0.043 -0.288 1.144 1.716 1.915 2.303 1.539 1.111
B-b1,phase_scan,11,4,900,0.7314453125,0.8662109375,0.06640625,0.28719813735396776,0.052 0.404 0.342 0.115
B-b1,phase_scan,11,6,900,0.2197265625,0.6412760416666667,0.19368489583333331,0.4387995534472994,0.311 0.638 0.521 0.720 0.488 -0.173
B-b1,phase_scan,11,8,900,0.0087890625,0.4864327566964285,0.289794921875,0.5388208608778696,0.657 0.091 1.119 0.708 1.110 0.544 0.693 -0.493
B-b1,phase_scan,11,4,1800,0.84375,0.9215494791666667,0.039306640625,0.3086093178501836,0.010 0.421 0.357 0.147
B-b1,phase_scan,11,6,1800,0.3095703125,0.7048177083333332,0.15625,0.5060991975996229,0.176 0.686 0.540 0.755 0.550 -0.001
B-b1,phase_scan,11,8,1800,0.009765625,0.5079171316964285,0.2755126953125,0.6466438656761533,0.443 0.231 1.160 0.754 1.103 0.688 0.797 -0.206
B-b1,phase_scan,11,4,3600,0.89453125,0.9495442708333333,0.024658203125,0.2995845123573586,-0.044 0.363 0.355 0.181
B-b1,phase_scan,11,6,3600,0.5498046875,0.8311848958333332,0.08658854166666667,0.5068653557035656,0.091 0.394 0.501 0.805 0.677 0.157
B-b1,phase_scan,11,8,3600,0.0078125,0.5552804129464286,0.24462890625,0.7221764988369411,0.277 0.492 0.727 0.687 1.194 0.940 0.933 0.082
B-b1,phase_scan,11,4,7200,0.935546875,0.9690755208333333,0.01513671875,0.23266871770222977,-0.014 0.362 0.312 0.023
B-b1,phase_scan,11,6,7200,0.73046875,0.9048177083333333,0.04833984375,0.4552422497007581,0.126 0.390 0.548 0.848 0.448 0.041
B-b1,phase_scan,11,8,7200,0.01953125,0.5683942522321428,0.237548828125,0.6868866700974722,0.325 0.910 0.562 0.755 1.328 0.644 0.569 0.040
B-b1,phase_scan,11,4,14400,0.9189453125,0.9611002604166666,0.01904296875,0.30526099381623445,0.017 0.362 0.338 0.216
B-b1,phase_scan,11,6,14400,0.67578125,0.8801432291666665,0.06136067708333333,0.5815005832248262,0.080 0.433 0.668 0.822 0.686 0.299
B-b1,phase_scan,11,8,14400,0.0,0.4494628906249999,0.31591796875,0.9808836664472308,0.217 0.987 1.036 0.920 1.218 1.281 1.128 0.294
B-b1,phase_scan,11,4,28800,0.970703125,0.9886067708333333,0.0048828125,0.29301091476723,-0.064 0.364 0.353 0.162
B-b1,phase_scan,11,6,28800,0.8271484375,0.9405598958333332,0.02978515625,0.5538172854317558,-0.011 0.391 0.695 0.815 0.593 0.276
B-b1,phase_scan,11,8,28800,0.0,0.3819754464285714,0.3624267578125,1.1900405656723747,0.228 1.443 1.625 0.988 1.090 1.511 1.543 0.131
B-b1,phase_scan,11,4,36000,0.9697265625,0.9855143229166667,0.007080078125,0.2574548456403944,-0.023 0.363 0.344 0.065
B-b1,phase_scan,11,6,36000,0.830078125,0.9430338541666666,0.028483072916666664,0.5365621778700086,-0.027 0.432 0.702 0.803 0.505 0.241
B-b1,phase_scan,11,8,36000,0.005859375,0.4772251674107142,0.296875,0.8451095270732092,0.285 0.469 2.180 0.965 1.078 1.202 -0.128 0.150
B-b1,phase_scan,22,4,900,0.7392578125,0.8743489583333333,0.061279296875,0.3326462374793158,-0.087 0.279 0.415 0.304
B-b1,phase_scan,22,6,900,0.103515625,0.588671875,0.22102864583333331,0.4949983490837943,0.165 0.210 0.376 0.801 1.010 0.077
B-b1,phase_scan,22,8,900,0.0029296875,0.47492327008928564,0.298583984375,0.5986359005882625,0.483 -0.505 0.832 0.488 1.125 1.164 1.274 -0.188
B-b1,phase_scan,22,4,1800,0.814453125,0.9088541666666667,0.045166015625,0.26888639838607226,-0.139 0.270 0.380 0.156
B-b1,phase_scan,22,6,1800,0.3662109375,0.7429036458333333,0.13427734375,0.3850277397367688,0.042 0.123 0.330 0.799 0.703 -0.029
B-b1,phase_scan,22,8,1800,0.02734375,0.5418178013392856,0.2552490234375,0.4828430735875689,0.280 -0.457 0.705 0.504 1.159 0.855 0.893 -0.279
B-b1,phase_scan,22,4,3600,0.91796875,0.9602864583333334,0.01953125,0.25724918754012494,-0.102 0.372 0.286 0.114
B-b1,phase_scan,22,6,3600,0.5712890625,0.8363932291666666,0.08447265625,0.4386257463031343,0.062 0.408 0.448 0.766 0.492 0.079
B-b1,phase_scan,22,8,3600,0.037109375,0.5936453683035714,0.220947265625,0.5500970189533536,0.292 0.075 0.790 0.589 1.188 0.543 0.669 -0.003
B-b1,phase_scan,22,4,7200,0.9326171875,0.96826171875,0.015380859375,0.2476329715163619,-0.071 0.431 0.257 0.055
B-b1,phase_scan,22,6,7200,0.75390625,0.9145833333333333,0.04296875,0.4763020806842378,0.059 0.579 0.599 0.742 0.334 0.128
B-b1,phase_scan,22,8,7200,0.015625,0.5386090959821429,0.2557373046875,0.6823176807827418,0.265 0.785 1.116 0.817 1.176 0.257 0.479 0.144
B-b1,phase_scan,22,4,14400,0.9658203125,0.9842122395833334,0.007568359375,0.23633793548301416,-0.151 0.373 0.283 0.052
B-b1,phase_scan,22,6,14400,0.8740234375,0.9555989583333333,0.0224609375,0.49061800373925085,-0.067 0.375 0.653 0.691 0.513 0.221
B-b1,phase_scan,22,8,14400,0.048828125,0.5979352678571428,0.21875,0.5468009199414935,0.248 0.098 0.146 0.970 0.949 1.017 0.508 0.140
B-b1,phase_scan,22,4,28800,0.974609375,0.9876302083333334,0.006103515625,0.2307562916367142,0.019 0.318 0.305 0.070
B-b1,phase_scan,22,6,28800,0.892578125,0.9646484375,0.017578125,0.4990375571780733,0.050 0.406 0.634 0.689 0.530 0.235
B-b1,phase_scan,22,8,28800,0.03125,0.581787109375,0.2271728515625,0.773503477611239,0.347 1.175 0.960 0.701 0.809 0.709 1.024 0.036
B-b1,phase_scan,22,4,36000,0.9755859375,0.98974609375,0.004638671875,0.2444023997695358,0.022 0.316 0.362 0.055
B-b1,phase_scan,22,6,36000,0.888671875,0.9625651041666666,0.018717447916666664,0.5212734672758313,0.161 0.420 0.689 0.732 0.549 0.216
B-b1,phase_scan,22,8,36000,0.021484375,0.5847865513392858,0.2247314453125,0.6500475368802509,0.298 1.494 -0.391 0.768 0.760 0.922 0.973 0.023
B-b1,phase_scan,33,4,900,0.7431640625,0.8741861979166667,0.06201171875,0.2881314577879729,-0.044 0.293 0.367 0.205
B-b1,phase_scan,33,6,900,0.234375,0.6577473958333333,0.18277994791666663,0.406090908580356,0.179 0.365 0.329 0.748 0.630 -0.041
B-b1,phase_scan,33,8,900,0.0283203125,0.5119977678571428,0.274169921875,0.4719730785914829,0.494 -0.209 0.767 0.396 1.100 0.623 0.948 -0.321
B-b1,phase_scan,33,4,1800,0.7529296875,0.8756510416666667,0.0625,0.37488610656173144,-0.034 0.402 0.453 0.269
B-b1,phase_scan,33,6,1800,0.1708984375,0.63125,0.19710286458333331,0.6237876150343151,0.127 0.600 0.510 0.873 0.994 0.142
B-b1,phase_scan,33,8,1800,0.0078125,0.504150390625,0.278564453125,0.8127709419008283,0.364 0.220 0.963 0.683 1.303 1.364 1.185 -0.029
B-b1,phase_scan,33,4,3600,0.8740234375,0.93505859375,0.032958984375,0.32246240863093617,-0.100 0.322 0.373 0.272
B-b1,phase_scan,33,6,3600,0.4306640625,0.7730468749999999,0.11848958333333331,0.536292168829176,0.075 0.301 0.437 0.821 0.865 0.258
B-b1,phase_scan,33,8,3600,0.00390625,0.5709751674107142,0.2340087890625,0.7354870675102113,0.308 0.452 0.376 0.548 1.264 1.214 1.087 0.208
B-b1,phase_scan,33,4,7200,0.939453125,0.9733072916666667,0.012451171875,0.2920040819380018,-0.077 0.358 0.312 0.206
B-b1,phase_scan,33,6,7200,0.7138671875,0.8969401041666667,0.05257161458333333,0.5198659631941053,0.060 0.394 0.500 0.808 0.645 0.253
B-b1,phase_scan,33,8,7200,0.0146484375,0.5663016183035714,0.238037109375,0.7205820651281448,0.269 0.699 0.326 0.671 1.225 0.918 0.939 0.266
B-b1,phase_scan,33,4,14400,0.962890625,0.9833984375,0.0078125,0.18815605728714557,-0.197 0.272 0.294 -0.001
B-b1,phase_scan,33,6,14400,0.845703125,0.9490234375,0.025390624999999997,0.4580365551842582,-0.103 0.433 0.547 0.737 0.531 0.042
B-b1,phase_scan,33,8,14400,0.0791015625,0.6338936941964286,0.197021484375,0.323309860532246,0.142 -0.457 -0.258 0.687 1.027 0.773 0.474 0.017
B-b1,phase_scan,33,4,28800,0.9677734375,0.9864908854166666,0.006103515625,0.25536651964540835,-0.028 0.352 0.331 0.082
B-b1,phase_scan,33,6,28800,0.916015625,0.9750651041666667,0.012044270833333332,0.5036549303266735,-0.008 0.335 0.631 0.679 0.560 0.312
B-b1,phase_scan,33,8,28800,0.2353515625,0.7446637834821429,0.1339111328125,0.4402990000588553,0.256 0.494 -0.567 0.768 0.671 1.045 0.550 0.121
B-b1,phase_scan,33,4,36000,0.978515625,0.9905598958333334,0.00439453125,0.2622842788696289,-0.059 0.308 0.373 0.106
B-b1,phase_scan,33,6,36000,0.8642578125,0.9554036458333333,0.022135416666666664,0.5148307217491996,-0.029 0.432 0.570 0.751 0.571 0.250
B-b1,phase_scan,33,8,36000,0.01953125,0.5657435825892858,0.2371826171875,0.731962484026712,0.284 1.323 0.075 0.797 0.834 0.860 1.172 0.062
B-b1,phase_scan,44,4,900,0.6953125,0.83544921875,0.08447265625,0.28407427999708385,0.115 0.362 0.379 0.111
B-b1,phase_scan,44,6,900,0.173828125,0.6139973958333333,0.20947265625,0.45946972899966754,0.407 0.675 0.474 0.757 0.545 -0.154
B-b1,phase_scan,44,8,900,0.0068359375,0.4731096540178571,0.3006591796875,0.5486980506352016,0.747 0.251 1.069 0.537 1.081 0.583 0.772 -0.452
B-b1,phase_scan,44,4,1800,0.80078125,0.8995768229166667,0.05029296875,0.3570397694905599,0.048 0.373 0.427 0.271
B-b1,phase_scan,44,6,1800,0.169921875,0.6397786458333333,0.19173177083333331,0.5826403829786511,0.256 0.461 0.521 0.904 0.925 0.102
B-b1,phase_scan,44,8,1800,0.0,0.4839564732142857,0.2906494140625,0.7819358318571059,0.535 0.310 0.894 0.752 1.337 1.113 1.186 -0.117
B-b1,phase_scan,44,4,3600,0.857421875,0.9283854166666667,0.035888671875,0.3455823439138907,0.095 0.453 0.339 0.245
B-b1,phase_scan,44,6,3600,0.4169921875,0.7710286458333333,0.11897786458333331,0.5885870589150322,0.217 0.577 0.642 0.839 0.711 0.175
B-b1,phase_scan,44,8,3600,0.001953125,0.46529715401785704,0.3048095703125,0.8506281224508135,0.411 0.877 0.928 0.900 1.312 0.888 0.981 0.067
B-b1,phase_scan,44,4,7200,0.8857421875,0.9444986979166667,0.02734375,0.2784158123864068,-0.087 0.401 0.341 0.094
B-b1,phase_scan,44,6,7200,0.6015625,0.8459635416666665,0.07991536458333334,0.5261834594938488,0.064 0.442 0.522 0.872 0.694 0.100
B-b1,phase_scan,44,8,7200,0.001953125,0.5478515625,0.2484130859375,0.7245675344315785,0.315 0.983 -0.034 0.748 1.380 1.324 0.589 0.083
B-b1,phase_scan,44,4,14400,0.9541015625,0.9807942708333334,0.008544921875,0.23542532214411982,-0.043 0.407 0.249 0.050
B-b1,phase_scan,44,6,14400,0.7890625,0.9270182291666667,0.036783854166666664,0.49213140540652783,-0.003 0.430 0.754 0.677 0.494 0.105
B-b1,phase_scan,44,8,14400,0.0,0.46609933035714274,0.3018798828125,0.7401911228422133,0.212 0.852 -0.235 1.358 1.010 1.519 0.572 0.106
B-b1,phase_scan,44,4,28800,0.90625,0.9541015625,0.022705078125,0.24642520480685767,-0.045 0.333 0.316 0.090
B-b1,phase_scan,44,6,28800,0.783203125,0.9241536458333333,0.03841145833333333,0.5401820076836479,-0.081 0.377 0.677 0.846 0.581 0.220
B-b1,phase_scan,44,8,28800,0.0,0.43798828124999994,0.3231201171875,1.1040905922178237,0.162 1.343 1.878 1.020 1.206 1.871 0.292 0.117
B-b1,phase_scan,44,4,36000,0.9755859375,0.9903971354166667,0.004150390625,0.23263511834321202,-0.011 0.296 0.320 0.082
B-b1,phase_scan,44,6,36000,0.9072265625,0.9712890624999999,0.013997395833333332,0.5054815345340303,0.007 0.444 0.573 0.692 0.553 0.265
B-b1,phase_scan,44,8,36000,0.0224609375,0.6338239397321429,0.1949462890625,0.6119858272491939,0.337 0.536 -0.096 0.875 0.833 1.927 0.045 0.164
B-b1,phase_scan,55,4,900,0.7724609375,0.8855794270833334,0.057373046875,0.27517689598931205,-0.063 0.314 0.331 0.181
B-b1,phase_scan,55,6,900,0.291015625,0.6888020833333334,0.16666666666666666,0.3745539718204073,0.167 0.347 0.432 0.719 0.405 -0.030
B-b1,phase_scan,55,8,900,0.03125,0.5337960379464286,0.260498046875,0.44545949451507083,0.489 -0.210 0.910 0.543 0.999 0.485 0.678 -0.286
B-b1,phase_scan,55,4,1800,0.8359375,0.9235026041666667,0.03662109375,0.3075665456277353,-0.028 0.447 0.334 0.142
B-b1,phase_scan,55,6,1800,0.3203125,0.7210286458333333,0.14632161458333334,0.500077618492974,0.146 0.612 0.650 0.777 0.452 0.010
B-b1,phase_scan,55,8,1800,0.0068359375,0.5117187499999999,0.27294921875,0.6421329861595517,0.403 0.114 1.258 0.976 1.181 0.533 0.630 -0.199
B-b1,phase_scan,55,4,3600,0.869140625,0.9352213541666667,0.0322265625,0.24541607609501592,0.042 0.323 0.286 0.128
B-b1,phase_scan,55,6,3600,0.55859375,0.8309895833333334,0.08723958333333333,0.40835036171807165,0.171 0.380 0.402 0.725 0.465 0.070
B-b1,phase_scan,55,8,3600,0.0966796875,0.6352887834821429,0.197509765625,0.5123392362443228,0.396 0.195 0.729 0.524 1.058 0.443 0.670 -0.032
B-b1,phase_scan,55,4,7200,0.9033203125,0.9518229166666667,0.02392578125,0.36435860174673573,-0.151 0.340 0.409 0.344
B-b1,phase_scan,55,6,7200,0.32421875,0.7236979166666666,0.14485677083333334,0.6238926384184094,0.013 0.400 0.489 0.950 0.926 0.354
B-b1,phase_scan,55,8,7200,0.0009765625,0.5591866629464286,0.241943359375,0.9281865188053674,0.234 0.321 0.750 0.772 1.479 1.570 1.271 0.335
B-b1,phase_scan,55,4,14400,0.93359375,0.9697265625,0.014404296875,0.3075508718137388,0.043 0.320 0.329 0.274
B-b1,phase_scan,55,6,14400,0.67578125,0.8875651041666666,0.05647786458333333,0.569261524412367,0.036 0.504 0.528 0.822 0.633 0.360
B-b1,phase_scan,55,8,14400,0.0,0.4539620535714285,0.3116455078125,0.9551986626216344,0.224 1.067 0.235 0.875 1.225 1.631 1.344 0.310
B-b1,phase_scan,55,4,28800,0.978515625,0.9908854166666667,0.004150390625,0.2312944553516529,0.011 0.342 0.326 0.025
B-b1,phase_scan,55,6,28800,0.8857421875,0.9614583333333333,0.019368489583333332,0.5106393628650239,0.030 0.397 0.716 0.708 0.569 0.162
B-b1,phase_scan,55,8,28800,0.0,0.4075404575892856,0.3447265625,0.9647185461861748,0.288 1.548 0.746 1.071 1.002 1.619 0.797 -0.029
B-b1,phase_scan,55,4,36000,0.9736328125,0.9884440104166667,0.00537109375,0.2420515484280056,-0.016 0.336 0.329 0.062
B-b1,phase_scan,55,6,36000,0.919921875,0.9757161458333332,0.011881510416666666,0.5429727368884615,-0.026 0.457 0.658 0.737 0.564 0.298
B-b1,phase_scan,55,8,36000,0.0,0.46020507812499994,0.3074951171875,0.7254830806974379,0.297 1.110 0.144 1.153 0.989 1.065 0.471 0.146
B-b1,phase_scan,66,4,900,0.78515625,0.89208984375,0.053955078125,0.20402259296841094,-0.069 0.160 0.287 0.165
B-b1,phase_scan,66,6,900,0.3203125,0.7142578124999999,0.15022786458333331,0.2537251048617891,0.204 0.025 0.149 0.522 0.628 -0.054
B-b1,phase_scan,66,8,900,0.0556640625,0.5798688616071428,0.23046875,0.30535185147845556,0.538 -0.469 0.505 0.178 0.731 0.648 0.874 -0.330
B-b1,phase_scan,66,4,1800,0.865234375,0.935546875,0.031494140625,0.19129417560718678,-0.004 0.258 0.282 0.034
B-b1,phase_scan,66,6,1800,0.57421875,0.8351562499999999,0.08544921875,0.3196942541334363,0.160 0.411 0.328 0.638 0.319 -0.098
B-b1,phase_scan,66,8,1800,0.111328125,0.6391950334821428,0.1962890625,0.411225746548365,0.435 -0.014 0.843 0.502 0.921 0.401 0.515 -0.290
B-b1,phase_scan,66,4,3600,0.8798828125,0.93896484375,0.03076171875,0.36508785353766543,-0.032 0.500 0.408 0.186
B-b1,phase_scan,66,6,3600,0.2978515625,0.7057291666666666,0.15543619791666666,0.6267718209160698,0.161 0.546 0.770 0.923 0.770 0.125
B-b1,phase_scan,66,8,3600,0.0,0.4853864397321428,0.2916259765625,0.8929435601310124,0.414 0.553 1.065 1.116 1.409 1.056 1.020 0.031
B-b1,phase_scan,66,4,7200,0.9375,0.9720052083333333,0.01318359375,0.21877836298059536,-0.133 0.368 0.259 0.030
B-b1,phase_scan,66,6,7200,0.720703125,0.8934244791666666,0.05517578125,0.46287712785932744,0.049 0.537 0.555 0.778 0.397 0.048
B-b1,phase_scan,66,8,7200,0.01171875,0.54052734375,0.2545166015625,0.6725431056249709,0.294 0.402 1.120 0.887 1.270 0.472 0.510 0.046
B-b1,phase_scan,66,4,14400,0.966796875,0.9873046875,0.00537109375,0.21288288964165583,-0.009 0.302 0.261 0.076
B-b1,phase_scan,66,6,14400,0.853515625,0.9492838541666666,0.025553385416666664,0.4978743526670666,0.025 0.409 0.624 0.696 0.545 0.215
B-b1,phase_scan,66,8,14400,0.0283203125,0.518310546875,0.271728515625,0.6007609480903263,0.275 0.201 0.168 0.977 1.034 1.080 0.713 0.031
B-b1,phase_scan,66,4,28800,0.9736328125,0.9890950520833334,0.0048828125,0.23332405973363804,0.001 0.301 0.306 0.093
B-b1,phase_scan,66,6,28800,0.8896484375,0.9642578125,0.017740885416666664,0.5262223614586723,0.025 0.459 0.600 0.712 0.546 0.314
B-b1,phase_scan,66,8,28800,0.046875,0.5988071986607143,0.21875,0.6780262031252421,0.363 0.467 0.134 0.892 0.850 1.403 0.822 0.179
B-b1,phase_scan,66,4,36000,0.9619140625,0.9816080729166667,0.009033203125,0.28731032654091165,-0.013 0.345 0.375 0.142
B-b1,phase_scan,66,6,36000,0.8564453125,0.9526692708333333,0.023600260416666664,0.5484118594063652,0.003 0.398 0.716 0.756 0.555 0.317
B-b1,phase_scan,66,8,36000,0.0,0.49693080357142844,0.280517578125,0.9298961503165108,0.310 1.533 0.150 0.944 0.811 1.965 0.953 0.153
B-b1,phase_scan,77,4,900,0.7744140625,0.8792317708333334,0.062255859375,0.33887443719086824,0.007 0.379 0.421 0.216
B-b1,phase_scan,77,6,900,0.1328125,0.5970052083333334,0.21842447916666666,0.5577514701419405,0.240 0.572 0.547 0.844 0.866 -0.041
B-b1,phase_scan,77,8,900,0.0009765625,0.4658203124999999,0.3045654296875,0.7007391679854619,0.517 -0.084 1.176 0.762 1.261 1.033 1.086 -0.327
B-b1,phase_scan,77,4,1800,0.8408203125,0.92041015625,0.039794921875,0.3016267440937183,-0.075 0.329 0.394 0.182
B-b1,phase_scan,77,6,1800,0.306640625,0.7132161458333333,0.15087890625,0.47896156046125604,0.129 0.272 0.499 0.879 0.706 0.039
B-b1,phase_scan,77,8,1800,0.0068359375,0.519775390625,0.267578125,0.6258263663640097,0.397 -0.277 0.859 0.790 1.293 0.996 0.897 -0.177
B-b1,phase_scan,77,4,3600,0.9169921875,0.95947265625,0.02001953125,0.2594473626878527,-0.048 0.342 0.268 0.169
B-b1,phase_scan,77,6,3600,0.61328125,0.8544270833333333,0.07470703125,0.4588803582721285,0.117 0.421 0.411 0.678 0.623 0.160
B-b1,phase_scan,77,8,3600,0.0810546875,0.6245465959821428,0.20361328125,0.5879511719658261,0.340 0.170 0.738 0.529 1.012 0.761 0.809 0.098
B-b1,phase_scan,77,4,7200,0.9384765625,0.9708658854166667,0.01416015625,0.22749061937685366,-0.081 0.297 0.269 0.116
B-b1,phase_scan,77,6,7200,0.65234375,0.8688802083333333,0.06754557291666666,0.42171050442589636,0.087 0.315 0.329 0.792 0.517 0.156
B-b1,phase_scan,77,8,7200,0.029296875,0.5943429129464286,0.2210693359375,0.4920703834957546,0.317 0.228 -0.064 0.500 1.241 0.799 0.637 0.104
B-b1,phase_scan,77,4,14400,0.97265625,0.98828125,0.00537109375,0.22104479648448802,-0.025 0.251 0.314 0.098
B-b1,phase_scan,77,6,14400,0.83203125,0.939453125,0.030924479166666664,0.4878441227806937,0.002 0.447 0.474 0.730 0.599 0.190
B-b1,phase_scan,77,8,14400,0.0322265625,0.5558733258928571,0.2464599609375,0.586469778938899,0.312 -0.065 0.317 0.884 1.039 0.932 0.867 0.131
B-b1,phase_scan,77,4,28800,0.970703125,0.9860026041666667,0.0068359375,0.26423758930630153,-0.029 0.363 0.347 0.083
B-b1,phase_scan,77,6,28800,0.87890625,0.9574869791666667,0.021484375,0.5355754428439667,0.020 0.406 0.758 0.727 0.525 0.262
B-b1,phase_scan,77,8,28800,0.0703125,0.6368582589285714,0.1944580078125,0.6174692842695447,0.277 0.586 0.009 0.802 0.879 1.144 0.858 0.045
B-b1,phase_scan,77,4,36000,0.9736328125,0.9871419270833333,0.00634765625,0.2562462842022931,-0.059 0.307 0.365 0.097
B-b1,phase_scan,77,6,36000,0.873046875,0.9576822916666666,0.021158854166666664,0.5456338061226738,-0.025 0.361 0.679 0.852 0.512 0.324
B-b1,phase_scan,77,8,36000,0.0,0.4469168526785713,0.314208984375,0.7629587536766415,0.300 1.117 -0.227 0.903 1.137 1.665 0.611 0.135
B-b1,phase_scan,88,4,900,0.748046875,0.8680013020833334,0.067138671875,0.2851127253638373,0.050 0.397 0.318 0.141
B-b1,phase_scan,88,6,900,0.1845703125,0.6242838541666667,0.20247395833333331,0.446433040830824,0.299 0.525 0.490 0.691 0.672 -0.147
B-b1,phase_scan,88,8,900,0.0146484375,0.48699079241071425,0.290771484375,0.5480555314866323,0.654 0.066 1.145 0.585 0.982 0.619 0.891 -0.451
B-b1,phase_scan,88,4,1800,0.84375,0.9235026041666666,0.037841796875,0.2967023407971417,-0.067 0.303 0.363 0.224
B-b1,phase_scan,88,6,1800,0.34375,0.73515625,0.13802083333333331,0.47574306858910437,0.155 0.310 0.403 0.802 0.770 0.094
B-b1,phase_scan,88,8,1800,0.015625,0.5119280133928571,0.274169921875,0.5938317283751473,0.457 -0.234 0.788 0.579 1.205 0.887 1.032 -0.100
B-b1,phase_scan,88,4,3600,0.8623046875,0.9337565104166667,0.0322265625,0.33783700731065536,-0.072 0.388 0.370 0.255
B-b1,phase_scan,88,6,3600,0.4345703125,0.7853515624999999,0.11051432291666667,0.5576988988452485,0.042 0.377 0.557 0.851 0.784 0.218
B-b1,phase_scan,88,8,3600,0.001953125,0.5304827008928571,0.2598876953125,0.7452888337392656,0.247 0.072 0.825 0.804 1.334 1.053 0.970 0.158
B-b1,phase_scan,88,4,7200,0.9267578125,0.9658203125,0.016357421875,0.29051882249337657,-0.100 0.368 0.280 0.224
B-b1,phase_scan,88,6,7200,0.6748046875,0.8806640625,0.06103515625,0.48469254705640985,0.095 0.326 0.483 0.788 0.607 0.219
B-b1,phase_scan,88,8,7200,0.015625,0.5628836495535714,0.239990234375,0.6238393178061834,0.353 -0.105 0.659 0.679 1.233 0.819 0.894 0.189
B-b1,phase_scan,88,4,14400,0.9482421875,0.9783528645833334,0.009765625,0.1799177681958234,0.014 0.263 0.277 0.000
B-b1,phase_scan,88,6,14400,0.845703125,0.9473958333333333,0.0263671875,0.4477312299940319,0.040 0.496 0.506 0.729 0.464 0.044
B-b1,phase_scan,88,8,14400,0.044921875,0.5793805803571428,0.23095703125,0.595853158405849,0.298 0.275 1.016 0.748 1.039 0.876 0.141 0.077
B-b1,phase_scan,88,4,28800,0.9697265625,0.98583984375,0.0068359375,0.2308023417437518,-0.042 0.317 0.372 0.003
B-b1,phase_scan,88,6,28800,0.76171875,0.9160807291666666,0.04248046875,0.5305394464068941,-0.045 0.429 0.592 0.854 0.550 0.228
B-b1,phase_scan,88,8,28800,0.0009765625,0.4446498325892856,0.316650390625,1.1258635445246619,0.241 1.546 2.463 1.109 1.064 1.705 -0.182 0.175
B-b1,phase_scan,88,4,36000,0.9794921875,0.9903971354166667,0.004638671875,0.23626689557675962,-0.033 0.321 0.293 0.095
B-b1,phase_scan,88,6,36000,0.93359375,0.9817057291666667,0.008626302083333332,0.5111626121732922,0.068 0.432 0.657 0.672 0.542 0.252
B-b1,phase_scan,88,8,36000,0.05859375,0.6614118303571429,0.178466796875,0.45842579432896197,0.326 0.333 -0.714 0.856 0.801 1.715 -0.027 0.245
B-b16,priority_scan,11,4,900,0.1943359375,0.5501302083333334,0.235595703125,0.04002134005228679,0.000 -0.196 0.276 0.000
B-b16,priority_scan,11,6,900,0.0244140625,0.4730468750000001,0.29443359375,0.08470515410105368,0.000 -0.332 0.062 0.208 0.402 -0.000
B-b16,priority_scan,11,8,900,0.00390625,0.43261718749999994,0.32763671875,0.140771402253045,0.000 -0.389 0.033 0.186 0.265 0.359 0.390 0.000
B-b16,priority_scan,11,4,1800,0.197265625,0.5470377604166667,0.2392578125,0.015107724401685924,0.000 -0.231 0.261 0.000
B-b16,priority_scan,11,6,1800,0.0224609375,0.46985677083333344,0.29703776041666663,0.12203509608904503,0.000 -0.377 0.111 0.282 0.472 -0.000
B-b16,priority_scan,11,8,1800,0.0078125,0.4439174107142856,0.321044921875,0.19540641042921278,0.000 -0.391 0.059 0.174 0.359 0.491 0.480 0.000
B-b16,priority_scan,11,4,3600,0.5712890625,0.7711588541666666,0.117919921875,0.29093027114868164,0.000 0.384 0.198 0.000
B-b16,priority_scan,11,6,3600,0.0830078125,0.5569661458333334,0.24055989583333331,0.48042744398117054,0.000 0.555 0.686 0.372 0.309 -0.000
B-b16,priority_scan,11,8,3600,0.0068359375,0.4977329799107142,0.2828369140625,0.6491697717595982,0.000 0.761 1.175 0.894 0.545 0.257 0.264 0.000
B-b16,priority_scan,11,4,7200,0.8828125,0.9420572916666667,0.028564453125,-0.001565747790866428,0.000 -0.004 0.001 0.000
B-b16,priority_scan,11,6,7200,0.5283203125,0.81484375,0.09586588541666666,0.07141664624214156,0.000 0.176 0.053 0.138 -0.081 -0.000
B-b16,priority_scan,11,8,7200,0.181640625,0.6887904575892857,0.1663818359375,0.1465296524542349,0.000 0.469 0.182 0.231 0.249 0.167 -0.419 0.000
B-b16,priority_scan,11,4,14400,0.8876953125,0.9440104166666667,0.02783203125,-0.00048584408230251813,0.000 -0.049 0.048 0.000
B-b16,priority_scan,11,6,14400,0.65234375,0.8693359374999999,0.0673828125,0.026738693316777362,0.000 0.034 0.002 0.112 -0.042 -0.000
B-b16,priority_scan,11,8,14400,0.34375,0.7722516741071428,0.1202392578125,0.05271618013028745,0.000 0.272 0.125 0.076 0.123 0.080 -0.360 0.000
B-b16,priority_scan,11,4,28800,0.9541015625,0.97705078125,0.011474609375,-0.02569218476613362,0.000 -0.054 0.002 0.000
B-b16,priority_scan,11,6,28800,0.8681640625,0.9535807291666666,0.0234375,0.009364883104959941,0.000 0.102 0.076 -0.022 -0.119 -0.000
B-b16,priority_scan,11,8,28800,0.57421875,0.8725934709821428,0.065673828125,0.05743905350014015,0.000 0.398 0.285 0.216 -0.005 -0.150 -0.399 0.000
B-b16,priority_scan,11,4,36000,0.95703125,0.9791666666666667,0.01025390625,0.0674980878829956,0.000 0.022 0.113 0.000
B-b16,priority_scan,11,6,36000,0.873046875,0.9542968749999999,0.023274739583333332,0.08595267931620262,0.000 0.099 0.139 0.121 -0.015 -0.000
B-b16,priority_scan,11,8,36000,0.662109375,0.8986118861607143,0.05224609375,0.10286958129317673,0.000 0.310 0.263 0.261 0.136 -0.016 -0.338 0.000
B-b16,priority_scan,22,4,900,0.1875,0.5486653645833334,0.236328125,0.06812592347462973,0.000 -0.167 0.304 0.000
B-b16,priority_scan,22,6,900,0.025390625,0.46725260416666675,0.298828125,0.12229154507319116,0.000 -0.295 0.088 0.264 0.433 -0.000
B-b16,priority_scan,22,8,900,0.0009765625,0.4277692522321428,0.33203125,0.13340155283610025,0.000 -0.392 -0.034 0.199 0.205 0.355 0.468 0.000
B-b16,priority_scan,22,4,1800,0.1962890625,0.5442708333333333,0.2412109375,0.06352649794684515,0.000 -0.174 0.301 0.000
B-b16,priority_scan,22,6,1800,0.02734375,0.4691406250000001,0.29768880208333337,0.18107702334721865,0.000 -0.262 0.085 0.385 0.516 -0.000
B-b16,priority_scan,22,8,1800,0.0029296875,0.4297223772321428,0.3306884765625,0.22475498693960683,0.000 -0.406 0.101 0.230 0.355 0.523 0.546 0.000
B-b16,priority_scan,22,4,3600,0.5947265625,0.7848307291666667,0.110595703125,-0.0002592139773898716,0.000 0.163 -0.163 0.000
B-b16,priority_scan,22,6,3600,0.1416015625,0.5723958333333334,0.23502604166666666,0.054445912440617694,0.000 0.116 0.242 -0.213 0.074 -0.000
B-b16,priority_scan,22,8,3600,0.0263671875,0.4844098772321428,0.2938232421875,0.051243923328540934,0.000 -0.243 0.578 0.198 -0.290 -0.206 0.271 0.000
B-b16,priority_scan,22,4,7200,0.8388671875,0.9171549479166666,0.0419921875,0.05549821588728163,0.000 0.246 -0.135 0.000
B-b16,priority_scan,22,6,7200,0.396484375,0.7494140625,0.1318359375,0.12669523557027162,0.000 0.608 0.325 -0.005 -0.421 -0.000
B-b16,priority_scan,22,8,7200,0.080078125,0.5975516183035714,0.22119140625,0.23146384292178682,0.000 0.970 0.750 0.455 0.133 -0.137 -0.781 0.000
B-b16,priority_scan,22,4,14400,0.9296875,0.9641927083333333,0.01806640625,-0.22361212306552464,0.000 -0.352 -0.095 0.000
B-b16,priority_scan,22,6,14400,0.74609375,0.9089192708333333,0.04638671875,-0.20275409022967042,0.000 -0.200 -0.368 -0.150 -0.092 -0.000
B-b16,priority_scan,22,8,14400,0.4794921875,0.8329729352678572,0.087158203125,-0.08989881586145472,0.000 0.138 -0.200 -0.210 -0.115 0.030 -0.183 0.000
B-b16,priority_scan,22,4,28800,0.951171875,0.9772135416666667,0.010986328125,0.03186735841963026,0.000 0.095 -0.032 0.000
B-b16,priority_scan,22,6,28800,0.84765625,0.9458984374999999,0.027506510416666664,0.0034652153650917734,0.000 0.019 0.061 -0.001 -0.065 -0.000
B-b16,priority_scan,22,8,28800,0.712890625,0.9148995535714285,0.0439453125,-0.02788265546162923,0.000 0.042 0.020 0.047 0.005 -0.076 -0.205 0.000
B-b16,priority_scan,22,4,36000,0.9638671875,0.98193359375,0.009033203125,0.024785995483398434,0.000 0.041 0.009 0.000
B-b16,priority_scan,22,6,36000,0.8779296875,0.960546875,0.01953125,0.0628374516963957,0.000 -0.049 0.089 0.142 0.070 -0.000
B-b16,priority_scan,22,8,36000,0.7119140625,0.9190150669642857,0.0413818359375,0.11397271244614211,0.000 -0.043 0.077 0.128 0.237 0.276 0.009 0.000
B-b16,priority_scan,33,4,900,0.1845703125,0.5445963541666666,0.2392578125,0.06416261196136475,0.000 -0.151 0.279 0.000
B-b16,priority_scan,33,6,900,0.0205078125,0.46106770833333344,0.30192057291666663,0.10787159204483016,0.000 -0.327 0.116 0.198 0.445 -0.000
B-b16,priority_scan,33,8,900,0.0029296875,0.4344308035714285,0.3260498046875,0.16013366204720955,0.000 -0.380 0.157 0.158 0.202 0.422 0.402 0.000
B-b16,priority_scan,33,4,1800,0.1826171875,0.5349934895833334,0.24609375,0.06127887301974827,0.000 -0.204 0.326 0.000
B-b16,priority_scan,33,6,1800,0.0244140625,0.4655598958333334,0.30061848958333337,0.1278379559516905,0.000 -0.314 0.053 0.279 0.493 -0.000
B-b16,priority_scan,33,8,1800,0.0029296875,0.43749999999999994,0.324462890625,0.17694007467340542,0.000 -0.423 0.049 0.177 0.312 0.479 0.467 0.000
B-b16,priority_scan,33,4,3600,0.796875,0.8971354166666666,0.051513671875,-0.07031453980339897,0.000 0.011 -0.151 0.000
B-b16,priority_scan,33,6,3600,0.4033203125,0.7569661458333333,0.12711588541666666,-0.07915491859118164,0.000 0.230 0.039 -0.272 -0.314 -0.000
B-b16,priority_scan,33,8,3600,0.1015625,0.6195940290178572,0.20703125,-0.034938697461728695,0.000 0.608 0.428 0.040 -0.318 -0.460 -0.508 0.000
B-b16,priority_scan,33,4,7200,0.9033203125,0.95068359375,0.02490234375,0.06939530372619629,0.000 0.015 0.124 0.000
B-b16,priority_scan,33,6,7200,0.5888671875,0.8418619791666666,0.08186848958333333,0.23758659760157252,0.000 0.379 0.241 0.182 0.148 -0.000
B-b16,priority_scan,33,8,7200,0.1240234375,0.6644112723214285,0.1795654296875,0.38313777358443657,0.000 0.838 0.727 0.508 0.303 0.206 -0.282 0.000
B-b16,priority_scan,33,4,14400,0.9384765625,0.9689127604166666,0.015625,-0.04742397202385796,0.000 -0.109 0.014 0.000
B-b16,priority_scan,33,6,14400,0.8134765625,0.9303385416666666,0.035807291666666664,0.05056912700335167,0.000 -0.034 -0.036 0.149 0.124 -0.000
B-b16,priority_scan,33,8,14400,0.5830078125,0.8734654017857143,0.0653076171875,0.14835163399025245,0.000 0.196 0.098 0.117 0.251 0.313 -0.084 0.000
B-b16,priority_scan,33,4,28800,0.951171875,0.9749348958333333,0.0126953125,-0.010693801773918994,0.000 -0.089 0.068 0.000
B-b16,priority_scan,33,6,28800,0.87109375,0.9567708333333333,0.021647135416666664,0.03169526656468691,0.000 -0.097 -0.025 0.156 0.093 -0.000
B-b16,priority_scan,33,8,28800,0.6728515625,0.9086565290178571,0.04638671875,0.06004492441813151,0.000 0.032 0.016 0.082 0.198 0.160 -0.127 0.000
B-b16,priority_scan,33,4,36000,0.958984375,0.9814453125,0.0087890625,-0.07947444915771484,0.000 -0.059 -0.100 0.000
B-b16,priority_scan,33,6,36000,0.892578125,0.9624348958333333,0.018880208333333332,0.0075654188791908945,0.000 0.161 0.008 -0.091 -0.047 -0.000
B-b16,priority_scan,33,8,36000,0.65625,0.9000418526785714,0.05126953125,0.1400712905106721,0.000 0.461 0.389 0.131 0.005 -0.093 -0.052 0.000
B-b16,priority_scan,44,4,900,0.1748046875,0.537109375,0.24365234375,0.034369362725151925,0.000 -0.200 0.269 0.000
B-b16,priority_scan,44,6,900,0.02734375,0.46699218750000016,0.2994791666666667,0.08726547161738059,0.000 -0.388 0.023 0.233 0.481 -0.000
B-b16,priority_scan,44,8,900,0.0029296875,0.43048967633928564,0.328857421875,0.1699695543006614,0.000 -0.359 0.022 0.164 0.327 0.416 0.450 0.000
B-b16,priority_scan,44,4,1800,0.30078125,0.6095377604166666,0.205322265625,-0.13396706846025255,0.000 -0.243 -0.025 0.000
B-b16,priority_scan,44,6,1800,0.0537109375,0.5072916666666667,0.27278645833333337,-0.2503687143325808,0.000 -0.520 -0.274 -0.277 0.070 -0.000
B-b16,priority_scan,44,8,1800,0.0048828125,0.45783342633928564,0.3094482421875,-0.4117434554629856,0.000 -0.514 -0.412 -0.490 -0.631 -0.464 0.041 0.000
B-b16,priority_scan,44,4,3600,0.7001953125,0.84228515625,0.080078125,0.15372885598076716,0.000 0.264 0.044 0.000
B-b16,priority_scan,44,6,3600,0.265625,0.6776692708333334,0.17171223958333331,0.24711102247238143,0.000 0.366 0.411 0.215 -0.003 -0.000
B-b16,priority_scan,44,8,3600,0.03515625,0.5534319196428571,0.2474365234375,0.3501412824348166,0.000 0.491 0.575 0.452 0.338 0.159 0.086 0.000
B-b16,priority_scan,44,4,7200,0.8857421875,0.9430338541666667,0.0283203125,0.06656163268619114,0.000 0.097 0.036 0.000
B-b16,priority_scan,44,6,7200,0.7041015625,0.8889973958333333,0.05712890625,0.12385015686353028,0.000 0.204 0.220 0.091 -0.019 -0.000
B-b16,priority_scan,44,8,7200,0.384765625,0.7934221540178572,0.1082763671875,0.07762577798631455,0.000 0.353 0.392 0.221 0.004 -0.087 -0.417 0.000
B-b16,priority_scan,44,4,14400,0.9296875,0.96484375,0.017578125,0.05044930511050754,0.000 0.062 0.039 0.000
B-b16,priority_scan,44,6,14400,0.806640625,0.930078125,0.03564453125,0.13568992416063927,0.000 0.014 0.097 0.195 0.237 -0.000
B-b16,priority_scan,44,8,14400,0.517578125,0.8582589285714286,0.0726318359375,0.26175399621327716,0.000 0.142 0.064 0.144 0.301 0.476 0.443 0.000
B-b16,priority_scan,44,4,28800,0.958984375,0.9801432291666667,0.009765625,-0.074716673956977,0.000 -0.002 -0.147 0.000
B-b16,priority_scan,44,6,28800,0.8740234375,0.959765625,0.01985677083333333,-0.028317521015803204,0.000 0.024 0.033 -0.054 -0.117 -0.000
B-b16,priority_scan,44,8,28800,0.5732421875,0.8996930803571428,0.049072265625,0.03660780412179452,0.000 0.015 0.117 0.106 -0.035 -0.078 0.094 0.000
B-b16,priority_scan,44,4,36000,0.96484375,0.9833984375,0.008056640625,0.08800407250722249,0.000 0.118 0.058 0.000
B-b16,priority_scan,44,6,36000,0.90234375,0.9660807291666667,0.01708984375,0.13486464818318666,0.000 0.101 0.229 0.160 0.049 -0.000
B-b16,priority_scan,44,8,36000,0.7890625,0.9425223214285714,0.0291748046875,0.1637981335322062,0.000 -0.144 0.098 0.315 0.303 0.176 0.236 0.000
B-b16,priority_scan,55,4,900,0.1806640625,0.5419921875,0.24072265625,0.024319092432657882,0.000 -0.179 0.228 0.000
B-b16,priority_scan,55,6,900,0.0263671875,0.4632161458333334,0.30159505208333337,0.08985122044881166,0.000 -0.282 0.037 0.158 0.446 -0.000
B-b16,priority_scan,55,8,900,0.001953125,0.4349190848214285,0.325439453125,0.11453111966451007,0.000 -0.429 0.077 0.078 0.186 0.385 0.391 0.000
B-b16,priority_scan,55,4,1800,0.2119140625,0.5540364583333333,0.23583984375,0.17899254957834881,0.000 -0.022 0.380 0.000
B-b16,priority_scan,55,6,1800,0.0302734375,0.4813151041666668,0.28955078125,0.3543763359387714,0.000 0.041 0.428 0.444 0.504 -0.000
B-b16,priority_scan,55,8,1800,0.00390625,0.44489397321428564,0.3194580078125,0.6297380394405789,0.000 0.265 0.848 0.727 0.696 0.704 0.538 0.000
B-b16,priority_scan,55,4,3600,0.83203125,0.91162109375,0.045166015625,0.016027622752719455,0.000 0.048 -0.016 0.000
B-b16,priority_scan,55,6,3600,0.623046875,0.8532552083333333,0.07633463541666666,0.059507240851719996,0.000 0.111 0.094 0.062 -0.030 -0.000
B-b16,priority_scan,55,8,3600,0.326171875,0.7700195312500001,0.12109375,0.07214159877211956,0.000 0.181 0.209 0.171 0.072 0.010 -0.210 0.000
B-b16,priority_scan,55,4,7200,0.9169921875,0.958984375,0.02001953125,-0.040763682789272726,0.000 -0.045 -0.037 0.000
B-b16,priority_scan,55,6,7200,0.7646484375,0.9145833333333333,0.04345703125,-0.07771690686543802,0.000 -0.054 -0.121 -0.080 -0.056 -0.000
B-b16,priority_scan,55,8,7200,0.4482421875,0.8101283482142857,0.10009765625,-0.17133269045088026,0.000 -0.074 -0.224 -0.257 -0.232 -0.123 -0.118 0.000
B-b16,priority_scan,55,4,14400,0.9150390625,0.9563802083333333,0.02197265625,0.10144922468397352,0.000 0.092 0.111 0.000
B-b16,priority_scan,55,6,14400,0.779296875,0.9160807291666666,0.04329427083333333,0.0863151252269743,0.000 0.033 0.072 0.131 0.110 -0.000
B-b16,priority_scan,55,8,14400,0.6669921875,0.89794921875,0.0528564453125,0.06339766361095286,0.000 0.005 0.005 0.016 0.104 0.143 0.108 0.000
B-b16,priority_scan,55,4,28800,0.96875,0.9847005208333334,0.007568359375,0.03490156597561306,0.000 0.049 0.021 0.000
B-b16,priority_scan,55,6,28800,0.8701171875,0.9531901041666667,0.023763020833333332,-0.04600405693054218,0.000 -0.045 -0.080 -0.033 -0.025 -0.000
B-b16,priority_scan,55,8,28800,0.615234375,0.8827078683035714,0.0606689453125,-0.13776251563319453,0.000 -0.128 -0.091 -0.194 -0.212 -0.137 -0.066 0.000
B-b16,priority_scan,55,4,36000,0.97265625,0.9850260416666666,0.007568359375,0.04950609472062853,0.000 0.068 0.031 0.000
B-b16,priority_scan,55,6,36000,0.9111328125,0.9682291666666667,0.01611328125,0.035718083381652645,0.000 0.046 0.045 0.069 -0.017 -0.000
B-b16,priority_scan,55,8,36000,0.8017578125,0.94140625,0.030029296875,0.05682375695970323,0.000 0.039 0.054 0.057 0.077 0.066 0.049 0.000
B-b16,priority_scan,66,4,900,0.19140625,0.5428059895833333,0.24072265625,0.0825496514638265,0.000 -0.131 0.296 0.000
B-b16,priority_scan,66,6,900,0.0205078125,0.46165364583333346,0.3014322916666667,0.09977802634239179,0.000 -0.286 0.092 0.241 0.352 -0.000
B-b16,priority_scan,66,8,900,0.00390625,0.4408133370535714,0.320556640625,0.12304813773543745,0.000 -0.323 0.020 0.146 0.155 0.409 0.331 0.000
B-b16,priority_scan,66,4,1800,0.193359375,0.5514322916666666,0.2353515625,0.02904368771447073,0.000 -0.197 0.255 0.000
B-b16,priority_scan,66,6,1800,0.017578125,0.4663411458333334,0.2998046875,0.07986153165499352,0.000 -0.429 0.023 0.269 0.457 -0.000
B-b16,priority_scan,66,8,1800,0.005859375,0.43624441964285704,0.3260498046875,0.17864944758238613,0.000 -0.468 0.041 0.142 0.367 0.501 0.489 0.000
B-b16,priority_scan,66,4,3600,0.5,0.734375,0.13671875,0.06511310736338297,0.000 0.265 -0.135 0.000
B-b16,priority_scan,66,6,3600,0.1240234375,0.5786458333333334,0.22884114583333331,0.2532354990641274,0.000 0.630 0.527 0.032 -0.176 -0.000
B-b16,priority_scan,66,8,3600,0.0107421875,0.5040457589285714,0.279296875,0.4949551379239118,0.000 0.850 1.194 0.894 0.372 -0.109 -0.230 0.000
B-b16,priority_scan,66,4,7200,0.876953125,0.9384765625,0.03076171875,-0.12092173099517822,0.000 -0.198 -0.043 0.000
B-b16,priority_scan,66,6,7200,0.626953125,0.8608723958333333,0.07145182291666666,-0.17167935768763243,0.000 -0.142 -0.190 -0.190 -0.165 -0.000
B-b16,priority_scan,66,8,7200,0.2744140625,0.7414202008928572,0.13671875,-0.2512549029456244,0.000 -0.077 -0.223 -0.306 -0.322 -0.200 -0.379 0.000
B-b16,priority_scan,66,4,14400,0.9248046875,0.9620768229166666,0.01904296875,0.059637626012166337,0.000 0.085 0.034 0.000
B-b16,priority_scan,66,6,14400,0.7939453125,0.9240234374999999,0.03889973958333333,-0.004833787679672425,0.000 0.071 0.019 -0.014 -0.096 -0.000
B-b16,priority_scan,66,8,14400,0.572265625,0.86572265625,0.06982421875,-0.10386511131569191,0.000 0.126 0.017 -0.095 -0.123 -0.182 -0.366 0.000
B-b16,priority_scan,66,4,28800,0.9599609375,0.98095703125,0.00927734375,0.0532821151945326,0.000 0.024 0.082 0.000
B-b16,priority_scan,66,6,28800,0.876953125,0.9577473958333333,0.021321614583333332,-0.00623946388562539,0.000 -0.005 -0.004 0.038 -0.053 -0.000
B-b16,priority_scan,66,8,28800,0.7333984375,0.9275599888392857,0.0367431640625,-0.10391800491898147,0.000 -0.002 -0.069 -0.085 -0.068 -0.116 -0.284 0.000
B-b16,priority_scan,66,4,36000,0.9580078125,0.9793294270833333,0.01025390625,-0.005206200811598036,0.000 -0.028 0.017 0.000
B-b16,priority_scan,66,6,36000,0.8916015625,0.96171875,0.019531249999999997,-0.055451790491740094,0.000 0.047 -0.051 -0.064 -0.153 -0.000
B-b16,priority_scan,66,8,36000,0.7333984375,0.9271065848214286,0.0369873046875,-0.14827061582494663,0.000 0.116 -0.038 -0.120 -0.177 -0.247 -0.424 0.000
B-b16,priority_scan,77,4,900,0.1826171875,0.5432942708333334,0.239990234375,0.0266544024149577,0.000 -0.229 0.282 0.000
B-b16,priority_scan,77,6,900,0.025390625,0.46933593750000013,0.2978515625,0.02313931783040346,0.000 -0.468 0.040 0.132 0.389 -0.000
B-b16,priority_scan,77,8,900,0.001953125,0.43861607142857134,0.3228759765625,0.13184739483727348,0.000 -0.329 -0.027 0.125 0.299 0.346 0.377 0.000
B-b16,priority_scan,77,4,1800,0.177734375,0.53759765625,0.243896484375,0.01109083493550618,0.000 -0.227 0.249 0.000
B-b16,priority_scan,77,6,1800,0.025390625,0.46562500000000007,0.29996744791666663,0.12405673662821436,0.000 -0.356 0.055 0.295 0.502 -0.000
B-b16,priority_scan,77,8,1800,0.00390625,0.4379185267857142,0.32373046875,0.19646545251210532,0.000 -0.404 -0.000 0.248 0.303 0.533 0.499 0.000
B-b16,priority_scan,77,4,3600,0.623046875,0.8014322916666666,0.101806640625,0.053098864025539816,0.000 0.169 -0.063 0.000
B-b16,priority_scan,77,6,3600,0.1962890625,0.6194661458333334,0.20654296875,0.10124613841374697,0.000 0.065 0.297 -0.055 0.098 -0.000
B-b16,priority_scan,77,8,3600,0.0263671875,0.5187290736607142,0.2706298828125,0.07931047015719944,0.000 -0.163 0.408 0.247 -0.121 -0.154 0.258 0.000
B-b16,priority_scan,77,4,7200,0.8974609375,0.9490559895833333,0.025390625,0.11702299118041992,0.000 0.134 0.100 0.000
B-b16,priority_scan,77,6,7200,0.724609375,0.8979817708333333,0.05224609374999999,0.1408056418100991,0.000 0.150 0.134 0.207 0.072 -0.000
B-b16,priority_scan,77,8,7200,0.466796875,0.8257882254464286,0.091064453125,0.19284162256452775,0.000 0.333 0.221 0.179 0.279 0.239 -0.094 0.000
B-b16,priority_scan,77,4,14400,0.9521484375,0.9777018229166667,0.0107421875,0.21392193105485705,0.000 0.203 0.224 0.000
B-b16,priority_scan,77,6,14400,0.822265625,0.9397135416666667,0.0302734375,0.25749226411183657,0.000 0.284 0.298 0.354 0.093 -0.000
B-b16,priority_scan,77,8,14400,0.6171875,0.8935895647321428,0.0540771484375,0.28192612859937877,0.000 0.404 0.340 0.382 0.422 0.358 -0.215 0.000
B-b16,priority_scan,77,4,28800,0.9599609375,0.97998046875,0.010009765625,-0.03358814451429579,0.000 -0.040 -0.027 0.000
B-b16,priority_scan,77,6,28800,0.8955078125,0.9628255208333334,0.018880208333333332,-0.06358454624811827,0.000 -0.035 -0.084 -0.061 -0.075 -0.000
B-b16,priority_scan,77,8,28800,0.794921875,0.9459751674107142,0.0272216796875,-0.1255108471269961,0.000 -0.012 -0.159 -0.155 -0.112 -0.058 -0.257 0.000
B-b16,priority_scan,77,4,36000,0.966796875,0.9850260416666667,0.007080078125,0.0361833307478163,0.000 0.009 0.063 0.000
B-b16,priority_scan,77,6,36000,0.8974609375,0.9656901041666666,0.01708984375,0.016517341136932186,0.000 -0.070 0.009 0.118 0.010 -0.000
B-b16,priority_scan,77,8,36000,0.8232421875,0.9530203683035714,0.023681640625,-0.027287492045649776,0.000 -0.150 -0.173 -0.040 0.130 0.167 -0.097 0.000
B-b16,priority_scan,88,4,900,0.193359375,0.5501302083333333,0.236328125,0.0790522495905558,0.000 -0.100 0.258 0.000
B-b16,priority_scan,88,6,900,0.01953125,0.4627604166666668,0.30110677083333337,0.17462685704231246,0.000 -0.275 0.087 0.375 0.512 -0.000
B-b16,priority_scan,88,8,900,0.001953125,0.43066406249999994,0.3284912109375,0.25464289718204075,0.000 -0.313 0.159 0.334 0.403 0.446 0.499 0.000
B-b16,priority_scan,88,4,1800,0.279296875,0.5997721354166667,0.2099609375,0.11315332518683538,0.000 -0.005 0.231 0.000
B-b16,priority_scan,88,6,1800,0.0458984375,0.5007161458333335,0.27604166666666663,0.1777543624242145,0.000 -0.032 0.174 0.239 0.330 -0.000
B-b16,priority_scan,88,8,1800,0.0048828125,0.4710170200892857,0.298583984375,0.19880899676570185,0.000 0.039 0.333 0.225 0.209 0.181 0.205 0.000
B-b16,priority_scan,88,4,3600,0.76953125,0.8824869791666667,0.059326171875,0.0034836265775892473,0.000 -0.009 0.015 0.000
B-b16,priority_scan,88,6,3600,0.4814453125,0.7923828125,0.1083984375,-0.006354649861653832,0.000 0.062 0.071 -0.018 -0.140 -0.000
B-b16,priority_scan,88,8,3600,0.2236328125,0.70166015625,0.1600341796875,-0.03393106990390354,0.000 0.146 0.109 0.062 -0.016 -0.123 -0.382 0.000
B-b16,priority_scan,88,4,7200,0.884765625,0.9427083333333334,0.028564453125,0.2231010463502672,0.000 0.292 0.154 0.000
B-b16,priority_scan,88,6,7200,0.509765625,0.8126302083333332,0.09684244791666666,0.513709783554077,0.000 0.521 0.694 0.563 0.278 -0.000
B-b16,priority_scan,88,8,7200,0.0634765625,0.6146414620535714,0.20947265625,0.8702200209652937,0.000 0.811 1.059 1.197 1.063 0.839 0.253 0.000
B-b16,priority_scan,88,4,14400,0.9521484375,0.9777018229166667,0.0107421875,-0.09377267625596789,0.000 -0.094 -0.093 0.000
B-b16,priority_scan,88,6,14400,0.8681640625,0.9567057291666667,0.021484375,-0.018903464078903382,0.000 0.055 -0.061 -0.059 -0.011 -0.000
B-b16,priority_scan,88,8,14400,0.6689453125,0.9096330915178571,0.046142578125,0.06623906117898447,0.000 0.281 0.133 0.067 -0.016 -0.003 -0.065 0.000
B-b16,priority_scan,88,4,28800,0.962890625,0.9820963541666667,0.0087890625,0.0277147028181288,0.000 -0.009 0.065 0.000
B-b16,priority_scan,88,6,28800,0.8916015625,0.9626953125,0.018717447916666664,0.03516803185145042,0.000 -0.078 0.036 0.106 0.077 -0.000
B-b16,priority_scan,88,8,28800,0.76953125,0.9373953683035714,0.03173828125,0.14283749792310926,0.000 -0.030 0.002 0.179 0.266 0.275 0.165 0.000
B-b16,priority_scan,88,4,36000,0.970703125,0.9856770833333333,0.007080078125,-0.10560009214613174,0.000 -0.068 -0.143 0.000
B-b16,priority_scan,88,6,36000,0.91796875,0.971875,0.01416015625,-0.0916709005832674,0.000 -0.018 -0.049 -0.148 -0.152 -0.000
B-b16,priority_scan,88,8,36000,0.7685546875,0.9394182477678572,0.030517578125,-0.01833944408981888,0.000 0.131 0.038 0.028 -0.073 -0.152 -0.082 0.000
B-b16,position_scan,11,4,900,0.7373046875,0.8575846354166667,0.07373046875,-0.07186474623503507,0.037 -0.107 -0.020 -0.089
B-b16,position_scan,11,6,900,0.36328125,0.7133463541666667,0.15445963541666666,-0.14496048953798088,0.235 -0.227 -0.223 -0.099 0.082 -0.258
B-b16,position_scan,11,8,900,0.0771484375,0.5777413504464286,0.234375,-0.2113404728117443,0.431 -0.275 -0.312 -0.330 -0.259 0.043 0.114 -0.459
B-b16,position_scan,11,4,1800,0.80859375,0.9015299479166666,0.0498046875,-0.08869784849661368,-0.157 -0.172 -0.036 -0.058
B-b16,position_scan,11,6,1800,0.4765625,0.7820963541666666,0.11490885416666666,-0.14280693398581618,-0.063 -0.337 -0.173 -0.082 0.049 -0.171
B-b16,position_scan,11,8,1800,0.208984375,0.7015904017857144,0.1600341796875,-0.20206812828306167,0.114 -0.550 -0.277 -0.246 -0.144 0.074 0.084 -0.356
B-b16,position_scan,11,4,3600,0.8310546875,0.91650390625,0.04150390625,-0.005047365471168806,0.390 0.166 -0.020 -0.161
B-b16,position_scan,11,6,3600,0.5087890625,0.8046875,0.10172526041666666,0.07453570100996224,0.581 0.476 0.133 0.003 -0.056 -0.183
B-b16,position_scan,11,8,3600,0.1396484375,0.6763392857142858,0.1734619140625,0.15985547550140863,0.795 0.721 0.529 0.167 0.029 0.049 -0.103 -0.274
B-b16,position_scan,11,4,7200,0.880859375,0.9392903645833333,0.030517578125,0.12143510359304922,0.026 0.137 0.167 0.061
B-b16,position_scan,11,6,7200,0.677734375,0.8745442708333333,0.06510416666666666,0.13667676183912486,0.052 0.138 0.202 0.254 0.192 -0.103
B-b16,position_scan,11,8,7200,0.482421875,0.8270786830357144,0.0909423828125,0.17390408213176425,0.066 0.156 0.140 0.284 0.303 0.288 0.343 -0.297
B-b16,position_scan,11,4,14400,0.9306640625,0.9656575520833333,0.01708984375,-0.0366454212753861,0.081 0.064 -0.148 -0.025
B-b16,position_scan,11,6,14400,0.806640625,0.9279947916666667,0.03694661458333333,-0.07467332151201042,0.147 0.172 0.026 -0.142 -0.233 -0.196
B-b16,position_scan,11,8,14400,0.5927734375,0.8797084263392857,0.061767578125,-0.049924585554334835,0.421 0.561 0.032 0.002 -0.194 -0.358 0.010 -0.403
B-b16,position_scan,11,4,28800,0.95703125,0.9778645833333333,0.01123046875,0.026045905219184026,-0.197 0.072 0.012 -0.006
B-b16,position_scan,11,6,28800,0.8583984375,0.9481119791666666,0.026529947916666664,0.011017196708255298,-0.070 -0.072 0.185 0.143 -0.167 -0.034
B-b16,position_scan,11,8,28800,0.5966796875,0.8826729910714286,0.0601806640625,0.008221921466645738,0.119 0.022 -0.081 0.325 0.212 -0.016 -0.298 -0.106
B-b16,position_scan,11,4,36000,0.9736328125,0.9855143229166666,0.007568359375,0.0504420863257514,-0.018 0.010 -0.039 0.180
B-b16,position_scan,11,6,36000,0.9111328125,0.9686197916666666,0.015950520833333332,0.023808095190260097,0.063 0.000 -0.003 -0.011 0.039 0.094
B-b16,position_scan,11,8,36000,0.736328125,0.9249093191964286,0.0384521484375,0.046837027110750704,0.224 0.046 -0.091 0.037 -0.024 0.003 0.370 -0.013
B-b16,position_scan,22,4,900,0.75,0.8678385416666667,0.067626953125,0.09801127292491772,0.167 0.140 0.127 0.027
B-b16,position_scan,22,6,900,0.333984375,0.7013671875,0.16031901041666666,0.18704332245720753,0.391 0.139 0.261 0.320 0.337 -0.120
B-b16,position_scan,22,8,900,0.0654296875,0.572021484375,0.2366943359375,0.2695324307396298,0.646 0.135 0.288 0.352 0.434 0.579 0.396 -0.297
B-b16,position_scan,22,4,1800,0.8349609375,0.9117838541666667,0.04541015625,0.006411119743629738,-0.094 0.055 -0.026 -0.010
B-b16,position_scan,22,6,1800,0.5087890625,0.796875,0.10725911458333333,-0.058251884248521645,-0.064 -0.280 0.049 0.000 0.132 -0.194
B-b16,position_scan,22,8,1800,0.1875,0.6612723214285715,0.185302734375,-0.1288999640752399,0.072 -0.530 -0.140 0.058 -0.137 0.075 0.236 -0.463
B-b16,position_scan,22,4,3600,0.845703125,0.9182942708333334,0.0419921875,-0.20393247957582825,0.001 -0.276 -0.262 -0.074
B-b16,position_scan,22,6,3600,0.5673828125,0.8292317708333332,0.08902994791666666,-0.29112375444836097,0.109 -0.221 -0.458 -0.388 -0.273 -0.115
B-b16,position_scan,22,8,3600,0.224609375,0.7262834821428572,0.145263671875,-0.37581040745689753,0.264 -0.229 -0.425 -0.607 -0.563 -0.448 -0.128 -0.231
B-b16,position_scan,22,4,7200,0.890625,0.9453125,0.02734375,0.08882500507213449,-0.171 0.024 0.205 0.037
B-b16,position_scan,22,6,7200,0.67578125,0.8729817708333333,0.06624348958333333,0.10069649749332002,-0.058 -0.168 0.055 0.368 0.311 -0.061
B-b16,position_scan,22,8,7200,0.353515625,0.7810407366071428,0.115478515625,0.10111553328377858,0.149 -0.345 -0.222 0.100 0.513 0.557 0.330 -0.224
B-b16,position_scan,22,4,14400,0.94921875,0.9716796875,0.014892578125,0.10724173651801215,0.164 0.201 0.043 0.078
B-b16,position_scan,22,6,14400,0.8125,0.9312499999999999,0.03515625,0.11190129650963672,0.204 0.326 0.282 0.133 -0.075 -0.107
B-b16,position_scan,22,8,14400,0.4931640625,0.8423200334821428,0.0819091796875,0.19489666772267175,0.479 0.745 0.360 0.364 0.200 0.065 -0.069 -0.302
B-b16,position_scan,22,4,28800,0.9716796875,0.9861653645833333,0.0068359375,0.03412692635147659,-0.154 -0.064 0.060 0.106
B-b16,position_scan,22,6,28800,0.896484375,0.9654296874999999,0.017252604166666664,0.031252516640557136,-0.167 -0.107 -0.010 0.143 0.167 -0.037
B-b16,position_scan,22,8,28800,0.767578125,0.9363839285714286,0.0322265625,0.013059623657710953,-0.022 -0.269 -0.218 0.039 0.222 0.327 0.275 -0.285
B-b16,position_scan,22,4,36000,0.9814453125,0.99267578125,0.003173828125,0.045367832537050595,-0.034 -0.007 0.027 0.116
B-b16,position_scan,22,6,36000,0.927734375,0.9756510416666667,0.01220703125,0.026314331425560795,0.102 -0.078 0.015 0.078 0.109 0.008
B-b16,position_scan,22,8,36000,0.7578125,0.9444754464285714,0.0272216796875,-0.04220523531474764,0.390 -0.140 -0.183 0.029 0.139 0.105 -0.133 -0.112
B-b16,position_scan,33,4,900,0.7451171875,0.8623046875,0.0712890625,-0.1053811885692455,0.004 -0.092 -0.158 -0.067
B-b16,position_scan,33,6,900,0.3486328125,0.7070963541666667,0.15706380208333331,-0.21355299817191237,0.125 -0.257 -0.196 -0.244 -0.096 -0.275
B-b16,position_scan,33,8,900,0.0888671875,0.5893205915178572,0.227294921875,-0.3062558931017679,0.277 -0.360 -0.333 -0.301 -0.376 -0.212 -0.065 -0.497
B-b16,position_scan,33,4,1800,0.7958984375,0.8907877604166666,0.056396484375,0.019183114722923,0.235 0.232 -0.107 -0.067
B-b16,position_scan,33,6,1800,0.4697265625,0.7762369791666667,0.11848958333333333,0.04194630516899953,0.355 0.347 0.306 -0.095 -0.076 -0.272
B-b16,position_scan,33,8,1800,0.1279296875,0.6223842075892857,0.207763671875,0.05530052714877658,0.563 0.324 0.598 0.366 -0.130 -0.252 0.044 -0.563
B-b16,position_scan,33,4,3600,0.7578125,0.8723958333333333,0.065673828125,0.29740761827539514,0.135 0.168 0.389 0.336
B-b16,position_scan,33,6,3600,0.3857421875,0.750390625,0.13102213541666669,0.37348879708184135,0.236 0.222 0.294 0.522 0.568 0.262
B-b16,position_scan,33,8,3600,0.111328125,0.6549595424107143,0.1849365234375,0.48009516700865723,0.399 0.265 0.303 0.413 0.629 0.819 0.773 0.159
B-b16,position_scan,33,4,7200,0.900390625,0.94921875,0.025634765625,0.07613817850748698,-0.189 0.018 0.134 0.077
B-b16,position_scan,33,6,7200,0.6787109375,0.8805338541666666,0.06136067708333333,0.08725274933709035,-0.073 -0.033 0.030 0.224 0.214 0.002
B-b16,position_scan,33,8,7200,0.3740234375,0.7999790736607143,0.10400390625,0.05629719249785893,0.148 -0.421 -0.037 0.058 0.288 0.451 0.152 -0.098
B-b16,position_scan,33,4,14400,0.923828125,0.9615885416666666,0.019287109375,0.18647741388391567,-0.136 0.035 0.256 0.269
B-b16,position_scan,33,6,14400,0.7294921875,0.9029296874999999,0.04931640625,0.19278893205854625,-0.129 -0.175 0.081 0.390 0.397 0.271
B-b16,position_scan,33,8,14400,0.3818359375,0.8063267299107143,0.1005859375,0.16744708258008198,-0.071 -0.330 -0.291 0.150 0.487 0.760 0.208 0.189
B-b16,position_scan,33,4,28800,0.958984375,0.9781901041666667,0.01123046875,-0.0660785922297725,0.043 -0.070 -0.107 -0.021
B-b16,position_scan,33,6,28800,0.900390625,0.9654296874999999,0.017415364583333332,-0.10056832101609978,0.216 -0.032 -0.084 -0.095 -0.177 -0.115
B-b16,position_scan,33,8,28800,0.736328125,0.9293736049107142,0.03564453125,-0.1729808724115765,0.437 0.450 -0.439 -0.081 -0.096 -0.022 -0.716 -0.308
B-b16,position_scan,33,4,36000,0.9716796875,0.9864908854166667,0.006591796875,0.09376238893579554,0.269 0.085 0.071 0.125
B-b16,position_scan,33,6,36000,0.8994140625,0.9662109375,0.016927083333333332,0.07425536049736865,0.301 0.221 0.119 0.161 -0.118 -0.011
B-b16,position_scan,33,8,36000,0.59765625,0.8873116629464286,0.057373046875,0.14727853593372162,0.400 0.757 0.260 0.167 0.261 0.547 -0.808 -0.153
B-b16,position_scan,44,4,900,0.64453125,0.8009440104166666,0.10498046875,-0.3347276758264612,-0.052 -0.434 -0.362 -0.208
B-b16,position_scan,44,6,900,0.158203125,0.5949869791666667,0.22119140624999997,-0.5233286089367337,0.225 -0.591 -0.733 -0.679 -0.261 -0.353
B-b16,position_scan,44,8,900,0.009765625,0.4809570312499999,0.2945556640625,-0.7215133735111782,0.320 -0.633 -0.978 -1.122 -0.990 -0.503 -0.247 -0.578
B-b16,position_scan,44,4,1800,0.83203125,0.90673828125,0.048828125,-0.006826674496686019,0.095 0.034 -0.023 -0.032
B-b16,position_scan,44,6,1800,0.525390625,0.7974609374999999,0.10774739583333331,0.0008992089165581141,0.209 0.054 0.068 0.007 0.018 -0.143
B-b16,position_scan,44,8,1800,0.283203125,0.718505859375,0.152587890625,-0.000595024653843471,0.361 -0.096 0.116 0.106 -0.007 0.106 0.116 -0.345
B-b16,position_scan,44,4,3600,0.873046875,0.9342447916666667,0.033447265625,0.08007672097947863,-0.068 0.106 0.067 0.067
B-b16,position_scan,44,6,3600,0.6337890625,0.854296875,0.07600911458333333,0.08841474188698659,-0.005 -0.021 0.246 0.165 0.057 -0.005
B-b16,position_scan,44,8,3600,0.291015625,0.7498256138392858,0.132568359375,0.11378857824537489,0.095 -0.236 0.291 0.406 0.238 0.116 0.132 -0.150
B-b16,position_scan,44,4,7200,0.861328125,0.9278971354166667,0.036865234375,-0.10962870385911729,0.177 0.133 -0.162 -0.299
B-b16,position_scan,44,6,7200,0.6044921875,0.8462239583333333,0.07991536458333333,-0.06016241179572216,0.396 0.373 0.180 -0.092 -0.408 -0.354
B-b16,position_scan,44,8,7200,0.25,0.7244349888392857,0.146728515625,-0.051960509920877106,0.663 0.380 0.447 0.228 -0.038 -0.287 -0.645 -0.450
B-b16,position_scan,44,4,14400,0.9287109375,0.9637044270833333,0.018310546875,0.010354077374493629,-0.114 0.155 0.016 -0.140
B-b16,position_scan,44,6,14400,0.8056640625,0.9279947916666667,0.03710937499999999,-0.033665286170111816,0.022 -0.006 0.188 0.159 -0.211 -0.299
B-b16,position_scan,44,8,14400,0.521484375,0.8550153459821428,0.0748291015625,-0.09759045782543362,0.148 -0.098 -0.004 0.260 0.296 0.103 -0.655 -0.585
B-b16,position_scan,44,4,28800,0.974609375,0.9873046875,0.00634765625,0.11300572642573603,-0.005 0.119 0.138 0.082
B-b16,position_scan,44,6,28800,0.908203125,0.9681640624999999,0.01611328125,0.1010565492841932,0.007 0.130 0.125 0.195 0.055 -0.000
B-b16,position_scan,44,8,28800,0.759765625,0.9323381696428572,0.034423828125,0.12110899365137495,0.028 0.194 0.309 0.153 0.283 0.339 -0.321 -0.110
B-b16,position_scan,44,4,36000,0.978515625,0.98828125,0.006103515625,0.04457570888378001,-0.000 0.112 0.001 0.021
B-b16,position_scan,44,6,36000,0.927734375,0.9733072916666666,0.013671875,0.015857670042249843,-0.033 0.076 0.044 0.001 -0.034 -0.009
B-b16,position_scan,44,8,36000,0.8310546875,0.9535086495535714,0.0235595703125,0.005902808810037292,0.042 0.162 0.142 -0.003 0.060 0.144 -0.377 -0.087
B-b16,position_scan,55,4,900,0.7001953125,0.8377278645833334,0.084228515625,0.08613807183724863,0.321 0.201 0.031 0.026
B-b16,position_scan,55,6,900,0.2900390625,0.6736328125,0.17708333333333331,0.146632883283827,0.596 0.308 0.301 0.095 0.154 -0.125
B-b16,position_scan,55,8,900,0.083984375,0.5652204241071428,0.2432861328125,0.18584476576911074,0.846 0.468 0.473 0.267 0.047 0.134 0.242 -0.330
B-b16,position_scan,55,4,1800,0.744140625,0.8684895833333334,0.066650390625,0.23129454365483038,0.107 0.071 0.333 0.290
B-b16,position_scan,55,6,1800,0.3369140625,0.728515625,0.14241536458333331,0.30066578918033177,0.237 -0.040 0.219 0.426 0.737 0.162
B-b16,position_scan,55,8,1800,0.0625,0.6107700892857143,0.2120361328125,0.3706863948277065,0.445 -0.118 0.021 0.258 0.512 0.902 1.028 -0.007
B-b16,position_scan,55,4,3600,0.861328125,0.9290364583333333,0.035888671875,0.04407472080654568,0.083 0.068 0.064 -0.000
B-b16,position_scan,55,6,3600,0.6669921875,0.8759765625,0.06363932291666666,0.02906403276655404,0.224 0.057 0.062 0.101 0.115 -0.190
B-b16,position_scan,55,8,3600,0.4228515625,0.8064662388392857,0.101318359375,0.01667295183454241,0.434 -0.021 0.088 0.077 0.084 0.159 0.122 -0.393
B-b16,position_scan,55,4,7200,0.8828125,0.9378255208333334,0.031982421875,0.10970919220535842,0.159 -0.024 0.093 0.261
B-b16,position_scan,55,6,7200,0.6640625,0.86875,0.06819661458333333,0.12053920163048634,0.324 0.018 -0.047 0.104 0.271 0.257
B-b16,position_scan,55,8,7200,0.3896484375,0.7952357700892857,0.107421875,0.16442815462748211,0.596 0.091 -0.123 -0.081 0.084 0.383 0.614 0.182
B-b16,position_scan,55,4,14400,0.9208984375,0.9591471354166666,0.020751953125,-0.07412464530379684,0.177 -0.034 -0.104 -0.084
B-b16,position_scan,55,6,14400,0.7724609375,0.9132161458333333,0.04475911458333333,-0.11790035830603711,0.161 0.027 -0.196 -0.133 -0.144 -0.143
B-b16,position_scan,55,8,14400,0.5771484375,0.8671526227678572,0.069091796875,-0.17033200415353925,0.304 0.134 -0.127 -0.312 -0.211 -0.073 -0.291 -0.312
B-b16,position_scan,55,4,28800,0.974609375,0.9886067708333333,0.00537109375,-0.044638978110419385,-0.113 -0.041 -0.039 -0.054
B-b16,position_scan,55,6,28800,0.923828125,0.9727213541666666,0.013834635416666666,-0.06008715099758577,-0.116 -0.056 -0.034 -0.020 -0.055 -0.137
B-b16,position_scan,55,8,28800,0.8173828125,0.9501953125,0.0252685546875,-0.09979819494580466,-0.003 0.017 -0.141 -0.025 0.041 0.256 -0.565 -0.282
B-b16,position_scan,55,4,36000,0.9755859375,0.9884440104166667,0.005615234375,-0.036697917514377176,-0.094 -0.128 -0.123 0.141
B-b16,position_scan,55,6,36000,0.916015625,0.9740234375,0.0126953125,-0.13610252406862053,-0.002 -0.072 -0.223 -0.227 -0.084 -0.074
B-b16,position_scan,55,8,36000,0.7490234375,0.9323032924107142,0.0343017578125,-0.2769395661732507,0.174 -0.068 -0.435 -0.304 -0.286 0.016 -0.575 -0.286
B-b16,position_scan,66,4,900,0.6513671875,0.80859375,0.10009765625,-0.2261905758469193,0.259 -0.052 -0.389 -0.237
B-b16,position_scan,66,6,900,0.203125,0.6234375000000001,0.20491536458333331,-0.2828978962368436,0.568 0.143 -0.136 -0.554 -0.408 -0.459
B-b16,position_scan,66,8,900,0.0361328125,0.5302385602678572,0.263671875,-0.3621565160297212,0.809 0.282 0.125 -0.358 -0.744 -0.720 -0.389 -0.732
B-b16,position_scan,66,4,1800,0.8291015625,0.9134114583333334,0.04345703125,0.07998404679475007,0.116 0.113 0.077 0.050
B-b16,position_scan,66,6,1800,0.5283203125,0.8115234375,0.09847005208333334,0.12057802412245004,0.220 0.101 0.230 0.179 0.169 -0.076
B-b16,position_scan,66,8,1800,0.2421875,0.7162737165178572,0.15185546875,0.15276025212000288,0.407 -0.002 0.228 0.307 0.274 0.293 0.272 -0.302
B-b16,position_scan,66,4,3600,0.83984375,0.9143880208333333,0.044189453125,0.021483677404898177,0.128 0.151 -0.036 -0.051
B-b16,position_scan,66,6,3600,0.58203125,0.8377604166666666,0.08430989583333333,0.024540119700961587,0.181 0.351 0.147 -0.040 -0.209 -0.126
B-b16,position_scan,66,8,3600,0.26171875,0.7386648995535714,0.138427734375,0.010206775059775694,0.340 0.272 0.496 0.192 -0.079 -0.224 -0.345 -0.241
B-b16,position_scan,66,4,7200,0.81640625,0.90478515625,0.04833984375,0.11433976667898672,0.661 0.175 0.026 0.142
B-b16,position_scan,66,6,7200,0.3564453125,0.7454427083333333,0.13313802083333331,0.2301567527982923,0.831 0.751 0.205 0.080 0.081 0.033
B-b16,position_scan,66,8,7200,0.0654296875,0.6432407924107143,0.191650390625,0.34147398812430246,0.987 1.263 0.714 0.255 0.090 0.252 -0.000 -0.184
B-b16,position_scan,66,4,14400,0.9423828125,0.9708658854166667,0.0146484375,0.0634724122506601,0.129 0.083 -0.053 0.160
B-b16,position_scan,66,6,14400,0.7978515625,0.9265625,0.03759765625,0.09010089768303761,0.194 0.227 0.138 0.053 -0.035 0.067
B-b16,position_scan,66,8,14400,0.5361328125,0.8566545758928572,0.07421875,0.12634222469632586,0.400 0.569 0.113 0.180 0.112 0.117 -0.110 -0.097
B-b16,position_scan,66,4,28800,0.970703125,0.9856770833333333,0.007080078125,-0.05251570984169288,-0.121 -0.049 -0.093 -0.015
B-b16,position_scan,66,6,28800,0.8994140625,0.9662109375,0.016927083333333332,-0.07259460952546867,-0.128 -0.055 -0.160 0.009 -0.091 -0.066
B-b16,position_scan,66,8,28800,0.4833984375,0.8468191964285715,0.0787353515625,-0.07490318918985032,0.023 0.859 -0.515 -0.314 0.111 0.433 -0.933 -0.165
B-b16,position_scan,66,4,36000,0.970703125,0.9840494791666666,0.00830078125,0.1597959906966598,-0.069 0.127 0.119 0.234
B-b16,position_scan,66,6,36000,0.8994140625,0.9628255208333334,0.01904296875,0.12863959206475148,-0.032 0.043 0.022 0.195 0.192 0.190
B-b16,position_scan,66,8,36000,0.068359375,0.6375906808035714,0.1939697265625,0.1727719534011114,0.166 1.159 -0.512 -0.102 0.381 1.005 -0.799 0.078
B-b16,position_scan,77,4,900,0.6923828125,0.8279622395833334,0.0908203125,0.09541409986990469,0.312 0.249 0.144 -0.107
B-b16,position_scan,77,6,900,0.265625,0.6568359375,0.1865234375,0.17110555701785615,0.535 0.303 0.405 0.329 0.183 -0.364
B-b16,position_scan,77,8,900,0.0390625,0.5270298549107142,0.266357421875,0.2733295493655735,0.800 0.383 0.529 0.502 0.490 0.454 0.167 -0.612
B-b16,position_scan,77,4,1800,0.7841796875,0.8893229166666667,0.055908203125,-0.12003964847988552,-0.158 -0.311 -0.024 -0.026
B-b16,position_scan,77,6,1800,0.3935546875,0.7462890625,0.1337890625,-0.24732002284791746,-0.041 -0.622 -0.438 -0.120 0.202 -0.258
B-b16,position_scan,77,8,1800,0.091796875,0.6145368303571429,0.21142578125,-0.3413575982290601,0.131 -0.775 -0.738 -0.580 -0.226 0.168 0.306 -0.545
B-b16,position_scan,77,4,3600,0.8828125,0.9345703125,0.034423828125,0.06931437386406793,0.137 0.074 0.069 0.065
B-b16,position_scan,77,6,3600,0.6884765625,0.8755859374999999,0.06477864583333333,0.09831982188754608,0.250 0.136 0.132 0.123 0.108 -0.008
B-b16,position_scan,77,8,3600,0.388671875,0.791015625,0.1099853515625,0.14761147044953846,0.388 0.266 0.198 0.199 0.160 0.149 0.206 -0.145
B-b16,position_scan,77,4,7200,0.904296875,0.9501953125,0.025390625,0.000978575812445744,-0.173 -0.067 0.073 -0.003
B-b16,position_scan,77,6,7200,0.71875,0.8882161458333333,0.05859375,-0.022843208577897865,-0.113 -0.195 -0.118 0.067 0.159 -0.027
B-b16,position_scan,77,8,7200,0.443359375,0.81591796875,0.0966796875,-0.10611295700073241,0.018 -0.477 -0.271 -0.175 0.034 0.242 0.142 -0.238
B-b16,position_scan,77,4,14400,0.91796875,0.9573567708333333,0.021728515625,-0.11145759511876989,0.047 0.018 -0.270 -0.082
B-b16,position_scan,77,6,14400,0.7763671875,0.9194010416666667,0.041178385416666664,-0.14505961206224233,0.068 0.170 -0.082 -0.285 -0.472 -0.057
B-b16,position_scan,77,8,14400,0.5126953125,0.857421875,0.0732421875,-0.14667554507179867,0.173 0.652 -0.045 -0.190 -0.330 -0.612 -0.356 -0.146
B-b16,position_scan,77,4,28800,0.9677734375,0.98486328125,0.00732421875,-0.031095610724555123,-0.200 -0.111 -0.044 0.062
B-b16,position_scan,77,6,28800,0.908203125,0.9668619791666666,0.016927083333333332,-0.054381337430742104,-0.218 -0.049 -0.213 -0.028 0.078 -0.060
B-b16,position_scan,77,8,28800,0.71484375,0.92236328125,0.039306640625,-0.04840568890647284,-0.168 0.210 -0.437 -0.310 -0.008 0.211 0.161 -0.165
B-b16,position_scan,77,4,36000,0.982421875,0.9912109375,0.00439453125,-0.010483706438982924,-0.031 -0.088 -0.036 0.093
B-b16,position_scan,77,6,36000,0.9384765625,0.9800130208333333,0.009928385416666664,-0.02579343981213044,-0.088 -0.084 -0.187 0.050 0.076 0.016
B-b16,position_scan,77,8,36000,0.8369140625,0.9554966517857143,0.0225830078125,0.06561396613953605,-0.026 0.416 -0.445 -0.248 0.105 0.315 0.436 -0.119
B-b16,position_scan,88,4,900,0.7568359375,0.8616536458333333,0.07373046875,0.024292336569892034,0.062 0.020 0.032 0.021
B-b16,position_scan,88,6,900,0.37890625,0.7235677083333334,0.1484375,0.018735799524519137,0.258 -0.147 0.017 0.099 0.282 -0.158
B-b16,position_scan,88,8,900,0.0947265625,0.5958077566964286,0.223876953125,0.0005490060836549666,0.416 -0.268 -0.117 -0.020 0.054 0.357 0.353 -0.355
B-b16,position_scan,88,4,1800,0.8076171875,0.9036458333333334,0.048095703125,-0.0326253749706127,-0.118 -0.074 -0.091 0.067
B-b16,position_scan,88,6,1800,0.4951171875,0.7916015624999999,0.10904947916666666,-0.055157588587866936,0.048 -0.271 -0.086 -0.127 0.180 0.028
B-b16,position_scan,88,8,1800,0.2060546875,0.6904296875,0.1668701171875,-0.0686423929910811,0.265 -0.513 -0.144 -0.133 -0.150 0.091 0.450 -0.082
B-b16,position_scan,88,4,3600,0.82421875,0.9132486979166667,0.04296875,-0.20817964165299027,0.172 0.047 -0.311 -0.361
B-b16,position_scan,88,6,3600,0.4443359375,0.7799479166666666,0.11507161458333333,-0.2893101639217801,0.277 0.183 -0.030 -0.425 -0.626 -0.548
B-b16,position_scan,88,8,3600,0.0712890625,0.60400390625,0.2164306640625,-0.4030531360989525,0.484 0.174 0.167 -0.138 -0.596 -0.791 -0.880 -0.758
B-b16,position_scan,88,4,7200,0.873046875,0.9352213541666667,0.03271484375,-0.18323492120813442,-0.149 -0.203 -0.156 -0.191
B-b16,position_scan,88,6,7200,0.6640625,0.8776692708333333,0.06233723958333333,-0.260092404153612,-0.077 -0.263 -0.328 -0.226 -0.225 -0.259
B-b16,position_scan,88,8,7200,0.3974609375,0.8048967633928572,0.1019287109375,-0.34499673616318477,0.032 -0.336 -0.424 -0.464 -0.333 -0.189 -0.303 -0.367
B-b16,position_scan,88,4,14400,0.951171875,0.9749348958333333,0.0126953125,0.06354588049429434,0.059 0.003 0.078 0.110
B-b16,position_scan,88,6,14400,0.8515625,0.9443359375,0.02864583333333333,0.1025132470660739,0.343 0.144 -0.002 0.131 0.231 0.008
B-b16,position_scan,88,8,14400,0.583984375,0.8779994419642858,0.062744140625,0.1653716866932218,0.686 0.554 -0.098 -0.000 0.139 0.356 0.371 -0.165
B-b16,position_scan,88,4,28800,0.958984375,0.9791666666666666,0.010498046875,-0.13994715831897878,0.081 -0.018 -0.259 -0.143
B-b16,position_scan,88,6,28800,0.8505859375,0.9457682291666666,0.02766927083333333,-0.15843723879920119,0.112 0.069 -0.051 -0.321 -0.405 -0.084
B-b16,position_scan,88,8,28800,0.6044921875,0.89013671875,0.055908203125,-0.178941563954429,0.150 0.589 -0.029 -0.085 -0.341 -0.465 -0.713 -0.209
B-b16,position_scan,88,4,36000,0.978515625,0.9889322916666667,0.005615234375,0.004241422370628074,-0.020 -0.041 0.004 0.050
B-b16,position_scan,88,6,36000,0.935546875,0.9751302083333333,0.012858072916666666,-0.0030336247550117137,-0.004 0.050 -0.028 -0.056 0.026 -0.006
B-b16,position_scan,88,8,36000,0.84375,0.9549037388392857,0.0230712890625,-0.0732391599624876,0.232 0.297 -0.116 -0.032 -0.107 0.076 -0.479 -0.152
B-b16,phase_scan,11,4,900,0.7470703125,0.8727213541666667,0.0634765625,0.02870890829298232,-0.052 0.209 -0.039 -0.084
B-b16,phase_scan,11,6,900,0.400390625,0.7453776041666667,0.13525390625,-0.06578388479020879,0.174 -0.152 0.260 -0.017 -0.046 -0.374
B-b16,phase_scan,11,8,900,0.119140625,0.6216169084821428,0.20849609375,-0.1379283269246419,0.431 -0.490 0.125 0.237 -0.086 -0.094 0.048 -0.705
B-b16,phase_scan,11,4,1800,0.8515625,0.9212239583333333,0.04052734375,0.036404132843017585,-0.024 -0.048 -0.004 0.162
B-b16,phase_scan,11,6,1800,0.5634765625,0.8182942708333333,0.09586588541666666,0.024482640955183193,0.132 -0.032 -0.079 -0.036 0.240 0.029
B-b16,phase_scan,11,8,1800,0.2626953125,0.7322823660714286,0.1424560546875,0.0468543219187903,0.386 -0.255 0.108 -0.116 -0.086 0.230 0.610 -0.163
B-b16,phase_scan,11,4,3600,0.8955078125,0.94287109375,0.02978515625,-0.060624369868525756,-0.013 -0.069 -0.134 0.021
B-b16,phase_scan,11,6,3600,0.7255859375,0.8960937499999999,0.0537109375,-0.13272321886486482,0.131 -0.161 -0.204 -0.128 -0.142 -0.029
B-b16,phase_scan,11,8,3600,0.4541015625,0.8189871651785714,0.0948486328125,-0.1872290505303277,0.312 -0.212 -0.258 -0.309 -0.173 -0.157 -0.069 -0.133
B-b16,phase_scan,11,4,7200,0.865234375,0.9296875,0.035888671875,0.21624887431109396,0.063 0.377 0.223 0.049
B-b16,phase_scan,11,6,7200,0.59375,0.8468749999999999,0.07893880208333333,0.25803086492750366,0.093 0.460 0.431 0.415 0.115 -0.131
B-b16,phase_scan,11,8,7200,0.1845703125,0.7115652901785714,0.1531982421875,0.35287533487592426,0.276 0.441 0.902 0.590 0.601 0.434 -0.163 -0.336
B-b16,phase_scan,11,4,14400,0.9365234375,0.9680989583333334,0.015869140625,-0.006327452483000577,-0.185 -0.046 -0.131 0.158
B-b16,phase_scan,11,6,14400,0.837890625,0.9444010416666666,0.027994791666666664,-0.07605036762025626,-0.070 -0.197 -0.274 -0.052 0.071 0.071
B-b16,phase_scan,11,8,14400,0.5087890625,0.851318359375,0.0767822265625,-0.3063260373615083,0.238 -0.467 -0.675 -0.514 -0.041 0.123 -0.435 -0.135
B-b16,phase_scan,11,4,28800,0.966796875,0.9827473958333333,0.0087890625,0.02571428263628925,-0.146 0.125 -0.183 0.135
B-b16,phase_scan,11,6,28800,0.91796875,0.9723307291666666,0.013834635416666666,0.004225704405042812,-0.020 0.037 -0.021 0.012 -0.026 0.019
B-b16,phase_scan,11,8,28800,0.685546875,0.9115164620535714,0.045166015625,-0.11008652429732067,0.324 0.059 -0.410 -0.228 0.161 0.339 -0.389 -0.302
B-b16,phase_scan,11,4,36000,0.9765625,0.9889322916666667,0.00537109375,0.10082487706784848,-0.167 0.247 -0.100 0.156
B-b16,phase_scan,11,6,36000,0.8994140625,0.9654296874999999,0.017415364583333332,0.040172153049044944,-0.006 0.061 0.105 0.043 -0.025 0.017
B-b16,phase_scan,11,8,36000,0.58203125,0.8768833705357142,0.0633544921875,-0.006879568099975586,0.338 -0.198 0.404 -0.022 0.283 0.268 -0.459 -0.325
B-b16,phase_scan,22,4,900,0.75390625,0.8753255208333334,0.0625,-0.04993006035133644,0.054 -0.039 -0.180 0.070
B-b16,phase_scan,22,6,900,0.3896484375,0.7423828125,0.13639322916666666,-0.08565434482362541,0.328 -0.035 -0.110 -0.325 0.230 -0.187
B-b16,phase_scan,22,8,900,0.1181640625,0.6093052455357143,0.214599609375,-0.11353254318237305,0.636 -0.147 0.050 -0.178 -0.477 0.059 0.381 -0.483
B-b16,phase_scan,22,4,1800,0.7998046875,0.89404296875,0.054443359375,0.13304992958351416,-0.058 0.102 0.113 0.185
B-b16,phase_scan,22,6,1800,0.515625,0.7982421874999999,0.10611979166666666,0.12503766351275952,0.034 -0.085 0.169 0.105 0.418 0.019
B-b16,phase_scan,22,8,1800,0.1923828125,0.701695033482143,0.1591796875,0.13998232190571133,0.221 -0.410 0.067 0.237 0.068 0.490 0.731 -0.202
B-b16,phase_scan,22,4,3600,0.888671875,0.9436848958333334,0.0283203125,-0.0699180143850821,-0.131 -0.056 -0.112 -0.041
B-b16,phase_scan,22,6,3600,0.681640625,0.8807291666666666,0.06152343749999999,-0.1626450485653348,-0.068 -0.139 -0.194 -0.087 -0.227 -0.167
B-b16,phase_scan,22,8,3600,0.34765625,0.7798549107142858,0.115478515625,-0.314321309801132,0.049 -0.512 -0.224 -0.307 -0.188 -0.396 -0.236 -0.337
B-b16,phase_scan,22,4,7200,0.9169921875,0.9552408854166667,0.023193359375,0.015758452592072664,-0.226 0.037 -0.007 0.017
B-b16,phase_scan,22,6,7200,0.7626953125,0.9123697916666667,0.04475911458333333,-0.07309985823101472,-0.111 -0.272 -0.046 0.101 -0.022 -0.128
B-b16,phase_scan,22,8,7200,0.5068359375,0.8414132254464286,0.0826416015625,-0.2238297462463379,0.046 -0.725 -0.345 -0.151 0.175 -0.057 -0.113 -0.350
B-b16,phase_scan,22,4,14400,0.953125,0.9755859375,0.012451171875,0.027790422792787903,-0.125 0.098 -0.101 0.086
B-b16,phase_scan,22,6,14400,0.8720703125,0.9547526041666667,0.02294921875,-0.0057051446702745725,0.059 -0.008 -0.068 0.002 0.012 0.034
B-b16,phase_scan,22,8,14400,0.638671875,0.8927525111607143,0.05517578125,-0.038909193069215794,0.323 -0.151 -0.028 -0.218 0.041 0.085 0.129 -0.130
B-b16,phase_scan,22,4,28800,0.96875,0.9840494791666666,0.008056640625,-0.06091259143970631,-0.094 -0.069 -0.098 -0.015
B-b16,phase_scan,22,6,28800,0.9130859375,0.96953125,0.015462239583333332,-0.05247253841824007,0.050 -0.103 -0.214 0.029 0.115 -0.090
B-b16,phase_scan,22,8,28800,0.7490234375,0.9271763392857143,0.037353515625,-0.23969137479388522,0.358 -0.109 -0.670 -0.523 0.172 0.270 -0.416 -0.403
B-b16,phase_scan,22,4,36000,0.9755859375,0.9871419270833334,0.006591796875,0.05031762299714265,-0.091 0.093 -0.052 0.111
B-b16,phase_scan,22,6,36000,0.9306640625,0.9768880208333333,0.011555989583333332,0.016119592719607834,-0.022 -0.025 -0.049 0.046 0.073 0.036
B-b16,phase_scan,22,8,36000,0.6962890625,0.91552734375,0.04296875,-0.12965841898842465,0.288 -0.215 -0.488 -0.347 0.257 0.144 0.056 -0.316
B-b16,phase_scan,33,4,900,0.0,0.0,1.0,-0.3291596306694878,1.153 -1.070 -3.292 3.374
B-b16,phase_scan,33,6,900,0.0,0.0,0.8333333333333335,-1.7158866193559437,2.285 0.062 -2.160 -4.383 -6.605 4.506
B-b16,phase_scan,33,8,900,0.0,0.0,1.0,-0.39358468282790426,3.417 1.195 -1.028 -3.251 -5.473 -7.696 7.860 5.637
B-b16,phase_scan,33,4,1800,0.0,0.0,1.0,-0.32777945200602215,1.154 -1.068 -3.291 3.376
B-b16,phase_scan,33,6,1800,0.0,0.0,0.8333333333333335,-1.7138291862275867,2.288 0.064 -2.158 -4.381 -6.603 4.508
B-b16,phase_scan,33,8,1800,0.0,0.0,1.0,-0.3903851054963613,3.421 1.198 -1.025 -3.247 -5.470 -7.692 7.863 5.640
B-b16,phase_scan,33,4,3600,0.0,0.0,1.0,-0.3311604923672147,1.151 -1.071 -3.294 3.372
B-b16,phase_scan,33,6,3600,0.0,0.0,0.8333333333333335,-1.7189632919099598,2.282 0.060 -2.163 -4.385 -6.608 4.502
B-b16,phase_scan,33,8,3600,0.0,0.0,1.0,-0.39803205974518313,3.413 1.191 -1.032 -3.255 -5.477 -7.700 7.855 5.632
B-b16,phase_scan,33,4,7200,0.326171875,0.63134765625,0.192626953125,-0.005502126835010658,0.412 0.502 -0.372 -0.147
B-b16,phase_scan,33,6,7200,0.0078125,0.38307291666666676,0.3610026041666667,-0.13694316811031784,0.972 1.209 0.662 -0.648 -1.215 -0.692
B-b16,phase_scan,33,8,7200,0.0,0.3186383928571428,0.4169921875,-0.17270663427928132,1.524 1.721 1.807 0.747 -0.608 -1.215 -2.479 -1.181
B-b16,phase_scan,33,4,14400,0.87890625,0.93896484375,0.030517578125,-0.11760773482146085,-0.088 -0.205 -0.208 0.060
B-b16,phase_scan,33,6,14400,0.4697265625,0.7941406249999999,0.10677083333333333,-0.22216513421800407,0.108 -0.062 -0.494 -0.125 -0.290 -0.140
B-b16,phase_scan,33,8,14400,0.0244140625,0.5372488839285714,0.2584228515625,-0.4253150357140435,0.358 0.801 -0.969 -0.834 -0.211 -0.653 -0.616 -0.496
B-b16,phase_scan,33,4,28800,0.9501953125,0.9734700520833334,0.013671875,0.03781632140830711,-0.017 0.230 -0.111 -0.005
B-b16,phase_scan,33,6,28800,0.8408203125,0.9425781249999999,0.029296875,0.0301557911766898,0.012 0.010 0.016 0.056 0.102 -0.033
B-b16,phase_scan,33,8,28800,0.01171875,0.4973144531249999,0.2840576171875,-0.06545396078200565,0.299 1.114 -0.443 -0.263 0.378 0.078 -0.959 -0.363
B-b16,phase_scan,33,4,36000,0.974609375,0.9876302083333334,0.006103515625,0.10348964620519567,-0.009 0.060 0.110 0.140
B-b16,phase_scan,33,6,36000,0.8896484375,0.9658203125,0.016764322916666664,0.01748559210035531,0.083 0.019 -0.022 0.014 0.018 0.057
B-b16,phase_scan,33,8,36000,0.0048828125,0.46613420758928564,0.304931640625,0.0830512765854124,0.403 1.057 -0.103 -0.308 0.327 0.975 -1.115 -0.252
B-b16,phase_scan,44,4,900,0.7294921875,0.8499348958333334,0.078857421875,-0.15246077820106788,0.194 -0.015 -0.187 -0.255
B-b16,phase_scan,44,6,900,0.3427734375,0.7007161458333333,0.16129557291666666,-0.20982991324530714,0.564 0.095 -0.041 -0.326 -0.214 -0.563
B-b16,phase_scan,44,8,900,0.0732421875,0.5536411830357142,0.2510986328125,-0.27221026874723886,0.886 0.210 0.047 -0.144 -0.427 -0.353 -0.275 -0.963
B-b16,phase_scan,44,4,1800,0.7998046875,0.890625,0.05712890625,0.1228159886819345,0.135 0.091 0.168 0.109
B-b16,phase_scan,44,6,1800,0.4697265625,0.7821614583333334,0.11474609375,0.14292138152652298,0.323 0.043 0.182 0.228 0.328 -0.065
B-b16,phase_scan,44,8,1800,0.203125,0.6909528459821428,0.16650390625,0.22763469862559488,0.583 0.062 0.180 0.249 0.309 0.528 0.584 -0.319
B-b16,phase_scan,44,4,3600,0.8955078125,0.9444986979166666,0.028564453125,-0.04577314412152325,0.020 -0.045 -0.066 -0.026
B-b16,phase_scan,44,6,3600,0.7021484375,0.8870442708333333,0.058268229166666664,-0.055370039410061356,0.158 0.071 -0.194 -0.026 0.018 -0.146
B-b16,phase_scan,44,8,3600,0.4482421875,0.8129185267857144,0.098876953125,-0.08759332081628224,0.347 -0.087 0.132 -0.308 -0.053 -0.023 0.038 -0.313
B-b16,phase_scan,44,4,7200,0.8994140625,0.9490559895833334,0.025634765625,-0.05207057352419251,-0.006 -0.059 -0.196 0.099
B-b16,phase_scan,44,6,7200,0.7490234375,0.9026692708333333,0.05061848958333333,-0.123632119761573,0.093 -0.054 -0.266 -0.145 -0.273 0.120
B-b16,phase_scan,44,8,7200,0.4619140625,0.8182547433035715,0.0955810546875,-0.17613643691653297,0.261 0.055 -0.264 -0.490 -0.185 -0.409 0.028 0.032
B-b16,phase_scan,44,4,14400,0.9423828125,0.97216796875,0.013671875,0.04445897208319769,0.050 0.184 -0.128 0.077
B-b16,phase_scan,44,6,14400,0.8505859375,0.9475260416666667,0.026529947916666668,0.0164547496371797,0.100 0.172 0.008 0.012 -0.041 -0.069
B-b16,phase_scan,44,8,14400,0.6689453125,0.9026227678571428,0.0501708984375,-0.01862013150775243,0.381 0.475 -0.037 -0.134 0.136 0.079 -0.306 -0.344
B-b16,phase_scan,44,4,28800,0.97265625,0.9847005208333333,0.008056640625,-0.07357888751559787,-0.141 -0.038 -0.143 -0.039
B-b16,phase_scan,44,6,28800,0.9228515625,0.9737630208333333,0.01318359375,-0.055929349528418694,-0.015 -0.021 -0.041 -0.046 -0.114 -0.057
B-b16,phase_scan,44,8,28800,0.6943359375,0.9175851004464285,0.0416259765625,-0.2946965278141082,0.337 -0.178 -0.574 -0.240 0.129 -0.347 -0.485 -0.368
B-b16,phase_scan,44,4,36000,0.96875,0.9847005208333333,0.007568359375,0.0715009812955503,0.082 0.277 0.010 -0.072
B-b16,phase_scan,44,6,36000,0.9169921875,0.9710286458333333,0.0146484375,0.05110896958245152,-0.012 0.096 0.103 0.085 0.006 -0.035
B-b16,phase_scan,44,8,36000,0.5458984375,0.8569684709821429,0.0745849609375,0.14144558755178296,0.340 0.740 0.088 -0.025 0.340 0.852 -0.603 -0.401
B-b16,phase_scan,55,4,900,0.7626953125,0.8683268229166666,0.069091796875,0.08199462184199581,0.194 0.037 0.098 0.112
B-b16,phase_scan,55,6,900,0.3583984375,0.71015625,0.15608723958333331,0.0872685644361706,0.541 -0.073 0.161 0.130 0.383 -0.164
B-b16,phase_scan,55,8,900,0.0947265625,0.5936802455357143,0.224853515625,0.15045858564830963,0.911 0.036 -0.053 0.203 0.165 0.463 0.691 -0.451
B-b16,phase_scan,55,4,1800,0.8154296875,0.9025065104166667,0.050048828125,0.11000160817746762,0.171 0.144 0.014 0.172
B-b16,phase_scan,55,6,1800,0.537109375,0.8119140624999999,0.09830729166666666,0.1424841218524507,0.339 0.135 0.203 0.090 0.251 0.033
B-b16,phase_scan,55,8,1800,0.1845703125,0.6791294642857143,0.172607421875,0.2072032292683919,0.595 0.115 0.306 0.291 0.087 0.225 0.617 -0.191
B-b16,phase_scan,55,4,3600,0.890625,0.9449869791666667,0.027587890625,-0.0718814355355722,-0.082 -0.151 -0.176 0.111
B-b16,phase_scan,55,6,3600,0.669921875,0.88203125,0.05973307291666666,-0.1192832655376859,0.066 -0.202 -0.312 -0.139 0.039 0.017
B-b16,phase_scan,55,8,3600,0.40234375,0.8003627232142858,0.104736328125,-0.15338282736520917,0.294 -0.413 -0.292 -0.413 -0.160 -0.031 0.362 -0.127
B-b16,phase_scan,55,4,7200,0.8916015625,0.9440104166666667,0.0283203125,-0.15198623692547833,-0.150 -0.227 -0.230 0.000
B-b16,phase_scan,55,6,7200,0.6982421875,0.8883463541666665,0.05712890625,-0.2529788083500333,0.005 -0.370 -0.384 -0.157 -0.211 -0.143
B-b16,phase_scan,55,8,7200,0.291015625,0.7585100446428572,0.127197265625,-0.44545427201286186,0.205 -0.750 -0.674 -0.584 -0.210 -0.324 -0.235 -0.342
B-b16,phase_scan,55,4,14400,0.953125,0.9752604166666666,0.0126953125,0.03462305775395146,0.053 0.104 -0.112 0.111
B-b16,phase_scan,55,6,14400,0.8505859375,0.9470052083333333,0.02685546875,0.014127307467990399,0.142 0.115 -0.067 0.022 0.012 -0.012
B-b16,phase_scan,55,8,14400,0.6865234375,0.9060756138392857,0.04833984375,-0.04307449810088627,0.375 0.251 0.069 -0.186 0.112 0.172 -0.464 -0.255
B-b16,phase_scan,55,4,28800,0.98046875,0.9908854166666667,0.00439453125,0.05335913764105902,0.145 0.071 -0.053 0.142
B-b16,phase_scan,55,6,28800,0.9306640625,0.9774088541666667,0.011230468749999998,0.034480028682284836,0.192 0.051 -0.013 0.048 0.053 0.034
B-b16,phase_scan,55,8,28800,0.7880859375,0.939697265625,0.03076171875,0.05866291031004893,0.416 0.605 -0.015 -0.208 0.249 0.637 -0.579 -0.279
B-b16,phase_scan,55,4,36000,0.9814453125,0.9913736979166666,0.004150390625,-0.0008266060440628628,-0.008 -0.063 -0.128 0.189
B-b16,phase_scan,55,6,36000,0.935546875,0.9795572916666666,0.010091145833333332,-0.030433840221828934,-0.009 0.013 -0.098 -0.113 0.022 0.024
B-b16,phase_scan,55,8,36000,0.755859375,0.9305943080357143,0.035400390625,-0.1969479946863084,0.340 0.320 -0.525 -0.370 -0.021 0.037 -0.536 -0.284
B-b16,phase_scan,66,4,900,0.65625,0.81982421875,0.091796875,0.18529560830858016,0.173 0.255 0.238 0.063
B-b16,phase_scan,66,6,900,0.2666015625,0.6715494791666667,0.17626953125,0.21625929408603226,0.482 0.111 0.386 0.220 0.594 -0.229
B-b16,phase_scan,66,8,900,0.0556640625,0.5515485491071428,0.2503662109375,0.29097394337729804,0.813 0.081 0.403 0.447 0.223 0.809 0.620 -0.547
B-b16,phase_scan,66,4,1800,0.7431640625,0.8639322916666667,0.070068359375,0.2700280260156702,0.094 0.342 0.276 0.192
B-b16,phase_scan,66,6,1800,0.388671875,0.7430338541666666,0.13606770833333331,0.3511641952726574,0.245 0.314 0.542 0.397 0.439 0.064
B-b16,phase_scan,66,8,1800,0.0693359375,0.5932268415178572,0.2236328125,0.45166759263901485,0.490 0.024 0.708 0.702 0.585 0.525 0.741 -0.124
B-b16,phase_scan,66,4,3600,0.8857421875,0.93701171875,0.032958984375,0.09099311298794217,-0.076 0.212 0.037 0.024
B-b16,phase_scan,66,6,3600,0.6650390625,0.8699869791666666,0.0673828125,0.09646981292300734,-0.013 0.117 0.287 0.137 0.060 -0.119
B-b16,phase_scan,66,8,3600,0.3388671875,0.771728515625,0.12060546875,0.12400050011892168,0.118 -0.159 0.536 0.374 0.228 0.127 0.068 -0.305
B-b16,phase_scan,66,4,7200,0.8994140625,0.94873046875,0.02587890625,-0.06373864633065683,-0.248 -0.180 -0.037 0.026
B-b16,phase_scan,66,6,7200,0.71875,0.8953776041666666,0.05387369791666666,-0.105680353111691,-0.146 -0.358 -0.235 0.109 -0.013 -0.031
B-b16,phase_scan,66,8,7200,0.3857421875,0.8032575334821428,0.1026611328125,-0.17643902036878795,0.055 -0.678 -0.495 -0.377 0.170 0.046 0.251 -0.153
B-b16,phase_scan,66,4,14400,0.947265625,0.9710286458333334,0.01513671875,0.09984784656100802,0.001 0.190 -0.046 0.156
B-b16,phase_scan,66,6,14400,0.84375,0.9438802083333333,0.028483072916666664,0.08956723743014847,0.027 0.206 0.107 0.115 0.055 -0.034
B-b16,phase_scan,66,8,14400,0.5634765625,0.8716866629464286,0.06591796875,0.23197374646625826,0.254 0.652 0.370 0.088 0.246 0.171 0.431 -0.335
B-b16,phase_scan,66,4,28800,0.970703125,0.9856770833333334,0.007080078125,0.08398020709002459,0.019 0.035 0.044 0.174
B-b16,phase_scan,66,6,28800,0.904296875,0.9682942708333333,0.015787760416666664,0.03336645497216114,0.002 0.049 -0.039 0.089 0.089 -0.022
B-b16,phase_scan,66,8,28800,0.74609375,0.9294782366071429,0.035888671875,0.200830962922838,0.336 0.512 -0.040 -0.203 0.283 0.690 0.529 -0.366
B-b16,phase_scan,66,4,36000,0.978515625,0.9889322916666666,0.005615234375,0.06029133443479184,-0.025 -0.039 0.084 0.136
B-b16,phase_scan,66,6,36000,0.9326171875,0.9767578124999999,0.01171875,0.013585620456271652,0.008 -0.013 -0.029 0.063 0.037 0.009
B-b16,phase_scan,66,8,36000,0.5791015625,0.8698032924107143,0.0675048828125,-0.0031051560053749682,0.367 0.581 -0.715 -0.237 0.296 0.734 -0.350 -0.331
B-b16,phase_scan,77,4,900,0.6884765625,0.828125,0.08984375,0.16603045993381077,0.271 0.457 0.105 -0.064
B-b16,phase_scan,77,6,900,0.2724609375,0.6729817708333333,0.17626953125,0.22579929563734247,0.507 0.489 0.648 0.196 0.198 -0.402
B-b16,phase_scan,77,8,900,0.03125,0.5252511160714286,0.2672119140625,0.31741403398059653,0.842 0.440 0.987 0.745 0.277 0.356 0.169 -0.754
B-b16,phase_scan,77,4,1800,0.8095703125,0.9026692708333333,0.048828125,-0.11486411094665527,0.058 0.043 -0.248 -0.139
B-b16,phase_scan,77,6,1800,0.4970703125,0.7985677083333333,0.10530598958333331,-0.196236358748542,0.143 0.094 -0.008 -0.301 -0.445 -0.321
B-b16,phase_scan,77,8,1800,0.1572265625,0.67578125,0.17431640625,-0.25989659248836455,0.317 -0.044 0.257 -0.031 -0.436 -0.565 -0.405 -0.595
B-b16,phase_scan,77,4,3600,0.859375,0.92724609375,0.036865234375,-0.044210619396633566,-0.151 -0.060 -0.276 0.203
B-b16,phase_scan,77,6,3600,0.6259765625,0.8569661458333333,0.07405598958333333,-0.12723194228278273,-0.102 -0.159 -0.167 -0.303 -0.218 0.211
B-b16,phase_scan,77,8,3600,0.279296875,0.7488141741071428,0.1326904296875,-0.2012456409514896,0.013 -0.532 -0.110 -0.302 -0.381 -0.421 0.177 0.162
B-b16,phase_scan,77,4,7200,0.923828125,0.9567057291666667,0.02294921875,0.028456891024554214,-0.168 0.057 0.020 0.008
B-b16,phase_scan,77,6,7200,0.7900390625,0.9199869791666666,0.04134114583333333,-0.029338585005866214,-0.053 -0.177 -0.037 0.108 0.062 -0.103
B-b16,phase_scan,77,8,7200,0.51953125,0.8454241071428571,0.0809326171875,-0.050102869669596366,0.148 -0.412 -0.217 -0.106 0.260 0.279 0.113 -0.269
B-b16,phase_scan,77,4,14400,0.9541015625,0.9767252604166667,0.01171875,-0.028546871962370695,-0.156 0.001 -0.086 -0.001
B-b16,phase_scan,77,6,14400,0.87109375,0.9541666666666666,0.023274739583333332,-0.0619296895133125,-0.046 -0.127 -0.166 0.080 0.009 -0.104
B-b16,phase_scan,77,8,14400,0.5947265625,0.8753836495535714,0.0643310546875,-0.22501097785101995,0.267 -0.254 -0.560 -0.341 0.227 0.325 -0.579 -0.391
B-b16,phase_scan,77,4,28800,0.9765625,0.9881184895833334,0.005859375,-0.01743524162857621,0.010 0.007 -0.022 -0.038
B-b16,phase_scan,77,6,28800,0.9208984375,0.9759765625000001,0.01171875,0.00910831822289356,-0.001 0.053 -0.024 0.066 0.020 -0.070
B-b16,phase_scan,77,8,28800,0.599609375,0.8900669642857143,0.0556640625,-0.11791306828695629,0.316 0.318 -0.163 -0.235 0.323 0.010 -0.724 -0.354
B-b16,phase_scan,77,4,36000,0.9814453125,0.9894205729166667,0.005615234375,0.03962415236013906,-0.035 0.036 0.054 0.029
B-b16,phase_scan,77,6,36000,0.94140625,0.98125,0.00927734375,0.011722260051303387,-0.014 -0.014 -0.011 0.062 0.040 -0.019
B-b16,phase_scan,77,8,36000,0.69921875,0.9150739397321429,0.0433349609375,0.19524933799864755,0.326 0.578 0.086 -0.240 0.299 0.720 0.245 -0.321
B-b16,phase_scan,88,4,900,0.701171875,0.8409830729166666,0.08203125,0.15978892644246417,0.230 0.508 0.059 -0.087
B-b16,phase_scan,88,6,900,0.28125,0.6811197916666667,0.17073567708333331,0.19055550628238238,0.557 0.271 0.705 0.181 0.175 -0.380
B-b16,phase_scan,88,8,900,0.0341796875,0.5515834263392856,0.25048828125,0.24685307154579764,0.910 0.203 0.725 0.786 0.274 0.274 0.173 -0.708
B-b16,phase_scan,88,4,1800,0.8115234375,0.9002278645833333,0.051513671875,0.17611989268550166,-0.037 0.092 0.204 0.233
B-b16,phase_scan,88,6,1800,0.5107421875,0.8042317708333333,0.10188802083333334,0.15300924910439367,0.068 -0.102 0.133 0.181 0.433 0.120
B-b16,phase_scan,88,8,1800,0.177734375,0.6900809151785714,0.1656494140625,0.16711836769467306,0.306 -0.385 0.002 0.152 0.207 0.505 0.755 -0.067
B-b16,phase_scan,88,4,3600,0.892578125,0.9451497395833334,0.027587890625,-0.16085871943721064,-0.005 -0.102 -0.223 -0.157
B-b16,phase_scan,88,6,3600,0.64453125,0.8689453125,0.06722005208333333,-0.2566204932000903,0.063 -0.037 -0.318 -0.246 -0.397 -0.285
B-b16,phase_scan,88,8,3600,0.220703125,0.7211216517857143,0.147705078125,-0.4134795968494718,0.202 -0.339 -0.094 -0.513 -0.377 -0.594 -0.505 -0.471
B-b16,phase_scan,88,4,7200,0.9189453125,0.95654296875,0.0224609375,-0.07839993194297508,-0.061 -0.102 -0.142 0.008
B-b16,phase_scan,88,6,7200,0.744140625,0.9072265625,0.04736328125,-0.17322437630759352,0.001 -0.202 -0.248 -0.061 -0.238 -0.117
B-b16,phase_scan,88,8,7200,0.4208984375,0.8104073660714286,0.0989990234375,-0.3506540116809663,0.123 -0.476 -0.436 -0.455 -0.096 -0.395 -0.276 -0.322
B-b16,phase_scan,88,4,14400,0.94921875,0.9742838541666666,0.012939453125,-0.030018047050193505,-0.156 -0.059 -0.063 0.032
B-b16,phase_scan,88,6,14400,0.8486328125,0.9475911458333334,0.0263671875,-0.06647339132097038,-0.034 -0.148 -0.218 0.103 0.003 -0.071
B-b16,phase_scan,88,8,14400,0.6484375,0.8955426897321428,0.0538330078125,-0.14917460698930046,0.226 0.243 -0.586 -0.414 0.215 0.273 -0.435 -0.341
B-b16,phase_scan,88,4,28800,0.96875,0.9847005208333333,0.007568359375,-0.03610535904213235,-0.008 -0.021 -0.145 0.058
B-b16,phase_scan,88,6,28800,0.9208984375,0.9732421874999999,0.013346354166666664,-0.01733230219946972,0.073 0.031 -0.100 -0.065 0.063 -0.016
B-b16,phase_scan,88,8,28800,0.3310546875,0.7714494977678571,0.1202392578125,-0.08205020238482762,0.402 0.935 -0.781 -0.359 0.086 0.632 -0.745 -0.343
B-b16,phase_scan,88,4,36000,0.986328125,0.9928385416666666,0.003662109375,-0.02209945961281105,-0.028 -0.029 -0.157 0.120
B-b16,phase_scan,88,6,36000,0.9375,0.978125,0.011067708333333334,-0.0461143917507596,-0.006 0.014 -0.120 -0.138 -0.000 0.013
B-b16,phase_scan,88,8,36000,0.4833984375,0.8365304129464286,0.085205078125,-0.2044599586062961,0.345 0.836 -0.925 -0.400 -0.024 0.319 -0.908 -0.330
N8-b1,priority_scan,11,6,900,0.037109375,0.5240234375000001,0.26057942708333337,0.9977952142556507,0.000 0.870 1.202 0.932 0.987 -0.000
N8-b1,priority_scan,11,8,900,0.0009765625,0.4930594308035714,0.28662109375,1.37925178916366,0.000 0.546 1.568 1.667 1.590 1.519 1.386 0.000
N8-b1,priority_scan,11,6,1800,0.0048828125,0.4796875000000001,0.28841145833333337,1.3179901738961535,0.000 1.155 1.373 1.371 1.373 -0.000
N8-b1,priority_scan,11,8,1800,0.0,0.5928083147321429,0.2210693359375,1.8167551579298795,0.000 1.060 1.819 1.979 2.025 2.231 1.787 0.000
N8-b1,priority_scan,11,6,3600,0.0224609375,0.41393229166666673,0.3411458333333333,1.1105690896511078,0.000 1.030 1.173 1.095 1.145 -0.000
N8-b1,priority_scan,11,8,3600,0.0,0.5757184709821428,0.2318115234375,1.5458323778929532,0.000 1.085 1.526 1.620 1.631 1.724 1.688 0.000
N8-b1,priority_scan,22,6,900,0.0068359375,0.4788411458333334,0.28922526041666663,1.1488885184129078,0.000 0.716 1.222 1.305 1.353 -0.000
N8-b1,priority_scan,22,8,900,0.0,0.4949776785714285,0.2845458984375,1.6554169963907313,0.000 0.657 1.467 1.812 2.042 2.261 1.694 0.000
N8-b1,priority_scan,22,6,1800,0.0322265625,0.49589843750000007,0.2802734375,1.0406153400739035,0.000 0.869 1.199 1.065 1.029 -0.000
N8-b1,priority_scan,22,8,1800,0.0,0.551513671875,0.247802734375,1.526191080058063,0.000 0.922 1.617 1.778 1.668 1.667 1.504 0.000
N8-b1,priority_scan,22,6,3600,0.0009765625,0.4925130208333334,0.2801106770833333,1.2881116569042206,0.000 1.128 1.497 1.343 1.185 -0.000
N8-b1,priority_scan,22,8,3600,0.0,0.640625,0.190673828125,1.851565131434688,0.000 1.170 1.958 2.224 2.088 1.952 1.718 0.000
N8-b1,priority_scan,33,6,900,0.0185546875,0.4973958333333335,0.27750651041666663,1.2236565351486204,0.000 1.049 1.377 1.234 1.235 -0.000
N8-b1,priority_scan,33,8,900,0.0,0.4919084821428571,0.2872314453125,1.7679642968707616,0.000 1.032 1.978 2.046 2.039 2.027 1.486 0.000
N8-b1,priority_scan,33,6,1800,0.00390625,0.4688151041666668,0.2962239583333333,1.2427047888437905,0.000 0.896 1.245 1.356 1.474 -0.000
N8-b1,priority_scan,33,8,1800,0.0,0.5747070312499999,0.2320556640625,1.790004946567394,0.000 0.957 1.646 1.981 2.051 2.228 1.878 0.000
N8-b1,priority_scan,33,6,3600,0.00390625,0.5091145833333335,0.2703450520833333,1.3373475770155587,0.000 1.239 1.514 1.364 1.232 -0.000
N8-b1,priority_scan,33,8,3600,0.0,0.6623883928571428,0.177490234375,1.967188693858959,0.000 1.495 2.180 2.278 2.107 1.974 1.769 0.000
N8-b1,priority_scan,44,6,900,0.015625,0.5141276041666668,0.26529947916666663,1.3302423059940338,0.000 1.508 1.365 1.182 1.266 -0.000
N8-b1,priority_scan,44,8,900,0.0009765625,0.5100795200892856,0.27392578125,2.018696202172173,0.000 2.042 2.379 2.108 1.901 2.019 1.663 0.000
N8-b1,priority_scan,44,6,1800,0.03515625,0.5556640625,0.23974609375,1.1747713883717854,0.000 1.485 1.356 0.989 0.869 -0.000
N8-b1,priority_scan,44,8,1800,0.0,0.5656389508928571,0.23779296875,1.6697711414761016,0.000 1.704 2.135 1.916 1.496 1.422 1.346 0.000
N8-b1,priority_scan,44,6,3600,0.0048828125,0.42805989583333337,0.3273111979166667,1.1489726106325784,0.000 0.926 1.231 1.220 1.219 -0.000
N8-b1,priority_scan,44,8,3600,0.0,0.5933663504464286,0.2196044921875,1.5131617916954887,0.000 0.747 1.379 1.647 1.738 1.858 1.710 0.000
N8-b1,priority_scan,55,6,900,0.0087890625,0.4912109375000001,0.2802734375,1.283324857552846,0.000 1.022 1.426 1.381 1.304 -0.000
N8-b1,priority_scan,55,8,900,0.0,0.5124511718749999,0.2723388671875,1.777571815031546,0.000 0.939 1.927 2.004 2.085 2.136 1.574 0.000
N8-b1,priority_scan,55,6,1800,0.0625,0.5254557291666668,0.2623697916666667,0.9502055247624713,0.000 0.823 1.036 0.920 1.022 -0.000
N8-b1,priority_scan,55,8,1800,0.0,0.5125558035714286,0.2734375,1.4175035114641543,0.000 0.879 1.456 1.569 1.479 1.598 1.524 0.000
N8-b1,priority_scan,55,6,3600,0.0244140625,0.4356119791666668,0.32373046875,1.0963407655556996,0.000 1.055 1.184 1.031 1.115 -0.000
N8-b1,priority_scan,55,8,3600,0.0,0.6141531808035714,0.2081298828125,1.709049940109253,0.000 1.440 1.802 1.820 1.697 1.766 1.729 0.000
N8-b1,priority_scan,66,6,900,0.0078125,0.48645833333333344,0.28385416666666663,1.2921203672885895,0.000 0.996 1.430 1.392 1.350 -0.000
N8-b1,priority_scan,66,8,900,0.0,0.5080915178571428,0.2762451171875,1.7693022003880252,0.000 0.609 1.811 2.053 2.188 2.237 1.717 0.000
N8-b1,priority_scan,66,6,1800,0.0009765625,0.4867187500000001,0.2840169270833333,1.3238478203614552,0.000 1.084 1.431 1.443 1.337 -0.000
N8-b1,priority_scan,66,8,1800,0.0,0.580810546875,0.228271484375,1.8182153392721103,0.000 0.847 1.921 2.030 2.089 2.207 1.816 0.000
N8-b1,priority_scan,66,6,3600,0.0283203125,0.4507812500000001,0.31380208333333337,1.1293643216292062,0.000 1.041 1.197 1.180 1.099 -0.000
N8-b1,priority_scan,66,8,3600,0.0,0.5960518973214286,0.2191162109375,1.6129408942328558,0.000 1.179 1.608 1.707 1.763 1.786 1.635 0.000
N8-b1,priority_scan,77,6,900,0.1044921875,0.5680989583333333,0.23486328125,0.6741381188233692,0.000 0.529 0.731 0.590 0.846 -0.000
N8-b1,priority_scan,77,8,900,0.01171875,0.4863281249999999,0.29052734375,0.9394656949573094,0.000 0.261 1.053 1.026 0.885 1.143 1.269 0.000
N8-b1,priority_scan,77,6,1800,0.01171875,0.4802734375000001,0.28955078125,1.1513613661130269,0.000 0.956 1.309 1.223 1.118 -0.000
N8-b1,priority_scan,77,8,1800,0.0,0.5855538504464286,0.2249755859375,1.6286931876783017,0.000 0.895 1.721 1.906 1.837 1.818 1.596 0.000
N8-b1,priority_scan,77,6,3600,0.005859375,0.4269531250000001,0.3273111979166667,1.1405619978904724,0.000 0.901 1.174 1.208 1.280 -0.000
N8-b1,priority_scan,77,8,3600,0.0,0.5986328125,0.2164306640625,1.6586722047240645,0.000 1.010 1.564 1.779 1.840 1.976 1.782 0.000
N8-b1,priority_scan,88,6,900,0.0087890625,0.4888020833333334,0.2814127604166667,1.2422926227251687,0.000 1.060 1.424 1.224 1.262 -0.000
N8-b1,priority_scan,88,8,900,0.0,0.5126255580357142,0.27197265625,1.6544503856588293,0.000 0.628 1.869 1.896 1.863 1.990 1.680 0.000
N8-b1,priority_scan,88,6,1800,0.07421875,0.5391927083333334,0.2532552083333333,1.0276614129543304,0.000 1.141 1.119 0.906 0.945 -0.000
N8-b1,priority_scan,88,8,1800,0.0009765625,0.5192173549107142,0.267822265625,1.4891340555968107,0.000 1.213 1.782 1.582 1.385 1.463 1.510 0.000
N8-b1,priority_scan,88,6,3600,0.03125,0.5234375000000001,0.26220703125,1.0688394804795582,0.000 1.173 1.284 1.011 0.807 -0.000
N8-b1,priority_scan,88,8,3600,0.0,0.5674874441964286,0.2369384765625,1.5013500496193215,0.000 1.277 1.731 1.759 1.526 1.383 1.332 0.000
N8-b1,position_scan,11,6,900,0.0,0.44114583333333346,0.31624348958333337,1.4376972648832533,0.099 0.975 1.543 1.761 1.829 1.080
N8-b1,position_scan,11,8,900,0.0,0.47223772321428564,0.3006591796875,1.8376501590486556,0.098 0.613 1.598 2.089 2.382 2.570 2.517 1.094
N8-b1,position_scan,11,6,1800,0.0,0.35429687500000007,0.3828125,1.2094275686475966,-0.060 1.051 1.251 1.323 1.342 1.080
N8-b1,position_scan,11,8,1800,0.0,0.5410505022321428,0.253662109375,1.5554770212324835,-0.118 1.042 1.653 1.705 1.761 1.827 1.799 1.102
N8-b1,position_scan,11,6,3600,0.0,0.31464843750000004,0.4182942708333333,1.205697430504693,0.253 1.182 1.299 1.261 1.190 1.096
N8-b1,position_scan,11,8,3600,0.0,0.5524553571428571,0.247314453125,1.552288948543488,0.212 1.365 1.723 1.720 1.724 1.684 1.541 1.109
N8-b1,position_scan,22,6,900,0.0009765625,0.3940755208333334,0.3507486979166667,1.3535145653618708,0.372 1.378 1.645 1.366 1.349 1.030
N8-b1,position_scan,22,8,900,0.0,0.48507254464285704,0.292724609375,1.7678834521581257,0.417 1.345 2.187 2.120 1.893 1.784 1.977 1.070
N8-b1,position_scan,22,6,1800,0.0,0.45625000000000016,0.3050130208333333,1.3857244782977636,0.062 1.133 1.554 1.573 1.573 1.097
N8-b1,position_scan,22,8,1800,0.0,0.56689453125,0.2376708984375,1.7902834642501106,-0.016 1.056 1.864 2.127 2.131 2.145 2.102 1.108
N8-b1,position_scan,22,6,3600,0.0,0.2910807291666667,0.4383138020833333,1.1925828589333427,0.085 1.209 1.287 1.178 1.190 1.098
N8-b1,position_scan,22,8,3600,0.0,0.547328404017857,0.25048828125,1.5278999389164032,0.076 1.430 1.716 1.675 1.571 1.576 1.618 1.109
N8-b1,position_scan,33,6,900,0.001953125,0.35937500000000006,0.37744140625,1.1065958076053197,0.239 0.998 1.202 1.127 1.204 1.002
N8-b1,position_scan,33,8,900,0.0,0.4304199218749999,0.330078125,1.4377026520078147,0.302 0.913 1.565 1.590 1.554 1.563 1.829 1.050
N8-b1,position_scan,33,6,1800,0.0029296875,0.37545572916666675,0.36735026041666663,0.9893302652570937,-0.073 0.745 0.980 1.060 1.127 1.035
N8-b1,position_scan,33,8,1800,0.0,0.45343889508928564,0.313720703125,1.2213640364389573,-0.053 0.533 1.216 1.344 1.368 1.473 1.527 1.087
N8-b1,position_scan,33,6,3600,0.0,0.2860677083333334,0.44205729166666663,1.143705937597487,0.123 1.028 1.263 1.205 1.125 1.097
N8-b1,position_scan,33,8,3600,0.0,0.5289481026785714,0.262451171875,1.468994352552626,0.114 1.190 1.597 1.683 1.634 1.527 1.542 1.110
N8-b1,position_scan,44,6,900,0.0029296875,0.3804036458333334,0.3606770833333333,1.0614453686608207,0.139 1.075 1.202 1.051 1.048 0.931
N8-b1,position_scan,44,8,900,0.0,0.4064592633928571,0.3475341796875,1.2950135791112507,0.165 0.900 1.591 1.470 1.371 1.312 1.424 0.998
N8-b1,position_scan,44,6,1800,0.0,0.4300130208333335,0.32421875,1.344362709257338,0.057 1.052 1.459 1.597 1.532 1.081
N8-b1,position_scan,44,8,1800,0.0,0.5641741071428571,0.2391357421875,1.7058792946830632,0.030 0.987 1.658 1.963 2.099 2.129 2.003 1.101
N8-b1,position_scan,44,6,3600,0.0,0.3686848958333334,0.37320963541666663,1.1890934440824723,0.021 0.947 1.264 1.310 1.320 1.104
N8-b1,position_scan,44,8,3600,0.0,0.5427943638392857,0.2525634765625,1.4868700125860792,-0.006 0.985 1.460 1.654 1.722 1.749 1.728 1.110
N8-b1,position_scan,55,6,900,0.0,0.41184895833333346,0.3387044270833333,1.4198684824837577,0.328 1.382 1.735 1.565 1.374 1.043
N8-b1,position_scan,55,8,900,0.0,0.4851422991071428,0.29345703125,1.8268079227871366,0.398 1.275 2.188 2.261 2.082 1.900 2.004 1.076
N8-b1,position_scan,55,6,1800,0.0,0.45058593750000014,0.31070963541666663,1.1160148514641657,-0.191 0.458 1.001 1.421 1.598 1.102
N8-b1,position_scan,55,8,1800,0.0,0.5069056919642857,0.277587890625,1.390037423088437,-0.232 0.293 0.932 1.380 1.799 2.140 2.078 1.108
N8-b1,position_scan,55,6,3600,0.0107421875,0.35722656250000007,0.38899739583333337,0.9770899348788792,0.184 0.925 0.975 0.942 0.950 1.094
N8-b1,position_scan,55,8,3600,0.0,0.38647460937499994,0.365966796875,1.2619831070067389,0.279 1.196 1.338 1.254 1.232 1.309 1.394 1.110
N8-b1,position_scan,66,6,900,0.0009765625,0.39427083333333346,0.35221354166666663,1.0318835311465793,0.060 0.678 1.145 1.211 1.136 0.989
N8-b1,position_scan,66,8,900,0.0,0.4432198660714285,0.3214111328125,1.3374344318632096,0.063 0.621 1.291 1.501 1.635 1.553 1.727 1.034
N8-b1,position_scan,66,6,1800,0.0,0.33815104166666676,0.39632161458333337,1.2338123453987972,0.231 1.195 1.315 1.277 1.315 1.067
N8-b1,position_scan,66,8,1800,0.0,0.5269949776785714,0.262939453125,1.569648545885843,0.131 1.244 1.745 1.716 1.702 1.768 1.717 1.095
N8-b1,position_scan,66,6,3600,0.0,0.4183593750000001,0.3343098958333333,1.3137130472395158,-0.061 1.214 1.482 1.398 1.367 1.107
N8-b1,position_scan,66,8,3600,0.0,0.6048758370535714,0.212646484375,1.6791672933669317,-0.117 1.296 1.854 1.960 1.920 1.881 1.733 1.111
N8-b1,position_scan,77,6,900,0.001953125,0.39381510416666676,0.3515625,1.065277271800571,0.075 0.742 1.125 1.178 1.252 1.029
N8-b1,position_scan,77,8,900,0.0,0.442138671875,0.32177734375,1.3848874304029677,0.088 0.565 1.398 1.477 1.602 1.705 1.885 1.063
N8-b1,position_scan,77,6,1800,0.0,0.4009114583333334,0.3450520833333333,1.318144612842136,0.153 1.124 1.382 1.472 1.515 1.098
N8-b1,position_scan,77,8,1800,0.0,0.5643136160714286,0.2376708984375,1.7188319327339292,0.086 1.262 1.727 1.900 1.960 2.014 2.061 1.107
N8-b1,position_scan,77,6,3600,0.0,0.37369791666666674,0.36735026041666663,1.3119787110222714,0.535 1.475 1.516 1.323 1.138 1.108
N8-b1,position_scan,77,8,3600,0.0,0.5943777901785714,0.2198486328125,1.709627726721385,0.485 1.804 2.090 1.973 1.737 1.575 1.676 1.111
N8-b1,position_scan,88,6,900,0.0,0.4361979166666668,0.31982421875,1.466766489876641,0.306 1.257 1.693 1.680 1.635 1.069
N8-b1,position_scan,88,8,900,0.0,0.5011509486607142,0.28076171875,1.9017085953364297,0.402 1.113 2.002 2.275 2.311 2.243 2.280 1.089
N8-b1,position_scan,88,6,1800,0.0,0.4093750000000001,0.34000651041666663,1.301275862587823,0.049 1.125 1.403 1.481 1.425 1.071
N8-b1,position_scan,88,8,1800,0.0,0.5669642857142857,0.237548828125,1.655542623429071,-0.024 1.017 1.732 1.908 2.028 1.991 1.814 1.100
N8-b1,position_scan,88,6,3600,0.0,0.46048177083333347,0.302734375,1.343667639626397,-0.025 1.207 1.456 1.445 1.500 1.111
N8-b1,position_scan,88,8,3600,0.0,0.6221400669642857,0.201904296875,1.6999538739522293,-0.093 1.279 1.793 1.921 1.901 1.990 1.905 1.111
N8-b1,phase_scan,11,6,900,0.099609375,0.5793619791666667,0.22786458333333331,0.6818140877617729,-0.056 0.423 0.940 0.874 0.748 0.424
N8-b1,phase_scan,11,8,900,0.0009765625,0.4712960379464285,0.3004150390625,0.8347247706519233,0.077 0.131 0.945 1.208 1.215 1.086 0.904 0.355
N8-b1,phase_scan,11,6,1800,0.09375,0.5904947916666667,0.22037760416666663,0.7290804518593681,-0.213 0.384 0.775 1.043 0.938 0.506
N8-b1,phase_scan,11,8,1800,0.001953125,0.5142996651785714,0.2720947265625,0.9095517983512272,-0.180 0.122 0.859 1.074 1.336 1.390 1.021 0.565
N8-b1,phase_scan,11,6,3600,0.330078125,0.7309895833333333,0.14127604166666666,0.6033440166049533,-0.142 0.592 0.817 0.833 0.602 0.173
N8-b1,phase_scan,11,8,3600,0.013671875,0.5431431361607142,0.2535400390625,0.7802707240695046,-0.020 0.466 0.964 1.093 1.128 1.021 0.604 0.186
N8-b1,phase_scan,22,6,900,0.1494140625,0.6139973958333333,0.20817057291666663,0.6582987440956962,-0.029 0.585 0.846 0.866 0.645 0.349
N8-b1,phase_scan,22,8,900,0.001953125,0.47035435267857134,0.3016357421875,0.840861683800107,0.092 0.379 1.090 1.088 1.190 1.014 0.794 0.330
N8-b1,phase_scan,22,6,1800,0.275390625,0.6929036458333333,0.16292317708333331,0.6441997422112358,0.140 0.644 0.788 0.851 0.617 0.322
N8-b1,phase_scan,22,8,1800,0.005859375,0.49128069196428564,0.287353515625,0.8572210962810213,0.184 0.677 1.039 1.104 1.196 0.998 0.630 0.357
N8-b1,phase_scan,22,6,3600,0.482421875,0.7979817708333332,0.10498046875,0.5769074095620048,-0.263 0.399 0.761 0.754 0.589 0.381
N8-b1,phase_scan,22,8,3600,0.0322265625,0.5940987723214286,0.2208251953125,0.7237906683058967,-0.167 0.247 0.814 0.966 1.036 0.920 0.680 0.404
N8-b1,phase_scan,33,6,900,0.2841796875,0.6888671875000001,0.16585286458333331,0.4718874428007336,0.060 0.420 0.591 0.559 0.456 0.334
N8-b1,phase_scan,33,8,900,0.0498046875,0.5669991629464285,0.239990234375,0.5737905086032927,0.187 0.283 0.732 0.754 0.751 0.684 0.554 0.258
N8-b1,phase_scan,33,6,1800,0.3896484375,0.756640625,0.126953125,0.49105764759911413,-0.297 0.151 0.512 0.786 0.669 0.337
N8-b1,phase_scan,33,8,1800,0.056640625,0.6053989955357143,0.2152099609375,0.5927941723475382,-0.175 -0.160 0.450 0.759 0.992 1.061 0.674 0.373
N8-b1,phase_scan,33,6,3600,0.2158203125,0.6504557291666667,0.18766276041666666,0.7120566103193494,0.112 0.789 0.940 0.919 0.536 0.375
N8-b1,phase_scan,33,8,3600,0.0,0.5050571986607142,0.2784423828125,0.8936311895885165,0.153 0.795 1.056 1.198 1.246 0.995 0.561 0.405
N8-b1,phase_scan,44,6,900,0.236328125,0.658203125,0.18375651041666666,0.46728675895267047,-0.010 0.372 0.668 0.673 0.461 0.163
N8-b1,phase_scan,44,8,900,0.0283203125,0.5337262834821428,0.260986328125,0.5654555653768872,0.152 -0.002 0.704 0.931 0.939 0.734 0.542 0.110
N8-b1,phase_scan,44,6,1800,0.1904296875,0.655859375,0.18229166666666666,0.6591028902265759,-0.018 0.594 0.907 0.887 0.537 0.370
N8-b1,phase_scan,44,8,1800,0.0048828125,0.531494140625,0.2608642578125,0.8438922866942391,0.020 0.463 1.065 1.253 1.170 0.922 0.597 0.437
N8-b1,phase_scan,44,6,3600,0.404296875,0.7574218749999999,0.12776692708333334,0.6380479070875379,-0.250 0.348 0.786 0.837 0.683 0.537
N8-b1,phase_scan,44,8,3600,0.0185546875,0.5657087053571428,0.2392578125,0.7978710484883141,-0.046 0.278 0.795 1.064 1.119 1.035 0.708 0.586
N8-b1,phase_scan,55,6,900,0.2041015625,0.6438802083333334,0.19140625,0.5377545091840955,-0.079 0.350 0.685 0.767 0.571 0.316
N8-b1,phase_scan,55,8,900,0.0126953125,0.5084054129464285,0.2769775390625,0.6479521024794804,0.061 -0.017 0.778 0.890 0.990 0.952 0.710 0.233
N8-b1,phase_scan,55,6,1800,0.1943359375,0.6464192708333334,0.18912760416666666,0.683913641505771,-0.086 0.440 0.870 0.940 0.712 0.457
N8-b1,phase_scan,55,8,1800,0.0009765625,0.49846540178571425,0.2818603515625,0.8722197063385494,-0.069 0.264 0.912 1.206 1.221 1.160 0.821 0.520
N8-b1,phase_scan,55,6,3600,0.6005859375,0.8507161458333332,0.07666015625,0.47539914978875036,-0.154 0.220 0.583 0.608 0.498 0.468
N8-b1,phase_scan,55,8,3600,0.248046875,0.7424665178571428,0.1358642578125,0.6318534555889311,-0.084 0.276 0.613 0.769 0.792 0.801 0.620 0.552
N8-b1,phase_scan,66,6,900,0.275390625,0.6817708333333332,0.1708984375,0.4648874335818819,-0.061 0.264 0.681 0.656 0.447 0.276
N8-b1,phase_scan,66,8,900,0.0390625,0.545654296875,0.253662109375,0.5519743949647934,0.037 -0.019 0.626 0.856 0.870 0.801 0.545 0.184
N8-b1,phase_scan,66,6,1800,0.2197265625,0.6622395833333333,0.18033854166666666,0.6643429729673597,0.200 0.617 0.833 0.874 0.688 0.311
N8-b1,phase_scan,66,8,1800,0.0068359375,0.4855957031249999,0.29150390625,0.8678200320592001,0.229 0.650 1.004 1.159 1.128 1.089 0.684 0.360
N8-b1,phase_scan,66,6,3600,0.583984375,0.8420572916666665,0.08170572916666666,0.48691162798139764,-0.066 0.369 0.716 0.678 0.440 0.231
N8-b1,phase_scan,66,8,3600,0.123046875,0.6682477678571429,0.177734375,0.6595602868095277,0.002 0.368 0.740 0.908 0.948 0.853 0.489 0.311
N8-b1,phase_scan,77,6,900,0.080078125,0.5604166666666668,0.24023437499999997,0.7012486590279472,0.070 0.617 0.995 0.927 0.671 0.297
N8-b1,phase_scan,77,8,900,0.0009765625,0.4862932477678571,0.290771484375,0.877141479461912,0.217 0.410 1.122 1.295 1.243 1.097 0.731 0.242
N8-b1,phase_scan,77,6,1800,0.3056640625,0.7118489583333333,0.15152994791666666,0.6022489203347099,-0.026 0.313 0.677 0.823 0.749 0.449
N8-b1,phase_scan,77,8,1800,0.0146484375,0.5274135044642857,0.2633056640625,0.7880588183327327,0.005 0.272 0.745 0.916 1.047 1.109 0.922 0.504
N8-b1,phase_scan,77,6,3600,0.0302734375,0.5054687500000001,0.2722981770833333,0.7031244569354586,0.493 1.095 1.164 0.840 0.360 0.057
N8-b1,phase_scan,77,8,3600,0.0,0.5576171875,0.24267578125,0.9191233392745728,0.480 1.172 1.446 1.498 1.157 0.758 0.260 0.143
N8-b1,phase_scan,88,6,900,0.24609375,0.6750651041666667,0.17268880208333331,0.470196657710605,-0.026 0.293 0.682 0.610 0.537 0.230
N8-b1,phase_scan,88,8,900,0.013671875,0.5277273995535714,0.2635498046875,0.5892706106579492,0.127 0.054 0.730 0.913 0.868 0.793 0.591 0.175
N8-b1,phase_scan,88,6,1800,0.205078125,0.6520833333333333,0.185546875,0.718103978368971,0.039 0.556 0.805 0.906 0.763 0.561
N8-b1,phase_scan,88,8,1800,0.0,0.4869559151785714,0.290283203125,0.8966740918537927,0.157 0.466 0.920 1.126 1.183 1.147 0.880 0.554
N8-b1,phase_scan,88,6,3600,0.537109375,0.823046875,0.09163411458333333,0.5919579002592297,-0.128 0.447 0.673 0.671 0.555 0.614
N8-b1,phase_scan,88,8,3600,0.142578125,0.6825125558035714,0.1693115234375,0.711377253608098,0.094 0.421 0.755 0.856 0.827 0.861 0.647 0.613
N8-b16,priority_scan,11,6,900,0.0263671875,0.4643880208333334,0.30143229166666663,0.09483302632967612,0.000 -0.426 0.048 0.229 0.528 -0.000
N8-b16,priority_scan,11,8,900,0.0029296875,0.42919921874999994,0.330810546875,0.1792213651869032,0.000 -0.418 0.107 0.182 0.308 0.461 0.435 0.000
N8-b16,priority_scan,11,6,1800,0.31640625,0.7127604166666667,0.15152994791666666,0.27262315154075606,0.000 0.226 0.374 0.356 0.134 -0.000
N8-b16,priority_scan,11,8,1800,0.0986328125,0.6261509486607143,0.203125,0.384386005225005,0.000 0.385 0.376 0.542 0.506 0.376 0.122 0.000
N8-b16,priority_scan,11,6,3600,0.7119140625,0.8929036458333333,0.05501302083333333,0.02664213379224123,0.000 -0.085 0.020 0.075 0.096 -0.000
N8-b16,priority_scan,11,8,3600,0.5859375,0.8720354352678571,0.06640625,0.012886568352028166,0.000 -0.153 -0.150 -0.016 0.073 0.186 0.138 0.000
N8-b16,priority_scan,22,6,900,0.0234375,0.4661458333333335,0.30045572916666663,0.0973563889662423,0.000 -0.324 0.051 0.216 0.447 -0.000
N8-b16,priority_scan,22,8,900,0.0,0.4315359933035714,0.3284912109375,0.1440242264005873,0.000 -0.467 0.003 0.142 0.237 0.452 0.499 0.000
N8-b16,priority_scan,22,6,1800,0.0517578125,0.5064453125,0.2736002604166667,0.05256970723470034,0.000 -0.020 0.252 -0.105 0.083 -0.000
N8-b16,priority_scan,22,8,1800,0.0048828125,0.46693638392857134,0.3037109375,0.004642451250994626,0.000 0.062 0.423 0.154 -0.241 -0.357 -0.013 0.000
N8-b16,priority_scan,22,6,3600,0.595703125,0.8399739583333332,0.08317057291666666,0.08181090156237265,0.000 0.304 0.184 -0.075 -0.085 -0.000
N8-b16,priority_scan,22,8,3600,0.3486328125,0.7651018415178572,0.1251220703125,0.0941238800684611,0.000 0.388 0.431 0.180 -0.061 -0.095 -0.278 0.000
N8-b16,priority_scan,33,6,900,0.0244140625,0.46679687500000006,0.298828125,0.11405467987060529,0.000 -0.351 0.078 0.309 0.420 -0.000
N8-b16,priority_scan,33,8,900,0.0048828125,0.43104771205357134,0.328125,0.13705216072223805,0.000 -0.414 0.028 0.175 0.243 0.384 0.407 0.000
N8-b16,priority_scan,33,6,1800,0.05859375,0.5106770833333335,0.271484375,0.13477245966593407,0.000 0.060 0.294 0.009 0.175 -0.000
N8-b16,priority_scan,33,8,1800,0.0107421875,0.47021484374999994,0.3021240234375,0.19440127743615043,0.000 0.105 0.571 0.408 0.104 -0.143 0.121 0.000
N8-b16,priority_scan,33,6,3600,0.1142578125,0.5751953125,0.23095703125,0.053882052501042506,0.000 0.136 0.122 -0.106 0.063 -0.000
N8-b16,priority_scan,33,8,3600,0.021484375,0.5171595982142857,0.2711181640625,0.054650836520724826,0.000 0.279 0.403 0.133 -0.206 -0.346 0.065 0.000
N8-b16,priority_scan,44,6,900,0.021484375,0.4604817708333334,0.3033854166666667,0.17734552423159264,0.000 -0.225 0.161 0.278 0.495 -0.000
N8-b16,priority_scan,44,8,900,0.001953125,0.4281877790178571,0.331298828125,0.22488170199924043,0.000 -0.319 0.116 0.263 0.343 0.495 0.451 0.000
N8-b16,priority_scan,44,6,1800,0.0537109375,0.5089192708333334,0.2724609375,0.07805695136388124,0.000 -0.045 0.193 0.015 0.149 -0.000
N8-b16,priority_scan,44,8,1800,0.009765625,0.46473911830357134,0.3055419921875,0.15261409459290678,0.000 0.074 0.534 0.291 -0.010 -0.078 0.104 0.000
N8-b16,priority_scan,44,6,3600,0.296875,0.6804036458333333,0.17203776041666666,0.0884571174780526,0.000 0.018 0.160 0.100 0.076 -0.000
N8-b16,priority_scan,44,8,3600,0.0703125,0.5763462611607142,0.234619140625,0.11617777524171052,0.000 0.072 0.230 0.161 0.164 0.052 0.017 0.000
N8-b16,priority_scan,55,6,900,0.0166015625,0.4642578125000001,0.29931640625,0.1059822738170622,0.000 -0.377 0.037 0.257 0.507 -0.000
N8-b16,priority_scan,55,8,900,0.0,0.43526785714285704,0.3255615234375,0.15463581791630499,0.000 -0.368 0.078 0.072 0.225 0.435 0.486 0.000
N8-b16,priority_scan,55,6,1800,0.2373046875,0.6515625,0.18684895833333331,0.16378531853357933,0.000 0.347 0.236 0.071 0.001 -0.000
N8-b16,priority_scan,55,8,1800,0.0634765625,0.5789271763392857,0.232421875,0.24368999180970366,0.000 0.639 0.553 0.210 0.110 0.036 -0.085 0.000
N8-b16,priority_scan,55,6,3600,0.6669921875,0.8765624999999999,0.06331380208333333,0.09629895289738956,0.000 0.029 0.118 0.122 0.116 -0.000
N8-b16,priority_scan,55,8,3600,0.5400390625,0.8568289620535714,0.0743408203125,0.10905482150890207,0.000 -0.078 0.054 0.111 0.164 0.215 0.189 0.000
N8-b16,priority_scan,66,6,900,0.0234375,0.45768229166666674,0.30533854166666663,0.1326451698939004,0.000 -0.327 0.044 0.303 0.510 -0.000
N8-b16,priority_scan,66,8,900,0.001953125,0.4301409040178571,0.3291015625,0.23506636972780579,0.000 -0.359 0.145 0.237 0.349 0.534 0.505 0.000
N8-b16,priority_scan,66,6,1800,0.3818359375,0.7302734375,0.14371744791666666,-0.07454057534535745,0.000 0.048 0.003 -0.191 -0.158 -0.000
N8-b16,priority_scan,66,8,1800,0.1650390625,0.6609584263392858,0.18408203125,-0.11713208975615325,0.000 0.057 0.077 -0.034 -0.242 -0.303 -0.258 0.000
N8-b16,priority_scan,66,6,3600,0.6708984375,0.8711588541666666,0.06689453125,-0.04777784148852049,0.000 -0.153 -0.073 -0.034 0.069 -0.000
N8-b16,priority_scan,66,8,3600,0.5009765625,0.8409946986607143,0.0828857421875,-0.11724335175973395,0.000 -0.248 -0.260 -0.211 -0.132 0.042 0.105 0.000
N8-b16,priority_scan,77,6,900,0.0224609375,0.46334635416666675,0.30110677083333337,0.08477513988812747,0.000 -0.351 0.031 0.250 0.409 -0.000
N8-b16,priority_scan,77,8,900,0.00390625,0.4377441406249999,0.3243408203125,0.15059992119118018,0.000 -0.379 0.071 0.048 0.292 0.424 0.446 0.000
N8-b16,priority_scan,77,6,1800,0.275390625,0.6739583333333333,0.17496744791666669,-0.027538388967514225,0.000 0.161 0.084 -0.136 -0.220 -0.000
N8-b16,priority_scan,77,8,1800,0.0869140625,0.6085379464285714,0.2135009765625,-0.03234942754109699,0.000 0.343 0.244 0.010 -0.136 -0.264 -0.391 0.000
N8-b16,priority_scan,77,6,3600,0.623046875,0.8554036458333333,0.07486979166666667,0.1934429009755451,0.000 0.168 0.262 0.197 0.146 -0.000
N8-b16,priority_scan,77,8,3600,0.3681640625,0.7882603236607143,0.111083984375,0.35355459760736535,0.000 0.285 0.440 0.449 0.415 0.413 0.119 0.000
N8-b16,priority_scan,88,6,900,0.025390625,0.4640625000000001,0.30143229166666663,0.0753453870614368,0.000 -0.422 0.097 0.192 0.434 -0.000
N8-b16,priority_scan,88,8,900,0.0068359375,0.4483468191964285,0.3160400390625,0.23920880423651802,0.000 -0.262 0.208 0.223 0.272 0.508 0.487 0.000
N8-b16,priority_scan,88,6,1800,0.3818359375,0.7432291666666666,0.13525390625,0.39869104822476686,0.000 0.323 0.375 0.521 0.376 -0.000
N8-b16,priority_scan,88,8,1800,0.12890625,0.6299525669642858,0.2017822265625,0.5173962866818463,0.000 0.333 0.557 0.542 0.681 0.706 0.285 0.000
N8-b16,priority_scan,88,6,3600,0.685546875,0.8828125,0.06022135416666666,-0.07927949229876219,0.000 -0.164 -0.167 -0.062 0.076 -0.000
N8-b16,priority_scan,88,8,3600,0.544921875,0.8578752790178572,0.0738525390625,-0.16052232848273382,0.000 -0.321 -0.359 -0.283 -0.173 0.063 0.111 0.000
N8-b16,position_scan,11,6,900,0.2724609375,0.6699869791666667,0.17757161458333331,-0.023059235678778787,0.572 0.471 0.254 -0.124 -0.351 -0.366
N8-b16,position_scan,11,8,900,0.068359375,0.5802525111607142,0.2322998046875,-0.00930326325552801,0.784 0.636 0.587 0.234 -0.138 -0.373 -0.423 -0.588
N8-b16,position_scan,11,6,1800,0.69140625,0.8763671875,0.06461588541666666,-0.027141955163743813,0.090 0.138 -0.009 -0.066 -0.112 -0.087
N8-b16,position_scan,11,8,1800,0.4609375,0.8190917968750001,0.0950927734375,-0.04082732730441623,0.160 0.096 0.164 -0.047 -0.128 -0.115 -0.112 -0.144
N8-b16,position_scan,11,6,3600,0.775390625,0.9123697916666667,0.045572916666666664,0.044900013340844,-0.031 -0.035 -0.003 0.028 0.053 0.181
N8-b16,position_scan,11,8,3600,0.61328125,0.8798130580357144,0.0623779296875,0.03894970530555362,-0.015 -0.097 -0.061 -0.021 0.017 0.080 0.174 0.182
N8-b16,position_scan,22,6,900,0.396484375,0.7220052083333334,0.15022786458333331,0.0723927153481377,0.257 0.172 0.246 0.054 0.026 -0.135
N8-b16,position_scan,22,8,900,0.1376953125,0.6302315848214286,0.20361328125,0.10337318692888532,0.423 0.121 0.303 0.228 0.093 0.070 0.132 -0.223
N8-b16,position_scan,22,6,1800,0.6328125,0.8501953125,0.07861328125,-0.007699754503038248,0.149 -0.057 -0.100 -0.092 0.108 0.101
N8-b16,position_scan,22,8,1800,0.3701171875,0.7722516741071429,0.121337890625,-0.0327267911699083,0.279 -0.091 -0.089 -0.150 -0.216 -0.037 0.334 0.020
N8-b16,position_scan,22,6,3600,0.642578125,0.8682942708333333,0.0673828125,0.2627837393018934,0.200 0.398 0.358 0.282 0.148 0.128
N8-b16,position_scan,22,8,3600,0.431640625,0.8169991629464286,0.0955810546875,0.3116165645538814,0.205 0.458 0.459 0.415 0.334 0.258 0.144 0.113
N8-b16,position_scan,33,6,900,0.4482421875,0.7578125,0.12939453125,-0.07405321465598218,0.151 -0.058 -0.106 -0.168 0.009 -0.047
N8-b16,position_scan,33,8,900,0.1845703125,0.6651436941964286,0.182373046875,-0.1082214287349156,0.269 -0.120 -0.070 -0.232 -0.247 -0.044 0.134 -0.178
N8-b16,position_scan,33,6,1800,0.66015625,0.8612630208333333,0.07307942708333333,0.07867564095391164,0.067 0.187 0.139 0.029 0.028 0.010
N8-b16,position_scan,33,8,1800,0.431640625,0.8042689732142858,0.1036376953125,0.08508975543673077,0.130 0.100 0.303 0.157 0.013 0.012 0.080 -0.070
N8-b16,position_scan,33,6,3600,0.72265625,0.8947265624999999,0.05452473958333333,0.001323335700564865,-0.156 -0.175 -0.067 0.028 0.080 0.142
N8-b16,position_scan,33,8,3600,0.5458984375,0.8589564732142856,0.0731201171875,-0.025238271743532215,-0.148 -0.257 -0.193 -0.092 -0.005 0.130 0.159 0.080
N8-b16,position_scan,44,6,900,0.390625,0.7218749999999999,0.15006510416666666,0.07695704036288789,0.211 0.122 0.218 0.090 0.118 -0.163
N8-b16,position_scan,44,8,900,0.1640625,0.6487513950892858,0.1922607421875,0.06333061626979283,0.349 0.015 0.188 0.176 0.108 0.102 0.110 -0.256
N8-b16,position_scan,44,6,1800,0.560546875,0.8288411458333333,0.08870442708333334,-0.04634899563259555,0.296 0.314 0.057 -0.082 -0.261 -0.260
N8-b16,position_scan,44,8,1800,0.2548828125,0.7370954241071429,0.1396484375,-0.06359887501550097,0.411 0.416 0.332 0.035 -0.150 -0.272 -0.435 -0.371
N8-b16,position_scan,44,6,3600,0.708984375,0.8859374999999999,0.05940755208333333,0.18148745430840382,0.294 0.209 0.145 0.155 0.200 0.198
N8-b16,position_scan,44,8,3600,0.4951171875,0.8362165178571428,0.0858154296875,0.2590422592465839,0.357 0.344 0.228 0.207 0.228 0.319 0.255 0.232
N8-b16,position_scan,55,6,900,0.359375,0.7004557291666668,0.16276041666666666,0.10734249485863576,0.304 0.099 0.285 0.156 0.100 -0.104
N8-b16,position_scan,55,8,900,0.13671875,0.6176409040178571,0.2117919921875,0.13781990323747909,0.460 0.085 0.271 0.296 0.216 0.185 0.135 -0.223
N8-b16,position_scan,55,6,1800,0.5498046875,0.8190104166666665,0.0947265625,0.02837075127495654,0.050 -0.280 -0.105 0.075 0.258 0.193
N8-b16,position_scan,55,8,1800,0.2841796875,0.7423967633928572,0.1365966796875,0.0055331654018825815,0.178 -0.364 -0.284 -0.139 0.056 0.249 0.379 0.141
N8-b16,position_scan,55,6,3600,0.599609375,0.8489583333333333,0.07763671875,0.13669953081342906,-0.231 -0.232 -0.071 0.258 0.442 0.286
N8-b16,position_scan,55,8,3600,0.2958984375,0.7542201450892858,0.1298828125,0.11340884935288202,-0.239 -0.377 -0.338 -0.109 0.255 0.614 0.485 0.263
N8-b16,position_scan,66,6,900,0.345703125,0.7076822916666667,0.15673828125,0.18558614783816865,0.242 0.121 0.310 0.282 0.278 -0.063
N8-b16,position_scan,66,8,900,0.0908203125,0.5919015066964286,0.2257080078125,0.2623826170724536,0.352 0.074 0.283 0.284 0.443 0.518 0.400 -0.164
N8-b16,position_scan,66,6,1800,0.6015625,0.8380859375,0.0849609375,0.16742091708713103,0.196 0.190 0.210 0.193 0.169 0.074
N8-b16,position_scan,66,8,1800,0.3583984375,0.7734723772321428,0.1202392578125,0.21983967887030706,0.289 0.168 0.318 0.303 0.256 0.274 0.237 -0.018
N8-b16,position_scan,66,6,3600,0.6806640625,0.8828776041666666,0.05973307291666666,-0.10180315044191154,-0.144 -0.227 -0.186 -0.070 0.004 -0.031
N8-b16,position_scan,66,8,3600,0.45703125,0.8326939174107143,0.0867919921875,-0.1286953025394016,-0.139 -0.280 -0.329 -0.267 -0.052 0.100 -0.016 -0.057
N8-b16,position_scan,77,6,900,0.314453125,0.6959635416666667,0.16341145833333334,0.21121713850233287,0.289 0.108 0.210 0.273 0.356 0.109
N8-b16,position_scan,77,8,900,0.099609375,0.6112234933035714,0.2127685546875,0.258728719892956,0.412 0.075 0.202 0.238 0.338 0.447 0.474 0.037
N8-b16,position_scan,77,6,1800,0.236328125,0.6622395833333333,0.18001302083333331,-0.19883130656348338,0.640 0.495 0.089 -0.394 -0.764 -0.421
N8-b16,position_scan,77,8,1800,0.0244140625,0.50927734375,0.2763671875,-0.23639007220192557,0.797 0.802 0.547 0.050 -0.466 -0.982 -1.049 -0.558
N8-b16,position_scan,77,6,3600,0.677734375,0.8809244791666666,0.06103515625,0.21318599912855354,0.350 0.324 0.271 0.205 0.087 0.179
N8-b16,position_scan,77,8,3600,0.412109375,0.8108607700892858,0.0985107421875,0.2628557076529851,0.425 0.444 0.384 0.312 0.236 0.179 0.126 0.158
N8-b16,position_scan,88,6,900,0.4306640625,0.7502604166666667,0.13330078125,0.11165838771396208,0.211 0.020 0.187 0.148 0.246 -0.043
N8-b16,position_scan,88,8,900,0.1513671875,0.6470424107142858,0.191650390625,0.1612673108539884,0.336 -0.075 0.118 0.159 0.276 0.406 0.372 -0.127
N8-b16,position_scan,88,6,1800,0.1884765625,0.642578125,0.19156901041666663,0.5505608055326674,0.560 0.851 0.806 0.576 0.389 0.130
N8-b16,position_scan,88,8,1800,0.0009765625,0.48580496651785704,0.2906494140625,0.7562677065531414,0.678 0.990 1.220 1.079 0.804 0.640 0.466 0.094
N8-b16,position_scan,88,6,3600,0.6748046875,0.8807942708333334,0.06087239583333333,0.05624665154351124,-0.107 0.028 0.219 0.157 -0.029 -0.094
N8-b16,position_scan,88,8,3600,0.4921875,0.8424595424107143,0.0814208984375,0.053643555868239635,-0.063 -0.140 0.200 0.295 0.218 0.094 -0.174 -0.117
N8-b16,phase_scan,11,6,900,0.396484375,0.7451171875,0.13460286458333331,0.20404491159650995,0.145 0.322 0.496 0.139 0.005 0.059
N8-b16,phase_scan,11,8,900,0.103515625,0.6176060267857143,0.20947265625,0.24116005216326028,0.316 0.068 0.570 0.597 0.244 0.034 0.288 -0.113
N8-b16,phase_scan,11,6,1800,0.576171875,0.8277994791666665,0.09049479166666666,-0.0712593065367805,-0.107 -0.127 -0.232 -0.240 0.107 0.135
N8-b16,phase_scan,11,8,1800,0.3095703125,0.7555106026785715,0.129638671875,-0.11409464336576917,-0.050 -0.228 -0.224 -0.343 -0.373 0.007 0.299 0.062
N8-b16,phase_scan,11,6,3600,0.7587890625,0.9083984374999999,0.04720052083333333,-0.07745089795854362,-0.097 -0.050 -0.002 -0.213 -0.163 0.041
N8-b16,phase_scan,11,8,3600,0.6103515625,0.8792898995535714,0.0626220703125,-0.09705397817823623,-0.058 -0.050 -0.013 -0.038 -0.244 -0.222 -0.095 -0.016
N8-b16,phase_scan,22,6,900,0.4365234375,0.7603515625,0.12744140625,0.1914650731616548,0.298 0.437 0.341 0.153 0.043 -0.017
N8-b16,phase_scan,22,8,900,0.126953125,0.6271623883928572,0.204833984375,0.25379521506173275,0.534 0.497 0.663 0.351 0.232 0.107 0.152 -0.225
N8-b16,phase_scan,22,6,1800,0.6591796875,0.8620442708333333,0.07242838541666666,-0.08949161238140535,-0.243 -0.284 -0.091 0.027 -0.061 -0.038
N8-b16,phase_scan,22,8,1800,0.4111328125,0.8028738839285715,0.103271484375,-0.1421368500543019,-0.191 -0.478 -0.194 -0.053 -0.032 -0.009 -0.102 -0.127
N8-b16,phase_scan,22,6,3600,0.7685546875,0.9110026041666667,0.0458984375,0.13619197739495154,0.133 0.155 0.126 0.020 0.133 0.247
N8-b16,phase_scan,22,8,3600,0.6015625,0.8767787388392857,0.0638427734375,0.1418350991748628,0.194 0.202 0.146 0.090 -0.006 0.112 0.290 0.158
N8-b16,phase_scan,33,6,900,0.4638671875,0.7665364583333333,0.12483723958333331,-0.04413649108674796,0.177 -0.183 -0.156 -0.091 0.165 0.045
N8-b16,phase_scan,33,8,900,0.1865234375,0.6710728236607142,0.1785888671875,-0.07839643766009617,0.435 -0.233 -0.231 -0.262 -0.132 0.090 0.389 -0.171
N8-b16,phase_scan,33,6,1800,0.6064453125,0.8496744791666666,0.07763671875,0.04249997271431813,-0.076 -0.200 -0.192 0.125 0.344 0.135
N8-b16,phase_scan,33,8,1800,0.3427734375,0.7836216517857143,0.1134033203125,0.03262663644457621,-0.011 -0.317 -0.227 -0.194 0.066 0.431 0.434 0.036
N8-b16,phase_scan,33,6,3600,0.70703125,0.8898437499999999,0.05664062499999999,0.13404978646172397,0.260 0.244 0.222 0.115 0.027 0.061
N8-b16,phase_scan,33,8,3600,0.5380859375,0.8606654575892858,0.0718994140625,0.1398932176922995,0.308 0.302 0.252 0.233 0.146 0.059 0.010 -0.023
N8-b16,phase_scan,44,6,900,0.345703125,0.7177734375,0.15006510416666669,0.2982884380552502,0.322 0.422 0.462 0.362 0.223 0.023
N8-b16,phase_scan,44,8,900,0.0634765625,0.5860770089285714,0.2283935546875,0.3783052497439914,0.546 0.402 0.657 0.606 0.458 0.346 0.361 -0.182
N8-b16,phase_scan,44,6,1800,0.3505859375,0.73203125,0.140625,0.5413185887866548,0.366 0.559 0.659 0.707 0.574 0.207
N8-b16,phase_scan,44,8,1800,0.0244140625,0.5247977120535714,0.2659912109375,0.6977871675339956,0.482 0.676 0.782 0.904 0.911 0.776 0.791 0.044
N8-b16,phase_scan,44,6,3600,0.69140625,0.8804687499999999,0.06201171874999999,0.0547456873787772,0.184 0.299 0.214 0.034 -0.174 -0.099
N8-b16,phase_scan,44,8,3600,0.52734375,0.8552594866071429,0.0748291015625,0.08364319801330565,0.234 0.337 0.344 0.274 0.099 -0.064 -0.233 -0.170
N8-b16,phase_scan,55,6,900,0.4560546875,0.763671875,0.12613932291666669,-0.038568046357896645,0.002 -0.069 -0.015 -0.016 -0.037 -0.056
N8-b16,phase_scan,55,8,900,0.2216796875,0.687255859375,0.169677734375,-0.0750011300283765,0.171 -0.369 0.031 -0.050 -0.037 0.046 0.133 -0.279
N8-b16,phase_scan,55,6,1800,0.5908203125,0.8378255208333332,0.08447265625,0.17823121282789425,0.185 0.334 0.272 0.204 0.128 -0.047
N8-b16,phase_scan,55,8,1800,0.3642578125,0.7746930803571429,0.119873046875,0.21570674956790983,0.236 0.290 0.428 0.333 0.209 0.290 0.133 -0.174
N8-b16,phase_scan,55,6,3600,0.5390625,0.8194010416666666,0.09391276041666666,0.02520594331953241,0.528 0.606 0.375 0.068 -0.350 -0.573
N8-b16,phase_scan,55,8,3600,0.1923828125,0.6944405691964286,0.1636962890625,0.054443071758936305,0.529 0.788 0.634 0.421 0.118 -0.199 -0.727 -0.653
N8-b16,phase_scan,66,6,900,0.3408203125,0.7223307291666666,0.14729817708333334,0.3810915284686617,0.135 0.351 0.579 0.529 0.354 0.093
N8-b16,phase_scan,66,8,900,0.0693359375,0.5763113839285714,0.2357177734375,0.47854264577229805,0.316 0.210 0.637 0.743 0.690 0.579 0.584 -0.093
N8-b16,phase_scan,66,6,1800,0.59375,0.83984375,0.08349609375,0.17142241530948196,0.049 0.182 0.160 0.170 0.262 0.084
N8-b16,phase_scan,66,8,1800,0.375,0.78857421875,0.111083984375,0.19238668774801584,0.126 0.104 0.271 0.212 0.174 0.313 0.302 -0.030
N8-b16,phase_scan,66,6,3600,0.708984375,0.8934895833333334,0.054361979166666664,0.21003521813286657,-0.072 0.221 0.338 0.298 0.170 0.023
N8-b16,phase_scan,66,8,3600,0.4951171875,0.8482491629464286,0.0780029296875,0.24026036262512204,-0.061 0.178 0.319 0.420 0.408 0.341 0.071 -0.055
N8-b16,phase_scan,77,6,900,0.5302734375,0.8045572916666666,0.10302734375,-0.039346443282233544,0.035 -0.130 0.067 0.019 -0.028 -0.124
N8-b16,phase_scan,77,8,900,0.2470703125,0.7124372209821429,0.1544189453125,-0.05685603807842921,0.254 -0.273 -0.001 0.076 -0.011 0.100 0.047 -0.336
N8-b16,phase_scan,77,6,1800,0.5830078125,0.8341145833333332,0.08658854166666666,0.17079604996575232,0.167 0.350 0.340 0.241 -0.011 -0.066
N8-b16,phase_scan,77,8,1800,0.349609375,0.7722865513392858,0.1202392578125,0.2174931480771019,0.222 0.341 0.493 0.480 0.304 0.127 -0.018 -0.205
N8-b16,phase_scan,77,6,3600,0.7470703125,0.9039713541666665,0.04964192708333333,-0.0024807320700752033,-0.094 -0.180 -0.173 -0.094 0.191 0.244
N8-b16,phase_scan,77,8,3600,0.5478515625,0.8561662946428572,0.0750732421875,-0.047786235809326165,-0.052 -0.265 -0.237 -0.247 -0.134 0.150 0.347 0.051
N8-b16,phase_scan,88,6,900,0.5029296875,0.7923177083333333,0.11002604166666666,0.13558544052971716,0.245 0.294 0.220 0.068 0.092 0.004
N8-b16,phase_scan,88,8,900,0.1845703125,0.6824428013392858,0.1715087890625,0.15399671736217682,0.458 0.189 0.426 0.179 0.097 0.151 0.230 -0.195
N8-b16,phase_scan,88,6,1800,0.5673828125,0.8233072916666666,0.0927734375,0.025240672959221694,-0.216 -0.273 -0.032 0.259 0.249 -0.077
N8-b16,phase_scan,88,8,1800,0.3173828125,0.7574637276785715,0.128662109375,0.011799373323955238,-0.162 -0.494 -0.143 0.012 0.232 0.469 0.221 -0.215
N8-b16,phase_scan,88,6,3600,0.732421875,0.9028645833333333,0.04947916666666666,0.15005875958336706,-0.059 0.328 0.321 0.082 -0.051 0.071
N8-b16,phase_scan,88,8,3600,0.6005859375,0.8871372767857142,0.057373046875,0.16862757622249538,-0.028 0.322 0.423 0.365 0.074 0.031 -0.027 -0.008
